drug1_id,drug2_id,prr_mean,prr_max,prr_min,prr_std,prr_count,report_freq_mean,has_interaction,severity,drug1_encoded,drug2_encoded,severity_encoded
100213,8591,7.343092508771929,20.0,0.833333,4.811632706923641,57,0.05533065964912281,1,high,0,1082,3
100278,2002,8.654194897959183,20.0,1.11111,5.844777936413667,49,0.06659505714285714,1,high,1,293,3
100278,253337,8.45,20.0,2.0,5.230519413340642,10,0.10909088,1,high,1,392,3
100278,39993,8.0855175,40.0,0.454545,9.010371642353492,102,0.0268864931372549,1,high,1,638,3
100278,4460,7.126926,25.0,0.625,5.519106178499961,84,0.03790729047619047,1,high,1,700,3
1009,36676,9.319358260869565,20.0,1.25,5.284525418786141,23,0.08152173913043478,1,high,2,603,3
1012892,11416,8.503086296296296,20.0,1.25,3.621847698267736,27,0.12222222222222223,1,high,4,96,3
1012892,591622,6.106942758620689,20.0,0.277778,4.180328850806441,116,0.03377612413793103,1,high,4,799,3
1012892,6468,7.951443472222222,30.0,1.0,5.440540347853342,72,0.08055555555555555,1,high,4,865,3
1012892,725,11.030577941176471,40.0,1.42857,10.478091705489467,34,0.1352940970588235,1,high,4,964,3
1012892,8727,7.416619841269841,30.0,1.0,5.2843743118317,63,0.052910014285714284,1,high,4,1096,3
10154,3648,9.053638285714285,40.0,0.769231,10.645694400761439,21,0.0769230619047619,1,high,5,600,3
10154,435,10.158792223880598,50.0,0.454545,11.254114609362555,134,0.043823462686567165,1,high,5,690,3
10154,7895,28.083333,60.0,3.33333,21.358384159128004,10,0.38,1,high,5,1027,3
10156,318341,7.0312018181818186,40.0,1.25,6.863785908978342,44,0.04242421363636364,1,high,6,500,3
10156,32915,7.785241039370079,120.0,0.454545,9.791556187309407,254,0.02693977834645669,1,high,6,524,3
10156,42319,7.875691811475409,30.0,0.909091,4.759830244422831,122,0.04947308114754098,1,high,6,669,3
10156,623033,7.600163620689655,30.0,1.11111,5.107914683953699,58,0.0706896551724138,1,high,6,845,3
10156,7396,8.148147777777778,20.0,3.33333,4.037766986435413,18,0.08796295,1,high,6,985,3
10167,2191,7.265239392857143,30.0,0.4,5.7642036196093995,56,0.034256575,1,high,7,331,3
10167,221166,8.645833055555556,20.0,1.25,5.057580427610374,36,0.08531747222222222,1,high,7,336,3
10167,32863,8.276942105263158,20.0,1.42857,4.201549049458596,19,0.09716597368421052,1,high,7,521,3
10167,4110,9.166467131578948,40.0,0.909091,7.27051329906171,38,0.06698561315789474,1,high,7,656,3
10180,10594,7.369345148148149,30.0,0.625,4.843501567550435,81,0.04205246913580247,1,high,8,39,3
10180,1889,13.8083335,50.0,2.0,12.468471834664157,20,0.154545355,1,high,8,261,3
10180,194279,7.692198387096774,20.0,1.11111,5.208878093511818,31,0.06451615161290324,1,high,8,277,3
10180,275635,7.93793764367816,70.0,0.344828,7.349347509368232,261,0.027994882375478924,1,high,8,432,3
10180,3098,8.562680458333334,30.0,0.909091,6.886605481093796,24,0.05871209166666667,1,high,8,485,3
10180,356887,7.479470895833334,40.0,0.47619,6.465776720768364,96,0.031032972916666665,1,high,8,575,3
10180,39998,8.268240551724137,170.0,0.243902,13.993014850588462,203,0.026525178325123154,1,high,8,639,3
10180,4501,11.17361075,40.0,1.66667,6.480178852250652,120,0.11499997249999999,1,high,8,708,3
10180,48937,12.956140263157895,80.0,1.66667,15.821863326011973,38,0.08448753157894737,1,high,8,735,3
10240,2002,9.226190357142857,40.0,1.66667,7.146787645358957,28,0.11363633214285715,1,high,10,293,3
103,2358,10.79,40.0,1.0,8.18291529475222,50,0.09647059000000001,1,high,11,361,3
10324,28908,9.767147275000001,30.0,0.769231,8.079450177695934,40,0.05625002,1,high,12,458,3
10324,8640,11.142758768328445,110.0,0.555556,12.179836058562607,682,0.022732478592375368,1,high,12,1089,3
10355,10432,13.891151834890966,110.0,0.714286,13.281389395831011,321,0.04479245140186916,1,high,14,25,3
10355,135391,7.750654019607843,30.0,1.42857,4.856205518433083,102,0.056561092156862745,1,high,14,162,3
10355,136411,7.359884496519721,50.0,0.434783,7.066376872016496,862,0.016509015452436195,1,high,14,171,3
10368,135056,6.480392352941176,10.0,1.66667,2.981355591709771,17,0.05882351764705883,1,high,15,160,3
10368,15996,7.031040402985075,30.0,0.714286,5.683400838046367,67,0.04025326119402985,1,high,15,223,3
10368,3355,7.23917302739726,30.0,0.555556,5.679398076858648,73,0.03493150684931507,1,high,15,530,3
10368,596,7.183143376,50.0,0.25,7.601743075579195,125,0.028281676000000002,1,high,15,804,3
10368,8727,10.611111333333334,20.0,2.5,5.423225404044122,15,0.13333326,1,high,15,1096,3
1037042,2356,7.990165652173913,30.0,1.25,5.906290124522735,23,0.09510869565217392,1,high,16,360,3
1037042,25789,6.59325062295082,210.0,0.114943,15.994545789565054,305,0.010541895344262295,1,high,16,403,3
10379,1895,6.315866527372263,60.0,0.344828,6.434389514336354,548,0.010523115437956206,1,high,17,263,3
10379,596,4.5757651109350235,50.0,0.243902,5.160151863595694,631,0.007446876228209192,1,medium,17,804,2
10379,6468,4.92251791959799,30.0,0.47619,4.543341297725152,199,0.01977631457286432,1,medium,17,865,2
10379,7244,8.572485655555557,140.0,0.30303,15.953938979370985,90,0.02950193555555556,1,high,17,963,3
10390,1347,28.666666,110.0,3.33333,40.76278910725407,10,0.22142856000000002,1,high,18,158,3
1040028,10737,6.1607309852941174,30.0,0.384615,5.011184979905933,136,0.029287172794117647,1,high,21,48,3
10402,8787,7.526097704918032,30.0,1.0,4.65205920731325,61,0.06088988688524591,1,high,22,1104,3
104129,8787,13.15104125,100.0,1.25,23.399197283141397,16,0.10416671875,1,high,23,1104,3
1043,21949,7.529239473684211,20.0,2.22222,4.254118490784971,19,0.1368421052631579,1,high,24,334,3
1044977,3264,6.264410526315789,12.0,1.0,4.013448618675677,19,0.06842105263157895,1,high,28,516,3
10454,3638,7.11888905479452,20.0,0.909091,4.687584935299892,73,0.07914766301369863,1,high,29,593,3
10454,5781,6.912114705882352,10.0,1.25,3.474082355779843,34,0.0661764705882353,1,high,29,791,3
10473,62427,11.772727272727273,30.0,3.33333,6.716784995323413,22,0.09943181818181818,1,high,31,848,3
10502,2626,8.581894051020408,60.0,0.625,8.545177124255963,98,0.036281153061224494,1,high,32,415,3
105694,711942,7.184047666666667,20.0,0.909091,5.91247815955338,33,0.05244755454545454,1,high,35,944,3
10572,2002,8.327477438356164,20.0,0.833333,5.262290675078268,73,0.06164383561643835,1,high,36,293,3
10572,221166,7.7866664000000005,20.0,2.0,3.9812991868001664,25,0.11200000000000002,1,high,36,336,3
10572,2356,6.912280263157895,20.0,2.0,4.287130645710066,38,0.08223684210526316,1,high,36,360,3
10572,342369,5.673363470588235,40.0,0.4,5.124400219437334,187,0.023323252941176473,1,high,36,553,3
10572,5553,6.566837675,20.0,0.833333,4.4990075416447315,80,0.053500000000000006,1,high,36,776,3
10582,1242999,5.953211526717557,100.0,0.222222,8.214320028308768,262,0.013252760572519085,1,high,37,130,3
10582,237159,5.675346712053572,80.0,0.27027,6.502078896834125,896,0.006645953816964286,1,high,37,367,3
10582,42463,3.7327445667920975,30.0,0.131579,4.064310082332009,2126,0.0022190215682031983,1,medium,37,676,2
10582,42627,7.4336038250000005,30.0,0.434783,6.57560852888512,80,0.03749997875,1,high,37,679,3
10600,18867,6.198519038709677,30.0,0.512821,5.735552145679556,155,0.026814516129032257,1,high,41,259,3
10600,3500,8.521271639344262,20.0,2.0,5.379256293922107,61,0.08469944918032786,1,high,41,563,3
10600,6146,8.484848181818181,10.0,3.33333,2.630436342802533,11,0.1,1,high,41,835,3
10600,77655,10.952759972093023,50.0,0.714286,8.998325121833103,215,0.04329809069767442,1,high,41,1012,3
10600,8514,8.819375862068965,30.0,1.42857,6.110725791632703,29,0.08045975172413793,1,high,41,1074,3
10600,897018,9.724358846153846,40.0,1.0,8.911284166670178,26,0.13141035384615385,1,high,41,1112,3
10627,3639,9.32470494117647,50.0,1.25,8.474745399759895,85,0.056108607058823534,1,high,42,595,3
10627,41493,9.216711106666667,70.0,0.5,12.75635305012138,75,0.05215687866666666,1,high,42,664,3
10627,43611,9.294238888888888,20.0,1.11111,5.418519443925146,27,0.06349203333333334,1,high,42,691,3
10627,8638,6.320644127962086,35.0,0.5,5.447827139218077,211,0.018068736018957345,1,high,42,1088,3
10636,5640,7.569444166666667,10.0,2.5,3.0866761908901834,12,0.0909091,1,high,43,779,3
10689,117055,8.536110666666668,40.0,1.25,7.654841371243625,30,0.056060573333333336,1,high,44,114,3
10689,1244014,4.804789977011494,30.0,0.357143,4.5135697146753815,609,0.007912425320197045,1,medium,44,132,2
10689,1546356,6.8020988043478265,50.0,0.769231,7.766259890418246,46,0.04658386304347826,1,high,44,216,3
10689,1767,7.585132435483871,40.0,0.769231,6.971902112145337,62,0.053970229032258066,1,high,44,244,3
10689,194881,6.431481243243243,30.0,0.588235,4.812526267726549,74,0.02912910675675676,1,high,44,281,3
10689,2418,5.419224201365188,40.0,0.238095,5.749521237301248,586,0.0072365614334471,1,high,44,373,3
10689,28439,4.735259825797873,100.0,0.175439,6.801005630102631,752,0.006287854627659575,1,medium,44,451,2
10689,321952,8.879463329787233,30.0,0.833333,4.714220701882655,94,0.06475488510638298,1,high,44,505,3
10689,4511,3.925075934558494,50.0,0.102041,4.77477507385748,2231,0.002005424048857015,1,medium,44,711,2
10689,588250,5.657585129909365,120.0,0.322581,7.802083144537567,331,0.01577508755287009,1,high,44,797,3
10689,618442,14.714287083333332,60.0,2.0,12.246064389335539,24,0.13888891666666667,1,high,44,838,3
10689,684879,6.352394426605505,30.0,0.4,5.055909820194217,218,0.019999982110091744,1,high,44,908,3
10689,9344,5.447166141193596,120.0,0.116279,7.768080737968596,687,0.009531751892285297,1,high,44,1120,3
10691,7824,10.056878000000001,40.0,1.11111,8.750936068208066,30,0.08518520666666667,1,high,45,1020,3
107044,77492,7.456708484848485,20.0,1.42857,4.554622544561954,33,0.10173160606060605,1,high,46,1011,3
10737,38400,6.474588577142857,90.0,0.227273,7.441536615709468,350,0.01371735622857143,1,high,48,620,3
10753,10438,7.312186215686275,44.0,0.526316,7.3766532703709835,51,0.04761902745098039,1,high,49,26,3
10759,68149,8.429533652173914,60.0,0.416667,8.264997925257704,184,0.034611000543478265,1,high,50,901,3
10763,11124,9.993328695652174,50.0,1.0,9.427467201971576,69,0.06577481594202898,1,high,51,77,3
10763,139778,7.671052368421053,40.0,1.66667,6.742974143939364,38,0.09210527894736842,1,high,51,183,3
10763,47613,7.2179021,30.0,0.555556,5.19963675450989,90,0.043055555555555555,1,high,51,724,3
10763,60548,6.729230481632653,60.0,0.384615,7.780345014395478,245,0.022628571428571432,1,high,51,821,3
10763,72965,7.84212929906542,30.0,0.833333,5.218710153467764,107,0.051563000000000005,1,high,51,970,3
10767,2599,11.217547081300815,40.0,0.909091,7.904238271775689,123,0.08333334715447155,1,high,52,409,3
108074,7646,7.509211069767442,50.0,0.526316,7.842569177082437,43,0.03756706279069767,1,high,56,1006,3
108118,119565,6.523689200626959,50.0,0.294118,6.532137006296671,319,0.017972836394984325,1,high,57,117,3
108118,149,6.683333,10.0,2.0,3.206764051845969,20,0.095454545,1,high,57,207,3
108118,1599832,9.063491818181818,20.0,1.42857,5.613643591900926,33,0.07424242424242425,1,high,57,224,3
108118,228476,10.681875373134329,30.0,1.25,6.5680913767781695,134,0.06268655149253732,1,high,57,344,3
108118,29421,7.860741860465117,20.0,1.42857,3.7749036167016152,43,0.09481215116279071,1,high,57,462,3
108118,32937,7.62390511728395,70.0,0.30303,7.712381439191375,648,0.014283498765432098,1,high,57,525,3
108118,52582,5.428992592814371,30.0,0.454545,5.06252433712655,167,0.01860795988023952,1,high,57,758,3
108118,6185,9.022188774647889,50.0,0.833333,8.6919859435481,71,0.07103493380281689,1,high,57,839,3
10814,1895,5.841190854545454,40.0,0.333333,5.30921725583389,165,0.025589238787878787,1,high,58,263,3
10825,32937,7.543329450000001,35.0,0.322581,6.598043315745823,140,0.024517359285714285,1,high,60,525,3
10825,719872,21.0,60.0,5.0,22.472205054244235,5,0.22000000000000003,1,high,60,949,3
10826,358258,9.090909090909092,20.0,3.33333,4.432433515427963,11,0.11818181818181818,1,high,61,581,3
10826,56946,12.5,30.0,1.66667,8.333333272727394,12,0.10897431666666667,1,high,61,786,3
10826,593411,6.571198818181818,30.0,0.909091,5.997780413448105,33,0.048484848484848485,1,high,61,801,3
10826,8591,5.579280876106195,46.6667,0.169492,6.306529167424215,226,0.015908945663716815,1,high,61,1082,3
10829,113608,9.455516192307693,110.0,0.833333,14.077687033146827,78,0.050589020512820514,1,high,62,94,3
10829,60212,7.853630675675676,40.0,0.645161,7.769974776884984,74,0.02833476621621622,1,high,62,815,3
10829,69634,6.6714285,20.0,1.42857,4.3464276039455365,20,0.06052630999999999,1,high,62,926,3
10829,732,7.998381219554031,230.0,0.15873,14.762261099534046,583,0.008324470308747856,1,high,62,977,3
10829,8727,8.0938094,30.0,2.0,5.268920612423581,50,0.09599994199999999,1,high,62,1096,3
10834,4495,34.779629666666665,70.0,3.33333,22.83272728270971,30,0.19861118333333336,1,high,63,706,3
1085787,1895,6.545776333333333,20.0,0.769231,4.376092699453186,54,0.052469161111111114,1,high,64,263,3
1085787,28908,7.905557232323233,50.0,0.714286,7.479274032499687,99,0.03524608888888889,1,high,64,458,3
1085787,8356,9.375000833333333,20.0,2.5,4.621056344866021,12,0.16666666666666666,1,high,64,1064,3
1086769,1373478,9.266864722222222,40.0,1.66667,7.22239720659738,36,0.09814811666666666,1,high,65,179,3
1091836,7806,5.470316585000001,60.0,0.357143,5.89182365290998,200,0.021043479,1,high,67,1016,3
1092437,27169,8.520531707317073,40.0,1.25,6.604921330929305,82,0.06707317073170732,1,high,68,424,3
1092437,5521,5.262968565957447,145.0,0.102041,8.113464684372579,705,0.0075324776453900705,1,high,68,772,3
1094833,191831,7.3741594444444445,20.0,1.0,5.002971698380254,18,0.08024694444444444,1,high,69,272,3
1100072,2598,6.3229162500000005,10.0,2.0,3.0854914174306716,16,0.1,1,high,70,408,3
11002,25480,6.625533676056338,30.0,0.909091,4.964278183742844,71,0.041314529577464794,1,high,71,395,3
11002,2590,6.67095691,30.0,0.384615,5.4503421454037095,100,0.028653869,1,high,71,406,3
11002,36676,8.097222083333333,20.0,2.0,4.04112842324687,24,0.1006944875,1,high,71,603,3
11002,6468,6.915137115384615,40.0,1.11111,6.826947859211859,52,0.056318694230769226,1,high,71,865,3
11002,704,8.484544385964913,20.0,1.42857,4.772555515244734,57,0.0853800596491228,1,high,71,938,3
11002,723,7.240740000000001,20.0,2.0,4.441053464561548,18,0.08730157777777778,1,high,71,957,3
1100699,11473,11.208333125,40.0,2.0,10.529588107909204,16,0.1306817625,1,high,72,102,3
1100699,62427,7.255535890675241,83.3333,0.121951,8.14460623555703,311,0.01290193270096463,1,high,72,848,3
1102261,11002,7.5396809523809525,20.0,1.0,4.844497912736577,21,0.07002797619047618,1,high,74,71,3
1102261,21766,5.8333322222222215,10.0,2.5,3.227487090085636,9,0.13333333333333336,1,high,74,325,3
1102261,704,8.316247299319727,60.0,0.526316,9.097252864384016,147,0.031519258503401364,1,high,74,938,3
1102261,72143,9.15,20.0,2.5,5.375096898351384,10,0.13333345000000002,1,high,74,952,3
1102261,816346,8.182956842105263,20.0,1.66667,4.577402031228835,38,0.08289473684210526,1,high,74,1043,3
1111103,2598,17.101447391304347,50.0,3.33333,13.268949857661621,23,0.28695652173913044,1,high,76,408,3
11124,20352,10.075048459687125,170.0,0.151515,14.09177550615446,831,0.012576593682310469,1,high,77,301,3
11124,22697,8.487259696774194,80.0,0.3125,10.115925339657512,155,0.022880706451612904,1,high,77,342,3
11124,2356,8.329787021276596,30.0,2.0,5.526669153557343,47,0.09656299574468086,1,high,77,360,3
11124,275635,8.835284166666666,80.0,0.5,10.598103478333668,120,0.04825582583333333,1,high,77,432,3
11124,3041,8.496904418421053,120.0,0.16129,12.277467460174957,760,0.007337301013157895,1,high,77,479,3
11124,3443,8.183961114613181,90.0,0.275862,8.974935076303609,698,0.012989485415472778,1,high,77,558,3
11124,9143,7.055384132240437,100.0,0.113636,8.252845885319052,915,0.006831577038251366,1,high,77,1118,3
1114195,10379,6.006147616279069,20.0,0.588235,4.232788821703079,86,0.03142009534883721,1,high,80,17,3
1114195,10454,7.7294917708333335,30.0,0.769231,6.378311837443171,48,0.0513393,1,high,80,29,3
1114195,42463,5.243503891891892,60.0,0.188679,7.3346596457698325,333,0.009149779579579579,1,high,80,676,3
1116632,236778,8.56978076119403,50.0,0.416667,10.112945921296136,67,0.030636313432835825,1,high,81,364,3
1116632,32915,5.52926011627907,20.0,0.384615,4.539821626839837,86,0.022361336046511627,1,high,81,524,3
1116632,37801,9.05295075609756,20.0,0.909091,6.10903727422938,41,0.0456333756097561,1,high,81,613,3
1116632,641,8.338888666666668,30.0,1.66667,5.192184801854134,30,0.05362322333333333,1,high,81,860,3
1116632,6902,6.963414125000001,90.0,0.243902,9.444388468726515,216,0.014442107083333334,1,high,81,915,3
1116632,7407,7.714909872093023,50.0,0.333333,8.128077240157554,86,0.02846834069767442,1,high,81,987,3
11246,11258,6.111967345454546,20.0,0.714286,5.021497838850882,110,0.03376621272727273,1,high,85,90,3
11246,134748,7.783143775000001,20.0,0.909091,4.487768273209001,40,0.07105265000000001,1,high,85,159,3
11246,237116,7.261022698412699,20.0,1.25,4.169305146716434,63,0.0873015873015873,1,high,85,366,3
11246,2626,11.747938418604651,90.0,0.769231,15.061544008960958,129,0.04764211007751938,1,high,85,415,3
11246,343047,5.1458337499999995,10.0,1.66667,3.299154632581494,8,0.0769231,1,high,85,555,3
11246,3443,5.061791717363752,40.0,0.263158,5.120269424159291,789,0.0065844982509505705,1,high,85,558,3
11246,6711,5.7098452612137205,30.0,0.142857,5.254514496073015,379,0.012755214617414247,1,high,85,887,3
11246,723,7.574126643454039,60.0,0.285714,7.329619682862605,359,0.0213729804735376,1,high,85,957,3
11246,8814,7.139178780487804,20.0,1.11111,5.765374445840962,41,0.06762748780487805,1,high,85,1107,3
11248,1102129,6.515986202380953,50.0,0.909091,5.870170961860528,168,0.027412292857142855,1,high,86,73,3
11248,11473,17.56097513651877,100.0,0.384615,15.59349343954358,293,0.0639482781569966,1,high,86,102,3
11248,12574,9.150580712765958,70.0,0.5,8.700581590418398,188,0.03316646223404255,1,high,86,135,3
11248,60548,5.099500843137255,30.0,0.5,4.829007457751869,153,0.023991690849673203,1,high,86,821,3
11248,68442,10.96185638755981,50.0,0.37037,9.462485924394649,209,0.04040403349282296,1,high,86,905,3
11248,711942,5.6870586111111106,10.0,1.25,3.2170722253033137,36,0.0694444611111111,1,high,86,944,3
11248,9873,7.067777599999999,20.0,1.66667,3.8659888463423044,50,0.0953846,1,high,86,1134,3
11251,10438,8.753622826086957,20.0,1.66667,4.58307850909537,46,0.08237983043478261,1,high,87,26,3
11251,115698,8.047186181818182,20.0,1.42857,4.537407554411192,55,0.08671328727272727,1,high,87,112,3
11251,1256,6.5606209571428575,30.0,0.714286,5.514508818702928,70,0.044537832857142856,1,high,87,134,3
11251,136411,7.222536024,30.0,0.526316,5.370940200537465,125,0.0421052704,1,high,87,171,3
11251,591781,7.238977037037038,20.0,1.66667,4.841804502186234,27,0.08278864814814815,1,high,87,800,3
11251,7617,8.045918285714286,20.0,1.25,4.834670263504495,35,0.10285710857142856,1,high,87,1004,3
11253,1091,7.067078461538462,20.0,1.25,3.6886757982274556,52,0.06043951346153846,1,high,88,66,3
11253,1310520,6.186490860317461,63.75,0.294118,6.440831449164573,315,0.01679894365079365,1,high,88,152,3
11253,2348,8.071172580645161,30.0,1.11111,6.294280447353756,31,0.0716846064516129,1,high,88,356,3
11253,33910,7.556333333333333,30.0,1.11111,5.572983718718247,51,0.05525844509803922,1,high,88,545,3
11253,36717,5.702305426540285,20.0,0.30303,4.366303022144836,211,0.018167441232227487,1,high,88,605,3
11253,734064,4.856761710784314,30.0,0.136986,4.126251380742708,408,0.012266630416666669,1,medium,88,979,2
11256,3008,5.122996291891892,20.0,0.47619,4.050507742950057,185,0.020253156216216216,1,high,89,472,3
11256,306674,6.497649714285714,30.0,1.11111,7.090418454173991,35,0.03650795714285714,1,high,89,482,3
11256,338036,11.96666675,30.0,2.0,7.773246888221358,40,0.1749998725,1,high,89,543,3
11256,72143,7.863263659016393,70.0,0.5,7.424176488449646,305,0.02358649737704918,1,high,89,952,3
11258,281,8.224535211267606,30.0,0.625,4.910494367718957,142,0.042449158450704225,1,high,90,440,3
11258,6313,12.234848636363637,40.0,1.66667,9.234547771650654,22,0.10714280909090909,1,high,90,850,3
11289,10691,7.5976045647058825,40.0,0.555556,6.242120122383995,85,0.03475937176470588,1,high,91,45,3
11289,11124,9.222348398026316,100.0,0.147059,10.917235843683866,1216,0.00846918509868421,1,high,91,77,3
11289,11248,6.852238650042993,80.0,0.2,7.978635087600756,1163,0.006171253594153053,1,high,91,86,3
11289,1373458,7.377314722222222,15.0,1.25,3.4837199177270968,36,0.07962961111111111,1,high,91,178,3
11289,183379,6.518260794339623,120.0,0.212766,9.354088890495026,530,0.009949683943396225,1,high,91,251,3
11289,19836,17.857142857142858,50.0,5.0,18.89822365046136,7,0.18181807142857145,1,high,91,289,3
11289,2011,7.584228018518519,30.0,0.833333,6.56622349613808,54,0.045717592592592594,1,high,91,295,3
11289,2409,6.06157864423077,30.0,0.769231,4.623561208091212,312,0.018278759743589744,1,high,91,372,3
11289,2582,11.609697439203355,210.0,0.232558,17.316422571907086,954,0.012329887840670859,1,high,91,404,3
11289,338817,6.964493377192982,90.0,0.16129,9.322278117775772,228,0.01550316745614035,1,high,91,544,3
11289,37925,7.1754301262626266,60.0,0.434783,8.094581185235809,198,0.021154945252525256,1,high,91,615,3
11289,5093,9.352628611260053,100.0,0.263158,11.025741081371345,746,0.013703815643431635,1,high,91,747,3
11289,7821,8.874999642857142,30.0,2.0,6.96472998584454,28,0.08482142857142858,1,high,91,1019,3
11289,805452,7.569424051094891,120.0,0.25641,11.997975301145964,137,0.02587921094890511,1,high,91,1035,3
11289,83682,7.855555333333333,20.0,2.0,4.638891668281901,15,0.08095238666666665,1,high,91,1065,3
11289,8727,7.6525950930232565,30.0,0.454545,5.831565511677609,172,0.028630961046511628,1,high,91,1096,3
11359,1588,6.22970751923077,20.0,0.909091,4.391726814650075,52,0.04358971730769231,1,high,93,219,3
11359,26225,7.220609215686275,20.0,1.66667,4.4171225244341334,51,0.08605669019607842,1,high,93,412,3
11359,77655,6.667657749999999,20.0,1.11111,4.767834472313609,40,0.06944447000000001,1,high,93,1012,3
11413,3108,7.400077594117647,60.0,0.333333,7.769274318035982,170,0.02097668188235294,1,high,95,489,3
11413,321988,6.9130294800000005,20.0,0.666667,4.663977581148915,50,0.035882376,1,high,95,506,3
11413,42463,5.856418,30.0,0.4,6.537228839530762,101,0.022378936633663367,1,high,95,676,3
11413,8196,16.70085288888889,110.0,1.25,20.564548955970945,45,0.09285712444444444,1,high,95,1047,3
11413,83171,15.1344438,90.0,1.0,18.13718373223732,50,0.094074006,1,high,95,1055,3
114200,83367,7.272275909090909,20.0,1.11111,3.7818838220200908,44,0.08216784545454546,1,high,97,1058,3
114202,11170,8.0,20.0,2.0,4.252450274057691,19,0.08502024736842105,1,high,98,82,3
114202,2599,6.786328495798319,140.0,0.294118,13.249370647195855,238,0.0162745037394958,1,high,98,409,3
114202,83818,7.170922217391304,20.0,0.833333,4.558150960989022,69,0.05676330869565217,1,high,98,1068,3
114202,90176,7.300692799999999,110.0,0.384615,12.683968253723227,120,0.027222214166666665,1,high,98,1115,3
114289,281,7.068948125,30.0,1.0,5.071502284109999,64,0.054687501562500004,1,high,99,440,3
114477,1819,5.198198758835759,50.0,0.166667,5.626729699387975,481,0.008967164490644492,1,high,100,247,3
114477,25255,5.843430817757009,40.0,0.434783,4.964607394659398,214,0.019462394392523362,1,high,100,389,3
114477,283810,8.192389464285714,30.0,1.0,6.337550205887107,56,0.06818183214285714,1,high,100,447,3
114477,29046,4.690404288061336,70.0,0.163934,5.2815474201584625,913,0.005570577217962761,1,medium,100,459,2
114477,31748,7.3333330000000005,10.0,2.5,3.5092474660215816,10,0.0555556,1,high,100,499,3
114477,354770,6.133688336065574,70.0,0.217391,9.000253189043233,244,0.013728392049180329,1,high,100,570,3
114477,591781,6.318607699186992,40.0,0.4,5.489008257691472,123,0.0282616918699187,1,high,100,800,3
114477,6404,7.9887563888888895,30.0,1.42857,6.186996766264436,36,0.0912698388888889,1,high,100,858,3
1147220,3626,6.64285705882353,10.0,1.25,3.8567916060304657,17,0.07843138235294117,1,high,101,590,3
11473,15996,26.14498947348485,210.0,0.909091,26.794990943294785,264,0.11243525795454545,1,high,102,223,3
11473,4845,17.513282543352602,100.0,2.0,14.615331795396916,173,0.11871946994219654,1,high,102,732,3
1147320,519,9.302313262068965,70.0,0.555556,9.955750301872863,145,0.03682758620689655,1,high,103,752,3
1147320,82122,10.37278205882353,50.0,2.0,8.893411061098966,34,0.07516342941176471,1,high,103,1049,3
1148138,3102,5.834092707317073,20.0,0.666667,4.6649323677376575,41,0.05386180731707317,1,high,104,487,3
1148495,12062,6.190475,10.0,1.42857,4.467063846693187,4,0.0714286,1,high,105,121,3
1148495,29421,7.916666666666667,10.0,2.5,3.3229003395628145,6,0.0909091,1,high,105,462,3
1148495,7258,7.583886088888889,60.0,0.833333,10.423168249427638,45,0.06666666666666667,1,high,105,965,3
114970,18603,8.243324267326733,50.0,0.909091,7.017685613112918,101,0.043098450495049505,1,high,106,252,3
114979,10432,8.696406729064039,60.0,0.625,8.380998639251269,203,0.033230385714285715,1,high,107,25,3
114979,22697,7.856742766917293,50.0,0.416667,6.7476106167103165,133,0.028708117293233082,1,high,107,342,3
114979,298869,6.031655887931035,30.0,0.588235,4.810076365000811,116,0.02450093103448276,1,high,107,466,3
114979,35827,10.962916159292035,60.0,0.769231,9.647476777397113,226,0.047699115044247786,1,high,107,584,3
114979,55175,6.978211886792453,20.0,1.0,4.6457888826926075,53,0.0451482716981132,1,high,107,771,3
1150094,73494,6.635303967741936,30.0,0.833333,5.3762397000068765,31,0.04768587741935484,1,high,108,980,3
1151,1596,5.355112795620438,30.0,0.3125,4.775241323790845,274,0.014688280875912408,1,high,109,221,3
1151,24947,5.145251036687632,50.0,0.2,5.659873799985375,954,0.005579224203354298,1,high,109,383,3
1151,612,8.393536428571428,40.0,1.0,7.554834742675086,70,0.049107142857142856,1,high,109,827,3
1151,6703,7.59458700510204,40.0,0.666667,6.419251260992681,196,0.02663661581632653,1,high,109,883,3
1151,9641,5.044155669669669,40.0,0.285714,4.781496764794159,333,0.012832712432432433,1,high,109,1128,3
115264,358274,6.11448867032967,30.0,0.47619,5.44310224889767,91,0.026442307692307692,1,high,111,585,3
115264,38454,8.4749995,20.0,2.0,5.037077975879389,20,0.08846153500000001,1,high,111,624,3
115264,72302,6.892745177304964,30.0,0.47619,5.265231896842532,141,0.031045073049645388,1,high,111,958,3
115264,8134,6.613945,20.0,1.42857,5.020334108695816,14,0.10389608571428573,1,high,111,1040,3
11636,36514,13.281249375,50.0,2.5,13.945890451531337,16,0.19375,1,high,113,601,3
117055,107044,9.327264473684211,50.0,0.526316,11.365753531443886,57,0.029153784210526314,1,high,114,46,3
117055,121243,7.657375452554745,40.0,0.384615,7.373814640392807,137,0.022929251824817518,1,high,114,124,3
117055,1292,6.148335166666667,30.0,0.588235,5.300568923901826,48,0.041666656249999996,1,high,114,139,3
117055,282446,8.15249392857143,30.0,1.42857,6.228800038093859,28,0.06055906428571428,1,high,114,443,3
1191,1359091,6.6245085,40.0,0.344828,6.1482433564578605,90,0.02521369111111111,1,high,116,166,3
1191,1442132,5.351162106951872,90.0,0.4,7.682067642465726,187,0.01901845347593583,1,high,116,203,3
1191,152610,8.821428529411763,20.0,1.42857,4.764639645487611,34,0.07612454411764706,1,high,116,212,3
1191,18603,7.17119228839779,80.0,0.263158,7.941352367745183,905,0.008506296773480663,1,high,116,252,3
1191,2590,5.318223865136298,50.0,0.17341,5.506383744206598,697,0.006508175035868005,1,high,116,406,3
1191,31448,6.691655313686314,80.0,0.217391,7.680612093512283,1001,0.0076033963836163836,1,high,116,493,3
1191,32624,5.82855749299363,100.0,0.294118,6.804766529821007,785,0.007602306420382166,1,high,116,515,3
1191,358255,6.275040097560976,40.0,0.240964,6.0789656739859215,246,0.016208392723577235,1,high,116,579,3
1191,3640,7.64384194658553,150.0,0.204082,9.297263642225015,1479,0.0054345626572008116,1,high,116,596,3
1191,57308,8.951778304347826,60.0,0.769231,10.543085610763724,46,0.06521739130434782,1,high,116,789,3
1191,60842,9.155422452380952,40.0,0.833333,7.126478451177206,42,0.07349899761904762,1,high,116,825,3
1191,6582,4.799257671917436,60.0,0.106383,5.643959445040151,1841,0.0027613821227593697,1,medium,116,874,2
1191,68503,6.042954494252873,20.0,0.909091,3.9638144895087875,87,0.03341350804597701,1,high,116,909,3
1191,6929,6.830106853881278,50.0,0.178571,7.095418218347372,219,0.016628618264840182,1,high,116,922,3
1191,6964,8.208725,40.0,1.25,7.896765598262501,48,0.06650640625,1,high,116,927,3
1191,72610,8.926149322033899,40.0,1.42857,7.435707968124759,59,0.09830508644067797,1,high,116,966,3
1191,7812,6.57852611038961,30.0,0.4,5.045046273729352,308,0.01980518814935065,1,high,116,1017,3
1191,83367,3.161385845671267,80.0,0.103761,4.119979917619505,5579,0.0008386314370854993,1,medium,116,1058,2
1191,9071,6.139440654725609,180.0,0.149254,9.405945899052389,1312,0.004871559066310976,1,high,116,1117,3
1191,9863,4.991552889433169,70.0,0.10989,5.725648894397599,1429,0.0037586185514345695,1,medium,116,1133,2
119565,60548,6.068174370370371,36.6667,0.37037,5.7479496239181875,162,0.028410885185185187,1,high,117,821,3
1202,1303098,6.0833325,10.0,2.0,3.3841374367006094,8,0.1,1,high,119,144,3
120608,4460,7.250396666666666,25.0,1.42857,4.505637940178362,30,0.09999998666666667,1,high,120,700,3
120608,614373,10.333333,20.0,3.33333,5.708992711308965,10,0.14,1,high,120,833,3
120608,68442,5.159418183908046,49.5238,0.126582,6.076948702110944,522,0.01098687501915709,1,high,120,905,3
12062,3626,6.910483138297873,40.0,0.47619,7.07558861784093,188,0.01899697180851064,1,high,121,590,3
12062,72965,8.506867692307692,50.0,1.25,9.132688175157325,26,0.06680164615384615,1,high,121,970,3
121047,10689,6.533597555555556,20.0,1.25,3.901188279841597,45,0.055555542222222226,1,high,122,44,3
121191,27169,5.485902720710059,60.0,0.116279,6.797936187431467,845,0.005162210934911243,1,high,123,424,3
121191,274783,6.28286986328125,50.0,0.333333,6.9651142282099405,256,0.014602550781250001,1,high,123,429,3
1223,1347,8.050505151515152,20.0,1.66667,3.8180138366679945,33,0.0984848393939394,1,high,126,158,3
1223,4603,8.929354397755612,90.0,0.27027,9.49096501441675,802,0.012822732593516208,1,high,126,713,3
1223,6902,7.542919236641222,90.0,0.12987,8.32959902554071,393,0.01694656076335878,1,high,126,915,3
1223,88249,8.090285333333332,50.0,0.769231,6.268852061906378,111,0.0565393027027027,1,high,126,1108,3
1223,9000,7.5416665,20.0,1.66667,5.287598672575666,20,0.096153825,1,high,126,1113,3
1232150,274783,8.571428571428571,20.0,2.5,4.895288272034285,28,0.078125,1,high,127,429,3
1232150,4450,7.362528464285715,20.0,0.666667,4.895804188358084,28,0.05102043214285713,1,high,127,698,3
1242806,42347,23.625,100.0,4.0,32.01757329967404,8,0.2115384125,1,high,129,671,3
1244014,233698,9.354475573770491,40.0,1.11111,7.3784131485788835,61,0.06071640491803279,1,high,132,354,3
1244014,4917,5.782907321428572,30.0,0.322581,5.474647337099301,280,0.01737527767857143,1,high,132,737,3
1244014,588250,8.059524285714286,20.0,1.66667,6.16393065034581,14,0.09183675714285713,1,high,132,797,3
1244014,6585,8.284946129032258,40.0,2.0,6.5576071943881455,31,0.11436946774193549,1,high,132,875,3
1256,1112973,9.575757272727273,30.0,2.0,8.405145376974858,11,0.09740261818181818,1,high,134,78,3
1256,25486,11.237829999999999,50.0,1.25,10.402158397426906,45,0.08989901333333335,1,high,134,397,3
1256,325887,10.822916875,20.0,1.66667,5.632402175261421,16,0.110576875,1,high,134,513,3
12574,274783,6.170832706827309,40.0,0.15873,6.2462639858956805,249,0.016629476867469878,1,high,135,429,3
12574,29954,8.941993235294117,30.0,1.11111,5.965711515658881,34,0.09191176470588236,1,high,135,468,3
1272,10737,14.208333,30.0,2.5,10.13965027166026,20,0.158333385,1,high,137,48,3
1272,4179,10.0,20.0,5.0,3.872983346207417,11,0.09917354545454547,1,high,137,666,3
1272,4678,10.211874902439025,20.0,0.909091,6.038268689826696,41,0.06951219512195123,1,high,137,717,3
1291,5224,9.249654864077671,170.0,0.909091,16.12859967280112,206,0.040291275728155336,1,high,138,755,3
1294580,2977,20.300324545454547,120.0,1.25,33.51911346581512,22,0.10181818181818182,1,high,140,464,3
1294580,3626,9.833332666666667,20.0,2.5,6.060214498011326,15,0.09047617333333333,1,high,140,590,3
1294580,6468,8.869047142857143,20.0,1.25,4.785581599973135,21,0.0825396619047619,1,high,140,865,3
1294580,6809,10.546875,30.0,1.25,7.316772256261636,16,0.12499994375000001,1,high,140,895,3
1300701,29046,5.2646367446808515,20.0,0.5,3.963779100494636,47,0.03893166808510638,1,high,141,459,3
1300786,32675,6.629936699029126,50.0,0.434783,7.1274099479059725,103,0.03333335145631068,1,high,142,517,3
1300786,42347,5.7918713793103445,10.0,1.42857,3.3306947460281404,29,0.06075529655172414,1,high,142,671,3
1302966,1202,6.711110666666667,10.0,2.0,3.323477976824164,15,0.0833333,1,high,143,119,3
1304974,6582,7.242393089285714,40.0,0.3125,5.928823697231836,112,0.02721771964285714,1,high,146,874,3
1309210,6902,7.988888666666667,30.0,2.0,5.6018836546473425,30,0.11666666666666667,1,high,150,915,3
1309227,9143,6.8489578125,20.0,2.0,3.90119039924229,32,0.09615383125,1,high,151,1118,3
1310594,1819,7.256426276923077,40.0,0.555556,6.812516250699971,65,0.03173074923076923,1,high,153,247,3
1311261,4460,8.07291625,10.0,2.5,3.0079954488615286,16,0.0833333,1,high,154,700,3
134547,44157,11.244444,30.0,2.0,7.219316176267073,15,0.12666666666666668,1,high,156,694,3
134615,161,7.028312079288026,60.0,0.344828,7.430278551777667,618,0.009937448980582525,1,high,157,227,3
134615,36437,6.731342781609196,30.0,0.588235,5.28019736354108,261,0.019037374329501915,1,high,157,598,3
134615,6574,6.497970357142857,20.0,1.0,4.593936700155174,56,0.046556144642857136,1,high,157,870,3
134615,6972,12.32804238095238,35.0,2.5,9.30927572610292,21,0.15789473333333331,1,high,157,929,3
134615,7623,8.8757440625,30.0,1.42857,7.2686989151584,32,0.080592125,1,high,157,1005,3
134615,993449,6.162198096774194,20.0,0.909091,4.528710873620544,31,0.05837168387096775,1,high,157,1137,3
134748,322167,10.492063333333332,70.0,1.66667,14.598466172239236,21,0.10416666666666667,1,high,159,507,3
134748,3626,6.479385101123595,30.0,0.434783,5.520191970360516,89,0.02996253595505618,1,high,159,590,3
135056,275891,9.0583335,30.0,1.66667,7.080422417974848,20,0.08333331,1,high,160,433,3
135056,4179,14.16665,23.3333,5.0,12.963600751527332,2,0.39999999999999997,1,high,160,666,3
135056,82122,8.362724771929825,60.0,0.909091,8.75191254585338,57,0.035087678947368424,1,high,160,1049,3
135091,15996,8.7955355,40.0,1.25,8.069637958322843,40,0.0564814425,1,high,161,223,3
135091,7417,6.790183536585365,40.0,0.222222,6.708107073873282,164,0.018800829268292685,1,high,161,988,3
135391,1202,6.13053519895288,40.0,0.357143,5.282237626676994,191,0.023291708900523563,1,high,162,119,3
135447,18867,7.913262024561403,50.0,0.512821,7.198411346375873,285,0.02366555052631579,1,high,163,259,3
135447,233698,8.7510744375,40.0,0.833333,9.475866354235613,48,0.062499958333333334,1,high,163,354,3
135447,283742,6.36079186369269,60.0,0.289855,6.6388358577195525,807,0.00842432019826518,1,high,163,445,3
135447,3500,9.301785621794872,40.0,0.454545,7.084293532328976,156,0.04678125128205128,1,high,163,563,3
1357536,2556,5.807439655172414,20.0,0.555556,4.734003287690694,58,0.04440959655172414,1,high,164,400,3
1357536,26225,7.246335,20.0,1.42857,4.40085392962525,26,0.09487175384615384,1,high,164,412,3
1362746,11124,9.414608944444446,30.0,0.833333,6.414316672748209,54,0.054278418518518515,1,high,167,77,3
1362746,2002,10.180612620689656,70.0,0.30303,11.376607875771176,145,0.030571286206896548,1,high,167,293,3
1362746,2590,8.484848181818181,20.0,1.66667,6.38812046938036,11,0.1272727272727273,1,high,167,406,3
1362746,35296,6.062325616788321,60.0,0.116279,6.291898595713234,274,0.014740730547445256,1,high,167,568,3
1362746,6915,6.345260739130435,50.0,0.344828,6.895541943009591,138,0.022357706521739133,1,high,167,917,3
1363352,11124,12.435897692307693,20.0,5.0,5.4694174012779975,13,0.11538472307692307,1,high,169,77,3
1364105,10582,7.832141421875,130.0,0.344828,16.843540212817757,64,0.0332031046875,1,high,170,37,3
136411,15996,6.812306369146006,40.0,0.526316,6.742285704291048,363,0.016507908044077136,1,high,171,223,3
136411,62427,8.338615876543209,80.0,0.37037,10.210330550833408,81,0.033884955555555554,1,high,171,848,3
1364347,3041,8.398148333333333,20.0,2.0,5.091688434571004,18,0.11111120000000001,1,high,172,479,3
1364347,6851,8.324633846153846,40.0,1.25,8.31844205793805,26,0.08516483846153845,1,high,172,910,3
1364430,1596450,74.5833325,160.0,3.33333,66.04396803561164,4,0.60294125,1,high,173,222,3
1368001,593411,8.213541875,20.0,2.0,3.432982027060286,32,0.048913075,1,high,174,801,3
1369,10691,9.049242272727271,30.0,1.25,7.433063782328338,22,0.10303026818181818,1,high,175,45,3
1369,10829,10.900123952054795,100.0,0.232558,17.789671317332964,146,0.025684932534246575,1,high,175,62,3
1369,1425,20.252525454545456,120.0,1.11111,33.82632066034358,11,0.2070708363636364,1,high,175,197,3
1369,274783,7.447917022222223,60.0,0.4,10.789286014381172,90,0.036000000000000004,1,high,175,429,3
1369,6915,9.742114502392344,110.0,0.243902,14.428013014539747,209,0.020237944497607657,1,high,175,917,3
1369,84108,7.159959142857143,90.0,0.212766,11.751952325071784,112,0.022727250892857143,1,high,175,1071,3
1369713,1292,6.5121376470588235,20.0,1.11111,4.996049744238604,17,0.058823529411764705,1,high,176,139,3
1371041,4492,7.581035789473685,20.0,1.11111,4.6989613880236165,19,0.0864661894736842,1,high,177,704,3
1374,283742,7.763587267175573,40.0,0.344828,6.235930441952298,131,0.03053436106870229,1,high,180,445,3
1374,4511,7.44666049122807,30.0,0.666667,5.591216470667306,57,0.033771929824561404,1,high,180,711,3
1374,4816,8.093915,40.0,1.42857,7.1447527095110654,36,0.06871343888888888,1,high,180,728,3
1374,6960,14.06,50.0,1.66667,14.69346350958168,25,0.141538384,1,high,180,924,3
139462,3108,11.161090245614036,60.0,0.769231,10.495556818290696,57,0.0668859649122807,1,high,182,489,3
139462,62372,9.629629999999999,20.0,1.66667,5.513730854158553,9,0.11111106666666666,1,high,182,847,3
139462,8308,11.116812274193547,70.0,0.909091,12.317876976412116,62,0.07844571935483871,1,high,182,1054,3
139462,8745,11.139386487977369,150.0,0.204082,13.21455694264822,707,0.01996383195190948,1,high,182,1098,3
139462,9793,11.720930232558139,20.0,4.0,4.651295679164744,43,0.13742064186046513,1,high,182,1130,3
139825,10689,5.4800913866666665,150.0,0.188679,9.422235171181509,375,0.01106917536,1,high,184,44,3
139825,29275,19.0,30.0,5.0,11.40175425099138,5,0.2,1,high,184,461,3
139825,31748,6.0926226521739135,20.0,0.769231,4.684569190999993,23,0.051383352173913044,1,high,184,499,3
139825,6719,13.981478888888889,50.0,2.5,12.96431131520575,27,0.10331378518518519,1,high,184,889,3
139825,68442,8.002572702702702,20.0,1.42857,4.764888734128618,37,0.09729727567567567,1,high,184,905,3
139825,73710,6.095654878787879,40.0,0.769231,5.804488803239028,66,0.04494947727272727,1,high,184,983,3
139825,993449,6.711880215686274,20.0,0.909091,3.9130480856956473,51,0.06149729411764706,1,high,184,1137,3
139896,32968,7.309523548387097,20.0,1.42857,4.012890471814175,31,0.08870966774193549,1,high,185,526,3
139896,3640,7.241533666666667,20.0,1.11111,5.099566933724311,30,0.05714280666666667,1,high,185,596,3
139896,7646,9.997784056603773,40.0,0.588235,7.685428970554447,53,0.0508862,1,high,185,1006,3
1399,3322,7.4951811428571435,20.0,1.25,4.25060366403376,70,0.06875,1,high,186,528,3
1399,5640,5.498208979729729,30.0,0.555556,4.6327771265802555,148,0.020359183783783784,1,high,186,779,3
1399,8591,9.283484627659574,50.0,0.833333,8.256948358402981,94,0.06501177659574468,1,high,186,1082,3
140108,325887,7.358584071428572,20.0,0.769231,4.336012769798001,42,0.03732301666666667,1,high,188,513,3
140108,5093,8.007936607142858,30.0,1.11111,5.543779559303392,56,0.05978265714285714,1,high,188,747,3
140587,38400,8.06754083815029,40.0,0.769231,6.216340249728892,173,0.035126732369942196,1,high,189,620,3
140587,618365,8.141025384615386,10.0,2.5,3.045828302754483,13,0.11538461538461539,1,high,189,837,3
140587,62427,6.4463958542713575,50.0,0.27027,6.823463551725352,199,0.016733668341708544,1,high,189,848,3
140587,68092,10.884038518518517,40.0,1.25,9.135852762884978,27,0.1419753,1,high,189,897,3
140587,9794,6.864661315789474,20.0,1.66667,3.8666611903840953,38,0.07894736842105263,1,high,189,1131,3
141626,1244014,6.51504870093458,20.0,0.909091,4.708745815820852,107,0.039403881308411215,1,high,191,132,3
141626,6851,6.91715669736842,30.0,0.37037,5.126587486876497,152,0.025019922368421054,1,high,191,910,3
141626,69120,6.747191729885058,50.0,0.512821,7.313567956577218,174,0.023884147701149425,1,high,191,916,3
141704,3403,12.505376129032257,80.0,1.0,15.511673410230905,31,0.0950763935483871,1,high,192,547,3
141704,4917,8.188054507462686,30.0,0.769231,6.866852540463125,67,0.053525480597014924,1,high,192,737,3
1418,3407,7.571428500000001,15.0,1.42857,3.6270524294111928,20,0.06764705,1,high,193,548,3
1424884,237159,10.833333571428572,20.0,1.66667,5.651941387965197,14,0.1642857142857143,1,high,196,367,3
1426454,342369,8.66646595945946,60.0,0.357143,10.75694617845963,74,0.0293569527027027,1,high,198,553,3
1427022,42347,6.489718636363636,20.0,1.66667,4.580684799513938,22,0.0944055818181818,1,high,199,671,3
1441660,42463,10.76923076923077,30.0,2.5,7.244582414395902,13,0.13846153846153847,1,high,202,676,3
1441660,519,12.916666666666666,20.0,5.0,5.822500764406575,12,0.15,1,high,202,752,3
1442981,519,5.26637990052356,35.0,0.149254,5.199391700085388,191,0.014339305811518325,1,high,204,752,3
1442981,69120,7.623705652173913,20.0,1.25,5.065931875002974,23,0.07161121739130434,1,high,204,916,3
1442981,7417,7.821429285714286,30.0,1.66667,7.226039886127079,14,0.11904759285714285,1,high,204,988,3
14851,88249,10.72916625,30.0,3.33333,8.206626429971848,8,0.1477271875,1,high,206,1108,3
149,3407,6.9541701705426355,50.0,0.666667,7.0924697931702845,129,0.03223176279069768,1,high,207,548,3
149,40254,8.281673075471698,30.0,0.769231,6.202043431092353,53,0.04625686037735849,1,high,207,645,3
149,8353,14.107142857142858,30.0,2.5,10.744031844173861,14,0.15584405714285715,1,high,207,1063,3
1514,37925,12.444992068965517,50.0,2.5,10.559869984382038,29,0.15384604137931035,1,high,209,615,3
1514,4077,7.705069032258065,20.0,1.66667,5.7591383961708225,31,0.07347669677419354,1,high,209,648,3
1514,6142,5.785710378109453,30.0,0.243902,5.101607547344602,201,0.017559255721393035,1,high,209,832,3
1514,734064,8.9999995,20.0,3.33333,4.664160367078521,20,0.12000000000000002,1,high,209,979,3
1514,75917,9.170634666666666,30.0,1.66667,7.360297798375455,30,0.07777784,1,high,209,1002,3
15202,8782,7.749249189189189,20.0,1.0,4.315224690457019,37,0.06543386486486487,1,high,211,1102,3
153970,10572,7.749999722222223,30.0,1.66667,5.6552407482473335,36,0.08928575,1,high,214,36,3
153970,18603,7.090980545454546,20.0,1.25,4.4881649791087055,55,0.07081338181818182,1,high,214,252,3
153970,2418,7.543208888888889,20.0,2.0,4.8796622750928265,27,0.07160494444444444,1,high,214,373,3
153970,3407,10.549667168627451,70.0,0.294118,10.377025260451012,255,0.040945798039215685,1,high,214,548,3
153970,82003,7.751929935361217,70.0,0.4,7.339338686177584,263,0.02802822927756654,1,high,214,1048,3
154,281,10.111975078947367,40.0,0.909091,10.171065384840395,38,0.0594541552631579,1,high,215,440,3
1547545,8591,7.5,10.0,5.0,2.7386127875258306,6,0.0909091,1,high,218,1082,3
1588,7258,7.596172581632652,40.0,0.555556,7.75112775459319,196,0.02482576326530612,1,high,219,965,3
1589,21241,9.00641,20.0,2.5,5.497571773220609,26,0.10355025769230769,1,high,220,315,3
1596,1307298,7.5,10.0,1.66667,3.9086795155857947,6,0.13888891666666667,1,high,221,148,3
1596,134547,6.574073333333334,10.0,2.5,3.3448881903846948,9,0.1,1,high,221,156,3
1596,228476,7.86666605,30.0,0.833333,5.452050415829162,60,0.05579713,1,high,221,344,3
1596,233698,8.294871538461539,20.0,3.33333,3.8979508243513714,26,0.12692307692307694,1,high,221,354,3
1596450,2599,8.714145005617977,50.0,0.526316,7.384455938039866,178,0.03719489494382022,1,high,222,409,3
1596450,90176,7.9671956,30.0,1.25,6.118425395492818,75,0.051954025333333334,1,high,222,1115,3
15996,10438,6.990753808163265,140.0,0.526316,10.45079617607189,245,0.021995448571428572,1,high,223,26,3
15996,61148,5.915339594594595,30.0,0.769231,5.5605998486679695,37,0.041385135135135136,1,high,223,826,3
1605101,190376,9.379189677777777,40.0,0.769231,7.307177476030581,90,0.06196582777777778,1,high,225,268,3
1605101,20481,7.250397464646465,30.0,0.666667,4.9371999446570305,99,0.04617605757575757,1,high,225,303,3
1605101,21212,7.601634772727273,36.6667,0.5,5.928532961494617,132,0.03770259090909091,1,high,225,314,3
1605101,228476,7.119840431818182,45.0,0.625,6.300106629686858,88,0.044744318181818184,1,high,225,344,3
1605101,684879,9.170834,20.0,2.0,4.04171585942749,40,0.1062500225,1,high,225,908,3
1605101,82122,9.83610203442029,80.0,0.212766,10.293299487737723,552,0.02024845202898551,1,high,225,1049,3
1606853,11251,7.641079552238806,20.0,2.0,3.7445766546269383,67,0.09054724925373134,1,high,226,87,3
161,10800,7.992489129032259,60.0,0.243902,8.103608934948177,217,0.02389882073732719,1,high,227,55,3
161,10819,6.383289456140352,70.0,0.357143,7.673713117530768,228,0.01610708513157895,1,high,227,59,3
161,1546438,9.68939393939394,30.0,1.66667,7.537237289075309,66,0.0764164303030303,1,high,227,217,3
161,16695,9.131392857142856,40.0,1.25,7.276939035981744,63,0.058883752380952385,1,high,227,231,3
161,190376,6.577938455580865,90.0,0.188679,7.967861800651919,878,0.0063035448747152615,1,high,227,268,3
161,20498,6.397283229508197,40.0,0.243902,6.373281990701744,244,0.014491585655737705,1,high,227,306,3
161,214342,8.481333714953271,390.0,0.3125,18.500279986577056,642,0.011648829750778817,1,high,227,318,3
161,2393,6.141979900763359,30.0,0.37037,5.1435603815597695,262,0.019083961106870228,1,high,227,368,3
161,257844,6.9102593191489365,70.0,0.104167,8.402141941194301,329,0.012900660851063828,1,high,227,402,3
161,2669,6.883715454545455,35.0,0.454545,5.628017345728029,220,0.02363634909090909,1,high,227,419,3
161,30009,7.7660405357142865,30.0,1.0,5.380133187691518,56,0.04960314642857143,1,high,227,469,3
161,3417,9.077380833333335,20.0,1.42857,4.714626165884702,12,0.10833333333333334,1,high,227,550,3
161,35623,5.526637727272727,20.0,1.11111,4.59128273901692,44,0.05,1,high,227,573,3
161,37806,8.91620614516129,60.0,0.4,7.6571367387027705,186,0.03843089569892473,1,high,227,614,3
161,58300,7.620461094594595,40.0,0.909091,5.485301896960605,74,0.05717256891891892,1,high,227,793,3
161,640062,7.058808032786885,30.0,1.25,4.813837879417288,61,0.059612493442622955,1,high,227,857,3
161,6628,8.133794991935485,95.0,0.212766,10.574063889469157,372,0.0181883938172043,1,high,227,877,3
161,73044,5.834862735632184,70.0,0.175439,7.193139376316259,696,0.007025069540229885,1,high,227,973,3
1622,253337,11.66665,13.3333,10.0,2.356999033729118,2,0.25,1,high,228,392,3
16681,10826,12.662538357142855,40.0,0.769231,11.471921424097726,42,0.08201051428571429,1,high,230,61,3
16681,6470,7.343786567567568,40.0,0.47619,5.877484839238406,111,0.03405842162162162,1,high,230,866,3
16681,861634,8.97551851724138,40.0,0.714286,6.79106761480248,29,0.03893216896551724,1,high,230,1085,3
167,2023,6.8630949999999995,10.0,1.42857,3.3628030409583833,20,0.10500000000000001,1,high,232,298,3
167,7806,11.016110790123458,40.0,0.769231,8.089825100020796,81,0.08373595925925925,1,high,232,1016,3
16817,4603,77.22337647058824,330.0,1.11111,103.34245692725872,17,0.47812976470588237,1,high,234,713,3
1712,6851,6.178266153846154,20.0,1.0,3.716288819379536,39,0.05738701025641026,1,high,235,910,3
17128,25025,5.413619763809524,50.0,0.125,5.627818489845218,525,0.007940630190476191,1,high,236,384,3
17128,2622,6.4161726916666675,40.0,0.222222,6.206051493614156,120,0.0212963125,1,high,236,411,3
17128,39230,7.026468781512604,40.0,0.37037,5.903771432405264,119,0.024844749579831935,1,high,236,630,3
17128,4126,10.462962777777777,40.0,2.0,8.759041879021312,36,0.11538456944444445,1,high,236,661,3
17128,4955,6.282056317073171,30.0,0.434783,4.655155241240294,123,0.026799138211382113,1,high,236,740,3
17128,60548,5.028723093333333,77.5,0.118343,7.81710284267342,525,0.009744359466666666,1,high,236,821,3
17128,6901,6.1130811834319525,20.0,0.526316,4.8328508755907675,507,0.01234298694280079,1,high,236,914,3
17300,52582,6.668878196721311,20.0,1.0,3.652501335873591,61,0.05601095081967213,1,high,237,758,3
17311,3639,6.2,10.0,1.66667,3.559719957081518,10,0.07857143999999999,1,high,239,595,3
1760,11253,7.224453333333333,30.0,1.25,5.3723156259801375,48,0.0752315125,1,high,242,88,3
1760,7646,7.637803214285714,50.0,0.47619,6.156811098676467,182,0.03186812472527473,1,high,242,1006,3
17627,10582,6.5325088461538465,20.0,1.25,5.209623702826397,26,0.06153846153846154,1,high,243,37,3
17767,1303851,6.759259444444444,10.0,1.66667,2.8851787198481103,18,0.10606058333333333,1,high,245,145,3
17767,187832,4.063969347082495,60.0,0.120482,4.847819440075827,1988,0.0026060951403420523,1,medium,245,257,2
17767,196102,7.971008734513274,240.0,0.263158,17.518311617021205,226,0.01813759756637168,1,high,245,285,3
17767,2011,6.368878575107296,40.0,0.208333,6.122488982080525,233,0.01506777296137339,1,high,245,295,3
17767,21766,7.278432482758621,20.0,0.833333,4.952153704969701,58,0.044117665517241375,1,high,245,325,3
17767,234416,6.214039321995465,220.0,0.217391,13.611833207540693,441,0.00853002648526077,1,high,245,355,3
17767,237116,6.50085,10.0,1.25,3.374789919601834,14,0.06696428571428571,1,high,245,366,3
17767,2598,4.974181497652583,80.0,0.106383,5.825968692143209,2130,0.0029975028896713613,1,medium,245,408,2
17767,2878,6.362457436285098,50.0,0.27027,6.463643565704932,463,0.01156807516198704,1,high,245,454,3
17767,37790,8.2,20.0,2.5,4.504884283464818,25,0.096666692,1,high,245,611,3
17767,4089,9.127466576923077,30.0,0.588235,6.300719093549705,52,0.04358971730769231,1,high,245,652,3
17767,42682,9.1778634,56.6667,0.357143,8.549758020148227,175,0.03188938971428571,1,high,245,680,3
17767,618278,7.469245833333333,20.0,1.42857,5.153468984729916,24,0.08653846250000001,1,high,245,836,3
17767,644,5.43665208830022,40.0,0.185185,5.760922523152768,453,0.009783465562913906,1,high,245,862,3
17767,6694,8.09523857142857,10.0,1.66667,3.3923339112005104,7,0.1,1,high,245,881,3
17767,6851,4.568662226265161,100.0,0.103627,6.279749528169776,2391,0.0017808789196988707,1,medium,245,910,2
17767,6932,6.625700907608696,140.0,0.526316,11.395344015982737,184,0.01826086956521739,1,high,245,923,3
17767,89013,5.1470404215304795,70.0,0.217391,6.446879165404994,771,0.006820601556420234,1,high,245,1110,3
1808,197,7.561458650943397,40.0,0.833333,7.603118786215128,106,0.031621230188679246,1,high,246,286,3
1808,2555,6.222222,10.0,1.66667,3.3462053925458397,15,0.12000000000000001,1,high,246,399,3
1808,298869,6.227876676767677,40.0,0.37037,6.3613494381175,198,0.020201998989898988,1,high,246,466,3
1808,354770,10.615645714285714,30.0,1.42857,8.264664138232462,21,0.09523807142857142,1,high,246,570,3
1808,4450,9.600083560301506,65.0,0.37037,7.970575025164307,398,0.026256281407035176,1,high,246,698,3
1808,47613,7.695651739130435,20.0,2.0,5.000922577599287,23,0.09782608695652174,1,high,246,724,3
1808,5553,7.514638431085044,50.0,0.5,7.720729826598302,341,0.019370280879765396,1,high,246,776,3
1808,7824,8.081113389830508,30.0,1.42857,5.187363625672069,118,0.08716711186440677,1,high,246,1020,3
1819,1110783,10.119047499999999,20.0,3.33333,5.609526427702566,28,0.11813181071428572,1,high,247,75,3
1819,1116632,6.858039605633802,50.0,0.116279,6.960263611164096,213,0.015234902629107979,1,high,247,81,3
1819,1589,7.848968563636364,100.0,0.212766,10.773158294642299,330,0.016032418787878786,1,high,247,220,3
1819,1596450,8.264180755319149,80.0,0.625,8.694002363797416,188,0.025455912765957447,1,high,247,222,3
1819,1808,5.552086245762712,40.0,0.384615,5.027601517824132,236,0.01798593940677966,1,high,247,246,3
1819,236778,6.285469076923077,20.0,0.714286,3.6602843385594417,78,0.046153846153846156,1,high,247,364,3
1819,25037,9.38888869047619,30.0,2.0,6.172245287738808,84,0.06262942619047619,1,high,247,385,3
1819,3013,7.2483068,20.0,1.11111,4.2670209873498655,75,0.06888891466666666,1,high,247,474,3
1819,3616,10.567868022556391,70.0,0.434783,10.738204838016829,133,0.038668075939849625,1,high,247,589,3
1819,44281,6.499999444444445,10.0,2.0,3.337253156033059,18,0.08796295,1,high,247,695,3
1819,657797,7.636363636363637,20.0,1.66667,5.5266113697568295,11,0.0839160909090909,1,high,247,871,3
1819,75207,7.8328968619402985,140.0,0.222222,14.321609689023704,268,0.017620228582089555,1,high,247,999,3
1819,8787,5.633375635384615,50.0,0.175439,5.504285094422185,650,0.009008221092307693,1,high,247,1104,3
1827,2356,8.68372570813397,50.0,0.322581,7.908219500374476,209,0.03174705023923445,1,high,248,360,3
1827,3008,7.229926532467532,30.0,0.833333,5.507745195302108,77,0.042312548051948055,1,high,248,472,3
1827,448,9.735881329113925,85.0,0.47619,12.075669719678952,79,0.03753056835443038,1,high,248,702,3
1827,519,6.98638406763285,30.0,0.4,6.146183207884788,207,0.026502966183574877,1,high,248,752,3
1827,5691,7.550869449735449,50.0,0.555556,7.144635883106097,189,0.03148150052910053,1,high,248,785,3
1827,6057,6.850931592783505,50.0,0.416667,6.272942591372072,194,0.027715553608247425,1,high,248,822,3
1828,6918,10.381118269230768,30.0,1.66667,7.244259973298323,52,0.07884615384615386,1,high,249,919,3
18330,9143,16.394179444444447,70.0,1.42857,20.601854337160862,18,0.1410256888888889,1,high,250,1118,3
183379,42351,9.170771379310343,30.0,1.42857,7.773438878520297,29,0.07758620689655173,1,high,251,672,3
183379,703,5.994096696581197,43.3333,0.185185,6.129873250608505,234,0.017651436410256408,1,high,251,937,3
18631,134527,8.542934119047619,33.3333,0.555556,7.064984777945769,84,0.037037016666666665,1,high,253,155,3
18631,2597,7.04545409090909,10.0,2.5,3.389675873185207,22,0.09504132272727274,1,high,253,407,3
18631,3008,6.6566209416445625,40.0,0.25,6.692833698263793,377,0.013292924562334218,1,high,253,472,3
18631,3013,7.426387048192772,40.0,0.357143,6.408709494531069,166,0.029463293975903613,1,high,253,474,3
18631,56946,12.162633586466166,60.0,0.833333,10.125318349951446,266,0.048938139849624064,1,high,253,786,3
18631,60548,10.837069085365854,60.0,1.25,8.478776770361435,164,0.05737958780487804,1,high,253,821,3
18651,3616,8.641665999999999,40.0,2.0,8.065933986589853,20,0.08000003,1,high,254,589,3
18752,69120,9.449962887755103,110.0,0.416667,14.548938495435216,98,0.04139388469387755,1,high,256,916,3
187832,8123,9.761362954545454,40.0,1.0,8.833837346273775,44,0.07467526136363636,1,high,257,1038,3
1886,10759,7.6332042352941185,50.0,0.555556,5.977440093057485,136,0.040441185294117644,1,high,258,50,3
1886,214824,9.93827148148148,30.0,2.5,5.740683448386145,27,0.15555555555555556,1,high,258,323,3
1886,31448,8.262820384615384,20.0,1.66667,3.985577741045311,26,0.08461537307692307,1,high,258,493,3
1886,40254,7.258912822966507,70.0,0.30303,8.749162936617743,209,0.02469341818181818,1,high,258,645,3
1886,77655,12.094965026515153,70.0,0.416667,10.746831299308607,264,0.04884784734848485,1,high,258,1012,3
18867,214824,6.457241060810811,40.0,0.434783,5.306608188895087,148,0.02759967027027027,1,high,259,323,3
18867,236719,12.435897384615386,40.0,1.66667,8.301015092294488,65,0.13626374461538462,1,high,259,363,3
18867,7623,8.157894736842104,10.0,2.5,2.867696673382022,19,0.10526315789473684,1,high,259,1005,3
1894,236778,16.96078411764706,40.0,3.33333,11.02766896503011,17,0.15546209411764705,1,high,262,364,3
1894,42372,6.29058014084507,20.0,1.11111,4.213973344098517,71,0.04270787183098591,1,high,262,674,3
1895,18603,6.316937643229167,30.0,0.175439,5.2997897150459226,384,0.017466516614583334,1,high,263,252,3
1895,27169,5.602139622073579,70.0,0.208333,6.798379440302948,897,0.006006065707915274,1,high,263,424,3
1897,2231,8.742439445205479,80.0,0.28169,8.297444795213687,584,0.016808125445205477,1,high,264,338,3
1897,2403,7.754702909090909,20.0,1.25,4.955061657195215,55,0.06698564,1,high,264,371,3
1897,258494,7.13012306547619,40.0,0.384615,7.165386818907938,168,0.02213542857142857,1,high,264,405,3
1897,29954,22.5,50.0,7.5,23.84848003542364,3,0.2727270333333333,1,high,264,468,3
1897,662281,6.218404125,15.0,0.666667,3.5932468522524332,72,0.03819444444444445,1,high,264,876,3
1897,8591,4.909519776894865,40.0,0.135135,5.145866206686773,1636,0.0034930202102689484,1,medium,264,1082,2
1897,8640,5.57548945443299,135.0,0.104167,7.197446827739918,2425,0.002512018617731959,1,high,264,1089,3
1897,897018,6.287520252688172,50.0,0.333333,6.495117261552068,186,0.021928270430107526,1,high,264,1112,3
18993,6582,9.083025994318183,40.0,0.384615,7.444668696158049,176,0.03430134261363636,1,high,265,874,3
190376,3443,7.544366704545454,50.0,0.555556,7.630076133894673,176,0.02788577443181818,1,high,268,558,3
190376,90176,7.709315095238095,20.0,0.909091,5.141519892844109,63,0.05687833174603175,1,high,268,1115,3
190521,1622,7.777776666666667,10.0,3.33333,3.8490037190984023,3,0.13333333333333333,1,high,269,228,3
190521,19484,13.709134402439023,130.0,0.769231,19.59679252660931,82,0.06312768658536586,1,high,269,280,3
190521,36437,7.133186371212121,40.0,0.30303,6.239468472523985,132,0.03133027803030303,1,high,269,598,3
190521,8745,10.294420746268656,40.0,1.25,6.935703053241492,67,0.07722262835820895,1,high,269,1098,3
190548,83395,8.054587108695653,40.0,0.714286,7.301413664131584,46,0.04677204565217391,1,high,270,1060,3
1908,1236136,6.9839075294117645,30.0,0.666667,5.191062558420938,51,0.04680582941176471,1,high,271,128,3
191831,18603,7.774387969072165,40.0,0.625,6.0819063125690445,97,0.03636886701030927,1,high,272,252,3
191831,20481,8.284314117647058,30.0,1.66667,6.471562557549432,17,0.07352941176470588,1,high,272,303,3
191831,5093,5.149470476190476,20.0,1.11111,4.598346652622523,21,0.0642857142857143,1,high,272,747,3
191831,7052,5.419064097527472,50.0,0.232558,5.910296761690969,728,0.0059890090659340655,1,high,272,939,3
191831,8356,6.127183082872929,30.0,0.454545,5.760775170897092,181,0.01635134364640884,1,high,272,1064,3
1919,7258,10.74074,30.0,3.33333,8.901900892852884,9,0.15555555555555556,1,high,273,965,3
19257,519,9.370476,40.0,1.42857,9.68946246675007,25,0.09066670799999998,1,high,274,752,3
194000,41127,9.583333125,20.0,3.33333,4.772607312104805,16,0.10795451875,1,high,276,658,3
194000,4179,12.225447552238807,80.0,0.714286,15.351107914652529,67,0.08691834626865672,1,high,276,666,3
194000,7396,7.896825,10.0,1.42857,3.2310111021769807,12,0.0714286,1,high,276,985,3
194279,2186,7.7083337499999995,10.0,5.0,2.509900831216459,8,0.125,1,high,277,328,3
19484,10324,6.759437151685393,45.0,0.4,6.343075420459711,178,0.024867825280898877,1,high,280,12,3
19484,37776,9.211501716216215,50.0,0.555556,7.415730528976159,74,0.042426139189189194,1,high,280,610,3
19484,44151,13.64035105263158,60.0,2.5,13.673921100944469,19,0.10216718421052633,1,high,280,693,3
19484,59078,13.330601475409836,70.0,1.0,14.635526063429682,61,0.09622242786885246,1,high,280,798,3
19484,6628,11.782313714285715,40.0,1.42857,9.19407044930049,35,0.11596639999999998,1,high,280,877,3
195085,149,15.0,20.0,10.0,7.0710678118654755,2,0.13636355,1,high,282,207,3
195085,32675,10.833333333333334,20.0,1.66667,5.947757252937497,18,0.1203704611111111,1,high,282,517,3
195088,704,7.5114941379310345,20.0,2.0,5.0112832877620965,29,0.08735631379310345,1,high,283,938,3
196102,7417,9.393977149425288,70.0,0.454545,9.592510790182134,87,0.03800142413793104,1,high,285,988,3
197,233698,8.676470588235293,30.0,1.66667,6.326331213730307,17,0.09049773529411764,1,high,286,354,3
197,342369,6.305272454545454,40.0,0.526316,6.391064233755029,143,0.02364304195804196,1,high,286,553,3
19790,21311,6.705448125,30.0,1.0,5.876329891656644,64,0.0459559078125,1,high,287,316,3
19790,41127,8.149675016666666,40.0,0.909091,7.038556125359526,60,0.05416669833333333,1,high,287,658,3
19790,4492,7.262130476744186,30.0,0.384615,5.809289498885628,86,0.02973691511627907,1,high,287,704,3
19790,52582,5.6249994999999995,20.0,1.66667,4.658474960971077,20,0.050000029999999994,1,high,287,758,3
19790,6585,7.755489763636364,20.0,0.714286,5.357392681582039,55,0.04242423454545455,1,high,287,875,3
19831,136411,5.679983282467532,50.0,0.322581,5.84055540410478,308,0.015579742727272727,1,high,288,171,3
19831,3013,7.116182647058824,30.0,0.833333,5.6467074757300715,51,0.043272500000000005,1,high,288,474,3
19831,35255,7.089043414634146,20.0,1.42857,4.913809108721873,41,0.06546852682926829,1,high,288,567,3
19831,85762,8.220106486842106,90.0,0.4,11.473382848187278,76,0.028404319736842105,1,high,288,1078,3
19836,39230,9.688888666666665,20.0,1.66667,6.2443203492726855,15,0.08571427999999999,1,high,289,630,3
19836,6929,9.447368421052632,25.0,2.0,5.474422183720765,19,0.11483251052631581,1,high,289,922,3
19860,25255,7.212454135964912,50.0,0.833333,6.40733150212616,228,0.029588901754385964,1,high,290,389,3
19860,4492,7.649122631578947,20.0,2.0,4.189528117575272,19,0.10526314210526316,1,high,290,704,3
19860,5521,6.607641647826087,40.0,0.555556,5.622374234602858,230,0.022488789130434783,1,high,290,772,3
19860,5781,8.850636148387096,40.0,0.555556,6.149873019655573,155,0.04032258064516129,1,high,290,791,3
19860,7396,8.281481333333334,30.0,2.0,4.378382301490213,45,0.1088888888888889,1,high,290,985,3
19860,83818,7.600868067669173,50.0,0.434783,7.387856266420974,133,0.033556105263157894,1,high,290,1068,3
1992,39786,8.402777916666667,20.0,2.0,5.021918072889341,48,0.11631948333333335,1,high,291,634,3
1992,9863,8.093749375,20.0,2.0,4.9695258227299295,16,0.09134615,1,high,291,1133,3
1998,25480,7.588079468451243,40.0,0.410959,6.780167722474259,523,0.016739411606118547,1,high,292,395,3
1998,4492,8.31388801030928,50.0,0.625,7.441460771624584,97,0.04217430412371134,1,high,292,704,3
1998,6916,10.197984169590644,60.0,0.434783,8.489419288154599,171,0.04678364269005848,1,high,292,918,3
2011,25480,6.7261904999999995,20.0,1.66667,4.51927288386723,20,0.05000002,1,high,295,395,3
2011,55175,9.166666666666666,20.0,2.5,5.0,9,0.1010100888888889,1,high,295,771,3
2019,327361,6.043683736842105,30.0,0.434783,5.911063848952593,76,0.036967400000000004,1,high,296,518,3
2019,72302,6.130130746442433,305.0,0.126582,18.310315646142737,773,0.005723318564036223,1,high,296,958,3
2023,83008,11.66666625,40.0,1.66667,9.603240541030495,16,0.09765625,1,high,298,1053,3
20352,1112973,7.944444,20.0,1.11111,5.392992648978653,10,0.08571428,1,high,301,78,3
20352,1242999,7.021494268656716,30.0,0.555556,5.371528565700115,67,0.04870385970149254,1,high,301,130,3
20352,274964,5.682539166666667,10.0,2.0,3.347717286044486,12,0.08333334166666666,1,high,301,431,3
20481,1056,58.888888333333334,140.0,3.33333,48.79525074519238,12,0.5111110083333333,1,high,303,34,3
20481,5093,8.374389573863636,40.0,0.37037,6.492818593267119,176,0.030046255681818183,1,high,303,747,3
20489,1292,13.628041555555557,70.0,1.25,13.585095281807755,45,0.12666666666666668,1,high,304,139,3
20489,2598,7.988634545454545,20.0,1.66667,4.755846006055468,44,0.10064933181818182,1,high,304,408,3
20492,4603,9.888888666666666,30.0,3.33333,6.122644624324486,15,0.12727267333333334,1,high,305,713,3
20610,10737,6.132723404212638,80.0,0.243902,6.880388387395603,997,0.007084334112337011,1,high,307,48,3
20610,125933,7.466415205479453,30.0,1.11111,5.924526696334791,73,0.056039826027397266,1,high,307,136,3
20610,321208,6.792670758064515,30.0,0.666667,5.55901835073523,62,0.03747630322580645,1,high,307,504,3
20610,3444,7.774122631578947,20.0,1.25,4.302162288846304,38,0.08082707368421053,1,high,307,559,3
20610,614373,8.071515208333333,20.0,1.11111,5.466124708848506,96,0.04640150208333333,1,high,307,833,3
20890,33738,6.11607125,10.0,1.42857,3.464930260363681,8,0.0909091,1,high,308,536,3
2101,10759,8.115377847619047,60.0,0.588235,7.526073544476692,420,0.021953193333333332,1,high,309,50,3
2101,119565,8.121356306629835,60.0,0.769231,8.275020146840333,362,0.022677040718232046,1,high,309,117,3
2101,1749,9.564102307692307,20.0,2.0,3.9897308231291073,26,0.07692305384615385,1,high,309,240,3
2101,4462,8.758523518518517,20.0,1.42857,5.000403750018274,54,0.09788358148148148,1,high,309,701,3
2101,6711,8.33056435433071,60.0,0.47619,8.629361175077094,127,0.040710359055118106,1,high,309,887,3
2101,6918,6.201429661566157,60.0,0.285714,6.257874897429409,1111,0.007031000189018902,1,high,309,919,3
2101,74667,9.769781303797469,60.0,0.666667,8.077259309964129,158,0.057489472784810126,1,high,309,993,3
2101,7804,5.2681649596647455,100.0,0.103093,7.263059605462914,1909,0.003554264230487166,1,high,309,1015,3
2105,6851,9.203090775510203,90.0,0.15625,13.91763733229633,245,0.014071479183673468,1,high,310,910,3
21102,4917,7.550504848484849,30.0,1.66667,5.640177957909508,33,0.06379587272727272,1,high,311,737,3
21107,49276,4.96664817721519,20.0,0.344828,4.0909435375304986,237,0.014821112067510548,1,medium,312,739,2
21149,86009,7.25925888888889,20.0,2.0,4.660087506697813,18,0.1010100888888889,1,high,313,1083,3
21241,1112990,7.816880409638554,40.0,0.416667,7.519032330776338,83,0.032210497590361445,1,high,315,79,3
21241,61148,8.571427142857143,30.0,3.33333,9.738649151786426,7,0.0989010857142857,1,high,315,826,3
21241,6130,9.350876315789474,50.0,2.0,11.61109760065258,19,0.0964913052631579,1,high,315,829,3
21406,20063,7.300925666666667,20.0,1.11111,4.364048473457585,30,0.08717949,1,high,317,294,3
21406,325646,6.670851183333334,20.0,0.909091,3.821009832294752,60,0.04935894833333333,1,high,317,512,3
21406,6185,5.8943450625,20.0,0.833333,3.9916994385352376,48,0.0494791875,1,high,317,839,3
21406,72143,6.84827462,30.0,0.909091,5.954864303327008,50,0.050714302,1,high,317,952,3
214342,1895,7.461084593750001,20.0,0.909091,4.844619205751552,96,0.049479166666666664,1,high,318,263,3
214342,2598,6.544899383886256,40.0,0.5,7.046395164548167,211,0.021800934123222745,1,high,318,408,3
214342,6218,7.419749218934911,50.0,0.666667,6.8525649508169195,169,0.026486317751479294,1,high,318,844,3
214342,7213,10.83250835106383,80.0,1.11111,10.145825782742609,188,0.04342163936170213,1,high,318,951,3
214354,190353,10.24221653846154,40.0,1.25,8.393949958971135,26,0.055128169230769235,1,high,319,267,3
214354,20498,7.888039366666667,40.0,0.833333,7.6761141082929365,90,0.031884043333333334,1,high,319,306,3
214354,2626,7.320347880000001,35.0,0.769231,5.853447452953911,100,0.040624962,1,high,319,415,3
214354,274964,8.140625,40.0,1.25,9.834073321968537,16,0.069078925,1,high,319,431,3
214354,282388,8.395889181818182,60.0,0.555556,8.995734885360502,187,0.027316073262032087,1,high,319,442,3
214354,306674,6.570257540983606,20.0,1.0,3.9295176053970695,61,0.049863409836065575,1,high,319,482,3
214354,4450,6.651346537974684,210.0,0.12987,11.489299707891352,474,0.012294481835443039,1,high,319,698,3
214354,4815,5.1176680397351,58.3333,0.30303,5.996956410467737,604,0.007601463741721854,1,high,319,727,3
214354,54987,7.640533902439024,20.0,1.42857,4.278896564737734,41,0.09005628292682927,1,high,319,767,3
214354,596205,8.6904759375,30.0,1.42857,6.159571148424403,32,0.099999915625,1,high,319,805,3
214354,73032,6.703703333333333,10.0,2.0,3.2721236119835084,9,0.0769231,1,high,319,972,3
214525,39786,12.69835690140845,30.0,1.25,7.245570332680433,71,0.12863831971830986,1,high,320,634,3
214525,68442,11.249466433628319,60.0,0.625,9.742026409569018,226,0.037896086283185845,1,high,320,905,3
214525,9863,9.714912105263158,40.0,1.25,8.561745544514064,19,0.13157894736842105,1,high,320,1133,3
214555,11124,10.457170303370788,140.0,0.666667,13.32783371137878,178,0.03758936573033708,1,high,322,77,3
214555,119565,5.472316252631579,30.0,0.294118,4.458299418681534,190,0.018533038421052632,1,high,322,117,3
214555,36118,8.4077018375,40.0,0.714286,7.4958060224978675,80,0.049166635,1,high,322,588,3
214555,5514,6.903769583333333,10.0,1.66667,3.3302302204652183,24,0.0614035,1,high,322,770,3
214555,5781,4.741717685224839,50.0,0.15873,5.395488583003702,467,0.0067103244967880084,1,medium,322,791,2
214555,6915,5.534218403333333,30.0,0.172414,4.724053384067827,300,0.015820902466666665,1,high,322,917,3
214555,7806,7.360880633928572,30.0,0.47619,5.49424216594217,112,0.032563,1,high,322,1016,3
214824,39684,7.40760847826087,20.0,1.25,3.8684875871964732,46,0.05543478260869566,1,high,323,633,3
2177,46041,9.58,20.0,2.5,4.042607653976804,50,0.13,1,high,326,714,3
2180,10464,8.278769583333334,30.0,1.42857,6.80163053930739,24,0.09722222083333333,1,high,327,30,3
2180,56795,9.234508086956522,95.0,0.333333,13.2331913471491,138,0.03317091369565218,1,high,327,783,3
2180,6468,6.784825542056074,20.0,0.833333,4.039751137767194,107,0.04049846168224299,1,high,327,865,3
2180,6628,11.301923839999999,252.5,0.10989,26.877956047424224,225,0.0421132888,1,high,327,877,3
2180,6718,9.061265853658536,30.0,1.25,6.392349304468965,41,0.07804876829268292,1,high,327,888,3
2186,10829,8.034508094736843,80.0,0.434783,9.678054168434452,95,0.03380567684210527,1,high,328,62,3
2186,56795,8.170543816666667,30.0,0.526316,5.357204644365002,60,0.03717948166666667,1,high,328,783,3
21877,1749,6.299865541666667,40.0,0.188679,6.92350365402515,192,0.01770832625,1,high,329,240,3
21877,3418,7.966666000000001,20.0,1.0,4.2986473542296135,20,0.06875,1,high,329,551,3
2188,342369,9.120370000000001,20.0,1.66667,5.916578774394182,18,0.11111112222222223,1,high,330,553,3
2193,1363352,7.113635909090909,10.0,2.5,3.307994055029579,22,0.09090909090909091,1,high,332,169,3
2193,1649480,7.888888666666667,10.0,3.33333,2.707036109355625,15,0.0666667,1,high,332,229,3
2193,53694,7.19662,20.0,1.42857,4.667096214674245,31,0.07834102580645161,1,high,332,760,3
2193,6057,10.171442166089966,70.0,0.625,10.043967318933793,289,0.03385747335640138,1,high,332,822,3
2193,68149,7.628701638961039,60.0,0.133333,8.578180772000934,385,0.01247267838961039,1,high,332,901,3
21949,121191,9.41166107920792,80.0,0.5,9.194090252342955,303,0.03124519590759076,1,high,334,123,3
21949,283838,8.494435708074533,40.0,0.526316,7.139546911453336,161,0.04494934161490683,1,high,334,450,3
21949,4441,7.725098596330275,20.0,0.714286,5.268647738186226,109,0.043512451376146795,1,high,334,697,3
21949,4462,6.576308117647058,20.0,1.25,4.298916811385523,85,0.047058841176470585,1,high,334,701,3
21949,519,7.652925315646259,80.0,0.465116,8.563964458506813,735,0.010726860136054422,1,high,334,752,3
21949,56946,12.814747944664031,70.0,1.42857,10.942828644732186,253,0.04940711185770751,1,high,334,786,3
21949,725,10.3553579,57.5,0.714286,11.85030395405979,40,0.0469388075,1,high,334,964,3
221147,221166,5.0751191045655375,50.0,0.169492,5.404958669714687,679,0.007619901325478645,1,high,335,336,3
221147,30257,9.16666625,20.0,3.33333,5.270463595163244,8,0.104166725,1,high,335,478,3
221147,306674,7.621621351351352,20.0,1.66667,3.7080264942622647,37,0.09684685405405405,1,high,335,482,3
221147,5521,5.610648632,40.0,0.5,5.451242899706427,500,0.0175779708,1,high,335,772,3
221147,7597,8.956043137820513,70.0,0.294118,8.40555792117649,624,0.016063790801282053,1,high,335,1003,3
221147,7646,6.404266934443847,70.0,0.113636,7.2294554709836705,1861,0.004137595369156368,1,high,335,1006,3
22299,32968,7.58192245945946,30.0,0.769231,6.528960935998284,37,0.03982931891891892,1,high,337,526,3
22299,342369,8.505301578947368,60.0,1.42857,7.060860289985643,76,0.057780357894736845,1,high,337,553,3
2231,22892,11.677415633802816,70.0,1.25,10.912822175681178,142,0.07276990422535212,1,high,338,348,3
2231,31555,7.086487179487179,30.0,1.11111,4.925498819333694,39,0.0708898717948718,1,high,338,497,3
2231,321952,9.945450597014926,40.0,1.25,7.763875696223032,67,0.10646765373134329,1,high,338,505,3
2231,4301,9.912265181818182,30.0,1.42857,6.751437393594705,110,0.07727273545454545,1,high,338,686,3
22396,3002,9.283333,50.0,1.66667,10.312245209044644,20,0.09999999,1,high,339,471,3
22696,52582,6.761904,10.0,1.42857,3.2680694752774153,15,0.1,1,high,341,758,3
22701,29046,10.314102692307692,30.0,1.66667,7.672363953449319,26,0.11242598846153846,1,high,343,459,3
22701,3626,6.7365957777777785,30.0,1.11111,5.669546201725692,45,0.055555575555555556,1,high,343,590,3
22701,8638,7.78958325,30.0,1.25,5.568179871323964,40,0.06354169750000001,1,high,343,1088,3
228476,11473,19.44613255319149,80.0,2.0,14.525706089604997,141,0.1808510354609929,1,high,344,102,3
228783,6851,6.596490526315789,20.0,2.0,4.467066509117929,19,0.09210526842105264,1,high,346,910,3
228790,6468,7.8948987142857145,60.0,0.588235,7.599122122358859,91,0.039798014285714285,1,high,347,865,3
22892,8745,8.753293507788163,60.0,0.416667,7.6563900481018585,321,0.028341294080996882,1,high,348,1098,3
231049,3640,8.945766666666666,40.0,1.0,8.674350574699424,18,0.09027777777777778,1,high,350,596,3
232158,24605,11.143096627009646,80.0,0.344828,10.895396660861628,311,0.032456953697749195,1,high,351,377,3
232158,3407,12.154458073818898,210.0,0.243902,18.723485185246343,1016,0.012489194881889763,1,high,351,548,3
234416,11170,6.418330322580646,20.0,1.11111,4.067463909601399,31,0.06451610967741936,1,high,355,82,3
234416,135091,4.427272066666666,10.0,0.909091,3.642738803120893,15,0.0384615,1,medium,355,161,2
2353,11124,9.351607056074766,50.0,0.5,10.615348695509113,107,0.02670224859813084,1,high,357,77,3
2353,4177,11.178571428571429,30.0,2.5,8.42525311844636,14,0.14285705714285715,1,high,357,665,3
2353,6470,6.974842103070175,50.0,0.149254,7.210296318909304,456,0.012557586907894736,1,high,357,866,3
2353,7781,7.648789421875,30.0,0.333333,6.671566639524594,128,0.02633927109375,1,high,357,1014,3
2353,9947,9.577759921348314,30.0,0.833333,6.4580177735054916,89,0.08614235056179775,1,high,357,1139,3
235379,4492,8.347985,20.0,2.5,4.654835220257963,26,0.10714286153846153,1,high,358,704,3
2356,11170,7.75823924137931,30.0,0.909091,5.879293117153837,116,0.044334970689655175,1,high,360,82,3
2356,20610,7.9021835454545455,40.0,0.666667,5.8417545836363125,242,0.03431225454545455,1,high,360,307,3
2356,2541,8.24510775510204,20.0,1.25,4.3651132290727395,98,0.06887755102040816,1,high,360,394,3
2356,38400,7.860643529411766,35.0,1.42857,6.930866621487809,34,0.07958475,1,high,360,620,3
2358,308814,8.5,10.0,5.0,2.4152294576982394,10,0.11000000000000001,1,high,361,484,3
2358,9143,11.093668737481032,130.0,0.434783,13.65537036052284,659,0.015940667830045524,1,high,361,1118,3
236809,704,7.896824761904763,20.0,2.5,4.955490328064035,21,0.10952380952380954,1,high,365,938,3
2400,1596,9.013573457943926,30.0,1.66667,5.5893819250334635,107,0.0688190401869159,1,high,370,221,3
2400,21406,9.13333325,20.0,1.66667,5.089820142463042,40,0.10454543499999999,1,high,370,317,3
2400,3361,9.391437461538462,50.0,0.625,8.080611851258043,130,0.05701359384615384,1,high,370,532,3
2400,36567,6.576195622695035,90.0,0.344828,7.462690409565372,705,0.00896735744680851,1,high,370,602,3
2400,46041,8.79127605514706,45.0,0.434783,8.003335440849524,272,0.030621144485294117,1,high,370,714,3
2400,9071,9.11220348241206,180.0,0.25641,15.047068008486836,199,0.028388682914572867,1,high,370,1117,3
2403,39998,7.1345235,20.0,2.0,4.267696310689947,20,0.12083342999999999,1,high,371,639,3
2403,42347,8.767225918660287,170.0,0.181818,16.125057189802952,418,0.014790064306220096,1,high,371,671,3
2409,120608,6.854837146341463,30.0,0.833333,6.423384842939538,41,0.07317073170731707,1,high,372,120,3
2409,187832,5.869948414096917,30.0,0.4,5.597763411345079,227,0.019917522026431718,1,high,372,257,3
2409,358258,7.938596315789473,20.0,1.66667,5.633949911180541,19,0.11842106315789475,1,high,372,581,3
2409,37801,8.151514545454546,20.0,3.33333,4.798990462018785,11,0.13636363636363635,1,high,372,613,3
2409,8640,5.649954007915568,40.0,0.166667,5.151511403894587,379,0.013962178416886543,1,high,372,1089,3
2418,10597,5.8722648648648645,15.0,1.25,3.6974895989167975,37,0.06456461621621622,1,high,373,40,3
2418,196102,7.444444666666667,10.0,2.5,2.995808297354505,15,0.10000004,1,high,373,285,3
2418,253182,10.536349682539683,90.0,0.555556,13.39669743660811,63,0.05228761269841269,1,high,373,391,3
2418,253453,6.990138181818182,20.0,1.66667,4.631740134707375,33,0.0946969696969697,1,high,373,393,3
2418,298869,6.904762142857143,15.0,1.66667,4.696203893937477,14,0.08571431428571429,1,high,373,466,3
2418,3639,8.297785175,90.0,0.344828,11.133522365226778,80,0.03627449125,1,high,373,595,3
2418,386938,6.75,10.0,2.0,3.947573094109004,4,0.1,1,high,373,627,3
2418,732,7.403564449275363,20.0,0.666667,4.9664227254724755,69,0.038244792753623184,1,high,373,977,3
2438,1895,7.832197719101124,30.0,0.666667,6.514111667157629,89,0.044943808988764045,1,high,374,263,3
2447,6185,9.222221999999999,10.0,3.33333,2.0765770191357844,15,0.1,1,high,375,839,3
2447,6585,7.630208125,20.0,1.66667,4.083083206350743,32,0.098958346875,1,high,375,875,3
2449,7804,8.818399798387096,30.0,0.833333,5.606037564125316,124,0.06586023709677419,1,high,376,1015,3
24698,35302,8.48071243902439,40.0,0.444444,7.923962581103975,123,0.024579302439024387,1,high,378,569,3
2473,7417,5.488583166666667,10.0,1.11111,3.6574611971015307,60,0.04055553333333333,1,high,379,988,3
24941,2180,10.555555555555555,20.0,2.5,7.580585582775105,9,0.13333333333333336,1,high,381,327,3
24941,6387,13.260368387096774,140.0,1.42857,26.038841048396158,31,0.07096774193548387,1,high,381,856,3
24941,7396,9.344444666666668,40.0,1.66667,8.146754106547158,30,0.07192982666666667,1,high,381,985,3
24941,7417,7.200104027472527,30.0,0.4,5.779255881094202,182,0.02511770934065934,1,high,381,988,3
24941,77492,8.361888076923076,40.0,0.294118,7.723834074332058,169,0.02950006923076923,1,high,381,1011,3
24942,1901,8.111110666666667,20.0,3.33333,4.31252688665816,15,0.09696969333333334,1,high,382,266,3
24942,9143,8.756804745856353,110.0,0.416667,11.941659047699547,181,0.02670350994475138,1,high,382,1118,3
24947,1256,5.557819547979798,40.0,0.294118,6.112153253734654,396,0.009776971262626262,1,high,383,134,3
24947,139778,9.180525074626866,30.0,1.42857,6.383774765736624,67,0.08604039552238806,1,high,383,183,3
24947,197,7.168474941666667,30.0,0.833333,5.539197202233195,120,0.03259256916666667,1,high,383,286,3
24947,25025,6.973792033536586,100.0,0.210526,10.38491067139467,328,0.015073478658536584,1,high,383,384,3
24947,321208,7.422359130434783,45.0,0.454545,8.156475524574903,69,0.03491436811594203,1,high,383,504,3
24947,3288,6.978063612903226,20.0,0.833333,5.1059077249887395,62,0.048387064516129036,1,high,383,522,3
24947,38454,7.500439740259741,30.0,1.0,6.091855968937669,77,0.05142857142857143,1,high,383,624,3
24947,52769,14.912861506849314,50.0,1.25,13.567253709450835,73,0.11948255616438358,1,high,383,759,3
24947,637366,11.401184347826087,20.0,2.0,6.78470296519432,23,0.15217406086956523,1,high,383,854,3
24947,704,6.214601582908164,100.0,0.212766,6.669460696993295,784,0.008196669451530612,1,high,383,938,3
24947,711942,6.7693449999999995,20.0,1.42857,3.944741662665344,32,0.06985290625,1,high,383,944,3
24947,7824,7.7933138444444445,40.0,0.833333,7.338875338565111,45,0.060444444444444446,1,high,383,1020,3
25025,1373478,6.737749565217392,30.0,1.42857,6.12899093540726,23,0.084058,1,high,384,179,3
25025,357977,6.731345055555555,60.0,0.238095,7.567113812516092,144,0.025869950694444446,1,high,384,578,3
25025,6135,12.9499288172043,80.0,1.0,11.894895366643794,186,0.05522969139784946,1,high,384,830,3
25120,10180,8.589947023809524,30.0,1.66667,5.717563667075525,84,0.07369610119047619,1,high,386,8,3
25120,1202,5.625495133640553,40.0,0.188679,4.917182373750539,217,0.01664548539170507,1,high,386,119,3
25120,8787,7.636408541666667,30.0,1.42857,4.876842030038818,48,0.0734649,1,high,386,1104,3
25126,82003,9.307684756097562,20.0,1.11111,5.089529905687216,82,0.08841463414634146,1,high,387,1048,3
25193,39993,6.296295555555556,10.0,3.33333,2.8598981247507362,9,0.1111111111111111,1,high,388,638,3
25255,22697,7.176190433333333,20.0,0.833333,4.532000670082166,60,0.05942031833333334,1,high,389,342,3
25255,228790,5.053785192982456,30.0,0.188679,4.652846389507887,171,0.01641926081871345,1,high,389,347,3
25255,7806,4.4044915134048255,58.75,0.166667,5.19719964742654,746,0.005974376702412868,1,medium,389,1016,2
253182,324072,7.8,15.0,3.33333,3.7882211858719246,10,0.17500016000000002,1,high,391,508,3
253182,4110,8.25,20.0,2.0,5.526032801071669,16,0.104166725,1,high,391,656,3
253182,8589,10.0,10.0,10.0,0.0,8,0.1125,1,high,391,1081,3
253182,8745,8.276018957364341,60.0,0.568182,7.713492528181369,516,0.01945787222868217,1,high,391,1098,3
253337,1100699,9.454231617647059,35.0,1.11111,7.850343168099736,68,0.04632352941176471,1,high,392,72,3
253337,307296,6.858973846153846,10.0,2.5,3.120902498862945,13,0.1076923076923077,1,high,392,483,3
253337,321208,6.816238846153846,30.0,1.66667,6.380366985518828,26,0.03643726153846154,1,high,392,504,3
253337,32937,7.200294384428224,80.0,0.107527,7.7394803132445835,411,0.013769392116788322,1,high,392,525,3
253337,70618,18.64130402173913,70.0,3.33333,12.761690996538594,92,0.22463770652173912,1,high,392,941,3
253337,82122,6.976557428861788,60.0,0.25641,6.984335529823885,492,0.010736299105691056,1,high,392,1049,3
253453,10594,6.666666000000001,10.0,3.33333,3.118048713182653,5,0.12000000000000002,1,high,393,39,3
2541,11170,11.385397613636364,60.0,1.11111,9.715609753014345,176,0.05555556704545454,1,high,394,82,3
25480,1044584,7.930952500000001,30.0,1.42857,6.519801682627176,20,0.10714285999999999,1,high,395,27,3
25480,722,6.9555981081081075,20.0,1.66667,3.9984810549617444,37,0.08783782432432433,1,high,395,953,3
25486,5553,8.25523159090909,30.0,1.42857,5.96596227609749,44,0.08884298409090909,1,high,397,776,3
2551,1749,6.517995223404255,40.0,0.172414,6.580296969611393,188,0.016528916276595744,1,high,398,240,3
2551,612,6.2631608591549295,20.0,0.357143,4.468006959147397,213,0.022459066197183096,1,high,398,827,3
2551,84857,15.095793533783784,130.0,0.740741,17.56547635276864,444,0.03485524864864865,1,high,398,1073,3
2556,1307404,6.3240901875,40.0,0.666667,6.00140503375258,96,0.0316751875,1,high,400,149,3
2556,21241,9.745731254237288,85.0,0.333333,13.988771941554216,118,0.03202727288135593,1,high,400,315,3
2556,25480,4.756190951472418,80.0,0.125,5.355196522009046,2411,0.0025646619510576525,1,medium,400,395,2
2556,25483,14.6532715625,60.0,1.66667,14.499255368352454,32,0.15625,1,high,400,396,3
2556,3041,9.110924247706421,40.0,0.555556,7.853262461048898,109,0.04117249724770642,1,high,400,479,3
2556,3523,5.8844334,50.0,0.322581,6.042095906088855,195,0.02024289641025641,1,high,400,566,3
2556,44281,6.869786046511628,20.0,1.25,4.057314976056702,43,0.056976744186046514,1,high,400,695,3
2556,83008,7.9569567299270085,30.0,0.4,7.256360109590327,137,0.03017032627737226,1,high,400,1053,3
2578,6185,40.0,90.0,10.0,32.78719262151,7,0.41666685714285717,1,high,401,839,3
257844,19484,12.134615384615385,30.0,1.66667,9.014804987201101,26,0.12721886538461538,1,high,402,280,3
257844,3443,17.63888916666667,40.0,5.0,13.393959142028075,12,0.25,1,high,402,558,3
25789,1085787,8.901515454545454,20.0,2.5,5.152350610252453,22,0.1363635681818182,1,high,403,64,3
25789,2626,8.871024530927835,110.0,0.416667,11.827421797715868,194,0.02696271649484536,1,high,403,415,3
25789,3288,7.086228378378379,30.0,1.66667,4.97322928189271,37,0.08108107297297297,1,high,403,522,3
25789,7646,4.350204062328767,110.0,0.102041,5.715788246772514,1460,0.0035225045479452054,1,medium,403,1006,2
25789,819300,9.848484545454546,20.0,3.33333,5.649707626296008,11,0.07386363636363637,1,high,403,1046,3
25789,8356,8.6538094,30.0,2.5,5.251375358477252,50,0.08857144,1,high,403,1064,3
25789,8591,5.527146219981668,50.0,0.208333,5.911540773991029,1091,0.005581168469294226,1,high,403,1082,3
2582,221166,8.72260318367347,50.0,0.4,7.549214220373306,245,0.03221348693877551,1,high,404,336,3
2582,2231,10.60204067017544,140.0,0.322581,13.07191445486569,855,0.013943525122807018,1,high,404,338,3
2582,44,13.113831460674158,60.0,1.25,10.244434979385764,89,0.12148876404494383,1,high,404,692,3
2582,83367,9.273428383233533,100.0,0.299401,9.927840734572662,835,0.011648723940119761,1,high,404,1058,3
258494,10180,10.577869764705882,30.0,1.42857,6.879486129406236,85,0.10294117647058823,1,high,405,8,3
258494,11473,21.709711610932477,510.0,0.19802,37.859249446572385,622,0.031132857138263664,1,high,405,102,3
2590,38413,8.531608965517242,30.0,1.25,6.372545356228403,29,0.07543103448275862,1,high,406,622,3
2590,8745,8.476481405940595,30.0,0.416667,6.801680076027324,202,0.03353559752475248,1,high,406,1098,3
2590,9143,6.0754590833333335,30.0,0.588235,5.208713434419667,204,0.022754795098039213,1,high,406,1118,3
2598,114970,7.898811968,20.0,0.588235,4.662809887430628,125,0.0404,1,high,408,106,3
2598,19552,9.182676379310346,30.0,1.42857,6.142757548847974,58,0.11350582241379312,1,high,408,284,3
2598,2626,5.831789112096774,285.0,0.104167,11.521601768084151,1240,0.004100400709677419,1,high,408,415,3
2599,1112973,6.203703333333333,20.0,2.5,5.684272968647794,9,0.0925926,1,high,409,78,3
2599,7806,5.127268980066445,70.0,0.384615,5.667850170919252,301,0.015816849568106313,1,high,409,1016,3
2599,897018,9.669683039473684,60.0,0.769231,10.41564946024017,76,0.0688596052631579,1,high,409,1112,3
260101,6582,7.728115568627451,60.0,0.384615,8.029518823821236,102,0.026088436274509807,1,high,410,874,3
260101,6703,13.159722083333333,40.0,2.5,9.343014298608564,48,0.16145836666666666,1,high,410,883,3
260101,9071,19.35185,50.0,5.0,14.474893309136421,18,0.25,1,high,410,1117,3
2622,8787,6.333332,10.0,3.33333,3.4156517191701496,5,0.1,1,high,411,1104,3
26225,24605,11.384703994505493,50.0,0.666667,8.365843043951513,182,0.06074482032967033,1,high,412,377,3
26225,68091,9.439642595317727,60.0,0.333333,9.359659041338512,299,0.03038241371237458,1,high,412,896,3
26225,75635,10.446680533333334,40.0,1.25,9.098650239301298,75,0.08388893066666667,1,high,412,1001,3
2623,24605,9.861229253731343,30.0,1.42857,6.188381272417695,67,0.100213223880597,1,high,413,377,3
2623,3254,7.593023023255815,20.0,1.66667,4.658340653523953,43,0.09838995813953488,1,high,413,510,3
2623,7145,8.144287888888888,40.0,0.555556,6.117128506188571,54,0.0437243,1,high,413,947,3
2623,723,9.152210060329068,70.0,0.120482,8.76421975047657,547,0.018772309140767825,1,high,413,957,3
2623,82122,10.019041145516073,70.0,0.487805,9.835668127898058,591,0.01913071065989848,1,high,413,1049,3
2623,8308,8.505290555555556,20.0,1.42857,4.180793452719193,18,0.10555555555555557,1,high,413,1054,3
26237,283838,9.167154196969696,80.0,0.135135,11.653424854145621,396,0.017561229545454547,1,high,414,450,3
2626,2002,7.94069905839416,300.0,0.37037,17.02979599538209,411,0.012001962214111922,1,high,415,293,3
2626,327361,6.9232344827586205,10.0,1.25,3.4088236705492765,29,0.060851896551724134,1,high,415,518,3
2626,39230,10.064102307692307,20.0,2.5,5.209295141962032,13,0.11888106923076923,1,high,415,630,3
2626,5879,15.538459230769233,50.0,1.66667,14.68404003024285,13,0.20118343846153847,1,high,415,794,3
263034,11002,10.833332500000001,20.0,3.33333,6.871843922040988,4,0.11363632500000001,1,high,416,71,3
263034,2670,7.250297583333333,30.0,0.625,6.3373427180020565,36,0.04797977777777778,1,high,416,420,3
263034,684879,12.058333000000001,40.0,2.0,10.064016889262929,20,0.096875,1,high,416,908,3
26397,190376,12.499999545454546,50.0,1.66667,11.846684073823189,22,0.06521742272727273,1,high,417,268,3
26397,8339,7.416665625,10.0,2.0,3.4587529598165263,16,0.084821425,1,high,417,1059,3
265323,6902,6.705730366459628,40.0,0.243902,7.449215716122191,161,0.018249362732919255,1,high,418,915,3
2670,221166,5.264519464720195,60.0,0.25641,6.286369647408295,411,0.008962619562043795,1,high,420,336,3
2670,3109,7.177153309859155,120.0,0.384615,12.05205892981252,142,0.019306873943661974,1,high,420,490,3
2670,6676,8.280880868995633,50.0,0.714286,6.829648274923541,229,0.03230053013100437,1,high,420,879,3
2670,725,13.830011369565216,240.0,0.416667,35.207570663444734,46,0.048550736956521734,1,high,420,964,3
2670,8120,8.163128,40.0,0.555556,6.218750311007016,173,0.03757223468208093,1,high,420,1037,3
2670,8373,8.651515,20.0,2.0,5.567743011874184,22,0.06181818181818182,1,high,420,1066,3
2683,10324,8.275252727272727,20.0,1.25,5.222750284223625,33,0.13333333333333333,1,high,421,12,3
2683,1364430,7.626189999999999,20.0,2.0,4.390240063184413,20,0.08846153500000001,1,high,421,173,3
2683,275891,9.8799996,20.0,2.0,6.485475645197171,25,0.11272723600000001,1,high,421,433,3
2683,2977,13.769345625,50.0,2.5,12.219526593653276,16,0.1493055375,1,high,421,464,3
2683,614373,8.809595636363637,30.0,1.11111,6.3263817806444065,55,0.06611570363636364,1,high,421,833,3
2683,73710,7.872070476190476,30.0,1.11111,6.250890196656601,84,0.05112047023809524,1,high,421,983,3
2685,7417,6.523809999999999,20.0,2.0,6.184979257257052,7,0.11688307142857143,1,high,422,988,3
2709,82122,12.745535625,50.0,1.42857,12.407288068858543,16,0.067708325,1,high,423,1049,3
272,5489,6.726190000000001,20.0,1.25,6.483725337029117,7,0.10389608571428573,1,high,425,765,3
272,5492,16.51515181818182,50.0,1.66667,14.50008673606942,11,0.18881104545454547,1,high,425,766,3
27334,4816,7.603173999999999,30.0,1.25,7.709087347427618,15,0.09473692000000002,1,high,426,728,3
27334,6470,6.154870767441861,20.0,0.833333,4.118621792251117,43,0.04941862558139534,1,high,426,866,3
27392,32592,6.616108673758865,30.0,0.322581,6.085345534977393,141,0.02347182411347518,1,high,427,514,3
274332,9899,9.49036261904762,40.0,1.0,7.604074195343769,42,0.0739348238095238,1,high,428,1135,3
275635,1347,5.993025454545455,50.0,0.285714,6.923657656168041,143,0.021065372727272727,1,high,432,158,3
275635,18603,6.2944285833333335,20.0,0.526316,4.624566954797229,228,0.022423245614035088,1,high,432,252,3
276237,139462,14.138889166666667,40.0,4.0,11.291775955339805,12,0.14743578333333335,1,high,434,182,3
276237,1819,8.83333294117647,40.0,2.0,9.33593745664821,17,0.05882355294117647,1,high,434,247,3
276237,5657,9.0,10.0,5.0,2.23606797749979,5,0.0666667,1,high,434,781,3
27729,48203,11.083333,30.0,2.5,7.556883433150423,10,0.12727268,1,high,435,729,3
278567,10582,6.743663056930693,70.0,0.238095,6.776891753437549,808,0.009085965482673267,1,high,437,37,3
28031,20352,6.672441513513514,60.0,0.357143,7.448754839121128,111,0.02860758018018018,1,high,439,301,3
281,321208,8.845629865671642,50.0,0.769231,9.737508851017177,67,0.045628985074626864,1,high,440,504,3
282388,39993,6.5850654035874445,60.0,0.322581,6.304588674101272,446,0.015559174596412555,1,high,442,638,3
282388,51428,7.684685975903615,40.0,0.714286,5.863029682256781,83,0.056798636144578314,1,high,442,750,3
282388,5879,8.75,10.0,5.0,2.0916500663351885,6,0.13333333333333333,1,high,442,794,3
282446,703,11.2455556,40.0,1.25,9.540226743898735,25,0.08842101599999999,1,high,443,937,3
282446,732,7.70141141025641,60.0,0.263158,9.071395432080378,195,0.018426781435897436,1,high,443,977,3
283742,10379,5.672327073313783,95.0,0.275862,7.584535233916769,682,0.007396384076246334,1,high,445,17,3
283742,1112973,8.177777333333333,20.0,1.66667,4.582345187564155,15,0.12121207333333334,1,high,445,78,3
283742,2598,4.984533847704848,50.0,0.10582,5.307272393771771,2331,0.002985499601029601,1,medium,445,408,2
283742,44281,5.934921837104072,40.0,0.285714,5.717037180917293,221,0.020927584162895925,1,high,445,695,3
283742,4460,7.025637747252747,40.0,0.4,6.171505950477848,91,0.029010989010989013,1,high,445,700,3
283742,83515,7.3125,15.0,2.0,3.4565272521942147,32,0.08333331875,1,high,445,1062,3
283810,30125,8.178240416666666,30.0,1.11111,6.665091497593347,24,0.13461530833333332,1,high,447,473,3
28382,20352,5.681817272727272,10.0,2.5,2.9063679040929795,11,0.0909091,1,high,448,301,3
283838,274783,7.4116283362068955,160.0,0.243902,10.247877367700283,580,0.010846943586206897,1,high,450,429,3
283838,327361,7.30224765,30.0,0.833333,5.333443274656653,60,0.045555530000000004,1,high,450,518,3
283838,5553,6.044901212543554,30.0,0.384615,5.0167232646747255,287,0.0175101981184669,1,high,450,776,3
28439,10825,9.870958518518519,60.0,1.11111,10.85162879127793,54,0.041102031481481484,1,high,451,60,3
28439,20610,5.340026685436893,80.0,0.384615,6.8347217500812105,515,0.008858473126213592,1,high,451,307,3
28439,237159,7.898524918750001,40.0,0.588235,7.068057829691303,160,0.033533665000000004,1,high,451,367,3
28439,2551,6.722485591280654,60.0,0.25641,7.489740092570168,367,0.013910001689373298,1,high,451,398,3
28439,4337,6.061634675516224,90.0,0.25,6.761884426103906,678,0.008646120250737464,1,high,451,689,3
28439,5521,6.098506406727829,35.0,0.188679,5.722293681091751,327,0.016806716697247707,1,high,451,772,3
285148,12062,7.903205743119266,40.0,0.416667,7.109205636527224,109,0.02550150733944954,1,high,452,121,3
285148,519,8.773581208695653,70.0,0.344828,9.340480797389253,115,0.028115958260869565,1,high,452,752,3
285148,6582,6.080995476,50.0,0.149254,6.742304559698481,250,0.01471514592,1,high,452,874,3
287637,62427,8.522222222222222,40.0,1.66667,8.053843363841573,45,0.044444444444444446,1,high,453,848,3
2878,5781,5.564102307692308,10.0,2.0,3.280511145548698,13,0.09090909999999999,1,high,454,791,3
28889,141626,7.454343457943925,40.0,1.25,5.559161158925325,107,0.04877336448598131,1,high,455,191,3
28889,142131,7.8703705555555565,20.0,5.0,3.8689966826593536,18,0.10606058333333333,1,high,455,194,3
28889,7299,7.292016470588235,20.0,1.42857,4.14916498952601,34,0.08144797647058823,1,high,455,971,3
28889,816346,6.9418452450980395,60.0,0.666667,7.2332980546463075,204,0.02417403970588235,1,high,455,1043,3
28894,187832,6.1316013255813955,30.0,0.344828,5.16821377906694,129,0.02076097364341085,1,high,456,257,3
2890,8591,12.424242272727271,30.0,3.33333,6.779350916245547,22,0.12237755909090908,1,high,457,1082,3
28908,1236136,6.813724705882353,10.0,2.5,3.176456371761065,17,0.08144797647058823,1,high,458,128,3
29046,10324,11.161723759930915,90.0,0.3125,12.777353474621318,579,0.02036178946459413,1,high,459,12,3
29046,10510,9.086945538922157,77.5,0.285714,13.260715078679588,167,0.03219649820359281,1,high,459,33,3
29046,236809,6.955963194444444,30.0,1.42857,5.800610599812147,72,0.05059525555555555,1,high,459,365,3
29046,265323,6.281200980392157,25.0,1.42857,5.044941498202434,51,0.04444442352941177,1,high,459,418,3
29046,33910,6.476097951388889,25.0,0.344828,4.864503088996541,144,0.030021343055555556,1,high,459,545,3
29046,39993,5.793075025344764,70.0,0.104167,6.875557484254717,2683,0.002744399568393589,1,high,459,638,3
29046,42781,9.246133970588236,60.0,0.625,7.899878524472179,136,0.05215992647058824,1,high,459,682,3
29046,4492,5.79278587628866,80.0,0.119522,7.325461180834828,679,0.006615749499263623,1,high,459,704,3
29046,5553,6.18540333739255,90.0,0.10989,7.462198062216856,1396,0.005311062922636103,1,high,459,776,3
29046,618278,6.158729999999999,10.0,2.5,2.731237677076091,21,0.07843138095238096,1,high,459,836,3
29046,6585,8.23367214978903,150.0,0.3125,9.854847560462193,474,0.01630128012658228,1,high,459,875,3
29046,6694,5.450292105263157,10.0,1.66667,3.3905023353784074,19,0.06371192631578948,1,high,459,881,3
29046,69120,4.12016655,60.0,0.10989,5.14743505164289,1800,0.0026736115300000003,1,medium,459,916,2
29421,221166,8.869949833333333,50.0,0.769231,8.261543101845502,96,0.046130960416666665,1,high,462,336,3
29421,281,7.940516599009901,60.0,0.232558,8.90569343528427,202,0.02063523935643564,1,high,462,440,3
29421,37801,7.940393333333333,20.0,1.25,4.5483930238685275,48,0.05587118541666667,1,high,462,613,3
29421,593411,5.368044189873418,30.0,0.243902,5.577201761958502,158,0.015518505316455697,1,high,462,801,3
29421,7646,5.431548913385828,40.0,0.116279,6.238977473063015,381,0.011229132650918634,1,high,462,1006,3
29561,10689,7.083605233766233,40.0,0.149254,6.51134353222557,308,0.01611351159090909,1,high,463,44,3
29561,11473,13.21212106060606,90.0,2.5,13.224315502971981,66,0.10984848484848485,1,high,463,102,3
29561,274783,9.21221962962963,80.0,0.434783,11.433945137263546,135,0.03019941037037037,1,high,463,429,3
29561,4885,11.25,30.0,3.33333,6.735753250517223,16,0.13125,1,high,463,734,3
29561,7407,8.754136595744681,50.0,1.0,8.36995003622568,47,0.058994170212765956,1,high,463,987,3
29561,8001,9.375263423423425,60.0,0.384615,9.876051349149396,111,0.03651863693693693,1,high,463,1033,3
2977,214824,12.166667,30.0,1.66667,8.64420120337591,10,0.16666644000000003,1,high,464,323,3
2977,32968,12.858576755555555,110.0,0.526316,18.893268580586913,45,0.06161618666666667,1,high,464,526,3
2977,7407,8.75,10.0,5.0,2.3145502494313788,8,0.0714286,1,high,464,987,3
29899,33688,22.5,80.0,2.5,32.882366094914765,5,0.21666678,1,high,467,534,3
300195,11198,10.7415876,60.0,1.0,12.827216410384107,25,0.061333328000000006,1,high,470,83,3
300195,28031,8.488864633027523,70.0,0.37037,11.434730358434509,109,0.030632907339449542,1,high,470,439,3
300195,8134,7.808333,30.0,2.0,6.017828306483731,20,0.084615395,1,high,470,1040,3
3002,10324,9.056478713547053,590.0,0.128205,23.065360922418893,967,0.006001880506721819,1,high,471,12,3
3002,356887,7.834585789473685,20.0,1.42857,5.916407569793905,19,0.08881578947368421,1,high,471,575,3
3002,5882,13.833333,30.0,3.33333,9.559754006598066,10,0.17499995,1,high,471,796,3
3002,7145,10.58146516981132,110.0,0.526316,15.50475316261458,106,0.04009432830188679,1,high,471,947,3
3008,20481,8.736884853448277,130.0,0.153846,12.268442574590972,348,0.014287994798850574,1,high,472,303,3
3008,237159,6.245988305970149,30.0,0.416667,4.840967547149339,134,0.03283581492537313,1,high,472,367,3
3008,4845,5.991785162499999,30.0,0.625,4.741664959695963,80,0.03525639875,1,high,472,732,3
3008,59078,6.223717868852459,20.0,1.11111,3.7966707937064696,61,0.06010932131147541,1,high,472,798,3
3008,6582,7.280064052845528,260.0,0.238095,13.802873495335891,492,0.010312896991869918,1,high,472,874,3
3008,9863,5.781806055555556,30.0,0.37037,5.061688813757743,270,0.01612388903703704,1,high,472,1133,3
3013,10582,7.307908575630251,60.0,0.666667,7.1717481313843825,238,0.02472150462184874,1,high,474,37,3
3013,3500,8.039215294117648,10.0,3.33333,2.8403900732076344,17,0.09625668235294119,1,high,474,563,3
301542,38454,5.948897021857924,90.0,0.277778,8.1156700367207,366,0.01171795568306011,1,high,476,624,3
301542,475968,4.89492162915601,80.0,0.192308,7.596810684021272,391,0.007105015089514067,1,medium,476,722,2
301542,5093,7.490825180379748,90.0,0.149254,9.75378243478142,316,0.016901072056962025,1,high,476,747,3
301542,519,4.110221058823529,40.0,0.140845,4.992209987550069,1479,0.00286041369979716,1,medium,476,752,2
301542,9863,6.016560454545455,90.0,0.25,7.496050158264231,341,0.012663951055718476,1,high,476,1133,3
302379,18603,5.628733063414635,63.3333,0.135135,7.345478539084576,205,0.015583384292682927,1,high,477,252,3
30257,11253,7.887864516129032,40.0,2.5,7.087948455338747,31,0.0860215,1,high,478,88,3
30257,1347,8.303257368421052,30.0,1.0,7.037785290060947,19,0.07769417368421054,1,high,478,158,3
30257,3403,9.559409118811882,50.0,0.909091,10.00106956956234,101,0.04116729306930693,1,high,478,547,3
30257,407990,9.162878636363637,30.0,1.25,6.299957969484358,22,0.06313136363636364,1,high,478,650,3
30257,8150,7.226230903846154,40.0,0.3125,6.75689156102328,104,0.029434875000000003,1,high,478,1041,3
3041,12574,10.133150771084336,90.0,0.357143,14.089407777924679,83,0.03463851927710843,1,high,479,135,3
3041,8375,7.649114018181819,30.0,0.909091,5.704273570188688,55,0.05527272727272727,1,high,479,1067,3
306266,6918,6.733597555555556,30.0,1.42857,5.912010121062177,45,0.04957264888888889,1,high,481,919,3
306674,82122,9.559306142857142,50.0,1.66667,7.774201216551995,70,0.0842857142857143,1,high,482,1049,3
307296,187832,4.93023601632653,20.0,0.30303,4.559973190566112,245,0.013698204163265306,1,medium,483,257,2
307296,6918,5.762878395061729,20.0,0.344828,4.5388292235400876,162,0.018877393209876542,1,high,483,919,3
3102,105694,7.068093397058824,30.0,0.769231,5.211329274522525,68,0.05656109411764706,1,high,487,35,3
3105,9143,5.633332666666666,10.0,2.0,3.328091609602516,15,0.08888888,1,high,488,1118,3
3108,141704,6.093749375,10.0,2.5,2.8336403387597113,16,0.1125,1,high,489,192,3
3108,195088,9.573529411764707,30.0,1.25,7.7771861924411745,51,0.06290851176470588,1,high,489,283,3
3109,11202,8.27352120950324,320.0,0.10101,18.880187644524113,1389,0.003304871994240461,1,high,490,84,3
3109,274783,8.117180175438596,30.0,1.11111,5.639257189846046,57,0.0626566,1,high,490,429,3
3109,40001,8.229993953125,20.0,0.625,5.649303926731675,64,0.033854190624999995,1,high,490,640,3
3109,7258,4.694199864661654,40.0,0.263158,5.325875233757291,133,0.01768155112781955,1,medium,490,965,2
3131,11256,8.413978387096774,20.0,2.0,4.607335611789889,31,0.10669970967741936,1,high,491,89,3
3131,20352,7.06314695652174,20.0,1.42857,4.425455264276551,23,0.08423913043478261,1,high,491,301,3
31447,4337,5.686958387096774,20.0,1.0,3.9136326216378787,62,0.04233870967741935,1,high,492,689,3
31448,135391,7.0971315909090915,20.0,1.25,4.288241003721116,44,0.08181814772727272,1,high,493,162,3
31448,734064,7.871234081632653,20.0,1.66667,4.842299941610442,49,0.08049887346938775,1,high,493,979,3
314683,32968,10.795454545454545,30.0,2.5,7.574485823990664,22,0.1363635681818182,1,high,494,526,3
314683,4917,8.625540454545455,20.0,1.42857,4.8041961265746655,22,0.10909090909090911,1,high,494,737,3
3154,6918,9.005376774193548,50.0,1.66667,9.155091798029622,31,0.09447004516129033,1,high,495,919,3
3155,10689,12.282092958333335,50.0,0.909091,14.097558959661578,24,0.07535468333333332,1,high,496,44,3
31555,30125,7.751238588235294,20.0,1.11111,5.269301336927015,85,0.05333331058823529,1,high,497,473,3
31555,83818,5.18722417551963,70.0,0.25,7.19740838612801,433,0.010144020184757506,1,high,497,1068,3
31555,897018,8.438243541666667,30.0,1.0,7.2081670809151825,48,0.07102276458333333,1,high,497,1112,3
31565,21212,8.646233134328359,30.0,1.66667,5.482526590388392,67,0.09808104477611941,1,high,498,314,3
31565,2598,7.975826651006711,115.0,0.47619,9.334250410756434,596,0.014003077164429532,1,high,498,408,3
31565,39786,9.049458139240507,130.0,0.307692,13.56034697115899,474,0.018884424725738397,1,high,498,634,3
31565,6915,8.970363344262296,40.0,0.666667,7.164183735601982,122,0.0509733606557377,1,high,498,917,3
31748,190376,8.214285714285714,20.0,2.5,5.900968443520823,7,0.1142857142857143,1,high,499,268,3
31748,2019,9.298245263157895,20.0,3.33333,4.884966980866876,19,0.08070174736842105,1,high,499,296,3
31748,31555,9.043793363636363,80.0,0.454545,12.763176048490822,66,0.04511018181818182,1,high,499,497,3
31748,37801,7.527194446153846,30.0,0.714286,6.306238323026555,65,0.04089069846153846,1,high,499,613,3
31748,41493,8.93162225,70.0,0.869565,10.855155400984472,60,0.03481480666666667,1,high,499,664,3
31748,73689,6.969557333333333,40.0,0.666667,6.267449117166103,57,0.036036021052631574,1,high,499,982,3
31994,83367,7.522222,10.0,2.0,3.2470176605358074,15,0.09696969333333333,1,high,502,1058,3
321064,1012892,8.086051788135594,40.0,0.666667,6.564469681675416,118,0.047357948305084746,1,high,503,4,3
321064,10772,5.5169167179487175,60.0,0.121951,6.304040084920476,273,0.01120034172161172,1,high,503,53,3
321064,141704,9.008078225,60.0,0.294118,9.82444616430975,120,0.033084586666666665,1,high,503,192,3
321064,187832,5.002505403186275,70.0,0.222222,5.8319053962687235,816,0.0061012487745098045,1,high,503,257,3
321064,221166,6.854179577319587,25.0,0.434783,4.913250048689383,97,0.03597280618556701,1,high,503,336,3
321064,358255,6.4567457500000005,20.0,1.42857,3.812648778506972,40,0.0526785725,1,high,503,579,3
321064,42463,4.46893093150685,60.0,0.238095,5.107995092969071,657,0.006025899543378996,1,medium,503,676,2
321064,85762,8.536807353846154,30.0,0.416667,7.846920209373206,65,0.03740570923076923,1,high,503,1078,3
321988,233698,9.045238278846155,130.0,0.47619,13.745319540341715,104,0.03485575576923077,1,high,506,354,3
321988,3423,6.784492023227384,90.0,0.140845,7.434610803913025,818,0.009021488753056235,1,high,506,552,3
321988,36453,8.333332500000001,15.0,3.33333,4.082484071062441,8,0.1136363375,1,high,506,599,3
321988,4845,6.219119506578947,40.0,0.434783,5.346616405153966,456,0.015193208771929824,1,high,506,732,3
321988,4917,7.426572050632911,90.0,0.27027,8.639087573025082,948,0.008906361413502109,1,high,506,737,3
321988,50610,11.201314184931507,40.0,0.769231,6.915577754505172,146,0.06849311643835616,1,high,506,746,3
322167,140587,5.180139501144165,40.0,0.253165,5.1152478931435885,437,0.010821449771167049,1,high,507,189,3
322167,283810,6.878957708333334,30.0,0.769231,6.633775086500455,24,0.06340585833333333,1,high,507,447,3
322167,4441,6.060344137931034,15.0,1.25,3.7309638264351994,29,0.06490870689655173,1,high,507,697,3
324072,26237,10.884615384615385,20.0,4.0,5.260520594302139,13,0.15976326923076925,1,high,508,414,3
324072,56946,9.423076923076923,20.0,2.5,4.581876225258572,13,0.12587406923076924,1,high,508,786,3
3247,10582,7.747046159793814,60.0,0.454545,8.362146622788067,194,0.02877463711340206,1,high,509,37,3
325642,1292,7.4583330000000005,20.0,1.25,5.3375637128647,10,0.11000000000000001,1,high,511,139,3
325642,3002,9.602563846153846,30.0,2.0,6.078756895523346,26,0.10059169615384615,1,high,511,471,3
325642,596,8.675161516129032,30.0,0.909091,5.608776827063146,93,0.06656421612903225,1,high,511,804,3
325646,1244014,7.456896551724138,30.0,1.25,5.926493411083509,29,0.08620691034482758,1,high,512,132,3
325646,140587,7.375266467741936,60.0,0.454545,9.071974344569236,124,0.031036150806451612,1,high,512,189,3
325646,342369,6.322310819047619,20.0,0.416667,5.069949939779532,105,0.02713384380952381,1,high,512,553,3
325887,3639,9.140616959459459,50.0,0.588235,9.384149630292383,74,0.04054049594594595,1,high,513,595,3
325887,5552,11.333332777777777,30.0,3.33333,7.0181843358913465,18,0.1388888888888889,1,high,513,775,3
32592,10737,7.050887410714286,30.0,0.588235,5.800160275403289,56,0.03973214285714286,1,high,514,48,3
32592,228790,9.205526534883722,60.0,0.909091,10.486389127152378,43,0.06373810930232558,1,high,514,347,3
32592,7396,8.512698,30.0,1.42857,6.166743632004388,25,0.085714304,1,high,514,985,3
32624,51428,8.212846011363636,60.0,0.555556,9.379150262019198,88,0.046620018181818185,1,high,515,750,3
32624,5224,7.905014893617022,30.0,1.11111,6.00593452835352,47,0.057059936170212766,1,high,515,755,3
3264,3423,7.427101423208191,130.0,0.121951,9.701201052262954,1465,0.005042424415699659,1,high,516,552,3
3264,35827,10.14240162086514,110.0,0.344828,11.039879543065636,786,0.014384480776081426,1,high,516,584,3
3264,42463,6.041119143968872,50.0,0.263158,6.519867175536595,771,0.007164878365758755,1,high,516,676,3
3264,50610,8.280975961432507,110.0,0.166667,11.016091203860945,363,0.018848782369146007,1,high,516,746,3
3264,5228,8.00395051908397,60.0,0.25,9.11609467311459,131,0.027989835877862596,1,high,516,756,3
32675,28908,9.275362173913043,30.0,1.66667,5.942189850886743,23,0.09364547391304347,1,high,517,458,3
32675,32968,5.492755578378378,50.0,0.294118,5.531701043038842,740,0.007298552891891893,1,high,517,526,3
32675,6832,7.486527206349206,40.0,0.833333,7.061442389631718,63,0.04668535238095238,1,high,517,903,3
32675,732,10.738095,30.0,1.42857,7.2801757372994205,20,0.145454455,1,high,517,977,3
32675,8691,5.774508435294117,20.0,0.4,4.492807965096521,85,0.035581029411764706,1,high,517,1091,3
327361,37925,8.070175789473684,20.0,1.66667,3.9776826698095857,19,0.08270676842105262,1,high,518,615,3
3274,11289,9.49275347826087,20.0,3.33333,5.514782567579457,23,0.13043478260869565,1,high,519,91,3
3289,187832,7.513487577235772,70.0,0.769231,8.028683382071119,123,0.033212252032520324,1,high,523,257,3
3289,2176,7.651514545454546,10.0,2.5,3.3086213827736883,11,0.1,1,high,523,324,3
3289,257844,6.785714285714286,10.0,2.5,3.1339158526400435,7,0.0909091,1,high,523,402,3
3289,274786,7.166169375,30.0,1.42857,5.364611445959733,32,0.0703125,1,high,523,430,3
3289,3498,5.195599893258427,90.0,0.142857,8.874456739867735,356,0.009109273988764046,1,high,523,562,3
3289,38967,6.973982829268293,22.5,0.769231,5.512960522827762,82,0.02503212317073171,1,high,523,629,3
3289,6057,8.132104193548388,20.0,1.42857,4.565281629662274,31,0.0681004064516129,1,high,523,822,3
32915,1292,5.968888420074349,30.0,0.357143,4.845158269580945,269,0.019838100520446097,1,high,524,139,3
32915,25480,6.0434926601382495,140.0,0.2,8.85526318734133,868,0.006885132857142857,1,high,524,395,3
32915,327361,4.708656613989637,30.0,0.196078,4.525465185148117,386,0.009894268212435232,1,medium,524,518,2
32915,612,7.24143542,20.0,0.909091,4.50859722216538,50,0.05652178399999999,1,high,524,827,3
32915,993449,6.303425343065693,80.0,0.434783,7.440645381521796,137,0.024581376642335766,1,high,524,1137,3
32937,105694,9.611591346341463,140.0,0.454545,11.429007191740855,615,0.017468809333333335,1,high,525,35,3
32937,475342,7.6800463260869565,60.0,0.909091,9.627747522279734,46,0.06695652173913044,1,high,525,720,3
32937,6916,10.071148614084507,80.0,0.588235,10.723585159671106,355,0.0272481098028169,1,high,525,918,3
32937,8356,7.843843353174603,40.0,0.294118,6.740358723212249,252,0.023229919047619046,1,high,525,1064,3
32968,27169,4.7977053378746595,40.0,0.333333,4.88744931588103,367,0.009892718964577656,1,medium,526,424,2
32968,6026,37.42011967741935,160.0,2.0,48.47182865954639,31,0.3240469161290323,1,high,526,817,3
33094,1347,6.233334,10.0,1.66667,4.145947572965678,5,0.14999997999999998,1,high,527,158,3
3322,10464,10.0,30.0,5.0,7.0710678118654755,11,0.08441563636363636,1,high,528,30,3
3322,2180,8.812837205202312,80.0,0.350877,9.943104778542299,346,0.02144937612716763,1,high,528,327,3
3322,2353,7.215895504032258,60.0,0.25641,7.993937642947054,248,0.017429752177419357,1,high,528,357,3
3322,2541,8.655249756218906,60.0,0.625,7.517511456577235,402,0.02288144741293532,1,high,528,394,3
3322,2555,6.125247276041667,30.0,0.175439,5.303137066526297,192,0.018976452864583333,1,high,528,399,3
3322,358262,7.2874995,10.0,2.0,3.155970010336258,20,0.125,1,high,528,582,3
3322,51499,7.6202000624999995,40.0,0.333333,7.009655532496717,112,0.03202945535714286,1,high,528,751,3
3322,6901,6.216502045515395,60.0,0.138889,6.111078654623558,747,0.008872701512717537,1,high,528,914,3
3322,8686,11.262226486486487,50.0,1.42857,8.12721859975738,74,0.08819342972972972,1,high,528,1090,3
3350,253337,7.066666000000001,10.0,2.0,4.044201006104914,5,0.0833333,1,high,529,392,3
3355,10180,5.939622565656566,60.0,0.147059,6.328225022346896,693,0.008180951486291487,1,high,530,8,3
3355,1102129,8.677720892857142,30.0,1.42857,6.35287349989086,56,0.08333334642857142,1,high,530,73,3
3355,11253,5.759826815384615,60.0,0.212766,6.069704294719457,1105,0.005738677393665159,1,high,530,88,3
3355,23088,6.435600365671642,90.0,0.175439,9.11727813699112,268,0.013550668470149253,1,high,530,349,3
3355,2399,7.673610833333334,30.0,1.66667,5.7942751207308945,24,0.10227271666666667,1,high,530,369,3
3355,67031,8.957577,50.0,0.625,8.79835663155181,73,0.039573845205479456,1,high,530,884,3
3355,7023,8.826262363636364,40.0,1.0,7.1853290272319015,55,0.057575787272727275,1,high,530,936,3
3355,704,5.474178978689818,120.0,0.175439,6.782364774203183,1267,0.0046619792423046565,1,high,530,938,3
33562,282446,9.52374063768116,60.0,0.526316,11.051696705984366,69,0.04729215072463768,1,high,531,443,3
3361,1292,7.006812041044776,30.0,0.408163,5.643120430067612,268,0.019796848208955223,1,high,532,139,3
3364,4337,11.34920619047619,30.0,2.5,7.964662531005614,21,0.1547619523809524,1,high,533,689,3
33724,17128,6.736110833333334,10.0,2.5,2.9170983048450236,24,0.09722225,1,high,535,236,3
33738,10395,8.498789152542374,20.0,1.42857,4.898793043095091,59,0.09887009152542373,1,high,536,19,3
33738,10432,9.017367548387098,40.0,1.11111,7.1323527473523125,155,0.04564516129032258,1,high,536,25,3
33738,10594,6.849948004926108,40.0,0.434783,6.484968890012885,203,0.02014725566502463,1,high,536,39,3
33738,1251,12.112299470588235,40.0,0.909091,9.64154244116144,17,0.0924369,1,high,536,133,3
33738,135056,9.391861565217392,70.0,0.555556,11.794100575924682,69,0.04157133333333333,1,high,536,160,3
33738,301542,3.986805716963449,60.0,0.11236,5.158805696158471,1067,0.003613708484536083,1,medium,536,476,2
33738,33747,11.536796363636363,20.0,2.5,6.390446289523989,22,0.19545454545454544,1,high,536,538,3
33738,5691,9.294479172131147,50.0,0.769231,8.225452904646499,122,0.0520888393442623,1,high,536,785,3
33738,8928,6.86419846969697,50.0,0.714286,6.883856070496815,66,0.044949468181818185,1,high,536,1111,3
33739,10582,7.12543198989899,50.0,0.344828,8.13273897581542,99,0.023088008080808083,1,high,537,37,3
33739,2598,10.687315127272727,60.0,0.909091,10.563343706789443,55,0.05113636363636364,1,high,537,408,3
33747,41493,5.465607777777778,10.0,2.0,3.094939369242779,18,0.1010100888888889,1,high,538,664,3
337525,136411,10.101306764705882,40.0,1.11111,7.957266461326011,34,0.10110294117647059,1,high,540,171,3
337525,36676,8.478259130434783,20.0,2.5,4.342153074754414,23,0.13043478260869565,1,high,540,603,3
337525,6980,6.343888330434782,40.0,0.232558,6.718058082968275,230,0.016194913739130432,1,high,540,931,3
33767,21949,9.590348482142858,30.0,1.42857,5.707765276751056,112,0.07695572946428572,1,high,542,334,3
338036,18993,10.002058349206349,50.0,0.714286,8.5022893905858,63,0.06140354603174603,1,high,543,265,3
338036,20352,8.573294742424244,90.0,0.666667,10.495165524668074,198,0.029078659595959594,1,high,543,301,3
338817,11251,7.948879117647059,30.0,1.42857,6.3861710249130175,34,0.07785466176470589,1,high,544,87,3
338817,1895,9.172136216216217,30.0,1.42857,8.29988607853591,37,0.07371011081081082,1,high,544,263,3
33910,187832,7.305554418604651,30.0,1.25,5.470065880843494,43,0.07493542325581394,1,high,545,257,3
3393,4099,8.906787659574467,30.0,2.0,6.219873847153595,47,0.11456623191489361,1,high,546,654,3
341248,1300786,7.461182,40.0,1.11111,6.961486288514485,30,0.060606020000000004,1,high,549,142,3
341248,214549,7.557098055555555,20.0,2.0,4.109277194643373,36,0.07098767222222221,1,high,549,321,3
341248,253166,7.5111104,20.0,1.11111,5.669253786331055,25,0.10000004000000001,1,high,549,390,3
341248,596554,7.9679506,30.0,1.33333,6.458433109462517,50,0.056666682,1,high,549,807,3
341248,614373,6.388889166666666,10.0,1.66667,2.9157645069407794,12,0.11666666666666668,1,high,549,833,3
341248,828529,16.119565217391305,90.0,2.0,17.537742870505028,46,0.15217388913043478,1,high,549,1052,3
342369,358258,4.590744455049944,105.0,0.1,7.980343869668139,1802,0.002171992347946726,1,medium,553,581,2
342369,46303,7.0476190476190474,20.0,1.66667,4.273998471748562,21,0.08163265714285714,1,high,553,716,3
342369,475342,7.37709851923077,30.0,0.833333,5.565927060022234,52,0.059018578846153844,1,high,553,720,3
342369,72143,5.658576234234234,60.0,0.344828,5.85345339812404,222,0.019067618108108107,1,high,553,952,3
342369,8591,3.876549024404762,90.0,0.102041,4.879380523687392,1680,0.002626721166666667,1,medium,553,1082,2
34296,6915,7.057358787878788,20.0,1.42857,4.043868615456428,33,0.07308377272727272,1,high,554,917,3
34347,2400,7.520833125,10.0,2.0,3.0011574942938686,16,0.1,1,high,557,370,3
34347,26225,6.894678573770492,20.0,0.833333,3.5078662827733447,61,0.048633855737704915,1,high,557,412,3
34347,6809,6.714568642857143,20.0,0.833333,4.2286079787685065,42,0.0555555119047619,1,high,557,895,3
3443,62372,6.40705076923077,10.0,1.25,3.295985101825459,26,0.09440559615384615,1,high,558,847,3
3444,52582,7.492559375,20.0,1.42857,4.627909165724797,32,0.068014671875,1,high,559,758,3
3444,6582,6.969780465753424,40.0,0.833333,5.876968133361337,73,0.037583408219178084,1,high,559,874,3
3489,6915,8.846153846153847,10.0,5.0,2.192645048267573,13,0.09090909999999999,1,high,561,917,3
3489,7258,8.814814444444444,20.0,2.0,4.0410031614035145,18,0.09401707777777778,1,high,561,965,3
3498,100213,7.938596315789473,10.0,2.5,2.8378020744998538,19,0.0833333,1,high,562,0,3
3498,10454,7.532170475362319,50.0,0.377358,7.203825196379979,345,0.01937734347826087,1,high,562,29,3
3498,139462,10.387977172413793,100.0,0.3125,11.307017300415257,580,0.02021846451724138,1,high,562,182,3
3498,228783,7.196969545454545,30.0,1.66667,5.473954450984737,44,0.09253249090909091,1,high,562,346,3
3498,5552,8.256013578512396,80.0,0.833333,9.71555781367368,121,0.03801652892561984,1,high,562,775,3
3498,68149,6.258301515400411,100.0,0.227273,8.617942427014373,487,0.010674597823408623,1,high,562,901,3
3498,704,6.548413413407822,70.0,0.175439,7.755658822244933,1253,0.006134701867517957,1,high,562,938,3
3500,1908,7.440170615384615,20.0,1.11111,4.017894910554404,65,0.0761133723076923,1,high,563,271,3
3500,8640,6.133828930260048,70.0,0.222222,6.665778368888419,846,0.007284976442080378,1,high,563,1089,3
35208,1236136,8.353174333333333,20.0,1.42857,5.018252630728997,30,0.10000004,1,high,564,128,3
35208,21212,8.968758631250001,60.0,0.588235,7.720875706506855,160,0.04125,1,high,564,314,3
35208,31555,6.255878922077922,20.0,0.526316,4.412976885410959,77,0.035940796103896104,1,high,564,497,3
3521,10772,8.971861454545454,40.0,1.25,7.0513671384106145,55,0.05454544181818182,1,high,565,53,3
3521,121191,5.954260868421052,10.0,0.833333,3.751672585510759,38,0.04526315789473684,1,high,565,123,3
3521,1369,8.053140386554622,70.0,0.227273,12.48280364939952,119,0.022408963529411765,1,high,565,175,3
3521,1605101,5.810033145038168,40.0,0.666667,5.282936611455286,131,0.03218078778625954,1,high,565,225,3
3521,1819,7.031254391705069,60.0,0.27027,6.223065334703809,217,0.02594532534562212,1,high,565,247,3
3521,281,7.461939113475178,50.0,0.454545,6.749373412278246,141,0.03268577872340426,1,high,565,440,3
3521,30125,8.872023571428572,30.0,2.0,5.933554177878528,56,0.09040178571428571,1,high,565,473,3
3521,8703,6.370661537383177,50.0,0.47619,5.883958789804822,214,0.02189740093457944,1,high,565,1093,3
3523,136411,8.134920555555556,20.0,1.42857,4.398606771461474,18,0.1111111111111111,1,high,566,171,3
35255,187832,10.69973537037037,30.0,2.5,5.348184513727828,54,0.1462962962962963,1,high,567,257,3
35255,3443,9.755495054945055,50.0,1.25,6.958240579980669,91,0.0774463010989011,1,high,567,558,3
35255,42463,7.629031612903225,20.0,2.0,3.9860201933859596,31,0.0893300193548387,1,high,567,676,3
35255,8591,7.92142154032258,90.0,0.625,8.718918725638087,124,0.037298387096774195,1,high,567,1082,3
35296,2020,7.081108603448276,30.0,0.434783,6.264898353578719,116,0.026279177586206896,1,high,568,297,3
35296,2622,7.142945326530612,20.0,0.909091,4.648090425221933,49,0.04317108367346939,1,high,568,411,3
35296,3364,11.095423714285715,150.0,1.0,19.75183770507254,70,0.04774436571428572,1,high,568,533,3
35296,35829,5.719559012605042,50.0,0.277778,6.404406622267196,238,0.014681165546218487,1,high,568,586,3
35296,46041,5.489283644464447,50.0,0.125,6.2117312278858225,1111,0.004633677182718272,1,high,568,714,3
35296,57021,7.425268524590163,30.0,1.33333,4.873796395962747,61,0.05255546557377049,1,high,568,787,3
35296,596723,8.3425925,40.0,2.0,6.57942264142786,36,0.11111108333333335,1,high,568,809,3
35296,6963,7.5266664,20.0,1.66667,5.551459852714329,25,0.0775,1,high,568,925,3
35296,9863,6.055666035864979,50.0,0.190476,6.065015399050156,474,0.01130199253164557,1,high,568,1133,3
354770,9863,8.299609420000001,40.0,0.909091,7.208068917434587,50,0.06521742999999999,1,high,570,1133,3
3554,42347,9.033881462686566,40.0,0.625,7.485308732850118,134,0.04439340074626866,1,high,571,671,3
35636,11170,5.756980681672026,75.0,0.322581,7.20174402239777,311,0.013508859581993571,1,high,574,82,3
35636,135391,10.07736282022472,40.0,0.909091,6.820274666620383,89,0.06611930337078652,1,high,574,162,3
35636,135447,5.573901424050633,70.0,0.149254,7.795536764641042,632,0.007101989382911393,1,high,574,163,3
35636,1369,7.692210862745098,30.0,0.4,6.963052779247981,51,0.037546945098039214,1,high,574,175,3
35636,14584,6.407407222222222,10.0,1.66667,3.4514477359828644,18,0.0714286,1,high,574,205,3
35636,4053,9.013882746753247,70.0,0.833333,8.062599885993633,154,0.03323145194805195,1,high,574,646,3
35636,4333,11.19791625,40.0,2.5,11.610853899995396,16,0.14375000000000002,1,high,574,688,3
35636,47579,7.533764157894737,30.0,0.666667,6.072924622306849,57,0.04276315789473684,1,high,574,721,3
35636,6845,7.9679297793427235,120.0,0.384615,11.979767386452963,213,0.02258461267605634,1,high,574,907,3
35636,7781,6.47974283447099,70.0,0.111111,8.63480491187197,586,0.007826817747440273,1,high,574,1014,3
356887,32968,6.491485208955224,50.0,0.263158,6.671210575311236,134,0.01930346791044776,1,high,575,526,3
356887,41493,6.544236758064517,30.0,0.588235,4.750107748283849,124,0.03417816290322581,1,high,575,664,3
356887,6676,7.695512884615384,30.0,1.25,6.50494977891311,52,0.056213048076923074,1,high,575,879,3
35780,10759,9.469857527272728,170.0,0.588235,22.78673047409594,55,0.04522142181818181,1,high,577,50,3
35780,48937,9.730654375,20.0,2.0,5.413281104944232,16,0.0845588125,1,high,577,735,3
35780,6759,8.65300810989011,180.0,0.384615,19.057545682373807,91,0.022964198901098902,1,high,577,892,3
358257,10594,8.525640769230769,20.0,2.5,4.540887689017904,13,0.11538461538461539,1,high,580,39,3
358257,596,8.636363636363637,20.0,2.5,3.7581081175741375,22,0.10909090909090911,1,high,580,804,3
358258,11202,8.232137460659898,180.0,0.116279,12.502364979059951,788,0.007099682487309645,1,high,581,84,3
358258,283821,7.5,10.0,2.5,3.227486121839514,7,0.10714282857142857,1,high,581,449,3
358263,35829,6.833333999999999,10.0,1.66667,3.617515141982285,10,0.12000000000000002,1,high,583,586,3
358263,857974,7.63157947368421,40.0,1.66667,9.06621329204173,19,0.07894736842105263,1,high,583,1079,3
358263,88249,5.762524606060606,30.0,0.344828,5.381922982453243,165,0.021461666666666667,1,high,583,1108,3
358274,41493,4.758398311688311,40.0,0.30303,5.46590681312461,77,0.023779032467532466,1,medium,585,664,2
36117,11253,4.737059,80.0,0.217391,5.639194091644552,1323,0.004059628699924414,1,medium,587,88,2
36117,117466,8.32070659090909,40.0,1.11111,7.270709890816281,44,0.0837320590909091,1,high,587,115,3
36117,1303098,6.2790395384615385,30.0,0.277778,6.224565553128936,91,0.02915141978021978,1,high,587,144,3
36117,1514,6.325772993311037,40.0,0.15873,6.211023964999698,299,0.015499431939799331,1,high,587,209,3
36117,224905,8.705632547169811,40.0,1.33333,5.9996548709122495,106,0.04488277735849057,1,high,587,340,3
36117,234416,8.721263793103448,30.0,2.5,5.632085061452701,29,0.09267241379310345,1,high,587,355,3
36117,625,8.312689277777778,40.0,0.909091,7.0480871155169815,54,0.05555557222222222,1,high,587,849,3
36117,70561,8.294775970149255,20.0,1.0,4.75164634553026,67,0.06254437611940299,1,high,587,940,3
36117,8686,7.316415263157895,20.0,1.42857,4.511495551420889,38,0.0805921052631579,1,high,587,1090,3
36117,9525,7.820706666666667,40.0,1.25,6.663480027067625,33,0.07007575757575757,1,high,587,1125,3
36118,139462,9.930899333333333,30.0,1.42857,5.612311863633798,75,0.11897430266666667,1,high,588,182,3
3626,3361,7.960144782608695,20.0,1.66667,4.858133804815151,46,0.10326090869565217,1,high,590,532,3
3626,3628,7.786904266666666,40.0,0.833333,7.306200240765079,60,0.057246406666666666,1,high,590,591,3
3626,40254,5.961480305031447,60.0,0.15873,6.747999264363155,318,0.012808288490566037,1,high,590,645,3
3626,6130,6.85964894736842,10.0,1.66667,3.253328675739314,19,0.0756578947368421,1,high,590,829,3
3638,281,7.038188017241379,40.0,0.769231,5.798722520569661,116,0.036693179310344826,1,high,593,440,3
36387,1514,7.632255349514563,30.0,0.909091,6.589284352173935,103,0.03312390485436893,1,high,594,209,3
36387,1589,6.747280634146342,60.0,0.238095,7.8863296447846984,123,0.023291568292682925,1,high,594,220,3
36387,1606853,10.585334614942528,50.0,0.47619,8.06231478485186,174,0.03929159425287357,1,high,594,226,3
36387,327361,6.160652300492611,30.0,0.357143,4.802169422391345,203,0.023031140886699508,1,high,594,518,3
36387,49276,6.43692686875,30.0,0.555556,4.779750586680028,160,0.024795051874999998,1,high,594,739,3
36387,7781,6.695046790909091,40.0,0.5,5.948047047842605,110,0.03563636363636363,1,high,594,1014,3
3639,3100,7.213666108626199,90.0,0.1,10.769215654096383,313,0.00812792801916933,1,high,595,486,3
3640,120608,7.553648481012659,30.0,1.05263,5.63122791628308,79,0.05738395063291139,1,high,596,120,3
3640,2194,7.347466238505747,70.0,0.169492,7.989545964497426,348,0.01865571120689655,1,high,596,333,3
3640,2551,8.47240349866191,200.0,0.217391,11.73606733998199,1121,0.008343386672613739,1,high,596,398,3
3640,2626,9.998070984962407,70.0,0.5,11.02540223855718,133,0.03222339022556391,1,high,596,415,3
3640,5521,5.729590226923078,70.0,0.175439,7.700366655982243,260,0.014714452615384616,1,high,596,772,3
3640,641,7.3999996,10.0,1.66667,3.336110323804605,25,0.0666667,1,high,596,860,3
3642,321064,21.666666666666668,40.0,5.0,17.55942292142123,3,0.2333333333333333,1,high,597,503,3
36437,1012892,6.561276811926606,100.0,0.25,8.164256032012833,436,0.01323365733944954,1,high,598,4,3
36437,10829,7.00395337625,60.0,0.30303,6.749056498562949,800,0.01066691925,1,high,598,62,3
36437,1363268,12.1866652,60.0,2.0,12.359237032068739,25,0.17818173999999998,1,high,598,168,3
36437,214824,7.5255086620498615,230.0,0.37037,14.12194702741193,361,0.01857126301939058,1,high,598,323,3
36437,22396,8.459295757575758,20.0,1.25,4.929741688514743,66,0.09011163333333334,1,high,598,339,3
36437,325642,7.589285357142857,20.0,1.66667,4.097194532235607,28,0.07653062857142856,1,high,598,511,3
36437,3288,5.001258551056338,60.0,0.27027,5.558474086514146,568,0.008375395845070422,1,high,598,522,3
36437,32915,5.95374763826087,80.0,0.307692,6.730510852863283,575,0.010037268504347826,1,high,598,524,3
36437,33739,12.883278254901962,80.0,0.4,15.61482488222674,51,0.03921565882352941,1,high,598,537,3
36437,641465,6.980610722689076,80.0,0.208333,8.906563292561898,238,0.02129326638655462,1,high,598,861,3
36437,723,8.63024097302505,140.0,0.119048,11.10954052021706,1038,0.008999205876685935,1,high,598,957,3
36437,7258,5.691234407703488,110.0,0.227273,7.094008159386503,1376,0.004790380951308139,1,high,598,965,3
36437,997261,9.31788945945946,30.0,1.42857,7.074948873282072,37,0.10333863513513512,1,high,598,1141,3
36567,10734,9.0218711627907,30.0,1.25,5.840926278245278,43,0.08268738139534884,1,high,602,47,3
36567,136411,4.7972783148840685,95.0,0.128205,6.751490384172108,1337,0.0035361090695587133,1,medium,602,171,2
36567,1895,4.635973413644214,100.0,0.102041,5.721971940232189,2316,0.002368942381260795,1,medium,602,263,2
36567,32675,4.084468258785942,60.0,0.16129,5.0342933947885955,1252,0.003578459527955271,1,medium,602,517,2
36567,357977,5.046491115479115,110.0,0.10101,7.526645293485185,814,0.0062135484152334155,1,high,602,578,3
36567,59078,7.331040201877935,60.0,0.162602,7.516130195690298,639,0.012560282284820031,1,high,602,798,3
36567,641,9.955200857142858,150.0,0.454545,17.88557807233598,119,0.037567945378151266,1,high,602,860,3
36567,6628,11.409746186335404,193.333,0.212766,22.431879356500637,161,0.06299911801242236,1,high,602,877,3
36567,8175,8.918518222222222,40.0,1.66667,6.718512896038314,45,0.08611111111111111,1,high,602,1044,3
36676,11516,7.189427735849057,30.0,1.11111,4.9969250269931935,53,0.06554122264150944,1,high,603,110,3
36676,4678,8.78354607368421,40.0,0.666667,7.375797181141964,95,0.03742688210526316,1,high,603,717,3
36709,596,8.969707986486487,35.0,0.769231,6.1588264466276375,74,0.07488740675675676,1,high,604,804,3
36709,6922,6.617284074074075,20.0,1.66667,4.278203208578843,27,0.0763888888888889,1,high,604,920,3
36717,10582,5.476552775086506,80.0,0.37037,6.467035958491867,289,0.014361168166089964,1,high,605,37,3
37418,231049,4.961927192073171,50.0,0.212766,6.2834883251224705,328,0.012124549085365853,1,medium,606,350,2
37418,2598,5.617532119626168,80.0,0.227273,6.073428178013972,1070,0.006452222859813084,1,high,606,408,3
37418,42331,6.437584647887324,20.0,1.66667,4.208869217213245,71,0.04694832676056339,1,high,606,670,3
37418,4821,9.682643344444445,70.0,0.625,9.680474254124201,90,0.05980393111111111,1,high,606,730,3
37418,8638,6.759777210526316,100.0,0.4,9.870327625609615,133,0.026657534586466167,1,high,606,1088,3
3743,723,10.322982405128206,60.0,0.714286,8.94529375576233,195,0.03792935487179487,1,high,607,957,3
3743,8196,7.598958125,30.0,1.25,7.095853040195819,16,0.0735294375,1,high,607,1047,3
3743,8627,15.28508736842105,30.0,1.25,9.327351227059674,19,0.1622808105263158,1,high,607,1086,3
376,5640,10.5572915625,30.0,2.0,6.456444953459475,32,0.124999946875,1,high,608,779,3
37617,275891,7.596876552631579,63.3333,0.344828,8.576624831532646,76,0.030240090789473685,1,high,609,433,3
37617,7773,12.727272727272727,30.0,2.5,8.692996135866036,11,0.12121219090909091,1,high,609,1013,3
37776,17128,8.291306010869565,220.0,0.212766,16.01363020515365,276,0.016000783731884058,1,high,610,236,3
37776,274783,8.825252634920634,100.0,0.714286,13.998536973314772,63,0.044091731746031745,1,high,610,429,3
37776,56946,9.006825490740741,130.0,0.416667,15.12594418347853,108,0.03688011944444444,1,high,610,786,3
37798,18603,11.524818718954249,90.0,0.625,11.916937405053263,153,0.05607156470588236,1,high,612,252,3
37801,1895,6.617448437037037,30.0,0.384615,5.578998839835309,135,0.031239926666666668,1,high,613,263,3
37801,2556,7.96742352255639,130.0,0.238095,11.857399080312574,266,0.021782391503759397,1,high,613,400,3
37801,5521,7.9982493030303035,100.0,0.526316,13.187126385491968,66,0.04700852424242424,1,high,613,772,3
37985,3523,7.469696416666666,30.0,0.909091,6.3547045193746445,36,0.07017543333333334,1,high,616,566,3
37985,5764,9.275361739130435,20.0,2.5,5.343648062487285,23,0.09510869565217392,1,high,616,790,3
3827,1272,9.92517,30.0,1.42857,6.70765168348059,21,0.10822508571428571,1,high,619,137,3
3827,139778,9.027986211009173,40.0,0.666667,6.922752583476743,109,0.058014054128440365,1,high,619,183,3
3827,33767,9.220237916666667,20.0,1.42857,5.140489291317389,48,0.13636355416666668,1,high,619,542,3
3827,46303,8.505375161290322,33.3333,2.0,6.277599136802153,31,0.07038119677419355,1,high,619,716,3
3827,484348,5.62744082173913,20.0,0.384615,4.3214770158242315,230,0.018855819130434784,1,high,619,731,3
3827,6835,6.706197913978495,35.0,0.833333,5.9652762396134715,93,0.029686755913978492,1,high,619,904,3
3827,704,6.785606339440694,60.0,0.212766,7.186268107466593,1037,0.006766784175506269,1,high,619,938,3
3827,7145,7.543441392,45.0,0.416667,6.535022117840647,125,0.026322560800000002,1,high,619,947,3
3827,7646,4.51273658576481,70.0,0.103093,5.298762530621953,2262,0.0023594196392572944,1,medium,619,1006,2
38404,141366,6.850519465,100.0,0.344828,9.246082123096365,200,0.024011617,1,high,621,190,3
38404,283838,12.657058421052632,60.0,1.11111,13.543588500835552,38,0.0941828,1,high,621,450,3
38404,36118,7.471328323076923,40.0,0.909091,5.919342380574307,65,0.06223775076923078,1,high,621,588,3
38404,4135,9.316183626865671,40.0,0.47619,10.753934677917032,67,0.03411511044776119,1,high,621,663,3
38404,480167,7.371615098039215,20.0,1.66667,4.245368794428288,51,0.0888888411764706,1,high,621,726,3
38404,7417,6.848490412587412,40.0,0.555556,6.227245061505823,286,0.021478533916083915,1,high,621,988,3
38404,75207,8.335019057692309,40.0,0.909091,6.998283083610501,52,0.07591092692307692,1,high,621,999,3
38574,3264,9.07407375,30.0,1.11111,6.5435836382884744,24,0.12083333333333335,1,high,625,516,3
38782,35296,7.297618571428572,20.0,1.0,5.098256582710569,14,0.0634920857142857,1,high,628,568,3
38967,625,6.196074382352941,20.0,0.263158,4.59237439064981,136,0.022356900735294116,1,high,629,849,3
39230,357977,8.384986039215686,30.0,0.666667,6.202226504564003,51,0.04640521176470589,1,high,630,578,3
39230,69120,7.831221575000001,40.0,0.833333,7.149540670785405,40,0.0580357,1,high,630,916,3
39786,190376,9.804711098901098,290.0,0.555556,22.540687220652735,182,0.038554691758241756,1,high,634,268,3
39786,2037,7.5416662500000005,10.0,2.0,3.486653128672815,8,0.0833333,1,high,634,302,3
39786,20498,8.481845250000001,30.0,1.25,6.253326370940708,40,0.0693181575,1,high,634,306,3
39786,282357,12.606995555555557,50.0,1.25,9.511654358997362,162,0.06603065308641975,1,high,634,441,3
39786,448,7.353598209239131,100.0,0.128205,11.891505799505023,368,0.011211097282608695,1,high,634,702,3
3992,119565,7.845282359550562,20.0,1.11111,3.840471506680238,89,0.058733378651685396,1,high,635,117,3
3992,302379,7.641267921568628,137.5,0.172414,13.080581864485428,357,0.015610987338935576,1,high,635,477,3
3992,42347,6.509089461538461,40.0,0.37037,5.238609030699429,234,0.023279361965811967,1,high,635,671,3
3992,42372,10.53713292,80.0,0.909091,10.201494787569722,175,0.05156145657142857,1,high,635,674,3
3992,5492,6.563593983576642,75.0,0.25,7.610428103161542,548,0.010280664069343066,1,high,635,766,3
3992,591622,8.081646109756097,50.0,0.909091,7.417107082498698,82,0.05093258902439025,1,high,635,799,3
3992,6470,6.383911092936803,80.0,0.37037,7.395647603486377,538,0.012337455594795538,1,high,635,866,3
3992,6574,7.091751145454546,50.0,0.625,5.8183080506590255,220,0.025275465454545454,1,high,635,870,3
3992,703,10.100263046653144,183.333,0.277778,16.16571030684877,493,0.018702776206896553,1,high,635,937,3
3992,72625,6.09986034375,50.0,0.416667,5.310269588090879,288,0.017617253125,1,high,635,967,3
3992,7315,8.86033225,30.0,0.909091,6.078067242225429,76,0.07756230789473684,1,high,635,975,3
3992,8591,8.29978476142132,320.0,0.30303,15.761183078154742,591,0.014805414822335024,1,high,635,1082,3
3992,9601,11.2783621375,60.0,0.909091,13.706094176914538,80,0.08028845125,1,high,635,1126,3
3995,20610,6.948717692307692,20.0,2.0,4.725514595352118,13,0.10650883846153845,1,high,636,307,3
3995,5553,9.095575280701755,50.0,0.769231,9.092594427918026,57,0.05659309824561403,1,high,636,776,3
3995,6809,8.336581990566037,70.0,0.384615,10.335571512787077,106,0.02715450283018868,1,high,636,895,3
3995,69749,6.403479846153846,10.0,1.0,3.390193301980312,65,0.052307692307692305,1,high,636,930,3
39954,10737,6.379628888888889,10.0,2.5,3.059223179718686,18,0.11666666666666667,1,high,637,48,3
39954,7597,7.789434375,20.0,1.42857,4.238048428288158,32,0.0911458125,1,high,637,1003,3
39954,8591,9.153138165,60.0,0.8,8.275856904105568,200,0.0380208285,1,high,637,1082,3
39993,1371041,5.325,10.0,1.25,3.575562547469512,10,0.07333333,1,high,638,177,3
39993,27792,8.055555714285715,20.0,1.66667,4.042597132299448,21,0.08163265714285714,1,high,638,436,3
39993,38260,10.356060606060606,50.0,1.25,9.353430592960244,33,0.09659090909090909,1,high,638,618,3
39993,42347,5.59751213251426,140.0,0.142857,7.490798793118581,2279,0.00301661465555068,1,high,638,671,3
39993,8814,9.956043445121951,130.0,0.222222,13.607236313167041,164,0.033614755487804876,1,high,638,1107,3
39998,2011,8.545454545454545,10.0,4.0,2.5045413298101655,11,0.09917354545454547,1,high,639,295,3
39998,3407,6.9035638666666665,20.0,1.25,4.749316072713507,75,0.054400000000000004,1,high,639,548,3
39998,593411,6.8958325,20.0,1.66667,3.7883258927663346,40,0.05526317000000001,1,high,639,801,3
40001,5521,6.505228602564102,80.0,0.512821,8.967867417059818,234,0.01733722153846154,1,high,640,772,3
40001,7417,5.385480317002882,40.0,0.185185,5.62314521630831,347,0.011861726916426512,1,high,640,988,3
40048,17128,6.535245816216216,70.0,0.142857,7.296481227689363,555,0.00957267918918919,1,high,641,236,3
40048,33764,8.70925104225352,40.0,0.344828,6.98978699430085,71,0.036454007042253524,1,high,641,541,3
40048,8640,7.78412509375,160.0,0.133333,10.82644950120219,800,0.008060721225000001,1,high,641,1089,3
40114,6470,7.224763043478261,25.0,0.666667,5.334371532260016,115,0.04080266,1,high,642,866,3
4021,7824,9.965277500000001,40.0,2.5,8.32782147547461,24,0.12083333333333333,1,high,644,1020,3
40254,6466,12.922871359999998,90.0,0.714286,14.372492230389945,50,0.0664286,1,high,645,864,3
40254,84857,6.546104477987421,40.0,0.5,5.402824570519042,159,0.023655316981132078,1,high,645,1073,3
4053,46041,7.947806442307693,70.0,0.416667,7.465419745944365,208,0.027052248076923077,1,high,646,714,3
4053,6984,7.352940588235294,10.0,3.33333,2.9497432797903587,17,0.08823528235294117,1,high,646,932,3
40790,18747,6.7512450895522385,20.0,0.769231,4.682388103911853,67,0.04626864029850746,1,high,649,255,3
40790,194337,9.40710785321101,50.0,0.526316,8.051227091380598,109,0.039688868807339454,1,high,649,278,3
40790,2231,12.451264333027524,193.333,0.3125,15.356077634919176,1090,0.014706701266055047,1,high,649,338,3
40790,282357,18.856919003021147,200.0,1.0,21.23292367849408,331,0.06466318096676738,1,high,649,441,3
40790,283753,7.070296428571429,36.6667,1.42857,9.052415140599948,14,0.09774432857142856,1,high,649,446,3
40790,72625,5.121933082043343,60.0,0.113636,5.547208483140774,1938,0.0033392110175438595,1,high,649,967,3
40790,7906,9.24953294117647,60.0,1.42857,11.815725998519177,34,0.09558823529411764,1,high,649,1028,3
407990,19790,6.882936428571428,20.0,1.0,4.312743847871926,28,0.058928571428571434,1,high,650,287,3
407990,591781,7.891456904761905,50.0,1.0,8.377210972900254,42,0.04421769047619047,1,high,650,800,3
4083,135775,6.476016754716982,30.0,0.666667,5.404657671203335,159,0.02754285471698113,1,high,651,165,3
4083,183379,5.877176829268293,10.0,1.25,3.3172646617540473,41,0.0701219512195122,1,high,651,251,3
4083,2623,6.54072083255814,40.0,0.434783,5.715208741958857,215,0.02619340093023256,1,high,651,413,3
4083,3002,8.590594671717172,40.0,0.555556,6.445680183173801,198,0.030137416666666667,1,high,651,471,3
4083,301542,5.001637801587302,60.0,0.27027,6.026910119103989,756,0.0066599906216931225,1,high,651,476,3
4083,3443,6.340681009845288,60.0,0.34188,6.270412423924027,711,0.009972738368495078,1,high,651,558,3
4083,88014,6.028980168067227,35.0,0.555556,5.363703034482461,238,0.02046760163865546,1,high,651,1105,3
4099,1114195,8.245423522222222,40.0,0.714286,7.196800761874276,90,0.04619883777777778,1,high,654,80,3
4099,11416,7.507376755102041,20.0,0.909091,4.971671698871152,49,0.05751388979591837,1,high,654,96,3
4099,26237,7.800798769230769,40.0,1.25,7.987393742684373,65,0.06730772153846154,1,high,654,414,3
4099,40114,8.630088985507246,20.0,2.0,4.955217465556808,69,0.07177358550724638,1,high,654,642,3
4099,4094,22.7888886,100.0,0.833333,43.32799842828232,5,0.10000004,1,high,654,653,3
4099,47613,6.347953601659751,30.0,0.526316,5.781879157768981,241,0.019698603734439837,1,high,654,724,3
4099,6185,8.144816815165877,70.0,0.37037,8.338865721774958,211,0.02836419857819905,1,high,654,839,3
4099,8814,7.403225483870967,20.0,1.66667,4.660069912587749,31,0.10483874838709677,1,high,654,1107,3
4110,325887,11.156461904761905,30.0,1.42857,7.680292445638785,21,0.08630952380952381,1,high,656,513,3
41126,10337,17.5,30.0,5.0,10.8397416943394,6,0.21666666666666667,1,high,657,13,3
41126,108074,23.0,60.0,5.0,22.80350850198276,5,0.3,1,high,657,56,3
41126,1302966,7.421560666666666,15.0,1.11111,3.4701781198515005,30,0.08666665999999999,1,high,657,143,3
41126,140587,6.676876773415978,110.0,0.208333,7.641955679997044,1452,0.00545990617768595,1,high,657,189,3
41126,1753,7.507513358974359,20.0,0.769231,4.461569505476452,39,0.03970225384615385,1,high,657,241,3
41126,282357,17.348080451612905,60.0,1.66667,12.62648251405583,155,0.14009206064516128,1,high,657,441,3
41126,356988,8.124551612903225,20.0,1.11111,5.204555139062381,31,0.06272403870967741,1,high,657,576,3
41126,38967,5.406808745762712,30.0,0.196078,5.459595197124689,177,0.016223492259887007,1,high,657,629,3
41126,42627,8.932072352941177,20.0,2.5,5.005536391488479,34,0.08431366176470588,1,high,657,679,3
41144,105694,20.67272489111748,910.0,0.186335,83.32122326031728,349,0.023664344785100287,1,high,659,35,3
41144,1894,16.54330008088235,260.0,0.3125,30.37076988014609,136,0.058108670588235295,1,high,659,262,3
41144,8745,12.7187490625,60.0,1.66667,12.437617486433428,32,0.14322914375,1,high,659,1098,3
4124,20489,11.882354705882353,60.0,2.0,13.416766494576905,17,0.15837094705882354,1,high,660,304,3
4124,3361,10.631414375675675,510.0,0.130435,48.01186878485831,370,0.01580127362162162,1,high,660,532,3
4124,37801,7.919584791999999,50.0,0.416667,8.39693989846259,125,0.033548352000000004,1,high,660,613,3
4124,4462,9.038816966666667,70.0,0.416667,12.208317237703364,60,0.059689926666666664,1,high,660,701,3
4124,591622,6.672609046439629,180.0,0.16129,14.625477217889081,323,0.013795912198142413,1,high,660,799,3
4124,6813,6.653892888324873,90.0,0.3125,8.315532860090507,197,0.02544258680203046,1,high,660,899,3
4124,7226,9.535602916666667,70.0,0.4,11.416216761772649,96,0.045516303125,1,high,660,956,3
4124,84857,6.956521304347826,10.0,2.5,3.164360681776888,23,0.07763979130434782,1,high,660,1073,3
4124,85248,10.968254,30.0,2.85714,7.430962256189399,15,0.16,1,high,660,1075,3
4126,4337,12.084490694444446,50.0,1.66667,8.678795959506884,72,0.09595962083333334,1,high,661,689,3
41493,232158,10.239788410144927,80.0,0.357143,10.824177092136127,690,0.015895838333333332,1,high,664,351,3
41493,9899,5.514881070671378,50.0,0.555556,5.471575920043623,283,0.015049442049469966,1,high,664,1135,3
4177,11170,30.08772105263158,80.0,3.33333,27.326746423797346,19,0.2807017473684211,1,high,665,82,3
4179,519,8.999913820143885,350.0,0.119048,20.55654319788891,556,0.008662761960431656,1,high,666,752,3
41967,4845,6.569047,20.0,1.42857,3.9458621460150978,40,0.075000005,1,high,667,732,3
42316,42372,7.9075255546875,30.0,0.454545,5.952128668724451,128,0.0430688984375,1,high,668,674,3
42316,5781,6.1489931538461535,20.0,0.526316,4.601047663062997,91,0.03474901868131868,1,high,668,791,3
42316,9796,7.76399840229885,30.0,0.909091,5.499144193466324,87,0.057896940229885056,1,high,668,1132,3
42319,10759,10.270861619047619,50.0,1.0,7.652014786568922,105,0.08238095238095239,1,high,669,50,3
42319,4337,11.452607714285714,40.0,1.66667,6.7163745859436785,105,0.08354980571428572,1,high,669,689,3
42319,46041,9.93751429213483,50.0,0.5,8.054762435593918,178,0.04018075449438202,1,high,669,714,3
42319,5093,7.846153846153846,20.0,1.66667,4.784671165632177,52,0.10489508653846155,1,high,669,747,3
42319,68442,12.857142142857143,50.0,3.33333,12.307120545327333,14,0.13636357142857142,1,high,669,905,3
42347,135391,7.1277437465753435,30.0,0.454545,5.093065912456576,146,0.03695775684931507,1,high,671,162,3
42347,203219,8.588095,20.0,1.42857,4.957951543006977,20,0.11363633,1,high,671,299,3
42347,279645,6.352633119047619,15.0,0.909091,3.555199007055869,42,0.06613759999999999,1,high,671,438,3
42347,281,6.657892163682864,60.0,0.263158,6.8039145223563215,782,0.009325023363171356,1,high,671,440,3
42347,4100,6.38947458095238,25.0,0.909091,4.080243274750243,105,0.04733897238095238,1,high,671,655,3
42351,6470,6.551661372549019,110.0,0.116279,9.345341976466639,1173,0.005449937510656437,1,high,672,866,3
42351,700810,11.9602259375,40.0,1.11111,10.042463939300326,32,0.08779755,1,high,672,934,3
42375,187832,7.039469936254981,50.0,0.384615,7.338714683857088,251,0.019256316812749006,1,high,675,257,3
42375,38454,6.6197912500000005,20.0,1.25,5.060556614185011,16,0.08035715,1,high,675,624,3
42375,734064,7.876812608695651,20.0,2.0,4.458911736709487,23,0.1195652347826087,1,high,675,979,3
42375,8640,6.825763053777209,100.0,0.147059,9.450452663957067,781,0.0070399989116517285,1,high,675,1089,3
4256,6470,9.509803529411766,20.0,3.33333,5.060904093647623,17,0.11229943529411766,1,high,677,866,3
4278,1148495,5.910460294117647,20.0,0.588235,4.223046522920677,51,0.030303039215686275,1,high,681,105,3
4278,1430438,6.820512307692308,10.0,2.0,3.181589382235326,13,0.14615384615384616,1,high,681,200,3
4278,236719,12.354492577981652,60.0,0.769231,9.586144803132857,109,0.08053001100917431,1,high,681,363,3
4278,24909,7.661721359550562,25.0,0.909091,4.903789396996024,89,0.056179777528089885,1,high,681,380,3
4278,29275,6.162463529411765,10.0,1.42857,3.3932577423343138,17,0.10588235294117647,1,high,681,461,3
4278,324072,6.534380714285715,30.0,0.4,6.033800581064224,112,0.021556106250000002,1,high,681,508,3
4278,34530,7.3809522222222235,10.0,1.42857,3.2926947718463735,9,0.1,1,high,681,560,3
4278,42372,11.091144415335464,70.0,0.606061,10.374620418059482,313,0.040684904153354635,1,high,681,674,3
4278,51428,7.188445882575757,40.0,0.333333,6.820164440646288,528,0.012427352916666665,1,high,681,750,3
4278,598,8.691081576271186,50.0,0.833333,7.498692946743617,59,0.041375896610169494,1,high,681,811,3
4278,6703,11.438053678688526,110.0,0.283019,12.608460378990115,610,0.01918289573770492,1,high,681,883,3
4278,6980,8.42699502484472,90.0,0.138889,10.886975988877552,322,0.016395092142857143,1,high,681,931,3
4278,70727,7.4333332,20.0,2.5,4.010403280497196,25,0.08615385199999999,1,high,681,942,3
4278,83008,9.377101348242812,160.0,0.4,13.022335828621188,313,0.0209608614057508,1,high,681,1053,3
4278,85762,7.1335873019801985,70.0,0.263158,7.837909193774416,202,0.020969544356435645,1,high,681,1078,3
42954,232158,13.021097088607595,50.0,2.5,8.499051862911495,79,0.17606431518987342,1,high,683,351,3
42954,72965,10.52901237037037,40.0,1.11111,6.162090914737574,135,0.08456791703703703,1,high,683,970,3
42955,214824,6.407392957894737,30.0,0.555556,5.056065627452313,95,0.03086124947368421,1,high,684,323,3
430,7646,8.48960688372093,30.0,0.714286,6.768350702395706,43,0.07255813953488373,1,high,685,1006,3
4301,5509,5.808811025641026,20.0,1.11111,4.0627029067214755,39,0.054778512820512826,1,high,686,769,3
4316,105694,6.577020544554456,60.0,0.333333,6.699772346999438,202,0.022029702970297032,1,high,687,35,3
4316,11253,5.400940235576924,60.0,0.273973,6.08501949565077,416,0.011373032692307692,1,high,687,88,3
4316,1256,8.300099780487804,40.0,0.714286,6.821919390087164,82,0.03353657317073171,1,high,687,134,3
4316,32675,6.66829607920792,40.0,0.47619,6.251012485432596,101,0.028439019801980197,1,high,687,517,3
4316,3634,34.5833375,60.0,10.0,24.81278768175437,8,0.3229167375,1,high,687,592,3
4316,4450,9.324332051428572,40.0,0.434783,6.843805503305969,175,0.03999998685714286,1,high,687,698,3
4316,5764,7.399571068965518,65.0,0.322581,9.409965530721218,145,0.023913060689655173,1,high,687,790,3
4316,9071,7.920202232704403,70.0,0.37037,8.255759653795524,159,0.028989779874213837,1,high,687,1117,3
4337,11295,7.560896931818181,40.0,1.11111,6.090608581001462,88,0.04819750909090909,1,high,689,92,3
4337,4077,7.8361,30.0,1.0,5.712969782317434,62,0.04474507258064516,1,high,689,648,3
4337,4955,6.6023743649193545,70.0,0.212766,8.434950983534874,496,0.01053045875,1,high,689,740,3
435,11256,6.07579757370892,60.0,0.30303,6.337843558919688,1065,0.006755300009389672,1,high,690,89,3
435,17305,10.196238709677418,40.0,2.5,7.903310772010145,31,0.08944282903225806,1,high,690,238,3
435,221166,5.140424079831933,60.0,0.151515,6.131166704655794,952,0.00567342330882353,1,high,690,336,3
435,4441,5.07968525951557,55.0,0.344828,5.30499990648696,289,0.0128553223183391,1,high,690,697,3
435,5956,7.735234461538461,20.0,0.625,5.636851631890811,65,0.04932129538461538,1,high,690,803,3
435,657797,6.472957393939394,20.0,0.588235,4.594545529915137,66,0.03860026818181818,1,high,690,871,3
435,68139,8.106147621621622,50.0,0.714286,7.019814276541805,148,0.03393391418918919,1,high,690,900,3
435,72610,10.797100869565217,40.0,2.5,10.391570994717485,23,0.13478260869565217,1,high,690,966,3
43611,1373478,7.628488965517241,50.0,1.66667,8.722859034982388,29,0.09127791379310345,1,high,691,179,3
43611,322167,8.02676107317073,40.0,0.47619,7.242623566555468,82,0.03419935243902439,1,high,691,507,3
43611,6585,8.44916318918919,120.0,0.833333,15.542112487975182,74,0.06486486486486487,1,high,691,875,3
43611,7258,6.31414652559727,50.0,0.384615,6.322758713300144,293,0.016477359726962456,1,high,691,965,3
4440,8591,8.91133,30.0,1.42857,6.039022275775039,29,0.07543103448275862,1,high,696,1082,3
4441,4719,7.95402275862069,20.0,1.66667,5.25045301535489,29,0.07586205172413793,1,high,697,718,3
4460,9641,11.363636363636363,30.0,5.0,7.446780878644507,11,0.09790208181818182,1,high,700,1128,3
448,59078,14.09375,170.0,1.0,28.897915053588992,32,0.0890625,1,high,702,798,3
4491,10829,10.168650714285715,30.0,1.25,5.990068931568599,42,0.08403359523809524,1,high,703,62,3
4493,10355,6.169838079759862,70.0,0.16129,6.77300372179708,1166,0.006057586020583191,1,high,705,14,3
4493,11202,13.014578439716312,100.0,1.42857,13.222182654874743,141,0.06177680141843971,1,high,705,84,3
4493,1218,33.888888333333334,80.0,3.33333,33.97166635322466,6,0.34722214999999995,1,high,705,125,3
4493,139778,6.679161639484978,90.0,0.434783,7.435921576208895,233,0.024902678540772532,1,high,705,183,3
4493,17767,4.668029314965198,70.0,0.138889,5.539837815581304,1724,0.0033989710846867747,1,medium,705,245,2
4493,2358,11.946752516908212,70.0,0.232558,11.224159961861261,414,0.03307318840579711,1,high,705,361,3
4493,42954,7.46683734939759,30.0,0.454545,5.388314663493457,166,0.03444210421686747,1,high,705,683,3
4496,140587,7.973684210526316,20.0,2.0,5.947886739016655,19,0.1100478157894737,1,high,707,189,3
4496,8640,8.676470588235293,20.0,2.5,5.043722372991835,17,0.10407236470588235,1,high,707,1089,3
4501,49276,9.643055216666665,90.0,0.833333,13.59819998076712,60,0.06742422666666667,1,high,708,739,3
4502,33688,10.370370000000001,20.0,3.33333,6.054026794795345,9,0.12222222222222223,1,high,709,534,3
4508,10582,8.135964736842105,30.0,1.25,6.863934103878983,19,0.08771925263157895,1,high,710,37,3
4511,1535922,7.60101,40.0,1.11111,11.003838239399922,11,0.06698563636363636,1,high,711,213,3
4511,25483,19.608107297297295,80.0,1.0,20.900418271886416,37,0.17631906486486487,1,high,711,396,3
4511,31448,4.76695795505618,40.0,0.204082,5.3600682780625695,712,0.005564157064606742,1,medium,711,493,2
4511,322167,4.9684189199084665,60.0,0.277778,5.546892665373382,437,0.00967061070938215,1,medium,711,507,2
4511,3264,4.775578719640971,120.0,0.104712,6.692037308657044,1894,0.0023810637280887014,1,medium,711,516,2
4511,33767,6.947976827586206,30.0,0.833333,4.977674302714133,87,0.04559384367816092,1,high,711,542,3
4511,36118,7.531692926900584,70.0,0.208333,7.0016405870530765,342,0.020175433801169592,1,high,711,588,3
4511,8591,4.918030647416414,70.0,0.120482,5.54415776996629,2303,0.0025270405631784626,1,medium,711,1082,2
4511,8770,6.903225483870967,40.0,1.66667,6.912518927535673,31,0.06290322580645162,1,high,711,1100,3
460132,1306284,6.324074074074074,10.0,1.25,3.365417365734391,27,0.05925925925925926,1,high,712,147,3
460132,140108,13.280701578947367,30.0,3.33333,7.996344424300854,19,0.09736842105263159,1,high,712,188,3
460132,83367,9.077113601895734,90.0,0.357143,13.045775862945495,211,0.02365684578199052,1,high,712,1058,3
4603,1040005,10.454544545454546,40.0,3.33333,10.276481637627114,11,0.11363633636363636,1,high,713,20,3
4603,1102129,6.92670585440613,80.0,0.2,10.506212225394167,261,0.021131734789272032,1,high,713,73,3
4603,19295,10.833333636363635,30.0,2.5,8.122328449677806,11,0.12121210909090908,1,high,713,275,3
4603,203223,17.442727854014596,100.0,0.714286,15.300568022947566,137,0.1240876605839416,1,high,713,300,3
4603,233698,4.6875372612903226,56.6667,0.117647,6.20176104602386,620,0.006451615596774194,1,medium,713,354,2
4603,700810,8.89389195652174,30.0,1.66667,7.161386692438094,46,0.08810070434782609,1,high,713,934,3
4603,7023,6.70031072368421,60.0,0.114943,7.227047134186521,304,0.01387460384868421,1,high,713,936,3
4603,8001,9.36169676142132,70.0,0.298507,9.30076088544737,394,0.021157063756345178,1,high,713,1033,3
46041,10759,11.024120949129852,140.0,0.4,14.30554725210426,747,0.016200493092369476,1,high,714,50,3
46041,2194,8.082070928270042,40.0,0.294118,6.567284225301339,237,0.026039770464135022,1,high,714,333,3
46041,22697,8.717930204081632,30.0,1.25,6.693442393446705,49,0.07029483673469387,1,high,714,342,3
46041,52582,6.756024896869245,70.0,0.188679,7.531450421900859,543,0.01007520132596685,1,high,714,758,3
46041,6313,5.609567860169491,30.0,0.188679,4.84106556369656,236,0.01350635593220339,1,high,714,850,3
46041,72143,10.80408944777563,230.0,0.169492,18.811833355991386,1034,0.008408597823984527,1,high,714,952,3
46041,734064,6.787524666666666,50.0,0.555556,6.6365190268542165,90,0.03994707555555555,1,high,714,979,3
46041,8120,10.908961267857142,70.0,0.833333,9.859967232166607,168,0.06653912142857143,1,high,714,1037,3
461016,1424,8.801622284552845,40.0,0.909091,7.360344571364548,123,0.06131439105691057,1,high,715,195,3
4719,11170,5.558009338747099,50.0,0.588235,5.397723090142021,431,0.012723596937354989,1,high,718,82,3
4719,1373478,6.408887200000001,15.0,1.0,4.239473864840148,25,0.073684192,1,high,718,179,3
475230,52175,8.00757590909091,20.0,2.0,4.262385349454501,22,0.11570244545454546,1,high,719,753,3
475969,275891,10.435824892857143,90.0,0.666667,16.81642433220222,28,0.04464287499999999,1,high,723,433,3
47613,10582,5.08263091007584,50.0,0.175439,5.597807172570294,923,0.0058853950595882994,1,high,724,37,3
47613,6313,6.036934871794871,10.0,1.25,3.068888845893037,39,0.07088985897435898,1,high,724,850,3
480,6915,10.916435183098592,90.0,0.5,13.044768255263913,71,0.036836414084507045,1,high,725,917,3
480,8782,8.444709647840531,110.0,0.117647,12.350006843975065,301,0.01113069661129568,1,high,725,1102,3
480167,3264,8.240001007380075,310.0,0.238095,18.3496705893155,542,0.01138315127306273,1,high,726,516,3
480167,3640,9.55127923076923,20.0,2.5,4.417652313024912,13,0.13286706923076924,1,high,726,596,3
480167,50610,8.580975773584905,45.0,0.588235,9.881472147073548,53,0.05273340566037736,1,high,726,746,3
480167,5553,8.635583255813954,20.0,1.25,5.658038558785915,43,0.07641191162790699,1,high,726,776,3
4815,2598,6.697776123287671,200.0,0.344828,9.83088099270694,803,0.009151381232876713,1,high,727,408,3
4815,278567,7.201369312292358,40.0,0.434783,5.986671649421016,301,0.022867043521594684,1,high,727,437,3
4815,596723,10.055271964285714,40.0,1.42857,6.586209374879499,56,0.12142857142857144,1,high,727,809,3
4815,6916,9.393548612385322,120.0,0.131579,10.953314275053083,436,0.019659231926605507,1,high,727,918,3
4816,18880,7.348372193548387,20.0,0.714286,5.174059179233692,62,0.038461529032258066,1,high,728,260,3
4816,20352,5.098496242957746,40.0,0.192308,5.52062396763784,284,0.010846500387323944,1,high,728,301,3
48203,1425,7.43298,20.0,2.0,4.838266652286825,27,0.06432748888888888,1,high,729,197,3
48203,21212,8.011262460674157,180.0,0.27027,10.148897220620817,890,0.00851899473033708,1,high,729,314,3
48203,236778,9.3290474,30.0,1.0,6.516601764850159,50,0.073684184,1,high,729,364,3
48203,42351,7.131872601851852,20.0,0.769231,4.339527558338935,108,0.04398148148148148,1,high,729,672,3
48203,612,8.403328031914894,30.0,0.4,6.9182419185346165,94,0.03412282446808511,1,high,729,827,3
48203,6980,9.040273472,40.0,0.625,6.596860612454281,125,0.0451613056,1,high,729,931,3
48203,8591,8.295654569972196,90.0,0.181818,9.244208304248149,1079,0.008113453336422615,1,high,729,1082,3
4821,1056,38.362483659574465,290.0,0.769231,67.954381217089,47,0.21829236808510638,1,high,730,34,3
4821,18747,7.870447647058823,20.0,1.42857,5.437359443962561,34,0.09276016764705881,1,high,730,255,3
4821,47613,6.241101219178082,20.0,0.714286,4.371412027701937,73,0.04257681232876712,1,high,730,724,3
484348,358274,5.904283769230769,30.0,0.666667,5.407476717598405,39,0.04090353333333333,1,high,731,585,3
484348,5093,6.3179007407407415,20.0,1.0,4.27975029521936,27,0.05967081481481481,1,high,731,747,3
484348,6582,5.821420962264151,30.0,0.645161,4.413455098217726,106,0.03348128867924528,1,high,731,874,3
4845,358258,8.44987361,50.0,0.588235,7.518257726100184,100,0.041621603,1,high,732,581,3
4845,36717,6.0375145833333335,20.0,1.0,4.864992170319232,72,0.040404025,1,high,732,605,3
4845,593411,4.765581309352518,20.0,0.243902,4.270203396327675,139,0.019310874820143886,1,medium,732,801,2
4850,1191,4.982285589430894,132.5,0.136054,7.061448252360748,738,0.005976072655826558,1,medium,733,116,2
4850,17300,9.121211818181818,20.0,2.0,6.123312286135369,11,0.11570243636363636,1,high,733,237,3
4850,338036,11.456582941176471,20.0,1.42857,6.339149757290765,17,0.0773993294117647,1,high,733,543,3
4850,3403,12.142857142857142,40.0,5.0,12.863754913562,7,0.17142857142857143,1,high,733,547,3
4850,36676,4.58664884375,46.6667,0.172414,5.219193847622184,416,0.006095903942307692,1,medium,733,603,2
4850,4955,8.333332500000001,10.0,3.33333,3.0860685422753376,8,0.1,1,high,733,740,3
4850,6676,8.213935294117647,20.0,1.66667,4.757449921686932,34,0.08455882352941177,1,high,733,879,3
4885,17128,10.497175084745763,20.0,1.11111,6.0587485330992505,59,0.09670983050847458,1,high,734,236,3
4885,187832,8.327188870967742,20.0,1.66667,4.2936239475159335,62,0.10545902096774193,1,high,734,257,3
48937,190376,12.857142857142858,30.0,10.0,6.112498455021266,14,0.09890107857142857,1,high,735,268,3
48937,283742,7.154761500000001,10.0,1.42857,3.086526964617053,20,0.07857144,1,high,735,445,3
48937,6902,9.481963971428572,70.0,0.666667,9.98064951607612,70,0.044081630000000004,1,high,735,915,3
4910,6470,8.144886757142856,30.0,0.588235,5.715578886304471,140,0.03414630357142857,1,high,736,866,3
4917,232158,11.416799828743544,380.0,0.140845,21.236859347405257,1162,0.011390752099827883,1,high,737,351,3
4917,25483,17.041666666666668,70.0,1.25,17.282262171731645,42,0.1507935380952381,1,high,737,396,3
4917,6926,9.81380350485437,50.0,0.909091,8.067809273777131,103,0.07155694466019417,1,high,737,921,3
4917,76895,10.514703857142857,40.0,0.625,8.678408123432718,56,0.044913405357142853,1,high,737,1009,3
4917,9478,6.408729444444444,20.0,1.66667,4.520168904746907,18,0.08333333333333333,1,high,737,1123,3
49276,1236136,6.623582857142857,20.0,1.42857,4.68276270879397,21,0.07823130476190476,1,high,739,128,3
49276,1256,6.454563333333334,40.0,0.204082,6.726887091325792,156,0.01853569230769231,1,high,739,134,3
49276,24698,7.678570714285714,20.0,2.5,6.055112218147652,14,0.12142857142857144,1,high,739,378,3
49276,3634,24.34065923076923,60.0,1.42857,23.606956635342495,13,0.20329666153846154,1,high,739,592,3
49276,39998,6.296296111111111,10.0,2.5,3.236614623232009,18,0.08796295,1,high,739,639,3
49276,6585,11.603174595238094,40.0,0.833333,11.057802841086737,42,0.08285714285714285,1,high,739,875,3
49276,7824,8.182539696969698,30.0,1.0,5.937140381141246,33,0.06926402424242425,1,high,739,1020,3
4955,327361,6.845916234375,30.0,0.666667,5.9398403547279095,64,0.042763178125,1,high,740,518,3
50097,11124,9.63607444,70.0,0.178571,13.956054689610948,100,0.023627448800000003,1,high,743,77,3
50097,11253,8.934523571428572,30.0,2.0,6.649722453133311,28,0.07142858928571429,1,high,743,88,3
50097,121191,8.714787505494506,60.0,0.243902,10.610413135303574,91,0.020146515384615385,1,high,743,123,3
50097,1808,7.176893752293578,36.6667,0.227273,6.409574523838356,109,0.02824723486238532,1,high,743,246,3
50097,1889,8.000849642857142,20.0,1.42857,5.9783758748332945,28,0.078125,1,high,743,261,3
50097,2447,10.014880625,50.0,1.42857,9.971649673007628,32,0.07291662812500001,1,high,743,375,3
50097,5521,6.615397181818182,20.0,0.555556,4.8395819083522955,44,0.032051268181818186,1,high,743,772,3
50097,75207,8.182036825471698,60.0,0.37037,10.702298119210571,212,0.0209478391509434,1,high,743,999,3
50097,9947,6.740251553030303,50.0,0.2,7.521580399910753,264,0.01402473284090909,1,high,743,1139,3
50166,134615,6.64523403076923,20.0,0.769231,4.3458924993662595,65,0.060073220000000004,1,high,744,157,3
50166,25480,7.927641401006712,70.0,0.263158,8.13242087329768,596,0.014538714244966442,1,high,744,395,3
50166,4316,5.372035191964286,30.0,0.208333,4.331147337945283,224,0.01785713607142857,1,high,744,687,3
50166,591622,7.926052480392157,50.0,0.833333,7.686399979778711,102,0.03857630490196078,1,high,744,799,3
50166,6901,10.138888703703705,30.0,2.5,6.6779583971673775,54,0.1250000574074074,1,high,744,914,3
50166,8013,6.692693235294118,30.0,1.11111,5.377973511648439,34,0.07266433823529413,1,high,744,1034,3
50166,84108,6.022795501149425,50.0,0.128205,7.271635545265502,435,0.010378971816091955,1,high,744,1071,3
5032,10402,9.466207263157894,30.0,1.66667,5.266174892315901,95,0.08975067999999999,1,high,745,22,3
5032,10454,8.583066748148148,40.0,0.625,6.502144668508435,135,0.046689099259259265,1,high,745,29,3
5032,1596,8.247501231850118,60.0,0.149254,8.003891842813234,427,0.02038202224824356,1,high,745,221,3
5032,321988,7.792046525401069,70.0,0.322581,7.7495586680259,748,0.012614199585561496,1,high,745,506,3
5032,337525,7.450308842519685,50.0,0.833333,7.2325617784901555,127,0.03299585196850394,1,high,745,540,3
5032,6146,7.334564137931034,20.0,1.25,4.087741385328386,58,0.07707906896551724,1,high,745,835,3
5032,73056,8.609004560747664,50.0,0.416667,7.674282762081298,321,0.027737134890965732,1,high,745,974,3
5093,10432,9.95627088235294,40.0,1.11111,6.733826826236827,102,0.07401960784313726,1,high,747,25,3
5093,113608,4.5208325,10.0,2.0,2.5062426582250854,8,0.1,1,medium,747,94,2
5093,1749,7.1081655816733065,100.0,0.15873,11.55745436865447,251,0.014112236653386455,1,high,747,240,3
5093,42463,8.845056780918728,40.0,0.416667,8.15610345356774,283,0.025216816961130744,1,high,747,676,3
5093,6676,9.068759248000001,140.0,0.555556,13.051484767262634,125,0.0446666896,1,high,747,879,3
5093,732,10.140569962025316,40.0,0.666667,8.401939303519654,79,0.0461854164556962,1,high,747,977,3
51272,10588,10.271889032258064,30.0,1.42857,7.026168339120717,31,0.08728649999999999,1,high,749,38,3
51272,1102129,9.82141662385321,60.0,0.526316,9.952033451258162,109,0.04060480825688073,1,high,749,73,3
51272,1712,6.769252674418604,30.0,1.0,5.702766269328766,86,0.04616965465116279,1,high,749,235,3
51272,1895,6.181241964566929,50.0,0.25974,5.880078132218669,762,0.008539475091863518,1,high,749,263,3
51272,2180,8.679538613636364,40.0,0.666667,6.329903515141909,132,0.04233513712121212,1,high,749,327,3
51272,2438,8.381050773195875,60.0,0.555556,8.65487003394663,97,0.04381444536082474,1,high,749,374,3
51272,6536,7.559523571428572,10.0,2.5,3.0039913974976873,14,0.11038957857142859,1,high,749,869,3
51272,6901,5.750215525614754,130.0,0.15873,8.200605440619215,976,0.005961897592213114,1,high,749,914,3
51272,72962,10.814686122222222,30.0,0.909091,6.587737923751284,90,0.09938272666666666,1,high,749,969,3
51272,7812,8.806305675675675,30.0,2.5,5.4523070367376185,37,0.11261267027027028,1,high,749,1017,3
51428,6835,7.515872222222222,50.0,1.42857,9.057025096442809,27,0.05467366666666667,1,high,750,904,3
51499,10438,10.12400394,30.0,0.666667,8.170592025641081,50,0.07200000000000001,1,high,751,26,3
51499,3443,8.06850609574468,60.0,0.588235,8.493484232470575,94,0.03938435531914894,1,high,751,558,3
51499,7417,8.622728076923078,70.0,0.384615,11.07037831346962,91,0.030036658241758243,1,high,751,988,3
51499,90176,7.71879747887324,30.0,0.909091,4.47962826130557,71,0.0547129,1,high,751,1115,3
519,1373478,8.876262727272728,40.0,1.11111,8.275139560894877,22,0.11079545454545454,1,high,752,179,3
519,1425,12.545734644736841,130.0,0.4,23.541135818632952,76,0.0507849,1,high,752,197,3
52175,1102129,7.145132823008849,30.0,0.37037,6.565589267221493,113,0.034070810619469025,1,high,753,73,3
52175,21212,7.84577458276644,80.0,0.454545,8.524986122170386,441,0.018055986167800454,1,high,753,314,3
52175,306674,7.50099199,115.0,0.294118,9.701160669631292,200,0.023206525999999998,1,high,753,482,3
52175,35296,6.306949090066225,120.0,0.123457,8.645921094303123,755,0.007762981907284768,1,high,753,568,3
52175,6142,4.865726149484536,30.0,0.222222,4.772620864795782,194,0.014659972628865979,1,medium,753,832,2
52175,6582,5.047538241007194,30.0,0.277778,4.697056030251114,556,0.00834773192446043,1,high,753,874,3
52175,719872,6.188429195652174,20.0,0.909091,4.475133935497185,46,0.05043478260869565,1,high,753,949,3
52175,8727,6.410934411764706,20.0,0.714286,4.672925264940519,102,0.03342246274509804,1,high,753,1096,3
52175,8745,8.60758042997543,100.0,0.344828,9.072409467190054,814,0.013558029975429976,1,high,753,1098,3
52177,11253,7.889130861538462,30.0,0.909091,5.655118873534951,130,0.04296432384615385,1,high,754,88,3
5224,2194,9.728162928229665,353.333,0.153846,26.007555383571784,418,0.021852331459330146,1,high,755,333,3
5224,6130,8.849913258278146,45.0,0.277778,8.076294711734105,151,0.029339280794701987,1,high,755,829,3
5228,593411,9.285714285714286,20.0,5.0,5.3452248382484875,7,0.10389608571428573,1,high,756,801,3
5254,32937,6.970684057692308,20.0,0.769231,3.681707087663529,52,0.056856226923076916,1,high,757,525,3
52582,11170,6.267317348214285,50.0,0.526316,6.449008635763491,224,0.020972854910714288,1,high,758,82,3
52582,1236136,6.1416665,10.0,1.66667,3.440078171711669,20,0.06764705,1,high,758,128,3
52769,3616,9.553089224683545,90.0,0.20202,13.37238053531386,316,0.024705119113924052,1,high,759,589,3
53694,596,8.378639857142856,70.0,0.833333,8.812304902092807,112,0.04209182142857143,1,high,760,804,3
54552,2180,10.444444,30.0,2.5,7.66916842549606,15,0.06031741333333333,1,high,762,327,3
54552,2582,6.886126305084746,30.0,0.769231,5.995386313844712,59,0.05084744237288136,1,high,762,404,3
54552,2597,9.1785578,60.0,0.769231,10.665477165597853,45,0.052107313333333335,1,high,762,407,3
54552,358258,6.289924933333333,30.0,0.625,5.079965256450506,75,0.036190450666666665,1,high,762,581,3
54552,40048,7.160889267326732,40.0,0.769231,6.813173203253795,101,0.0274527297029703,1,high,762,641,3
54552,4337,5.853315743333334,50.0,0.206186,6.25592460785655,300,0.0123180202,1,high,762,689,3
54552,8691,9.047618571428572,30.0,2.5,7.664556549874792,14,0.11309528571428572,1,high,762,1091,3
5470,1100072,7.903438333333333,20.0,1.42857,5.441545482251775,18,0.11666666666666667,1,high,763,70,3
5470,1292,6.513689,20.0,0.416667,5.305602293193635,107,0.0342016355140187,1,high,763,139,3
5470,25255,6.805333,40.0,0.666667,6.00802341143325,186,0.02379032258064516,1,high,763,389,3
5470,62427,7.85,20.0,1.66667,4.430390726369996,20,0.11000000000000001,1,high,763,848,3
5470,640062,12.9027775,40.0,2.5,13.519619018014406,12,0.16666665,1,high,763,857,3
5487,1012892,6.2532929733009714,120.0,0.172414,8.4803685040349,412,0.012951950946601941,1,high,764,4,3
5487,10402,7.828261655405405,30.0,0.869565,6.063798204691892,148,0.03669843986486487,1,high,764,22,3
5487,1520,6.600448737556561,50.0,0.555556,6.104099427690242,221,0.023858480995475113,1,high,764,210,3
5487,2023,8.855378888888888,40.0,1.42857,7.35772674870665,27,0.07201646666666667,1,high,764,298,3
5487,21212,8.184591148849798,130.0,0.333333,9.054884594588257,739,0.01264299197564276,1,high,764,314,3
5487,214555,4.706525217755444,60.0,0.1,6.030648468803757,1194,0.0033761651239530986,1,medium,764,322,2
5487,232540,5.604225753424657,40.0,1.05263,5.419540186665827,73,0.03424657534246575,1,high,764,353,3
5487,325642,7.4039440847457625,40.0,0.769231,7.408795132363589,59,0.054532096610169487,1,high,764,511,3
5487,4460,9.266989076923076,40.0,0.526316,8.225185901808707,52,0.05238729423076923,1,high,764,700,3
5487,4492,6.9790570552407925,80.0,0.196078,8.119862455163194,706,0.009280063116147309,1,high,764,704,3
5487,495881,6.377483664021164,110.0,0.108696,8.874151708618994,378,0.014756340026455027,1,high,764,741,3
5487,68446,6.03856512195122,20.0,0.4,4.802424477510106,164,0.02168020304878049,1,high,764,906,3
5487,6972,6.019212716666667,20.0,0.625,4.270897570250818,60,0.048076915000000005,1,high,764,929,3
5487,7393,2.9818799899833053,57.8571,0.1,4.051329144073631,1198,0.0030091951702838067,1,medium,764,984,2
5487,8782,8.200478974025973,110.0,0.15873,10.83668831236149,308,0.024297417922077923,1,high,764,1102,3
5487,9997,5.800648019047619,140.0,0.128205,7.717995535362511,1785,0.0038272405518207284,1,high,764,1142,3
5489,10237,7.049416166666667,50.0,0.434783,5.895189272620322,288,0.022998351388888887,1,high,765,9,3
5489,19484,8.557483865454545,80.0,0.444444,9.477727052877063,550,0.015553459818181818,1,high,765,280,3
5489,234416,8.271843647058823,20.0,1.0,5.414661282385658,85,0.050084027058823526,1,high,765,355,3
5489,2356,7.229492354198474,50.0,0.344828,6.330309443898204,655,0.014163032473282443,1,high,765,360,3
5489,356887,7.211502636666667,40.0,0.526316,6.035311550020383,300,0.022433333333333336,1,high,765,575,3
5489,595060,7.618904614457832,50.0,0.833333,8.037489856577464,83,0.03726532530120482,1,high,765,802,3
5489,7052,6.027542923469388,110.0,0.1,7.5669493963970185,2744,0.002730718741618076,1,high,765,939,3
5489,9796,8.65962557782516,70.0,0.571429,8.141722170826501,469,0.01909221002132196,1,high,765,1132,3
5492,1307298,7.25562375,60.0,1.0,9.844902166346644,40,0.0605769225,1,high,766,148,3
5492,1426454,9.919728153846155,30.0,0.769231,8.05750550964147,52,0.04838711346153846,1,high,766,198,3
5492,24605,6.106039836538462,20.0,0.833333,3.806475629076694,104,0.03476329903846154,1,high,766,377,3
5492,253453,6.938555019047619,25.0,0.344828,5.256181299186276,105,0.02813850761904762,1,high,766,393,3
5492,38685,11.751566315789475,50.0,2.0,8.332944662380495,76,0.13360315789473684,1,high,766,626,3
5492,41493,8.032493,60.0,0.25641,7.432814856560462,298,0.024443638590604028,1,high,766,664,3
5492,68446,8.471739241935484,70.0,0.833333,10.231726460058724,62,0.05879289838709677,1,high,766,906,3
5492,6845,8.59850217605634,40.0,0.526316,6.634239352602769,142,0.0397887323943662,1,high,766,907,3
5492,8704,7.426821142276422,90.0,0.212766,8.150645362762903,738,0.010674452723577236,1,high,766,1094,3
5492,89013,7.5416658214285714,40.0,0.416667,6.07515794239034,196,0.02902306224489796,1,high,766,1110,3
54987,28889,6.38076578125,20.0,1.25,3.7983297185100766,64,0.072265625,1,high,767,455,3
54993,21212,9.239347894736841,30.0,2.0,7.244699771283049,19,0.09210526315789473,1,high,768,314,3
5509,5521,7.46806,30.0,2.5,4.7488683741055615,41,0.09005628048780488,1,high,769,772,3
5514,1292,9.285714285714286,20.0,2.5,5.409088810348908,14,0.08163265714285714,1,high,770,139,3
55244,8638,7.461538461538462,10.0,2.0,3.4488013525326116,13,0.09090909999999999,1,high,773,1088,3
5531,8782,8.260446734693877,40.0,1.42857,6.119704970684992,49,0.055658587755102046,1,high,774,1102,3
5552,274783,5.45745174137931,20.0,0.769231,3.752576563306929,58,0.04080457586206897,1,high,775,429,3
5553,253453,6.587280806603774,40.0,0.3125,6.080541166025965,212,0.018867924056603775,1,high,776,393,3
5553,357977,8.479139050632911,30.0,0.454545,7.1252891633286115,79,0.041666659493670884,1,high,776,578,3
55672,4110,8.111767104868914,360.0,0.144928,18.42070300252076,534,0.0073203907303370785,1,high,777,656,3
55679,17128,8.983442413793103,40.0,1.11111,7.6997960873841205,58,0.040540522413793106,1,high,778,236,3
55679,7258,10.625,20.0,3.33333,6.295469774571463,8,0.1375,1,high,778,965,3
55679,9899,10.10416625,20.0,2.5,6.820218723218565,8,0.125,1,high,778,1135,3
5640,117466,8.872395207317073,80.0,0.4,10.920084395978034,82,0.03639774146341464,1,high,779,115,3
5640,12574,8.406192295744681,90.0,0.11236,9.337350665282418,470,0.01528147685106383,1,high,779,135,3
5640,1547545,5.657004347826087,10.0,1.11111,3.1728480843067994,23,0.06905367391304348,1,high,779,218,3
5640,1749,6.992126960784314,140.0,0.181818,11.069469182160567,255,0.015715765490196078,1,high,779,240,3
5640,31565,9.732703234042553,60.0,0.30303,8.773121433760773,282,0.03068909645390071,1,high,779,498,3
5640,392509,8.584248846153846,30.0,1.0,5.642366103245216,26,0.08502027692307693,1,high,779,631,3
5640,4018,5.1362652417153996,30.0,0.192308,4.360706936203888,513,0.010660868382066277,1,high,779,643,3
5640,40575,9.416666666666666,20.0,1.66667,5.831021894991529,18,0.10648155,1,high,779,647,3
5640,54236,10.226190714285716,20.0,2.5,5.936849691140223,14,0.09821428571428571,1,high,779,761,3
5640,569,8.33947741935484,20.0,1.42857,4.4006006372703315,62,0.08159391129032258,1,high,779,784,3
5640,6832,7.7758688,20.0,0.833333,5.821821520062242,55,0.06666667636363637,1,high,779,903,3
5640,7242,8.376708294117648,50.0,0.384615,7.399371921525602,221,0.030187439819004524,1,high,779,961,3
56512,38252,9.45,20.0,2.0,6.387705204357648,10,0.11818177,1,high,780,617,3
5657,140587,9.839080344827586,30.0,1.66667,7.491858456588289,29,0.12539178965517242,1,high,781,189,3
5666,6719,7.2435888461538465,20.0,2.5,4.8233769760401906,26,0.0946745423076923,1,high,782,889,3
5666,69120,6.6301088362573095,50.0,0.294118,7.595584419881109,171,0.02251149298245614,1,high,782,916,3
56795,187832,10.289855217391304,20.0,3.33333,4.596116431711045,23,0.09275354347826088,1,high,783,257,3
5691,21949,6.993441758454106,50.0,0.625,6.195203165881926,207,0.028608091787439612,1,high,785,334,3
5691,42347,6.176043218241043,35.0,0.333333,6.05041018889203,307,0.016576182671009774,1,high,785,671,3
5691,6064,8.0952375,20.0,2.5,5.954603282922661,16,0.14375000000000002,1,high,785,824,3
5691,8691,7.463053448275862,20.0,1.42857,4.079519882445267,29,0.10344827586206896,1,high,785,1091,3
57021,1251,14.82496147826087,160.0,0.625,24.42073761493559,69,0.0586450884057971,1,high,787,133,3
57258,11251,6.209811519607842,20.0,0.434783,4.763501819123285,102,0.029781707843137255,1,high,788,87,3
57258,221166,6.675484513761467,40.0,0.4,6.1920735270747755,218,0.023817911926605508,1,high,788,336,3
57258,3109,8.111111428571428,20.0,1.66667,5.205054057427536,21,0.09157508095238096,1,high,788,490,3
57258,8375,5.8333330000000005,10.0,2.5,3.0429034015414,10,0.0909091,1,high,788,1067,3
57308,263034,10.357142799999998,40.0,1.42857,9.804518974119588,25,0.067826128,1,high,789,416,3
57308,283838,9.14442226470588,60.0,0.769231,9.668373741451646,68,0.04932597205882353,1,high,789,450,3
5764,10594,7.42553170212766,40.0,1.42857,6.321999686466616,47,0.041866865957446806,1,high,790,39,3
5764,1102129,10.018518333333333,20.0,2.0,6.366243208151284,18,0.12962972222222222,1,high,790,73,3
5764,1895,5.92299540990991,30.0,0.30303,5.040900439520051,222,0.019502439189189192,1,high,790,263,3
5764,307296,6.148147777777778,10.0,2.0,3.0600980174733694,9,0.1,1,high,790,483,3
5764,59078,10.822883999999998,40.0,1.42857,7.819780663452292,60,0.10000001666666666,1,high,790,798,3
58295,10798,7.3,10.0,1.66667,3.2487412567160363,10,0.13846145999999998,1,high,792,54,3
59078,18603,9.57832041025641,40.0,1.11111,6.775907472745712,195,0.04444442358974359,1,high,798,252,3
591622,10582,3.470810423791822,155.0,0.107527,6.527602554986764,1076,0.003997477304832714,1,medium,799,37,2
591622,8120,9.6523249122807,40.0,1.11111,6.827398531220188,57,0.0949432543859649,1,high,799,1037,3
593411,2194,9.54299746835443,30.0,1.11111,6.1960197103842765,79,0.08227852658227848,1,high,801,333,3
595060,237159,7.944444666666667,10.0,1.66667,3.1318042832820527,15,0.07111112,1,high,802,367,3
596,3407,8.402890356287426,180.0,0.181818,11.771046724132601,1670,0.0064399871317365265,1,high,804,548,3
596,602811,11.960316296296297,40.0,1.42857,10.373919940631502,27,0.13960106296296296,1,high,804,818,3
596,9899,4.793312901012373,60.0,0.107527,5.24203898224439,889,0.00632963042744657,1,medium,804,1135,2
596205,19831,8.589852142857143,20.0,1.25,4.195942459566487,42,0.11688308095238095,1,high,805,288,3
596205,327361,7.2771424,30.0,1.42857,6.280236589699654,25,0.094285736,1,high,805,518,3
596205,4077,7.780303181818183,20.0,2.0,3.988537488390816,22,0.07386363636363637,1,high,805,648,3
596205,43611,12.520407857142857,30.0,2.0,7.695590044158022,42,0.14502155,1,high,805,691,3
59639,6130,12.1818182,30.0,0.909091,10.71031013973247,5,0.05600000000000001,1,high,806,829,3
596723,232158,11.894886630434783,70.0,1.0,11.34274030222425,184,0.05902173913043478,1,high,809,351,3
596724,25480,8.327030588235294,30.0,1.42857,6.352493294695056,51,0.09150321960784313,1,high,810,395,3
596724,614373,7.671105254237288,20.0,1.42857,4.4744841456442686,59,0.0815677966101695,1,high,810,833,3
5992,11289,9.79636484,30.0,0.909091,7.853100443511349,25,0.163333384,1,high,812,91,3
60207,10737,6.798990508196722,20.0,0.909091,4.099333505926878,61,0.05812218032786885,1,high,814,48,3
60207,21212,10.738426250000002,50.0,1.11111,12.472034870566407,24,0.07833333333333334,1,high,814,314,3
60207,21949,11.125444179104477,40.0,1.66667,7.450513415127266,67,0.10914179104477612,1,high,814,334,3
60207,342369,5.3032546091954025,20.0,0.30303,4.633526484705487,87,0.02457394022988506,1,high,814,553,3
60207,43611,4.988095949185043,177.5,0.107527,9.995802799259346,1043,0.003547282032598274,1,medium,814,691,2
60212,4450,6.6567997621951225,50.0,0.243902,6.518128190627909,328,0.013145623932926828,1,high,815,698,3
60245,42375,13.0,30.0,5.0,8.232726023485645,10,0.16999999999999998,1,high,816,675,3
60307,40001,10.270279283783784,50.0,0.666667,10.169377966846074,74,0.05827702702702703,1,high,819,640,3
6038,105694,8.327931847222223,20.0,0.833333,5.1965555625702455,72,0.07330248888888888,1,high,820,35,3
6038,82122,7.904504834763949,240.0,0.224719,15.062905122502753,466,0.010373371824034335,1,high,820,1049,3
60548,593411,6.6692624342672415,760.0,0.169492,26.726622943602234,928,0.005477016551724138,1,high,821,801,3
6057,15996,6.604556448339483,140.0,0.215827,9.702196676546299,542,0.011595175516605166,1,high,822,223,3
6057,24605,8.000126046511628,20.0,1.11111,4.839656947712116,129,0.04060537054263566,1,high,822,377,3
6057,328134,6.8382028833333335,20.0,0.526316,4.085108869817731,60,0.04635416666666667,1,high,822,520,3
6057,6585,11.51575648529412,70.0,0.47619,11.912475631168492,136,0.05335158235294118,1,high,822,875,3
6057,8691,6.465818468085106,20.0,0.526316,4.292463564312513,94,0.03583428510638298,1,high,822,1091,3
6058,298869,7.366450314285714,20.0,0.909091,4.218173757903997,35,0.04805190571428572,1,high,823,466,3
6058,358274,7.294871631578948,30.0,0.769231,6.98357165431514,19,0.07456143684210527,1,high,823,585,3
6058,42355,9.251831153846153,30.0,1.42857,7.466375010489453,52,0.08653846153846154,1,high,823,673,3
6058,56946,8.41386819672131,30.0,1.0,5.1856627414823615,61,0.06333827704918032,1,high,823,786,3
6058,7299,6.743589230769231,10.0,2.0,3.4121457589533577,26,0.1076923076923077,1,high,823,971,3
6058,7435,11.053401428571428,30.0,1.42857,6.508307743286243,70,0.12417576142857144,1,high,823,989,3
6058,8691,9.934523333333333,30.0,1.42857,6.742789985892285,24,0.09895833333333333,1,high,823,1091,3
612,21212,9.459454658536586,70.0,0.909091,11.435624261369698,41,0.047345778048780485,1,high,827,314,3
612,6929,8.957372903225806,40.0,1.25,7.330680208913856,31,0.07300505161290322,1,high,827,922,3
612865,140587,5.584696189509306,50.0,0.149254,6.467903520222298,591,0.00699328027072758,1,high,828,189,3
612865,2180,10.454545454545455,30.0,5.0,6.875516509523287,11,0.12121219090909091,1,high,828,327,3
612865,33738,6.592686785714286,15.0,1.42857,3.86570348181434,28,0.07142855357142856,1,high,828,536,3
612865,42463,5.894173085271318,40.0,0.322581,5.4951500748194,129,0.02093021627906977,1,high,828,676,3
612865,42954,11.540973720930232,40.0,1.42857,8.6469560516993,43,0.1179402,1,high,828,683,3
612865,644,8.072510909090909,20.0,1.42857,4.924220723394098,22,0.12272727272727274,1,high,828,862,3
61381,10572,8.531024181818182,50.0,1.0,7.451514397364122,55,0.06406921636363637,1,high,831,36,3
61381,11248,8.334012393518519,60.0,0.606061,7.887125727540789,216,0.025740736574074073,1,high,831,86,3
61381,139778,8.014480280701754,30.0,0.833333,7.3244805593584505,57,0.05912926491228071,1,high,831,183,3
61381,1808,9.153356123595506,40.0,0.588235,8.34807398720595,89,0.05056181235955056,1,high,831,246,3
61381,236778,5.858975,16.6667,1.11111,4.160613705056743,26,0.06346153846153847,1,high,831,364,3
61381,37985,8.0,20.0,1.66667,4.562180538935615,15,0.12000000000000001,1,high,831,616,3
61381,41493,6.9085345074626865,33.3333,0.27027,5.320304425300204,268,0.02485945447761194,1,high,831,664,3
61381,48203,8.176657765079364,50.0,0.25,7.446116959455113,315,0.02145169580952381,1,high,831,729,3
61381,484348,8.786185168421053,50.0,0.909091,7.086939103441569,95,0.0544464652631579,1,high,831,731,3
61381,662281,7.8125,20.0,2.5,4.366062299143245,16,0.08854165625,1,high,831,876,3
61381,6835,7.92328,20.0,1.42857,3.9599890908474444,27,0.06944444444444445,1,high,831,904,3
61381,6972,7.5,10.0,2.5,4.330127018922194,3,0.10000000000000002,1,high,831,929,3
61381,8134,6.729836393364929,65.0,0.204082,7.730126190405716,211,0.018235155023696683,1,high,831,1040,3
61381,87636,8.204744925373134,90.0,0.294118,10.409464457761926,335,0.018087335492537313,1,high,831,1099,3
6142,307296,8.33771894736842,30.0,2.0,6.355755714076421,38,0.07739936842105263,1,high,832,483,3
6142,69120,6.761578738095238,40.0,0.4,5.973531133121938,84,0.03333330833333333,1,high,832,916,3
6142,72965,7.3958337499999995,10.0,1.66667,3.711775355498219,8,0.0661764375,1,high,832,970,3
614373,6901,7.612612432432432,20.0,1.66667,4.908586499332009,37,0.08288284594594594,1,high,833,914,3
614391,3407,5.998685810344827,20.0,0.666667,4.4392713228597,58,0.034961703448275865,1,high,834,548,3
614391,519,5.364393745454545,20.0,0.714286,4.3273606034633145,55,0.03428569636363636,1,high,834,752,3
6146,8640,7.0743648,30.0,1.0,5.835315238820011,50,0.063,1,high,835,1089,3
6185,2194,13.255144444444444,70.0,1.0,14.905392431972816,81,0.10370370370370371,1,high,839,333,3
618970,301542,7.730391764705883,20.0,1.25,4.737697301753294,17,0.08403361176470589,1,high,840,476,3
618970,6916,10.801282307692308,30.0,1.66667,6.34858123056061,26,0.12500006923076923,1,high,840,918,3
618970,83367,6.715746433962264,30.0,0.285714,5.627038949849242,106,0.027219272641509435,1,high,840,1058,3
620,10438,9.903508684210527,60.0,1.0,11.869054204053173,38,0.07602341052631578,1,high,841,26,3
620,25789,7.483975142857143,40.0,0.769231,6.310798995050866,98,0.033598773469387756,1,high,841,403,3
620,35296,6.5182815458715595,20.0,0.625,4.669811998433691,218,0.02590772752293578,1,high,841,568,3
6204,7052,6.911111333333333,10.0,2.0,3.2126156562057178,15,0.07083333333333333,1,high,842,939,3
6205,187832,4.939446908536586,20.0,0.769231,3.823755135351437,164,0.022520308536585366,1,medium,843,257,2
6205,2011,7.780111764705882,20.0,1.0,4.52536673179324,34,0.0661764705882353,1,high,843,295,3
6205,2193,8.952657807692308,60.0,0.526316,9.486439337427603,52,0.03894230769230769,1,high,843,332,3
6205,32937,8.931735723577235,40.0,0.769231,7.477684598096067,123,0.03985719756097562,1,high,843,525,3
6205,3639,9.619658205128205,40.0,1.0,7.433324341469537,39,0.07287449743589744,1,high,843,595,3
6218,139462,9.426467243986254,60.0,0.714286,8.397987637264539,291,0.03298968041237114,1,high,844,182,3
6218,25025,8.204529708092487,110.0,0.222222,12.281367293265369,346,0.016665411878612715,1,high,844,384,3
6218,322167,6.9377189255319145,30.0,0.357143,6.021070951091706,94,0.024290796808510637,1,high,844,507,3
6218,3500,9.57404682198953,80.0,0.5,9.448014537894707,191,0.04057590994764398,1,high,844,563,3
6218,57258,7.591135864864865,40.0,0.833333,6.209242027590234,185,0.030818876216216217,1,high,844,788,3
6218,733,8.380867659574468,45.0,0.5,6.665810493273829,141,0.03433269007092198,1,high,844,978,3
6218,9945,9.375886170212766,30.0,1.66667,6.524708843767784,47,0.0649496255319149,1,high,844,1138,3
623033,1895,5.558084240223463,20.0,0.4,4.6108790237639505,179,0.021831821787709496,1,high,845,263,3
625,32937,9.71875,20.0,1.25,6.477563082698549,24,0.08578429166666666,1,high,849,525,3
625,8611,10.5,30.0,2.0,6.111149961026472,14,0.1142857142857143,1,high,849,1084,3
625,8640,8.767045458333333,20.0,0.909091,4.021496361027852,24,0.06547614583333333,1,high,849,1089,3
631657,60548,13.120370000000001,50.0,2.0,11.203671186434436,18,0.17222222222222222,1,high,851,821,3
6373,10582,6.200565988679245,127.5,0.123457,12.021597812371814,530,0.007625078943396225,1,high,853,37,3
6373,257844,8.050272880952381,20.0,0.909091,5.339067329711482,42,0.06625263333333334,1,high,853,402,3
6375,11246,5.5159726369047615,30.0,0.625,4.462463072651666,168,0.02356489702380952,1,high,855,85,3
6375,17300,6.9557485526315785,40.0,0.625,5.438965912978608,76,0.03733995131578947,1,high,855,237,3
6375,1819,6.79479888700565,40.0,0.181818,6.297780493499462,354,0.01786937276836158,1,high,855,247,3
6375,40048,8.93289909090909,50.0,1.42857,7.774587523426214,66,0.09564393939393939,1,high,855,641,3
6375,42351,6.60372897972973,30.0,0.555556,5.477993682112319,148,0.02792794324324324,1,high,855,672,3
6375,60307,6.014828898961284,240.0,0.128205,15.06145640693449,1059,0.004195026409820586,1,high,855,819,3
6375,9639,6.879529128410915,120.0,0.136986,10.110975645044169,623,0.007634775505617978,1,high,855,1127,3
6387,2002,6.562479451371571,70.0,0.37037,6.3713047235293425,401,0.015625265760598504,1,high,856,293,3
6387,28031,7.840940971631206,40.0,0.714286,6.1835825107186535,141,0.03615288085106383,1,high,856,439,3
6387,321988,7.465484915194346,60.0,0.322581,6.952410394850982,849,0.01075852276796231,1,high,856,506,3
6387,32968,7.523105679266896,103.333,0.344828,9.138294643553895,873,0.00935429326460481,1,high,856,526,3
6387,44281,6.809016808510639,20.0,1.42857,5.414078991176257,47,0.06963251063829788,1,high,856,695,3
6387,68442,9.387780461009175,70.0,0.333333,9.528919029421518,436,0.020837402293577983,1,high,856,905,3
6387,8703,6.486439122931443,50.0,0.454545,6.092237246992841,423,0.0166119195035461,1,high,856,1093,3
6404,10582,4.556169055900621,30.0,0.326087,3.9073145711675057,483,0.009697296728778467,1,medium,858,37,2
641465,26225,7.099487766467066,40.0,0.833333,5.192957188124659,167,0.032764625748502994,1,high,861,412,3
641465,42355,9.035087368421053,30.0,3.33333,5.991655801718329,19,0.1368421052631579,1,high,861,673,3
641465,725,6.39598947368421,10.0,2.0,3.0062532876682857,19,0.10047845789473685,1,high,861,964,3
641465,88014,7.2297737,20.0,0.909091,4.089023804291993,30,0.07037041333333334,1,high,861,1105,3
644,3109,7.0874995,30.0,1.66667,4.994867736785352,40,0.06785709250000001,1,high,862,490,3
644,4018,6.25,10.0,1.66667,3.4724745928489984,12,0.09848484166666667,1,high,862,643,3
6448,3423,8.906208823529411,20.0,1.25,5.625448146160366,85,0.06577538705882353,1,high,863,552,3
6468,10395,7.431798527777778,20.0,0.769231,4.6614138144482755,108,0.055555515740740746,1,high,865,19,3
6468,328134,7.660022678571429,40.0,0.833333,6.3331517981112135,112,0.03505289375,1,high,865,520,3
6468,6142,7.572109808219178,30.0,0.4,6.8375642864753745,146,0.028856922602739723,1,high,865,832,3
6468,62356,7.448979523809524,20.0,1.42857,4.876968705835087,21,0.11904761904761904,1,high,865,846,3
6468,6873,7.943302935483871,20.0,0.909091,4.821682836931569,31,0.07168459354838709,1,high,865,911,3
6468,6929,10.272408823529412,20.0,1.42857,6.345354911937796,34,0.08823526470588235,1,high,865,922,3
6470,113608,6.591007363636364,10.0,0.833333,3.8058333619112705,44,0.046401540909090905,1,high,866,94,3
6470,1244014,4.804866839933993,45.0,0.217391,5.102466428847953,606,0.007904192772277227,1,medium,866,132,2
6470,6876,8.913392754385965,60.0,0.833333,9.784684508786823,114,0.04561404385964912,1,high,866,912,3
6470,7476,18.843600161290322,90.0,1.66667,21.306850928945597,62,0.13394110967741935,1,high,866,995,3
6470,8742,8.584096385185186,60.0,0.25641,10.087755918255839,135,0.023054544444444443,1,high,866,1097,3
6472,1102129,8.252688064516128,20.0,1.66667,4.6115538792908835,31,0.08525347096774194,1,high,867,73,3
6472,161,6.908344640167364,70.0,0.285714,7.346947433302621,1195,0.006681844845188284,1,high,867,227,3
6472,5691,8.782449390909091,30.0,0.833333,5.339728684503341,110,0.052664598181818185,1,high,867,785,3
6472,72965,6.443693243243243,20.0,1.25,4.024331011755628,37,0.05945945945945946,1,high,867,970,3
6472,73056,6.9156514948979595,60.0,0.5,7.741611977719072,196,0.02224726275510204,1,high,867,974,3
6472,797195,7.183535933333333,40.0,0.714286,6.7673247263390115,45,0.04827588888888889,1,high,867,1029,3
6475,54552,8.125,10.0,5.0,2.5877458475338284,8,0.0909091,1,high,868,762,3
6536,2473,6.71521,20.0,1.11111,4.680146508447278,33,0.07070710909090909,1,high,869,379,3
6536,327361,5.958353308641976,30.0,0.526316,5.451951068975381,81,0.03133905185185185,1,high,869,518,3
6536,4845,6.245303765625,20.0,0.909091,4.373124174452282,64,0.043229146875,1,high,869,732,3
6536,83818,7.3883920000000005,20.0,1.25,4.793929080634145,40,0.0705882125,1,high,869,1068,3
6536,8591,8.270302272727273,40.0,1.0,7.7474486402745075,88,0.041193181818181816,1,high,869,1082,3
6574,1114195,5.617080029411764,40.0,0.454545,6.610423180615658,136,0.019311554411764707,1,high,870,80,3
6574,1819,5.377068440625,30.0,0.27027,4.88830044524646,320,0.015480763312500001,1,high,870,247,3
6574,187832,5.706242345534407,30.0,0.30303,5.503106718655759,683,0.008609424524158126,1,high,870,257,3
6574,21949,5.74626167826087,50.0,0.4,5.506264797175215,460,0.013852659739130434,1,high,870,334,3
6574,283838,7.427378272727273,35.0,0.454545,6.329139429556513,253,0.02332448577075099,1,high,870,450,3
6574,302379,7.6224485714285715,10.0,2.5,3.456905972375821,7,0.17142857142857143,1,high,870,477,3
6574,591781,7.175211977011494,70.0,0.526316,8.41446287488702,87,0.0330459632183908,1,high,870,800,3
6574,72962,10.989502591666668,50.0,0.909091,9.140511616034656,120,0.04746379166666667,1,high,870,969,3
6574,77655,9.739851045375218,100.0,0.3125,11.637738942379588,573,0.016972076788830715,1,high,870,1012,3
657797,519,7.935248386138614,55.0,0.625,8.2654089227837,101,0.026918316831683168,1,high,871,752,3
657797,68442,8.500626315789473,20.0,1.25,6.244557503487168,19,0.07894736842105263,1,high,871,905,3
6579,1292,7.384391,40.0,1.11111,6.117287627131816,60,0.055072503333333335,1,high,872,139,3
6579,39230,7.688888666666667,10.0,2.0,3.441614602012231,15,0.09696969333333334,1,high,872,630,3
6579,40048,8.49615935483871,40.0,1.33333,8.08385813779078,31,0.06699751290322581,1,high,872,641,3
6579,6313,8.985632068965517,25.0,1.25,5.928813540609705,29,0.07471266206896551,1,high,872,850,3
6579,8013,7.331196153846154,20.0,1.0,6.761958777805608,13,0.05860802307692308,1,high,872,1034,3
6581,10454,7.836643762886598,30.0,0.588235,5.5226787122822305,97,0.038291590721649484,1,high,873,29,3
6581,1901,8.437499583333333,20.0,2.5,3.793528158282528,24,0.12083333333333335,1,high,873,266,3
6581,35296,8.663396345394737,50.0,0.454545,7.75961189861361,304,0.024247168092105264,1,high,873,568,3
6581,4450,7.774607505660378,55.0,0.333333,7.137842154485862,530,0.014811322188679246,1,high,873,698,3
6581,6628,7.587718421052632,20.0,2.5,4.364691019597892,19,0.10526315789473684,1,high,873,877,3
6581,6902,9.104126042918455,160.0,0.16129,11.765699796235781,466,0.020738333690987123,1,high,873,915,3
6585,221166,8.330308238709678,70.0,0.322581,8.656214464199248,155,0.02861601290322581,1,high,875,336,3
6585,4678,10.395336303571428,50.0,0.833333,8.532408466799433,56,0.05299538214285714,1,high,875,717,3
6585,8591,7.101126130353817,120.0,0.153846,8.925519405083207,1074,0.006399892681564246,1,high,875,1082,3
662281,8611,9.964285357142858,20.0,2.5,6.219139370216263,28,0.15714285714285717,1,high,876,1084,3
6646,42355,7.663058727272728,30.0,1.11111,5.037249589642353,55,0.05702478363636364,1,high,878,673,3
6691,10355,9.249451978632479,70.0,0.384615,7.938427950960519,234,0.03240742820512821,1,high,880,14,3
6691,2473,8.427960769230769,40.0,1.66667,6.305573062566156,39,0.07017541025641026,1,high,880,379,3
6691,42351,6.3517276060606065,30.0,0.769231,5.1612175745197435,66,0.04383118333333333,1,high,880,672,3
6691,4278,8.658309225806452,60.0,0.5,8.037820305163727,310,0.029749118387096776,1,high,880,681,3
6691,644,7.2916662500000005,20.0,1.66667,4.549114993295399,16,0.10795452500000001,1,high,880,862,3
6691,6582,8.328901477064221,40.0,0.909091,6.298052996130616,109,0.060338752293577984,1,high,880,874,3
66958,1116632,6.893412293333332,60.0,0.588235,8.599377295210264,75,0.034728664,1,high,882,81,3
66958,42463,7.60347343902439,30.0,0.909091,5.600783958348502,41,0.06852491951219514,1,high,882,676,3
66958,4337,8.69428532,30.0,0.833333,6.653053622232116,25,0.060869603999999994,1,high,882,689,3
6703,1363268,5.5954033333333335,20.0,1.11111,4.3179195155514085,24,0.07843135416666668,1,high,883,168,3
67108,2180,7.552392838495575,110.0,0.168067,9.809492529398145,452,0.01475543407079646,1,high,885,327,3
67108,2599,8.470834355414013,120.0,0.125,10.544277218819929,785,0.010639522191082803,1,high,885,409,3
67108,4177,12.232373967391304,130.0,0.384615,17.42917602101254,92,0.0652173902173913,1,high,885,665,3
67108,42372,7.037221123762376,30.0,0.322581,5.091773763469378,202,0.024250282178217824,1,high,885,674,3
67108,5764,6.450509419753087,70.0,0.3125,9.47500204391841,162,0.018784032098765432,1,high,885,790,3
67108,7396,7.548286864628821,170.0,0.128205,15.24036260917765,229,0.01174522978165939,1,high,885,985,3
67108,8704,8.95787418996063,80.0,0.204082,9.92192097577067,1016,0.00901921593503937,1,high,885,1094,3
67109,141704,7.60960551724138,30.0,1.0,6.067228624152279,29,0.07112068965517242,1,high,886,192,3
67109,1425,12.024510000000001,40.0,1.25,10.871796867604269,17,0.1932772235294118,1,high,886,197,3
67109,1828,13.287111594594595,100.0,0.454545,14.966383904502733,74,0.06172386351351351,1,high,886,249,3
67109,2400,6.452996846153846,40.0,0.3125,6.982776553137987,91,0.02795453186813187,1,high,886,370,3
67109,4179,9.077613761363637,70.0,0.909091,9.182994796917756,88,0.04701425227272727,1,high,886,666,3
67109,7804,5.884488431428572,60.0,0.173913,7.397786851333892,350,0.0111893026,1,high,886,1015,3
6711,12574,9.235042564102564,30.0,1.66667,5.929867798927871,39,0.11421907692307694,1,high,887,135,3
6711,25480,5.432053699044586,80.0,0.181818,5.7596191495020985,628,0.008939270589171974,1,high,887,395,3
6711,274783,6.611864730769231,40.0,0.434783,6.738983861091139,130,0.029230757692307693,1,high,887,429,3
6711,3423,7.177307766497463,40.0,0.434783,5.76071343141562,197,0.02653436700507614,1,high,887,552,3
6718,321988,12.0830469035533,60.0,1.0,11.031024754828113,197,0.04920751269035533,1,high,888,506,3
6718,35827,14.22901804597701,60.0,1.25,12.226939816539202,87,0.13563211609195402,1,high,888,584,3
6719,321988,5.140347455958549,140.0,0.208333,7.74621356023298,579,0.007963685474956822,1,high,889,506,3
6750,7258,6.623188612903226,30.0,0.909091,5.227853738530425,93,0.035138227956989246,1,high,890,965,3
6754,6628,13.119657692307694,70.0,1.11111,17.252022449617044,26,0.15976326153846154,1,high,891,877,3
6760,7623,9.755290555555556,30.0,1.42857,7.2458121828003055,18,0.09920634444444446,1,high,893,1005,3
679314,26225,9.254386315789473,20.0,1.66667,4.913563553076786,19,0.1100478157894737,1,high,894,412,3
679314,41493,6.007246521739131,20.0,1.66667,4.534234909234822,23,0.07536230434782609,1,high,894,664,3
6809,1310520,7.864006205357143,60.0,0.5,9.269968541794437,112,0.04303571428571429,1,high,895,152,3
6809,1385,7.419683363636364,20.0,0.909091,4.889530942588422,33,0.06666666666666667,1,high,895,181,3
6809,21212,6.972980556338029,90.0,0.151515,9.206467737030103,710,0.009228029633802816,1,high,895,314,3
6809,279645,9.488902254237289,35.0,0.833333,6.685043631919082,59,0.07627117288135594,1,high,895,438,3
6809,28031,6.7785289342105255,30.0,0.47619,5.94888350053681,152,0.027058561842105266,1,high,895,439,3
6809,282446,10.333333,30.0,3.33333,7.403703127489724,10,0.10833333999999999,1,high,895,443,3
6809,33747,7.5531349607843135,40.0,0.37037,6.869131869835789,102,0.03664797254901961,1,high,895,538,3
6809,3407,5.240166753125,150.0,0.116279,7.818590110172357,1920,0.0032575825890625,1,high,895,548,3
6809,358274,3.6701230947368417,70.0,0.140845,6.153371096501965,285,0.008428934631578946,1,medium,895,585,2
6809,37418,6.141920438848921,70.0,0.344828,6.42481898922171,556,0.011049249550359711,1,high,895,606,3
6809,475342,5.932079541176471,70.0,0.454545,7.796166192640585,170,0.023,1,high,895,720,3
6809,55672,18.46153846153846,30.0,5.0,10.079809725513874,13,0.21538461538461537,1,high,895,777,3
6809,5880,7.642806299065421,50.0,0.526316,7.936838207976413,107,0.03953987757009346,1,high,895,795,3
6809,6058,5.997323065073042,120.0,0.222222,7.664728197100402,753,0.007190287397078353,1,high,895,823,3
6809,720825,6.182513855769231,70.0,0.5,7.955602935358199,104,0.02417987692307692,1,high,895,950,3
6809,8373,9.583337499999999,25.0,2.5,6.7288812013850645,16,0.15178575,1,high,895,1066,3
6809,8727,5.6160567285714285,53.3333,0.30303,6.324784081826538,280,0.012675474107142858,1,high,895,1096,3
6813,7243,11.160811015625,120.0,0.769231,19.24238643894834,64,0.0545058171875,1,high,899,962,3
6813,805452,9.777776666666666,40.0,3.33333,9.550756417590827,15,0.11666668666666666,1,high,899,1035,3
68139,11170,14.583333333333334,30.0,5.0,7.216878364870323,12,0.15151504166666666,1,high,900,82,3
68244,1596450,9.235826386363636,30.0,0.769231,7.425752784280332,44,0.05244756363636363,1,high,902,222,3
68244,2599,7.096131930232558,30.0,0.833333,5.34299678560425,43,0.053589523255813946,1,high,902,409,3
68244,3002,7.569192647286822,90.0,0.133333,10.815980512296921,258,0.012022081782945736,1,high,902,471,3
68244,5880,8.206778407407407,20.0,0.769231,5.518893140584618,54,0.05270655925925926,1,high,902,795,3
68244,7145,7.88904625,30.0,1.0,6.1627756276502295,32,0.06534092500000001,1,high,902,947,3
68442,114979,7.894144407035176,93.3333,0.181818,9.920901023596313,199,0.0219199491959799,1,high,905,107,3
68442,68091,13.46328105263158,100.0,1.11111,12.5981020073474,209,0.060036462679425834,1,high,905,896,3
684879,1292,8.234900975609756,30.0,1.0,5.044069679417729,82,0.06341463414634146,1,high,908,139,3
684879,7891,5.833333333333333,10.0,2.5,3.8188130791298667,3,0.10000000000000002,1,high,908,1026,3
6851,593411,4.541486903669725,50.0,0.169492,5.250794190776379,436,0.008218654311926607,1,medium,910,801,2
6873,8591,8.03673978,40.0,0.526316,6.5450529722014705,150,0.03422219866666667,1,high,911,1082,3
689,2194,13.888888666666666,70.0,2.5,17.071472994784045,15,0.13846154666666666,1,high,913,333,3
6901,4492,9.241070833333334,20.0,3.33333,4.927355818596841,24,0.10677083333333333,1,high,914,704,3
6901,8356,7.1521734782608695,20.0,2.0,4.545481277721275,23,0.10144929130434782,1,high,914,1064,3
6902,1310520,9.161998678571429,100.0,0.714286,12.187126639635155,84,0.06797234047619047,1,high,915,152,3
6902,26237,8.543498566529493,180.0,0.204082,14.858143739692327,729,0.008324271193415637,1,high,915,414,3
6902,30131,7.7447912500000005,20.0,2.0,3.800581565689184,32,0.10511361875,1,high,915,475,3
6902,49737,13.718591063829788,60.0,2.85714,13.145303177699802,47,0.14326238510638298,1,high,915,742,3
6902,7285,8.279591315508021,160.0,0.172414,15.24961626737881,187,0.014723238823529413,1,high,915,968,3
6915,194881,13.470517931034482,70.0,1.42857,18.131112723200886,29,0.1034482827586207,1,high,917,281,3
6915,25486,10.535338136363636,75.0,0.625,12.390206751711238,88,0.062229437500000005,1,high,917,397,3
6915,3634,9.643504693877551,40.0,1.11111,7.044828284990671,49,0.061224489795918366,1,high,917,592,3
6916,11416,8.525866722222222,50.0,0.833333,7.758971027313747,54,0.08847740740740741,1,high,918,96,3
6918,236344,5.441898582417582,30.0,0.666667,4.256199377943395,182,0.02060440384615385,1,high,919,362,3
6918,2393,7.958614197674419,50.0,0.909091,6.493109296536051,86,0.05401349069767442,1,high,919,368,3
6918,25483,33.23266547540983,960.0,0.714286,103.93565622876957,122,0.08675545270491804,1,high,919,396,3
6918,304962,7.470721066225165,60.0,0.37037,7.656357592109668,151,0.039235240397351,1,high,919,480,3
6918,357977,5.747113512875536,180.0,0.140845,11.466490019907315,932,0.005827873186695279,1,high,919,578,3
6918,6026,14.75258801,150.0,0.454545,23.305465051460384,100,0.08410711000000001,1,high,919,817,3
6922,10180,7.82574658828125,100.0,0.151515,9.09170177429393,1280,0.006329355945312499,1,high,920,8,3
6922,2231,11.863783719066937,270.0,0.142857,17.69767310923942,986,0.012990263488843813,1,high,920,338,3
6922,461016,14.140950337243401,100.0,0.4,13.02015894815531,341,0.0487181642228739,1,high,920,715,3
6922,48203,6.728745300589391,80.0,0.149254,7.436543467299504,1018,0.006377488055009823,1,high,920,729,3
6922,5640,7.211040727416799,200.0,0.144928,9.485989548057937,1262,0.0068935927179080815,1,high,920,779,3
6922,6057,9.78710534739454,80.0,0.344828,9.747892354783557,403,0.02625798,1,high,920,822,3
6922,632,7.548561923076923,20.0,1.11111,5.3985012375139965,26,0.07692308461538462,1,high,920,852,3
6922,9863,8.234268404371585,60.0,0.267857,8.553714289803716,549,0.01341859499089253,1,high,920,1133,3
6932,12062,8.745097647058824,20.0,2.0,5.194187237874095,17,0.13529411764705884,1,high,923,121,3
6932,25789,8.656745689655173,55.0,1.25,8.851168844776817,58,0.06465519482758621,1,high,923,403,3
6932,641,8.892415925925926,30.0,1.42857,6.647127548537418,27,0.08148145925925926,1,high,923,860,3
6960,10438,7.468027936,40.0,0.769231,5.83787264433388,125,0.038634112000000005,1,high,924,26,3
6960,149,8.958333125,20.0,2.5,4.199868020413211,16,0.10625000000000001,1,high,924,207,3
6960,1511,8.75,20.0,5.0,5.175491695067656,8,0.1125,1,high,924,208,3
6960,2019,9.121553859649124,20.0,1.42857,4.822568085289856,57,0.11842111754385964,1,high,924,296,3
6960,5095,9.142857142857142,20.0,2.0,4.495147418879767,21,0.10714292857142858,1,high,924,748,3
6960,5966,11.872621686868687,95.0,0.416667,14.939418141390632,99,0.05728930707070708,1,high,924,808,3
69646,10691,10.244444,20.0,2.0,5.837028872029967,15,0.11515147333333335,1,high,928,45,3
69646,139462,6.823214,20.0,1.42857,4.57569033786485,40,0.07678573,1,high,928,182,3
69646,2193,8.651848723076924,30.0,0.625,7.289736019963135,65,0.03107692307692308,1,high,928,332,3
69646,2670,7.086290890410958,60.0,0.277778,8.55663124175034,146,0.02262874109589041,1,high,928,420,3
69646,301542,6.7100319104477615,20.0,0.833333,4.730781243647683,67,0.03803565373134329,1,high,928,476,3
69646,32937,7.359835101010101,50.0,0.833333,6.437800164959756,99,0.037433184848484846,1,high,928,525,3
69646,3423,9.628193903225807,40.0,0.909091,9.776965896438645,31,0.07038119677419355,1,high,928,552,3
69646,36437,8.083899285714287,30.0,1.0,6.264144425117737,42,0.05900624523809524,1,high,928,598,3
6972,6922,7.598882040816326,20.0,1.0,4.526225678852073,49,0.06575965306122449,1,high,929,920,3
6972,82003,7.496170428571429,40.0,0.416667,6.149787924826343,112,0.03170556160714286,1,high,929,1048,3
69749,10432,11.301094264264263,70.0,0.416667,10.70350103030254,333,0.02793970066066066,1,high,930,25,3
69749,1086769,7.478271409836066,30.0,0.555556,5.911843798714119,61,0.05339577049180328,1,high,930,65,3
69749,1347,5.374215943143812,40.0,0.166667,5.57294181973834,299,0.012750833913043479,1,high,930,158,3
69749,16738,9.545454545454545,20.0,5.0,4.1560470729681676,11,0.09917354545454547,1,high,930,233,3
69749,23247,8.385965,20.0,1.66667,4.52638332792263,38,0.08458647894736843,1,high,930,352,3
69749,33767,6.8740897971014485,30.0,0.625,5.642680409421225,69,0.04497752028985507,1,high,930,542,3
69749,35619,7.643589538461539,20.0,1.11111,5.254461586430453,65,0.07601807692307692,1,high,930,572,3
6980,10829,6.986141586330936,40.0,0.5,6.119495716064717,278,0.02137833237410072,1,high,931,62,3
6980,24698,12.044565538461539,30.0,0.714286,7.181288008128413,39,0.06368898205128205,1,high,931,378,3
6980,28889,6.748954608294931,40.0,0.666667,5.529002040052524,217,0.0242922866359447,1,high,931,455,3
6980,338036,7.166666000000001,20.0,1.66667,5.50252507692847,10,0.14,1,high,931,543,3
6980,6135,7.2135412500000005,20.0,2.5,3.957714719629571,32,0.084134621875,1,high,931,830,3
6980,72302,6.4323120000000005,20.0,1.25,4.341610886495256,35,0.07321428571428572,1,high,931,958,3
7005,42347,8.36103,40.0,1.66667,6.399745048336235,49,0.05782315918367348,1,high,933,671,3
700810,41493,6.72740784375,25.0,0.909091,5.200467749456067,32,0.051724171875,1,high,934,664,3
70167,197,9.69697,20.0,5.0,4.0012621746019095,11,0.11818181818181818,1,high,935,286,3
703,75917,7.34890875,20.0,1.11111,4.5672688683344855,40,0.053409055000000004,1,high,937,1002,3
704,27169,4.865210494897959,30.0,0.196078,4.861205418889504,588,0.007079577380952381,1,medium,938,424,2
704,343047,7.240449240437158,120.0,0.263158,10.43427026050468,183,0.01957045683060109,1,high,938,555,3
704,343048,6.324878090909091,20.0,0.769231,4.66340196908696,66,0.04797977424242424,1,high,938,556,3
704,42463,6.578662711481845,70.0,0.3125,7.0370454163261895,1019,0.007077643640824338,1,high,938,676,3
704,9478,8.394445,30.0,1.66667,5.181662672217288,50,0.068421048,1,high,938,1123,3
7052,15996,5.654571721428572,70.0,0.12987,6.07832831045529,1120,0.005346581982142857,1,high,939,223,3
7052,20481,8.648763329581994,160.0,0.196078,10.275438800548391,622,0.011943040257234727,1,high,939,303,3
7052,26237,7.878219268965517,80.0,0.146341,8.805973088856678,725,0.009634787903448275,1,high,939,414,3
7052,28908,7.047966459317585,80.0,0.217391,9.296539015372602,381,0.011928614435695538,1,high,939,458,3
7052,384455,11.007821946666667,50.0,0.4,11.362698311715127,75,0.039444445333333335,1,high,939,623,3
7052,3966,7.222714791666666,50.0,0.169492,7.394463013918979,264,0.01643402060606061,1,high,939,632,3
7052,49247,7.105639547619048,30.0,0.909091,5.409791947320612,42,0.05059526190476191,1,high,939,738,3
70561,187832,9.942906532258064,60.0,0.5,8.979599366078268,124,0.04512286129032258,1,high,940,257,3
70727,11256,5.932077209302325,10.0,1.66667,3.2647950217005346,43,0.06364748837209303,1,high,942,89,3
70727,5640,6.075914960526316,30.0,0.714286,5.444456958441,76,0.03947368289473684,1,high,942,779,3
70727,6851,5.993145372881356,20.0,0.714286,4.997893595181069,59,0.0448654220338983,1,high,942,910,3
709271,10156,8.371510344827586,40.0,1.0,9.328459811252523,29,0.0744101448275862,1,high,943,6,3
709271,1514,7.4790561111111105,20.0,1.11111,4.574285024237919,36,0.05072466666666667,1,high,943,209,3
709271,2447,7.013513722222222,40.0,0.588235,6.4177765617544695,72,0.040157,1,high,943,375,3
709271,28908,6.781173956521739,40.0,0.243902,8.376011915822806,115,0.016053515304347826,1,high,943,458,3
709271,7258,5.622283195767196,50.0,0.526316,5.576998447014815,189,0.01648714380952381,1,high,943,965,3
709271,8356,10.166666428571428,30.0,3.33333,8.81699049863353,14,0.10714288571428572,1,high,943,1064,3
712566,6468,5.089743846153846,10.0,1.66667,2.698263994242528,13,0.08717951538461538,1,high,945,865,3
714438,3500,7.40065724137931,20.0,1.66667,4.716741664848049,29,0.11637931034482758,1,high,946,563,3
714438,84857,9.212383333333333,50.0,1.66667,9.05608403942022,33,0.08402203333333333,1,high,946,1073,3
7145,281,7.334904438775511,60.0,0.294118,8.77769204183904,196,0.021045898979591835,1,high,947,440,3
71535,1901,20.55595816,140.0,0.555556,31.12329368959552,75,0.10558550800000001,1,high,948,266,3
71535,20352,24.023510381818184,160.0,0.769231,39.60929102905049,55,0.1658181818181818,1,high,948,301,3
71535,8588,17.096383555555555,90.0,1.11111,18.490794126714803,45,0.11428570444444446,1,high,948,1080,3
719872,10582,7.055223546391752,30.0,0.357143,7.0219004074100315,97,0.02800689175257732,1,high,949,37,3
719872,281,7.789148074074075,100.0,0.31746,10.117992621517544,270,0.017619353518518517,1,high,949,440,3
719872,40254,9.190097393617021,60.0,0.25,12.905708078817113,94,0.02653009680851064,1,high,949,645,3
720825,357977,8.441609714285715,30.0,1.11111,6.241568668586394,35,0.08253970857142856,1,high,950,578,3
7213,11258,6.312537379746836,20.0,0.833333,4.089381361980899,79,0.04520796962025316,1,high,951,90,3
7213,1202,5.984683384896468,60.0,0.144928,5.610883348330691,821,0.0081931796954933,1,high,951,119,3
7213,4053,7.274661830769231,85.0,0.416667,7.01220558195063,325,0.020502004615384616,1,high,951,646,3
7213,6960,7.086864118457301,45.0,0.294118,6.7479897586340645,363,0.015249905950413223,1,high,951,924,3
7213,732,9.4333905625,50.0,0.5,7.970725042433795,112,0.03936686964285714,1,high,951,977,3
7213,7688,6.244165771186441,50.0,0.454545,6.389068188619508,354,0.014804723926553671,1,high,951,1008,3
72143,38400,7.512345555555555,20.0,2.0,3.8486112567485677,27,0.08831908888888888,1,high,952,620,3
72236,25480,10.238095,30.0,2.5,6.971640115669419,28,0.12987006785714286,1,high,954,395,3
7226,4337,5.9027730206185565,30.0,0.384615,5.053749667481986,194,0.023126203608247423,1,high,956,689,3
7226,4917,7.201353559322034,30.0,0.263158,5.223691046860438,177,0.031199935028248586,1,high,956,737,3
7226,495881,7.847429851851852,60.0,0.526316,9.057540047904851,54,0.05973713333333333,1,high,956,741,3
723,19478,9.541125454545455,30.0,1.66667,6.836418582931458,33,0.07912459999999999,1,high,957,279,3
723,2578,8.888501707317072,20.0,1.0,5.994291661990557,41,0.06968636341463415,1,high,957,401,3
723,32624,7.413169222222223,40.0,0.588235,6.325434865002751,144,0.03472219722222222,1,high,957,515,3
723,519,6.979498188638799,60.0,0.211864,7.694989215525773,933,0.0074147909967845664,1,high,957,752,3
72302,11295,6.6222555319148935,20.0,1.42857,4.1585156618421095,47,0.08409315531914893,1,high,958,92,3
72302,2473,5.666666571428571,10.0,1.66667,3.041649954292361,35,0.08571429428571428,1,high,958,379,3
72302,42347,4.816927144615385,53.3333,0.224719,5.388363567356866,650,0.007595287846153846,1,medium,958,671,2
7233,733,7.8202253731343285,20.0,1.0,5.3294881451691,67,0.0597015223880597,1,high,959,978,3
7236,10582,7.287909228070175,30.0,0.833333,6.707004133577882,57,0.04867007543859649,1,high,960,37,3
7236,149,6.944444666666667,20.0,1.66667,4.560730602035265,15,0.11515148,1,high,960,207,3
7242,11202,8.3577199,20.0,0.909091,4.368922396509442,90,0.05555552888888889,1,high,961,84,3
7242,8640,9.263694773584906,50.0,0.740741,7.193229118216267,212,0.034353843396226415,1,high,961,1089,3
7258,1895,5.341086178333334,50.0,0.166667,5.946662491873092,1200,0.004578495408333333,1,high,965,263,3
7258,274332,7.362607049180328,30.0,1.11111,5.036678990414664,61,0.06333828524590164,1,high,965,428,3
7258,281,6.948824407407407,70.0,0.434783,7.420272629543783,540,0.012099315629629629,1,high,965,440,3
7258,9947,6.82471219047619,30.0,0.37037,5.126926489310876,189,0.025308658201058203,1,high,965,1139,3
72625,139953,7.995590370370371,40.0,1.42857,6.946130838594086,54,0.07602339999999999,1,high,967,187,3
72625,1606853,6.47827771875,40.0,0.833333,5.084070537484912,160,0.030514677500000004,1,high,967,226,3
72625,31748,7.254565978723405,40.0,0.909091,6.52876030263916,47,0.05167173617021276,1,high,967,499,3
72625,461016,5.1344895150537635,110.0,0.222222,6.392543732298688,930,0.005951145344086022,1,high,967,715,3
72625,475342,8.327960185185185,30.0,1.42857,7.17781237741235,54,0.05844907407407408,1,high,967,720,3
72625,59943,10.192708125,40.0,2.0,7.7936090697436144,32,0.14375000000000002,1,high,967,813,3
72625,623033,7.560204136734694,60.0,0.344828,7.8372370338800925,490,0.015862139020408162,1,high,967,845,3
72625,82122,10.101736313541666,100.0,0.3125,11.637416922237566,960,0.011311169499999999,1,high,967,1049,3
72625,83008,8.605402876712327,20.0,1.11111,5.517736209171415,73,0.06416725753424657,1,high,967,1053,3
72625,8640,5.844562592631033,70.0,0.141844,6.895644640948279,1927,0.0034815942345614945,1,high,967,1089,3
72625,9863,5.721711921874999,35.0,0.422535,4.867906112617842,384,0.013338006770833334,1,high,967,1133,3
7299,232158,8.053819375,20.0,1.66667,5.116274843764958,48,0.09244791666666667,1,high,971,351,3
73032,21212,14.444444444444445,30.0,1.66667,10.960788634947887,9,0.11904766666666666,1,high,972,314,3
73032,2191,16.244505384615387,140.0,1.42857,26.741988549492014,26,0.10384615384615385,1,high,972,331,3
73044,139953,7.21532,30.0,2.5,6.356898087523076,23,0.11036786086956522,1,high,973,187,3
73044,36387,8.124999807692308,20.0,2.0,3.939199890697169,52,0.10256414038461538,1,high,973,594,3
73044,38252,9.6133332,30.0,1.66667,6.205344350131265,25,0.07999998,1,high,973,617,3
73044,6915,8.002715385093168,70.0,0.384615,9.038169256279456,161,0.030604165217391305,1,high,973,917,3
73056,1304974,6.24999875,10.0,3.33333,3.1810463612440367,8,0.1,1,high,974,146,3
73056,8328,7.77929262,20.0,0.909091,4.521253569460842,50,0.059090886,1,high,974,1056,3
7315,319864,7.7721862625,40.0,0.277778,7.111217663785981,160,0.029366430625000002,1,high,975,501,3
7315,321988,18.360214516129034,100.0,2.5,26.777965851932546,31,0.17473114516129032,1,high,975,506,3
73178,2002,17.29166625,50.0,3.33333,17.501417555965443,8,0.2,1,high,976,293,3
73494,10572,7.232701491803279,40.0,0.909091,5.844924127996794,61,0.05844621639344262,1,high,980,36,3
73494,11248,5.423597139917696,30.0,0.333333,4.483704105106177,243,0.017031340987654322,1,high,980,86,3
73494,2598,6.310060256360078,70.0,0.32967,6.777252903558763,511,0.011356978277886497,1,high,980,408,3
73645,24909,7.856226538461538,30.0,1.42857,6.796426244260401,26,0.07013573076923077,1,high,981,380,3
73645,24942,11.738093181818181,30.0,3.33333,7.872194297459638,22,0.1704546409090909,1,high,981,382,3
73645,31748,10.106266317880795,150.0,0.263158,16.90209410444095,151,0.03186489139072848,1,high,981,499,3
73645,31994,6.993843638297872,20.0,0.909091,4.105588378845667,47,0.060556519148936165,1,high,981,502,3
73645,39993,6.110427767295597,50.0,0.188679,6.421386837778207,1113,0.006040035283018868,1,high,981,638,3
73645,484348,7.159069288461538,30.0,0.588235,5.4317168519024355,104,0.036896226923076925,1,high,981,731,3
73645,83395,6.946969545454545,20.0,2.0,4.209584301660379,22,0.10330576818181819,1,high,981,1060,3
7393,2447,7.454745885714286,70.0,0.666667,9.102124721938461,70,0.033004951428571426,1,high,984,375,3
7393,253182,7.701656544444445,70.0,0.434783,7.438679954538716,270,0.02494681333333333,1,high,984,391,3
7393,3322,5.9567179624217115,50.0,0.111111,5.963192484006335,479,0.011949234175365345,1,high,984,528,3
7393,33747,10.0,30.0,1.66667,7.316785668943332,12,0.128787825,1,high,984,538,3
7393,70618,8.126037052083333,35.0,0.833333,5.618562208994551,96,0.063368071875,1,high,984,941,3
7396,11253,11.206349047619048,30.0,2.5,7.264239982167373,21,0.0880952380952381,1,high,985,88,3
7396,6406,11.089743076923078,30.0,2.5,9.594707560767016,13,0.13846153846153847,1,high,985,859,3
7417,8691,7.233669231884058,70.0,0.5,12.09685385551818,69,0.044622457971014495,1,high,988,1091,3
7440,253337,6.9487169230769235,20.0,2.0,6.3458889983586815,13,0.09615386923076923,1,high,990,392,3
7440,6585,9.565283870967741,40.0,1.42857,8.93561853585103,31,0.07400377419354838,1,high,990,875,3
7440,69120,7.496591987179488,40.0,0.526316,6.804371045857245,78,0.03962703333333333,1,high,990,916,3
7440,7804,6.389554611842105,60.0,0.4,6.766656587047114,152,0.022274419078947366,1,high,990,1015,3
7441,703,7.484126666666667,20.0,1.42857,4.940500420671207,15,0.08888888,1,high,991,937,3
7454,11002,9.777950217391304,30.0,1.0,7.697161000302643,46,0.0833333956521739,1,high,992,71,3
7454,2193,9.349016096938776,50.0,0.833333,7.775233920720145,196,0.03642857142857143,1,high,992,332,3
7454,235496,8.701201351351353,30.0,1.11111,7.594290057418198,37,0.08903024324324324,1,high,992,359,3
7454,237159,10.425325783333333,70.0,0.769231,10.816428067137402,120,0.06060602833333333,1,high,992,367,3
7454,461016,8.07709434437086,30.0,0.555556,5.619015240050403,151,0.040219638410596024,1,high,992,715,3
7454,6581,9.522795981132075,40.0,0.909091,7.853915664947014,159,0.0461215786163522,1,high,992,873,3
7454,6932,9.81205659574468,50.0,1.0,9.564592133307933,47,0.07092192127659575,1,high,992,923,3
74667,5521,6.080952,10.0,1.42857,3.057127316536409,30,0.07999996000000001,1,high,993,772,3
74667,86009,13.857600961538461,30.0,1.42857,7.259675543066447,52,0.1903846153846154,1,high,993,1083,3
746741,8782,9.289215294117648,50.0,1.25,11.681319762465906,17,0.09803918235294118,1,high,994,1102,3
7512,1605101,13.097812933333332,50.0,0.909091,11.308139752170915,45,0.09074073333333332,1,high,996,225,3
7512,29046,12.259440275862069,245.0,0.322581,21.536358347444967,290,0.04146623082758621,1,high,996,459,3
7512,3322,10.05075306722689,50.0,0.454545,8.99176244083364,119,0.04106544537815126,1,high,996,528,3
7512,7597,10.999368691666666,55.0,0.625,9.236559503406072,120,0.049593459166666666,1,high,996,1003,3
7512,8308,9.741680594202899,50.0,0.909091,8.511414447677442,69,0.05900623913043478,1,high,996,1054,3
7514,1347,6.901494117647059,40.0,1.11111,6.7533805089918495,34,0.06501548235294118,1,high,997,158,3
7514,20610,6.530787757961783,50.0,0.5,6.149025050198283,157,0.028247050955414015,1,high,997,307,3
7514,26225,8.924536176470589,200.0,0.185185,20.48587190837739,187,0.021936835935828874,1,high,997,412,3
7514,3109,18.1971428,140.0,1.0,33.21005089949734,25,0.08000002,1,high,997,490,3
7514,36437,6.925321360189574,80.0,0.454545,10.2446248246194,211,0.020015229573459716,1,high,997,598,3
7514,37801,8.602813181818181,30.0,1.42857,7.687499084607542,22,0.11983467272727273,1,high,997,613,3
7514,5640,6.210066588235294,90.0,0.238095,8.315072909619277,374,0.014561706310160428,1,high,997,779,3
7514,8703,11.833332142857143,30.0,3.33333,6.367031629384908,28,0.14285729642857145,1,high,997,1093,3
7517,187832,6.943877142857143,15.0,1.0,3.768001842939961,28,0.051948025,1,high,998,257,3
7517,20610,8.284313529411763,40.0,2.5,8.74737383209022,17,0.09803915882352941,1,high,998,307,3
7517,3322,9.19047619047619,25.0,1.66667,6.052566929359829,42,0.07268167619047619,1,high,998,528,3
7517,3443,9.173076538461538,30.0,2.0,7.286590922378415,26,0.07264961538461538,1,high,998,558,3
7517,8134,7.355072173913044,20.0,2.5,4.895706661944596,23,0.09420291304347826,1,high,998,1040,3
7517,8339,8.939393636363636,20.0,3.33333,4.550502658437357,11,0.11818181818181818,1,high,998,1059,3
7531,10572,8.764583,30.0,2.0,6.3763412959109615,40,0.10357147,1,high,1000,36,3
7531,1886,7.199789819148936,30.0,0.434783,5.737277523952404,94,0.0330969085106383,1,high,1000,258,3
7531,42331,8.126377672413794,30.0,1.42857,5.054741602972547,116,0.06501437672413793,1,high,1000,670,3
75917,203219,6.911764411764706,20.0,1.66667,3.678639127296934,34,0.08039213529411764,1,high,1002,299,3
75917,6835,8.083333,20.0,2.5,5.152759400985607,10,0.11000000000000001,1,high,1002,904,3
7597,19860,9.96139914516129,50.0,0.769231,8.186797442009981,186,0.04838709677419355,1,high,1003,290,3
7597,25789,8.179864551724139,40.0,0.625,7.182100623327235,203,0.02900928325123153,1,high,1003,403,3
7597,4845,8.441015574074074,30.0,0.833333,6.248669542549195,162,0.04200538641975309,1,high,1003,732,3
7597,68091,9.639355735294117,30.0,1.11111,5.600273364927321,68,0.09466911764705882,1,high,1003,896,3
7617,21949,9.604962394366197,30.0,1.66667,6.054403976569326,71,0.09859154929577464,1,high,1004,334,3
7623,38413,8.343793939393938,20.0,1.25,5.896564828356602,33,0.10722606666666666,1,high,1005,622,3
7646,141366,6.456979552631579,30.0,0.555556,4.807430241125279,76,0.03602755263157895,1,high,1006,190,3
7646,1439816,6.999999333333333,10.0,1.66667,3.4040132243793537,15,0.10666666666666667,1,high,1006,201,3
7646,3041,7.773980360861759,130.0,0.126582,11.557087718896602,557,0.008704068222621184,1,high,1006,479,3
7646,7398,6.50512772972973,50.0,0.526316,8.018442841625426,37,0.04380245405405405,1,high,1006,986,3
7646,8375,5.2685127276422765,40.0,0.136986,5.914536455702037,492,0.005580039756097561,1,high,1006,1067,3
7676,4603,10.156198615384616,60.0,1.0,10.54587049529813,65,0.08097164923076923,1,high,1007,713,3
7688,10763,6.833333333333333,20.0,1.66667,4.525237808361383,21,0.11688307619047619,1,high,1008,51,3
7688,2670,6.96336984375,30.0,1.0,4.924562067365795,64,0.053240710937500005,1,high,1008,420,3
7688,4179,9.973639285714286,20.0,1.42857,6.049623325557782,28,0.08035714285714286,1,high,1008,666,3
7688,719872,8.416666428571428,20.0,1.66667,6.003115434050257,14,0.0879120857142857,1,high,1008,949,3
7715,88249,8.936089514084506,50.0,0.625,6.527018693224436,142,0.05133432957746479,1,high,1010,1108,3
77492,1242999,6.936656314814814,20.0,0.909091,4.598436739689581,54,0.05283225925925926,1,high,1011,130,3
77492,1256,5.761312810572687,40.0,0.27027,4.932483928217079,227,0.01847524845814978,1,high,1011,134,3
77492,25037,9.689582386138614,40.0,0.909091,7.531179608191564,101,0.07380737821782178,1,high,1011,385,3
77492,3002,6.468210671428571,40.0,0.192308,5.267304458684756,280,0.014695189249999999,1,high,1011,471,3
77492,42331,6.57265046875,30.0,0.47619,5.747065237183551,160,0.026616395625,1,high,1011,670,3
77492,637366,7.319444166666667,10.0,2.0,3.4174676161462507,12,0.10000000000000002,1,high,1011,854,3
77655,18993,15.165593426666668,70.0,0.769231,13.29835272176883,225,0.06521963955555556,1,high,1012,265,3
77655,194881,7.135713228070176,60.0,0.769231,9.09265947520284,57,0.050505012280701755,1,high,1012,281,3
77655,2356,9.904511033898304,40.0,0.909091,7.2945801067524805,118,0.07050847457627119,1,high,1012,360,3
77655,321208,8.061747051020408,30.0,0.588235,6.215922550476516,98,0.041383240816326536,1,high,1012,504,3
77655,4462,8.233333,20.0,2.0,4.988800131390278,30,0.12000000000000001,1,high,1012,701,3
77655,8328,9.819010141843972,50.0,1.0,8.280519768611663,141,0.05740248226950355,1,high,1012,1056,3
77655,8787,8.511573271551724,80.0,0.394737,9.58949480248175,464,0.016815845969827586,1,high,1012,1104,3
7781,232158,7.493721075630252,30.0,0.666667,5.03958525964165,119,0.036227804201680675,1,high,1014,351,3
7781,6851,5.686251415094339,40.0,0.285714,5.676782172758457,265,0.01473955328301887,1,high,1014,910,3
7781,90176,8.921503954545454,50.0,0.909091,9.473255538395486,66,0.0714285696969697,1,high,1014,1115,3
7781,9863,6.066125294117647,20.0,0.555556,4.410853172001934,102,0.0364145568627451,1,high,1014,1133,3
7781,9899,6.251674693333333,20.0,0.666667,4.224171543292028,75,0.03625,1,high,1014,1135,3
7804,1244014,5.267007459558823,80.0,0.204082,6.088357859557667,544,0.009589458639705882,1,high,1015,132,3
7804,15996,6.203057382889201,50.0,0.185185,6.518345542735289,1426,0.005184765018934081,1,high,1015,223,3
7804,19257,8.992421150442478,30.0,1.11111,6.192507438701159,113,0.05854323982300885,1,high,1015,274,3
7804,28908,6.70144143739566,90.0,0.1,10.449547228717707,599,0.007062328697829716,1,high,1015,458,3
7804,3109,6.458781153191489,60.0,0.5,6.425476905415071,235,0.018231116255319146,1,high,1015,490,3
7804,328134,5.510461054455446,90.0,0.224719,8.961864392885824,202,0.015029335841584158,1,high,1015,520,3
7804,354770,5.940993769784172,45.0,0.232558,5.611962681297203,417,0.01286041247002398,1,high,1015,570,3
7804,3616,9.464933469387756,40.0,2.0,6.39211831277404,98,0.08163258979591836,1,high,1015,589,3
7804,4077,7.5385792682926835,30.0,1.25,4.7072083020312325,123,0.04250871463414634,1,high,1015,648,3
7804,4094,7.837718947368422,20.0,2.0,3.882951302441739,38,0.10765548157894739,1,high,1015,653,3
7804,6915,6.624886837275308,300.0,0.111111,9.65570395484109,2114,0.0036779430794701986,1,high,1015,917,3
7804,7646,5.6403653820224715,120.0,0.123457,6.928155860958481,3115,0.0023523262176565005,1,high,1015,1006,3
7804,8183,7.395522253731343,70.0,0.25,8.749894987725982,804,0.008876635597014926,1,high,1015,1045,3
7806,83008,8.26923,20.0,2.5,4.792712561439851,13,0.1076923076923077,1,high,1016,1053,3
7806,8787,6.257606369318182,20.0,0.714286,4.624550863279705,176,0.025072130113636362,1,high,1016,1104,3
7812,11253,7.398285824175824,30.0,0.625,6.297864978080723,91,0.04828503296703297,1,high,1017,88,3
7814,59078,8.003122295081967,30.0,2.0,4.9550829213015835,61,0.09250587213114754,1,high,1018,798,3
7814,8640,7.181948454022988,60.0,0.714286,6.514522589452943,174,0.0287356408045977,1,high,1018,1089,3
7821,3640,17.5,40.0,10.0,15.0,4,0.145833225,1,high,1019,596,3
7833,4127,7.953007368421052,50.0,1.25,10.739189666374502,19,0.07602342105263157,1,high,1021,662,3
78484,281,9.62938639473684,30.0,0.833333,6.6846813708733706,38,0.05476526052631579,1,high,1022,440,3
787390,281,6.5572912500000005,10.0,1.25,3.6725611515723378,16,0.0833333,1,high,1023,440,3
787390,342369,5.907489583333334,20.0,1.0,3.7447393325508007,48,0.06901041666666667,1,high,1023,553,3
787390,4018,7.534391111111112,20.0,1.42857,4.780423801221726,27,0.10437708518518518,1,high,1023,643,3
7880,6470,9.69382711111111,50.0,2.0,9.964179934260345,45,0.10123461777777777,1,high,1024,866,3
78904,10582,6.984126,10.0,1.42857,3.431106943854792,15,0.0833333,1,high,1025,37,3
7895,36676,24.646097634920633,200.0,0.909091,43.90093927544771,63,0.14285713015873014,1,high,1027,603,3
7895,82122,12.846847567567567,60.0,2.0,11.723037441730895,37,0.17936111081081083,1,high,1027,1049,3
797195,9997,6.0187210161290325,20.0,0.625,3.8903267373256583,62,0.04354837096774194,1,high,1029,1142,3
7980,2670,9.231682133333333,66.6667,0.555556,11.709167025637504,45,0.051111111111111114,1,high,1030,420,3
7980,4511,6.870364847826087,30.0,0.714286,5.34483371781227,46,0.051529756521739134,1,high,1030,711,3
7984,1369713,6.67328,20.0,1.25,4.5745871637766395,21,0.07738095238095238,1,high,1031,176,3
7984,358258,11.408482213675214,40.0,0.714286,7.967934781648724,117,0.05811964358974359,1,high,1031,581,3
7984,40254,7.742414936708862,30.0,1.11111,5.17817533669002,79,0.04860759493670886,1,high,1031,645,3
7984,435,11.282247302180686,50.0,0.27027,9.653173776130428,321,0.03412842211838006,1,high,1031,690,3
7984,6218,8.333332692307692,30.0,1.25,6.621556211848425,26,0.09728505769230769,1,high,1031,844,3
7984,703,9.275776032258063,40.0,0.909091,7.795572484150481,93,0.06317206559139785,1,high,1031,937,3
7994,119771,9.892857142857142,20.0,2.0,4.8847235382036125,28,0.09438775,1,high,1032,118,3
7994,4337,9.072727626086957,40.0,0.666667,6.772328776916738,115,0.052445652173913046,1,high,1032,689,3
7994,435,7.328060411392404,30.0,0.869565,5.9017520803499215,158,0.0282034417721519,1,high,1032,690,3
7994,51428,8.520530869565217,20.0,1.11111,5.587809465236832,46,0.07246380434782608,1,high,1032,750,3
7994,6387,7.222221428571428,10.0,3.33333,3.042904162267168,21,0.08163265714285714,1,high,1032,856,3
7994,68099,8.54166625,20.0,2.5,4.004925842457696,32,0.10511362187500001,1,high,1032,898,3
7994,82122,8.794201333333332,100.0,0.27027,11.1318742283951,141,0.031055219858156027,1,high,1032,1049,3
8001,324072,10.271062307692308,20.0,2.85714,4.97641408544706,13,0.16153846153846155,1,high,1033,508,3
8013,11246,6.793911643678162,30.0,0.588235,6.2325163409013475,87,0.042044786206896556,1,high,1034,85,3
8013,3322,7.450256107438017,30.0,0.625,5.300483533604064,121,0.043509983471074376,1,high,1034,528,3
8013,6676,8.598016166666667,30.0,1.42857,5.523951719596597,60,0.09555551833333334,1,high,1034,879,3
8013,69120,5.828034177304965,30.0,0.5,4.613367093940776,141,0.023425731914893617,1,high,1034,916,3
8013,6915,8.148976725663717,60.0,1.11111,7.48795778457132,113,0.044508087610619466,1,high,1034,917,3
8091,6918,6.713505896296296,40.0,0.47619,6.073162954181099,135,0.022013551851851852,1,high,1036,919,3
8120,3361,9.483065542168674,40.0,1.11111,7.681291294926168,166,0.05035525180722891,1,high,1037,532,3
8120,3638,14.840578840579711,40.0,1.66667,9.212072776265577,69,0.14803308405797103,1,high,1037,593,3
8134,6468,7.567569394736842,40.0,0.833333,5.791259178484165,76,0.05578947368421053,1,high,1040,865,3
8134,73032,11.666666153846155,50.0,1.66667,12.963624643165675,13,0.09615384615384616,1,high,1040,972,3
8150,1749,8.533441525,40.0,0.909091,6.940373007046797,40,0.0666666125,1,high,1041,240,3
8150,60548,7.463053844827586,30.0,0.833333,5.244517101889466,58,0.06810344827586207,1,high,1041,821,3
8163,108118,7.6911108,20.0,1.0,4.08867991518665,75,0.064561408,1,high,1042,57,3
8163,11170,11.167724222222223,70.0,1.0,12.750641227230515,90,0.06984129333333333,1,high,1042,82,3
8163,1244014,7.252975625,20.0,1.42857,4.017184301698454,32,0.104166703125,1,high,1042,132,3
8163,298665,8.818181818181818,20.0,1.66667,6.422812790469326,11,0.06951868181818183,1,high,1042,465,3
816346,7646,8.465495008356546,210.0,0.294118,16.373772494382944,359,0.01774183320334262,1,high,1043,1006,3
8183,10432,9.194220641025641,50.0,0.238095,9.020233516089629,234,0.03063601324786325,1,high,1045,25,3
8183,25480,5.861542161527166,210.0,0.175439,8.928145809302974,1362,0.004588672393538913,1,high,1045,395,3
8183,318341,7.162733170731707,20.0,1.25,5.252433619796371,41,0.054409,1,high,1045,500,3
8183,4452,10.370769433962264,50.0,1.0,10.508585932436283,53,0.06168361132075472,1,high,1045,699,3
8183,598,8.4375,20.0,2.5,5.966798016644151,8,0.0749999875,1,high,1045,811,3
8183,6582,6.814066725085911,70.0,0.3125,7.544517094849545,291,0.014653430240549829,1,high,1045,874,3
8183,83008,7.484660961538461,20.0,1.25,3.813443233922597,52,0.07805427884615385,1,high,1045,1053,3
819300,9899,6.6844244,20.0,0.714286,4.70958917439423,40,0.032857125,1,high,1046,1135,3
8196,274783,6.647618333333333,20.0,1.0,4.90595155945629,30,0.052173939999999995,1,high,1047,429,3
8196,29170,12.12121181818182,40.0,1.66667,10.123137353609936,33,0.06526809696969697,1,high,1047,460,3
82003,1364347,6.47027957480315,20.0,0.769231,4.551279287428914,127,0.031341644881889764,1,high,1048,172,3
82003,318341,6.939340965517242,140.0,0.113636,11.313045600158308,232,0.015860157844827586,1,high,1048,500,3
82003,495881,8.458173424603174,60.0,0.181818,9.558225288929357,252,0.023653902936507938,1,high,1048,741,3
82122,37925,10.587099448598131,60.0,0.769231,9.078727271189292,107,0.08037383177570093,1,high,1049,615,3
82122,6926,10.138504576271187,80.0,1.42857,9.54001705192169,118,0.0624697313559322,1,high,1049,921,3
8263,6918,8.42625625,20.0,1.0,6.209627188015196,24,0.10576918750000001,1,high,1050,919,3
828529,26225,8.58570417721519,70.0,0.434783,9.03040035791411,237,0.02921128016877637,1,high,1052,412,3
828529,8640,9.536657685567011,90.0,0.416667,12.114413427633975,194,0.02865174536082474,1,high,1052,1089,3
8332,77492,9.819047428571428,40.0,1.66667,8.387702306098229,35,0.09523811142857143,1,high,1057,1011,3
83367,3109,5.462277909090909,30.0,0.344828,4.852800304854321,253,0.014211813043478261,1,high,1058,490,3
83367,357977,5.228220940345369,50.0,0.11236,5.948264441965955,637,0.007087200376766091,1,high,1058,578,3
83367,8640,4.975469996367239,110.0,0.116959,5.903859126402081,3028,0.0019659975554821665,1,medium,1058,1089,2
8339,1998,9.987361933962264,40.0,0.588235,7.330100353035211,106,0.04911211981132075,1,high,1059,292,3
8339,2599,7.473515245967742,40.0,0.238095,6.414121842278199,248,0.02503749758064516,1,high,1059,409,3
8339,28894,9.772727272727273,20.0,1.66667,7.208125248354237,11,0.11570243636363636,1,high,1059,456,3
8339,325887,10.159990588235294,130.0,0.166667,15.212145316422282,357,0.013117699607843139,1,high,1059,513,3
8339,495881,7.15,10.0,1.66667,3.090212714342527,20,0.092307685,1,high,1059,741,3
8339,83367,6.464524372294372,110.0,0.169492,8.202783631951462,462,0.011043879437229438,1,high,1059,1058,3
8339,9949,7.696078235294117,20.0,1.66667,4.502405073976068,17,0.07058824705882352,1,high,1059,1140,3
83515,17128,5.4890339824561405,20.0,0.666667,3.8007600247900726,57,0.04731523157894737,1,high,1062,236,3
8375,6135,9.75444888888889,30.0,1.42857,9.302623416058434,18,0.1111111111111111,1,high,1067,830,3
83818,3407,6.796495338251986,200.0,0.215054,10.827403157879687,881,0.006765782440408626,1,high,1068,548,3
83818,6448,8.814490910714285,40.0,0.909091,7.538512628456932,56,0.0739795375,1,high,1068,863,3
83929,10826,7.666666000000001,10.0,3.33333,3.0631229928192205,10,0.09999996,1,high,1069,61,3
83929,3407,10.8305552,60.0,1.11111,9.570836965343451,50,0.071578916,1,high,1069,548,3
83929,7407,8.283333,20.0,2.0,6.751337587635752,10,0.075,1,high,1069,987,3
8410,10594,8.397436153846154,20.0,2.5,4.415638378119934,13,0.10769225384615384,1,high,1070,39,3
8410,2191,10.227777666666666,40.0,1.66667,8.519808332601547,30,0.09523809333333334,1,high,1070,331,3
84108,2356,8.256068529411763,30.0,1.11111,6.445988005239517,34,0.06965944117647059,1,high,1071,360,3
84108,2623,6.5632386419753095,20.0,1.17647,4.56867774253004,81,0.037785241975308644,1,high,1071,413,3
84108,32937,6.31235172,100.0,0.120482,7.767175406484087,700,0.008773672514285714,1,high,1071,525,3
84108,5553,7.474287316666667,110.0,0.30303,8.724728495060038,360,0.017513793333333333,1,high,1071,776,3
84108,6845,7.237177468181819,30.0,0.526316,5.636499770172019,220,0.026818170454545456,1,high,1071,907,3
84108,7824,8.319047428571428,20.0,2.0,4.274940932425331,35,0.11948047428571429,1,high,1071,1020,3
847083,10689,5.097134376146789,40.0,0.277778,6.168905010465669,109,0.0166462,1,high,1072,44,3
84857,105694,11.956074183246074,150.0,0.238095,13.682548048249053,382,0.028901561518324608,1,high,1073,35,3
84857,1307404,6.543380507692308,20.0,0.769231,3.7775314996801033,65,0.05527062307692308,1,high,1073,149,3
84857,237159,7.618441586956521,30.0,0.526316,5.395642956297649,184,0.033514484239130435,1,high,1073,367,3
84857,6876,8.994151929824561,30.0,2.0,5.521716940443448,57,0.11961718421052632,1,high,1073,912,3
84857,69120,5.265173339366516,60.0,0.277778,6.034855719925358,442,0.009255444524886879,1,high,1073,916,3
8514,20610,8.101851666666667,20.0,1.66667,4.694990815944473,18,0.08518515555555556,1,high,1074,307,3
8536,325887,10.693854056179775,80.0,0.4,12.518661319494717,89,0.03932584157303371,1,high,1076,513,3
854974,1202,7.128571142857143,10.0,2.0,3.27649758220014,35,0.09350649714285715,1,high,1077,119,3
85762,6901,7.993491566666666,40.0,0.625,7.9024519854414015,60,0.04583335333333333,1,high,1078,914,3
85762,86009,6.921914547169811,20.0,0.909091,5.01265950634772,53,0.05811320754716981,1,high,1078,1083,3
857974,11253,5.161825238683128,50.0,0.363636,5.319766365238548,243,0.015256448888888888,1,high,1079,88,3
857974,274783,4.494293438596491,50.0,0.169492,5.526612518003852,342,0.009119759912280702,1,medium,1079,429,2
857974,5553,7.7631578947368425,20.0,2.5,4.02588698511214,19,0.10087723684210526,1,high,1079,776,3
8588,301542,4.577340022170362,40.0,0.238095,4.785061012615462,857,0.005775410863477246,1,medium,1080,476,2
8588,6873,8.570175263157894,30.0,1.66667,5.547499548781963,57,0.09649122807017543,1,high,1080,911,3
8588,6926,8.7094949,20.0,1.66667,4.353136668601646,100,0.085555584,1,high,1080,921,3
8591,337523,6.445595806451613,20.0,1.11111,4.855888888063491,31,0.060117303225806454,1,high,1082,539,3
8611,9143,6.520265613861386,20.0,0.588235,4.962892546109385,101,0.03276753663366337,1,high,1084,1118,3
861634,4460,10.060645,70.0,1.11111,11.24015365907656,46,0.05233490434782609,1,high,1085,700,3
8627,15996,7.634401434782609,70.0,0.344828,10.677651738951585,92,0.027717420652173915,1,high,1086,223,3
8627,82819,7.107142857142857,20.0,1.66667,5.034329559611272,14,0.09340658571428571,1,high,1086,1051,3
8629,10355,7.560220947916666,40.0,0.625,6.098753587344803,96,0.03582313958333334,1,high,1087,14,3
8629,3008,7.876661885416667,40.0,0.526316,6.020829005915251,96,0.03070178229166667,1,high,1087,472,3
8629,41127,8.721861363636364,30.0,1.42857,6.129166159801341,44,0.09517045454545454,1,high,1087,658,3
8629,8183,6.767451895833333,20.0,0.909091,4.346312748847686,48,0.05397724583333333,1,high,1087,1045,3
8629,9899,8.019898695652174,40.0,1.11111,6.765634301021275,69,0.05923128115942029,1,high,1087,1135,3
8638,1011,7.792903063829788,150.0,0.25641,15.240458547977672,141,0.0198430695035461,1,high,1088,3,3
8638,2186,7.813675956937799,50.0,0.196078,7.76035687221525,209,0.020933031578947367,1,high,1088,328,3
8638,22696,6.934959341463414,20.0,0.833333,4.49148548212201,41,0.060975590243902436,1,high,1088,341,3
8638,2286,4.722221666666667,10.0,2.5,2.8218725723917206,6,0.10000000000000002,1,medium,1088,345,2
8638,2626,13.202626304545456,175.0,0.15625,28.13065031119408,220,0.03392130840909091,1,high,1088,415,3
8638,287637,7.474989775862069,70.0,0.4,7.940726235149124,174,0.018786321839080463,1,high,1088,453,3
8638,358255,6.473101529661017,80.0,0.126582,9.277629760561524,236,0.014341589745762712,1,high,1088,579,3
8640,135391,7.356658428915663,70.0,0.625,7.720872887872427,415,0.018878274457831325,1,high,1089,162,3
8640,203219,7.416666363636364,20.0,2.5,4.239132192564154,22,0.10743799090909091,1,high,1089,299,3
8640,30125,7.380447419178082,70.0,0.434783,7.616698198351058,730,0.011540055561643834,1,high,1089,473,3
8640,3523,5.762862046116505,40.0,0.232558,5.570934907196653,412,0.012745705000000001,1,high,1089,566,3
8640,69120,4.840119294421003,110.0,0.104167,7.068651076278135,2133,0.002603598361931552,1,medium,1089,916,2
8640,8410,9.413622421768707,40.0,0.833333,7.39205253359289,147,0.049188889795918365,1,high,1089,1070,3
8686,25480,7.506802597402598,20.0,0.666667,4.363210794489926,77,0.06154718701298701,1,high,1090,395,3
8686,2670,7.1174599999999995,10.0,1.42857,3.7299784407630483,15,0.10666666666666667,1,high,1090,420,3
8686,596,10.6555734921875,40.0,0.666667,8.003376649635264,128,0.05813419140625,1,high,1090,804,3
8702,6470,10.804597586206896,30.0,1.66667,7.245971795833312,29,0.10610076551724137,1,high,1092,866,3
8703,221166,6.677572392857142,30.0,0.714286,5.317413253634473,84,0.036967428571428575,1,high,1093,336,3
8703,2551,7.308737985386221,90.0,0.212766,7.60833884796412,479,0.01613656096033403,1,high,1093,398,3
8703,33767,8.095237857142857,20.0,1.66667,4.5748078540879575,28,0.08516483928571428,1,high,1093,542,3
8703,42612,7.2043006451612905,10.0,1.66667,3.224245916858633,31,0.09384164516129033,1,high,1093,678,3
8703,595060,7.3265667,20.0,0.769231,5.045115251178675,30,0.034285703333333334,1,high,1093,802,3
8703,6185,5.428447309859155,50.0,0.555556,5.584494347722861,142,0.021757418309859153,1,high,1093,839,3
8703,6873,7.894736842105263,20.0,1.66667,4.395287433653676,19,0.09210526842105264,1,high,1093,911,3
8703,703,6.5199273264540345,80.0,0.2,8.29549669040044,533,0.010180432983114445,1,high,1093,937,3
8704,21406,7.521693009708738,20.0,1.42857,4.372241529832252,103,0.05025701747572815,1,high,1094,317,3
8704,41493,8.897432588353414,70.0,0.277778,9.043186252782814,498,0.015871398032128513,1,high,1094,664,3
8704,9002,8.928571714285713,40.0,1.66667,6.831573745236367,35,0.08571427428571428,1,high,1094,1114,3
8718,2403,9.607003803571429,60.0,0.47619,11.592582842927989,168,0.025925910714285717,1,high,1095,371,3
8745,24698,8.869950227272726,50.0,1.25,8.701008505142667,44,0.059561138636363635,1,high,1098,378,3
8745,384455,10.576923076923077,20.0,2.5,6.003323070745047,13,0.13286706923076924,1,high,1098,623,3
8745,4450,8.574022759768452,170.0,0.147059,10.003410903927852,1382,0.007634178263386397,1,high,1098,698,3
8745,448,6.06969656302521,50.0,0.333333,7.72796007727685,119,0.01859150806722689,1,high,1098,702,3
87636,10759,7.243278557655954,60.0,0.192308,7.191508644375035,1058,0.007803836058601134,1,high,1099,50,3
87636,236344,8.3833335,30.0,1.66667,6.1139519273210166,20,0.118181775,1,high,1099,362,3
87636,356887,5.680965751091703,70.0,0.263158,6.880159551517484,229,0.01691680593886463,1,high,1099,575,3
87636,42331,8.021724104294478,60.0,0.5,7.72521639312562,326,0.024735678834355828,1,high,1099,670,3
87636,495881,8.17820687368421,40.0,0.833333,7.854756847653231,95,0.0365199,1,high,1099,741,3
87636,62372,9.309895625,20.0,1.25,4.8828222471230305,32,0.13125,1,high,1099,847,3
87636,8132,5.833333333333333,10.0,1.66667,3.3333331250004106,9,0.0833333,1,high,1099,1039,3
8770,12062,10.0617559375,50.0,1.25,10.890470897798343,32,0.100694475,1,high,1100,121,3
877015,8704,8.571428571428571,20.0,1.66667,5.655990880909928,14,0.1285714285714286,1,high,1101,1094,3
8782,187832,8.849862158249158,50.0,0.588235,7.336012814325817,297,0.0260475265993266,1,high,1102,257,3
8782,27169,32.855554233333336,220.0,0.666667,46.808789401642194,30,0.13030299333333334,1,high,1102,424,3
8782,6901,17.807017368421054,80.0,3.33333,19.36334395659198,19,0.11670488947368422,1,high,1102,914,3
8785,140108,11.427536521739132,30.0,2.0,7.599645284177657,23,0.12681169130434783,1,high,1103,188,3
8785,19484,6.855520524822695,20.0,0.322581,5.37364816107869,282,0.02302829645390071,1,high,1103,280,3
8785,2670,7.295527823529412,95.0,0.294118,9.258283499523595,765,0.00978823662745098,1,high,1103,420,3
8785,5521,6.165305427118644,50.0,0.30303,5.83432422380093,590,0.010169485203389832,1,high,1103,772,3
8785,9997,10.415487843358397,145.0,0.306748,12.775313976517031,798,0.014672275162907268,1,high,1103,1142,3
8787,6926,7.42328,20.0,1.42857,4.8467236586751605,27,0.05996467777777778,1,high,1104,921,3
88014,3626,13.284313529411765,70.0,1.66667,16.272608855323007,17,0.15546215294117646,1,high,1105,590,3
880350,25480,6.001814575757575,10.0,0.909091,3.6422154705891665,33,0.05339101212121212,1,high,1106,395,3
88249,1251,9.818840434782608,20.0,2.5,4.793438861141795,23,0.07416878260869565,1,high,1108,133,3
88249,228783,7.8555379756097565,30.0,0.769231,4.936206754525022,82,0.06044542926829268,1,high,1108,346,3
88249,274964,5.884456427835051,90.0,0.192308,8.56233530049539,582,0.008549463470790377,1,high,1108,431,3
88249,588250,6.739138185897436,40.0,0.714286,5.871121372106938,156,0.031105490384615384,1,high,1108,797,3
88249,61148,5.414994584474886,60.0,0.16129,6.60122239818999,219,0.013387997716894976,1,high,1108,826,3
88249,69120,3.8252776294471813,44.2857,0.104167,4.916383819710313,1827,0.002534816144499179,1,medium,1108,916,2
8896,18603,5.648497025751073,30.0,0.27027,4.440640026034043,233,0.021647865665236053,1,high,1109,252,3
8896,187832,6.625508795964126,50.0,0.526316,5.813701439951862,446,0.015028089170403587,1,high,1109,257,3
8896,28908,6.7156858823529415,10.0,1.66667,3.3133595937338645,17,0.0714286,1,high,1109,458,3
8896,36437,6.8202654515625,50.0,0.188679,6.809172379099964,640,0.011322026171875,1,high,1109,598,3
8896,4301,6.739177045454546,15.0,1.42857,3.502047001772813,44,0.06698566363636363,1,high,1109,686,3
8896,72257,9.626983323076923,30.0,0.833333,7.386368496625643,65,0.07224084307692308,1,high,1109,955,3
8896,8785,7.743164559139785,70.0,0.307692,7.065482248424433,465,0.017246465053763437,1,high,1109,1103,3
8896,9344,9.487466837398374,40.0,0.909091,8.285916013265783,123,0.05110336422764228,1,high,1109,1120,3
89013,253337,7.547618461538462,20.0,2.0,3.9064203196239977,39,0.09188034615384616,1,high,1110,392,3
89013,60842,7.7266664,25.0,2.0,5.9494166875605545,25,0.066666612,1,high,1110,825,3
89013,6135,6.909195775510204,30.0,0.588235,4.687568311625795,98,0.03940889591836735,1,high,1110,830,3
89013,6754,8.49248305882353,45.0,1.11111,6.658849989195729,85,0.05565610235294118,1,high,1110,891,3
89013,700810,5.590675019762846,70.0,0.25641,7.196795043602274,253,0.012808861976284586,1,high,1110,934,3
8928,4845,7.796450673076923,50.0,0.384615,7.4604978867508756,208,0.029726422115384617,1,high,1111,732,3
8928,6873,9.293103448275861,40.0,1.66667,8.225933508613075,29,0.12068966551724138,1,high,1111,911,3
8928,75917,7.748221342105263,50.0,0.769231,6.932697501793488,76,0.04956138289473684,1,high,1111,1002,3
8928,8787,7.267637637168142,20.0,0.833333,4.39945629394805,113,0.04596061327433628,1,high,1111,1104,3
897018,11416,7.2614937931034484,20.0,1.66667,5.163772906986168,29,0.09051724137931035,1,high,1112,96,3
9000,2551,9.210591034482759,30.0,1.66667,5.8065407045327255,58,0.10875328103448276,1,high,1113,398,3
9002,56946,7.728261304347826,20.0,1.25,5.563692856016916,23,0.0709382,1,high,1114,786,3
9002,70561,9.521724749999999,70.0,0.909091,11.510339268352269,36,0.068287075,1,high,1114,940,3
90176,1236136,5.97770728,30.0,0.666667,4.627791324109778,75,0.041666666666666664,1,high,1115,128,3
9068,20352,11.589559862068965,40.0,1.66667,7.792545518461411,145,0.08224770896551725,1,high,1116,301,3
9143,1243041,7.222221666666667,10.0,3.33333,3.1031652896384143,6,0.10000000000000002,1,high,1118,131,3
9143,232158,10.58961921362229,130.0,0.166667,13.022737176963712,1292,0.01015006100619195,1,high,1118,351,3
9143,2837,8.863635454545454,30.0,2.5,8.064607234607726,11,0.12121212727272726,1,high,1118,444,3
9143,3523,5.753457255434783,50.0,0.277778,5.8138398216610225,184,0.01764905489130435,1,high,1118,566,3
9143,4126,8.358784827586208,30.0,2.0,4.905027396761387,58,0.10459764827586207,1,high,1118,661,3
9143,596554,6.533333000000001,20.0,2.0,4.377173902008248,20,0.071875,1,high,1118,807,3
9143,6963,8.7373092,30.0,0.714286,5.869757339339334,105,0.05267857142857143,1,high,1118,925,3
9143,8814,8.850269565656566,40.0,0.714286,7.6800996550008165,99,0.04401152929292929,1,high,1118,1107,3
91516,11256,7.042565254237288,20.0,1.0,5.04862490346641,59,0.05266345423728813,1,high,1119,89,3
9344,120608,2.4799566455790787,284.667,0.1,8.220314704781797,4015,0.0010873629913325032,1,medium,1120,120,2
9344,1368001,12.224023181818183,40.0,1.0,12.258480383004981,22,0.08441560909090909,1,high,1120,174,3
9344,17128,4.977654525065963,240.0,0.103093,10.91288559611927,758,0.005751404762532982,1,medium,1120,236,2
9344,2180,7.683459999999999,30.0,1.0,5.5971885807745245,56,0.06845241428571429,1,high,1120,327,3
9344,8928,10.1617825,60.0,1.0,9.749981630297203,80,0.064999975,1,high,1120,1111,3
9344,9384,7.999999705882353,20.0,2.0,3.895737478969986,34,0.09049773529411764,1,high,1120,1122,3
9344,9947,8.051281923076923,20.0,1.66667,4.030652000448582,26,0.1121795,1,high,1120,1139,3
9346,187832,8.142473225806452,20.0,1.66667,3.6590320542564143,31,0.13782987741935485,1,high,1121,257,3
9346,3264,7.086734642857143,10.0,1.42857,3.351169330862689,28,0.08163267857142856,1,high,1121,516,3
9384,8375,7.42738074,30.0,0.666667,6.532084928275575,50,0.044242408,1,high,1122,1067,3
9524,237159,8.75,10.0,3.33333,2.3703773726752684,12,0.10833333333333334,1,high,1124,367,3
9524,2623,8.392857,10.0,2.5,2.918744111055662,20,0.10500000000000001,1,high,1124,413,3
9524,46041,5.401078279699248,50.0,0.127389,5.894055871394388,665,0.006486363714285715,1,high,1124,714,3
9524,83367,4.703761514754098,80.0,0.2,6.556472663542063,610,0.006154020540983607,1,medium,1124,1058,2
9525,342369,9.444444444444445,10.0,5.0,1.6666666666666665,9,0.1111111111111111,1,high,1125,553,3
9525,82003,7.438491666666667,20.0,1.42857,5.303755117692702,12,0.07738096666666666,1,high,1125,1048,3
9639,36567,6.641690880597015,40.0,0.357143,5.298980824333734,134,0.02873135970149254,1,high,1127,602,3
9639,40001,6.617647058823529,15.0,1.66667,3.902796765125243,17,0.07843138235294117,1,high,1127,640,3
9639,42347,7.2604702452830185,40.0,0.714286,7.3119599991273905,53,0.049170924528301886,1,high,1127,671,3
9639,72143,9.272728181818183,20.0,2.0,5.843929323614066,11,0.14545454545454548,1,high,1127,952,3
9639,8351,7.611111333333333,10.0,2.5,2.832399673431566,15,0.11333333333333334,1,high,1127,1061,3
974779,26237,9.22634852,30.0,0.833333,7.573343391803127,25,0.043428572,1,high,1129,414,3
9793,15996,8.7249998,20.0,1.25,4.993200006507826,50,0.124,1,high,1130,223,3
9873,1202,6.802997777777778,20.0,1.11111,3.9731992648522203,45,0.09230768222222221,1,high,1134,119,3
9899,5552,8.102563846153846,10.0,2.0,3.050151054127042,13,0.0833333,1,high,1135,775,3
99,5640,17.305554166666667,70.0,2.0,18.778884960785522,24,0.21874995,1,high,1136,779,3
99,9863,11.303030000000001,50.0,2.0,8.718341280199533,33,0.1212120606060606,1,high,1136,1133,3
9945,214824,8.099082623188405,40.0,0.769231,5.9358457013359125,69,0.05152976231884058,1,high,1138,323,3
997261,3407,9.735420612244898,40.0,1.25,7.98571413376605,49,0.09285714285714286,1,high,1141,548,3
9997,17305,8.537215644444444,40.0,0.769231,7.188362410202334,45,0.05111108888888889,1,high,1142,238,3
9997,2709,8.99425275862069,20.0,1.66667,4.162970560163137,29,0.08374384137931035,1,high,1142,423,3
9997,31448,8.095039470873786,50.0,0.5,6.617584337653743,206,0.03531313398058253,1,high,1142,493,3
9997,33910,6.56865976744186,20.0,1.42857,4.081786282663562,43,0.08944543488372093,1,high,1142,545,3
9997,3523,6.387799911627908,40.0,0.181818,6.366880578636733,215,0.01727029265116279,1,high,1142,566,3
9997,36676,6.902966727598566,50.0,0.47619,6.48240804921355,279,0.020229642293906808,1,high,1142,603,3
9997,38685,10.950617407407409,40.0,1.66667,8.130061040542728,27,0.13131306296296297,1,high,1142,626,3
9997,5781,7.124430560137457,55.0,0.625,6.944151090249972,291,0.021610535395189003,1,high,1142,791,3
9997,595060,7.413507503816794,110.0,0.25641,11.803334784882686,131,0.022705020610687025,1,high,1142,802,3
9997,8351,7.797618636363636,30.0,1.25,6.036026675488772,44,0.07486630681818182,1,high,1142,1061,3
9997,8782,7.707317253333333,60.0,0.169492,7.564864306667005,225,0.0233231288,1,high,1142,1102,3
16817,4018,0.0,0.0,0.0,0.0,0,0.0,0,none,234,643,0
1116632,9344,0.0,0.0,0.0,0.0,0,0.0,0,none,81,1120,0
42612,10432,0.0,0.0,0.0,0.0,0,0.0,0,none,678,25,0
167,197,0.0,0.0,0.0,0.0,0,0.0,0,none,232,286,0
1363352,1605101,0.0,0.0,0.0,0.0,0,0.0,0,none,169,225,0
8638,60548,0.0,0.0,0.0,0.0,0,0.0,0,none,1088,821,0
321988,6135,0.0,0.0,0.0,0.0,0,0.0,0,none,506,830,0
2400,8591,0.0,0.0,0.0,0.0,0,0.0,0,none,370,1082,0
6873,7804,0.0,0.0,0.0,0.0,0,0.0,0,none,911,1015,0
6628,59639,0.0,0.0,0.0,0.0,0,0.0,0,none,877,806,0
7833,194337,0.0,0.0,0.0,0.0,0,0.0,0,none,1021,278,0
1232150,307296,0.0,0.0,0.0,0.0,0,0.0,0,none,127,483,0
11251,8686,0.0,0.0,0.0,0.0,0,0.0,0,none,87,1090,0
17311,7285,0.0,0.0,0.0,0.0,0,0.0,0,none,239,968,0
236344,1430438,0.0,0.0,0.0,0.0,0,0.0,0,none,362,200,0
25193,49247,0.0,0.0,0.0,0.0,0,0.0,0,none,388,738,0
631657,1596,0.0,0.0,0.0,0.0,0,0.0,0,none,851,221,0
35619,10759,0.0,0.0,0.0,0.0,0,0.0,0,none,572,50,0
113608,3827,0.0,0.0,0.0,0.0,0,0.0,0,none,94,619,0
6754,6404,0.0,0.0,0.0,0.0,0,0.0,0,none,891,858,0
4910,38400,0.0,0.0,0.0,0.0,0,0.0,0,none,736,620,0
8332,78904,0.0,0.0,0.0,0.0,0,0.0,0,none,1057,1025,0
1302966,8183,0.0,0.0,0.0,0.0,0,0.0,0,none,143,1045,0
60207,42319,0.0,0.0,0.0,0.0,0,0.0,0,none,814,669,0
265323,37925,0.0,0.0,0.0,0.0,0,0.0,0,none,418,615,0
21406,2590,0.0,0.0,0.0,0.0,0,0.0,0,none,317,406,0
7236,719872,0.0,0.0,0.0,0.0,0,0.0,0,none,960,949,0
10814,46303,0.0,0.0,0.0,0.0,0,0.0,0,none,58,716,0
7824,2890,0.0,0.0,0.0,0.0,0,0.0,0,none,1020,457,0
19836,42316,0.0,0.0,0.0,0.0,0,0.0,0,none,289,668,0
139953,114289,0.0,0.0,0.0,0.0,0,0.0,0,none,187,99,0
282388,32937,0.0,0.0,0.0,0.0,0,0.0,0,none,442,525,0
2599,1272,0.0,0.0,0.0,0.0,0,0.0,0,none,409,137,0
8591,7781,0.0,0.0,0.0,0.0,0,0.0,0,none,1082,1014,0
3827,24698,0.0,0.0,0.0,0.0,0,0.0,0,none,619,378,0
39230,44,0.0,0.0,0.0,0.0,0,0.0,0,none,630,692,0
7476,4440,0.0,0.0,0.0,0.0,0,0.0,0,none,995,696,0
73645,3100,0.0,0.0,0.0,0.0,0,0.0,0,none,981,486,0
1151,2193,0.0,0.0,0.0,0.0,0,0.0,0,none,109,332,0
57258,10510,0.0,0.0,0.0,0.0,0,0.0,0,none,788,33,0
4179,7023,0.0,0.0,0.0,0.0,0,0.0,0,none,666,936,0
4278,640062,0.0,0.0,0.0,0.0,0,0.0,0,none,681,857,0
196102,37790,0.0,0.0,0.0,0.0,0,0.0,0,none,285,611,0
5956,1191,0.0,0.0,0.0,0.0,0,0.0,0,none,803,116,0
6813,2890,0.0,0.0,0.0,0.0,0,0.0,0,none,899,457,0
33764,9384,0.0,0.0,0.0,0.0,0,0.0,0,none,541,1122,0
1895,74667,0.0,0.0,0.0,0.0,0,0.0,0,none,263,993,0
11359,3041,0.0,0.0,0.0,0.0,0,0.0,0,none,93,479,0
7804,121191,0.0,0.0,0.0,0.0,0,0.0,0,none,1015,123,0
22697,47613,0.0,0.0,0.0,0.0,0,0.0,0,none,342,724,0
325646,22697,0.0,0.0,0.0,0.0,0,0.0,0,none,512,342,0
73689,9794,0.0,0.0,0.0,0.0,0,0.0,0,none,982,1131,0
6472,34530,0.0,0.0,0.0,0.0,0,0.0,0,none,867,560,0
475230,234416,0.0,0.0,0.0,0.0,0,0.0,0,none,719,355,0
40048,6574,0.0,0.0,0.0,0.0,0,0.0,0,none,641,870,0
42954,631657,0.0,0.0,0.0,0.0,0,0.0,0,none,683,851,0
662281,70618,0.0,0.0,0.0,0.0,0,0.0,0,none,876,941,0
304962,50166,0.0,0.0,0.0,0.0,0,0.0,0,none,480,744,0
4077,72143,0.0,0.0,0.0,0.0,0,0.0,0,none,648,952,0
1606853,67031,0.0,0.0,0.0,0.0,0,0.0,0,none,226,884,0
34347,4815,0.0,0.0,0.0,0.0,0,0.0,0,none,557,727,0
8640,57021,0.0,0.0,0.0,0.0,0,0.0,0,none,1089,787,0
1091,6585,0.0,0.0,0.0,0.0,0,0.0,0,none,66,875,0
17627,8638,0.0,0.0,0.0,0.0,0,0.0,0,none,243,1088,0
18603,5509,0.0,0.0,0.0,0.0,0,0.0,0,none,252,769,0
2037,1895,0.0,0.0,0.0,0.0,0,0.0,0,none,302,263,0
596724,69749,0.0,0.0,0.0,0.0,0,0.0,0,none,810,930,0
19831,10597,0.0,0.0,0.0,0.0,0,0.0,0,none,288,40,0
231049,1309227,0.0,0.0,0.0,0.0,0,0.0,0,none,350,151,0
8134,36437,0.0,0.0,0.0,0.0,0,0.0,0,none,1040,598,0
358263,298665,0.0,0.0,0.0,0.0,0,0.0,0,none,583,465,0
1371041,190548,0.0,0.0,0.0,0.0,0,0.0,0,none,177,270,0
33094,4256,0.0,0.0,0.0,0.0,0,0.0,0,none,527,677,0
11124,10691,0.0,0.0,0.0,0.0,0,0.0,0,none,77,45,0
34347,1546356,0.0,0.0,0.0,0.0,0,0.0,0,none,557,216,0
7812,3418,0.0,0.0,0.0,0.0,0,0.0,0,none,1017,551,0
282388,1114195,0.0,0.0,0.0,0.0,0,0.0,0,none,442,80,0
52177,89013,0.0,0.0,0.0,0.0,0,0.0,0,none,754,1110,0
141704,7315,0.0,0.0,0.0,0.0,0,0.0,0,none,192,975,0
4053,66958,0.0,0.0,0.0,0.0,0,0.0,0,none,646,882,0
141704,16681,0.0,0.0,0.0,0.0,0,0.0,0,none,192,230,0
9068,114202,0.0,0.0,0.0,0.0,0,0.0,0,none,1116,98,0
1310520,51272,0.0,0.0,0.0,0.0,0,0.0,0,none,152,749,0
37985,1112990,0.0,0.0,0.0,0.0,0,0.0,0,none,616,79,0
5882,16681,0.0,0.0,0.0,0.0,0,0.0,0,none,796,230,0
3288,5254,0.0,0.0,0.0,0.0,0,0.0,0,none,522,757,0
25789,4492,0.0,0.0,0.0,0.0,0,0.0,0,none,403,704,0
53694,25193,0.0,0.0,0.0,0.0,0,0.0,0,none,760,388,0
282388,32937,0.0,0.0,0.0,0.0,0,0.0,0,none,442,525,0
10825,407990,0.0,0.0,0.0,0.0,0,0.0,0,none,60,650,0
700810,10432,0.0,0.0,0.0,0.0,0,0.0,0,none,934,25,0
60548,52582,0.0,0.0,0.0,0.0,0,0.0,0,none,821,758,0
24605,191831,0.0,0.0,0.0,0.0,0,0.0,0,none,377,272,0
253182,18867,0.0,0.0,0.0,0.0,0,0.0,0,none,391,259,0
125933,18330,0.0,0.0,0.0,0.0,0,0.0,0,none,136,250,0
39954,700810,0.0,0.0,0.0,0.0,0,0.0,0,none,637,934,0
4089,135091,0.0,0.0,0.0,0.0,0,0.0,0,none,652,161,0
68149,8814,0.0,0.0,0.0,0.0,0,0.0,0,none,901,1107,0
38400,1009,0.0,0.0,0.0,0.0,0,0.0,0,none,620,2,0
72236,29954,0.0,0.0,0.0,0.0,0,0.0,0,none,954,468,0
54236,614391,0.0,0.0,0.0,0.0,0,0.0,0,none,761,834,0
113608,54987,0.0,0.0,0.0,0.0,0,0.0,0,none,94,767,0
3554,1362746,0.0,0.0,0.0,0.0,0,0.0,0,none,571,167,0
4333,231049,0.0,0.0,0.0,0.0,0,0.0,0,none,688,350,0
1218,7994,0.0,0.0,0.0,0.0,0,0.0,0,none,125,1032,0
24947,55175,0.0,0.0,0.0,0.0,0,0.0,0,none,383,771,0
283810,41126,0.0,0.0,0.0,0.0,0,0.0,0,none,447,657,0
8375,4099,0.0,0.0,0.0,0.0,0,0.0,0,none,1067,654,0
356887,2623,0.0,0.0,0.0,0.0,0,0.0,0,none,575,413,0
21406,41126,0.0,0.0,0.0,0.0,0,0.0,0,none,317,657,0
5095,105694,0.0,0.0,0.0,0.0,0,0.0,0,none,748,35,0
2023,2286,0.0,0.0,0.0,0.0,0,0.0,0,none,298,345,0
460132,3364,0.0,0.0,0.0,0.0,0,0.0,0,none,712,533,0
73494,31555,0.0,0.0,0.0,0.0,0,0.0,0,none,980,497,0
2393,3489,0.0,0.0,0.0,0.0,0,0.0,0,none,368,561,0
5666,21212,0.0,0.0,0.0,0.0,0,0.0,0,none,782,314,0
618278,1085787,0.0,0.0,0.0,0.0,0,0.0,0,none,836,64,0
22696,107044,0.0,0.0,0.0,0.0,0,0.0,0,none,341,46,0
134748,3444,0.0,0.0,0.0,0.0,0,0.0,0,none,159,559,0
57308,142131,0.0,0.0,0.0,0.0,0,0.0,0,none,789,194,0
358255,35780,0.0,0.0,0.0,0.0,0,0.0,0,none,579,577,0
11359,2194,0.0,0.0,0.0,0.0,0,0.0,0,none,93,333,0
1100072,38967,0.0,0.0,0.0,0.0,0,0.0,0,none,70,629,0
304962,48203,0.0,0.0,0.0,0.0,0,0.0,0,none,480,729,0
614391,22396,0.0,0.0,0.0,0.0,0,0.0,0,none,834,339,0
314683,8928,0.0,0.0,0.0,0.0,0,0.0,0,none,494,1111,0
8196,60207,0.0,0.0,0.0,0.0,0,0.0,0,none,1047,814,0
8353,2020,0.0,0.0,0.0,0.0,0,0.0,0,none,1063,297,0
224905,321064,0.0,0.0,0.0,0.0,0,0.0,0,none,340,503,0
591781,596723,0.0,0.0,0.0,0.0,0,0.0,0,none,800,809,0
3247,41144,0.0,0.0,0.0,0.0,0,0.0,0,none,509,659,0
10597,8001,0.0,0.0,0.0,0.0,0,0.0,0,none,40,1033,0
9793,42316,0.0,0.0,0.0,0.0,0,0.0,0,none,1130,668,0
618970,306266,0.0,0.0,0.0,0.0,0,0.0,0,none,840,481,0
10636,10753,0.0,0.0,0.0,0.0,0,0.0,0,none,43,49,0
6873,7315,0.0,0.0,0.0,0.0,0,0.0,0,none,911,975,0
1102261,26237,0.0,0.0,0.0,0.0,0,0.0,0,none,74,414,0
304962,195085,0.0,0.0,0.0,0.0,0,0.0,0,none,480,282,0
5640,20610,0.0,0.0,0.0,0.0,0,0.0,0,none,779,307,0
31555,25486,0.0,0.0,0.0,0.0,0,0.0,0,none,497,397,0
221166,2188,0.0,0.0,0.0,0.0,0,0.0,0,none,336,330,0
1424,33767,0.0,0.0,0.0,0.0,0,0.0,0,none,195,542,0
1808,1430438,0.0,0.0,0.0,0.0,0,0.0,0,none,246,200,0
306674,21241,0.0,0.0,0.0,0.0,0,0.0,0,none,482,315,0
140587,139778,0.0,0.0,0.0,0.0,0,0.0,0,none,189,183,0
3743,1424884,0.0,0.0,0.0,0.0,0,0.0,0,none,607,196,0
10502,27392,0.0,0.0,0.0,0.0,0,0.0,0,none,32,427,0
614373,283810,0.0,0.0,0.0,0.0,0,0.0,0,none,833,447,0
10237,2473,0.0,0.0,0.0,0.0,0,0.0,0,none,9,379,0
18880,1151,0.0,0.0,0.0,0.0,0,0.0,0,none,260,109,0
9344,55672,0.0,0.0,0.0,0.0,0,0.0,0,none,1120,777,0
153970,62372,0.0,0.0,0.0,0.0,0,0.0,0,none,214,847,0
6873,3403,0.0,0.0,0.0,0.0,0,0.0,0,none,911,547,0
88014,117466,0.0,0.0,0.0,0.0,0,0.0,0,none,1105,115,0
68244,287637,0.0,0.0,0.0,0.0,0,0.0,0,none,902,453,0
58295,6835,0.0,0.0,0.0,0.0,0,0.0,0,none,792,904,0
41144,618442,0.0,0.0,0.0,0.0,0,0.0,0,none,659,838,0
85248,3131,0.0,0.0,0.0,0.0,0,0.0,0,none,1075,491,0
356988,7512,0.0,0.0,0.0,0.0,0,0.0,0,none,576,996,0
3500,28439,0.0,0.0,0.0,0.0,0,0.0,0,none,563,451,0
1309210,1044584,0.0,0.0,0.0,0.0,0,0.0,0,none,150,27,0
62427,26237,0.0,0.0,0.0,0.0,0,0.0,0,none,848,414,0
7476,39230,0.0,0.0,0.0,0.0,0,0.0,0,none,995,630,0
7623,39230,0.0,0.0,0.0,0.0,0,0.0,0,none,1005,630,0
7688,1606853,0.0,0.0,0.0,0.0,0,0.0,0,none,1008,226,0
1371041,42612,0.0,0.0,0.0,0.0,0,0.0,0,none,177,678,0
1272,4053,0.0,0.0,0.0,0.0,0,0.0,0,none,137,646,0
4511,732,0.0,0.0,0.0,0.0,0,0.0,0,none,711,977,0
3995,1546438,0.0,0.0,0.0,0.0,0,0.0,0,none,636,217,0
3648,83515,0.0,0.0,0.0,0.0,0,0.0,0,none,600,1062,0
6142,4053,0.0,0.0,0.0,0.0,0,0.0,0,none,832,646,0
461016,31448,0.0,0.0,0.0,0.0,0,0.0,0,none,715,493,0
17767,10572,0.0,0.0,0.0,0.0,0,0.0,0,none,245,36,0
17128,2101,0.0,0.0,0.0,0.0,0,0.0,0,none,236,309,0
5691,135391,0.0,0.0,0.0,0.0,0,0.0,0,none,785,162,0
190376,84857,0.0,0.0,0.0,0.0,0,0.0,0,none,268,1073,0
1439816,8770,0.0,0.0,0.0,0.0,0,0.0,0,none,201,1100,0
1148495,5224,0.0,0.0,0.0,0.0,0,0.0,0,none,105,755,0
36437,3554,0.0,0.0,0.0,0.0,0,0.0,0,none,598,571,0
3274,49276,0.0,0.0,0.0,0.0,0,0.0,0,none,519,739,0
338036,1148495,0.0,0.0,0.0,0.0,0,0.0,0,none,543,105,0
19860,6628,0.0,0.0,0.0,0.0,0,0.0,0,none,290,877,0
11202,7440,0.0,0.0,0.0,0.0,0,0.0,0,none,84,990,0
135391,37418,0.0,0.0,0.0,0.0,0,0.0,0,none,162,606,0
6851,7393,0.0,0.0,0.0,0.0,0,0.0,0,none,910,984,0
3523,392509,0.0,0.0,0.0,0.0,0,0.0,0,none,566,631,0
8588,3008,0.0,0.0,0.0,0.0,0,0.0,0,none,1080,472,0
33562,139953,0.0,0.0,0.0,0.0,0,0.0,0,none,531,187,0
7476,35827,0.0,0.0,0.0,0.0,0,0.0,0,none,995,584,0
1306284,29046,0.0,0.0,0.0,0.0,0,0.0,0,none,147,459,0
3109,3827,0.0,0.0,0.0,0.0,0,0.0,0,none,490,619,0
3102,139778,0.0,0.0,0.0,0.0,0,0.0,0,none,487,183,0
99,24698,0.0,0.0,0.0,0.0,0,0.0,0,none,1136,378,0
6387,20498,0.0,0.0,0.0,0.0,0,0.0,0,none,856,306,0
71535,32915,0.0,0.0,0.0,0.0,0,0.0,0,none,948,524,0
5487,8896,0.0,0.0,0.0,0.0,0,0.0,0,none,764,1109,0
19860,746741,0.0,0.0,0.0,0.0,0,0.0,0,none,290,994,0
1886,8627,0.0,0.0,0.0,0.0,0,0.0,0,none,258,1086,0
32968,33739,0.0,0.0,0.0,0.0,0,0.0,0,none,526,537,0
46303,231049,0.0,0.0,0.0,0.0,0,0.0,0,none,716,350,0
10798,50610,0.0,0.0,0.0,0.0,0,0.0,0,none,54,746,0
100213,6916,0.0,0.0,0.0,0.0,0,0.0,0,none,0,918,0
287637,6932,0.0,0.0,0.0,0.0,0,0.0,0,none,453,923,0
376,1094833,0.0,0.0,0.0,0.0,0,0.0,0,none,608,69,0
3013,7299,0.0,0.0,0.0,0.0,0,0.0,0,none,474,971,0
42612,283753,0.0,0.0,0.0,0.0,0,0.0,0,none,678,446,0
1242806,1147320,0.0,0.0,0.0,0.0,0,0.0,0,none,129,103,0
10180,2023,0.0,0.0,0.0,0.0,0,0.0,0,none,8,298,0
6448,195088,0.0,0.0,0.0,0.0,0,0.0,0,none,863,283,0
641465,11253,0.0,0.0,0.0,0.0,0,0.0,0,none,861,88,0
3521,614391,0.0,0.0,0.0,0.0,0,0.0,0,none,565,834,0
82819,298869,0.0,0.0,0.0,0.0,0,0.0,0,none,1051,466,0
5095,135447,0.0,0.0,0.0,0.0,0,0.0,0,none,748,163,0
10180,8514,0.0,0.0,0.0,0.0,0,0.0,0,none,8,1074,0
620,83818,0.0,0.0,0.0,0.0,0,0.0,0,none,841,1068,0
618970,108118,0.0,0.0,0.0,0.0,0,0.0,0,none,840,57,0
8514,6058,0.0,0.0,0.0,0.0,0,0.0,0,none,1074,823,0
114477,152610,0.0,0.0,0.0,0.0,0,0.0,0,none,100,212,0
36567,1251,0.0,0.0,0.0,0.0,0,0.0,0,none,602,133,0
1294580,6375,0.0,0.0,0.0,0.0,0,0.0,0,none,140,855,0
7814,2409,0.0,0.0,0.0,0.0,0,0.0,0,none,1018,372,0
41967,9794,0.0,0.0,0.0,0.0,0,0.0,0,none,667,1131,0
8132,287637,0.0,0.0,0.0,0.0,0,0.0,0,none,1039,453,0
50097,60207,0.0,0.0,0.0,0.0,0,0.0,0,none,743,814,0
60212,9346,0.0,0.0,0.0,0.0,0,0.0,0,none,815,1121,0
134547,6205,0.0,0.0,0.0,0.0,0,0.0,0,none,156,843,0
300195,3108,0.0,0.0,0.0,0.0,0,0.0,0,none,470,489,0
57021,7417,0.0,0.0,0.0,0.0,0,0.0,0,none,787,988,0
52177,203219,0.0,0.0,0.0,0.0,0,0.0,0,none,754,299,0
997261,857974,0.0,0.0,0.0,0.0,0,0.0,0,none,1141,1079,0
37617,134615,0.0,0.0,0.0,0.0,0,0.0,0,none,609,157,0
1011,6932,0.0,0.0,0.0,0.0,0,0.0,0,none,3,923,0
3521,4816,0.0,0.0,0.0,0.0,0,0.0,0,none,565,728,0
74667,10819,0.0,0.0,0.0,0.0,0,0.0,0,none,993,59,0
35208,1606853,0.0,0.0,0.0,0.0,0,0.0,0,none,564,226,0
7617,1808,0.0,0.0,0.0,0.0,0,0.0,0,none,1004,246,0
618278,20610,0.0,0.0,0.0,0.0,0,0.0,0,none,836,307,0
358262,44281,0.0,0.0,0.0,0.0,0,0.0,0,none,582,695,0
3444,49276,0.0,0.0,0.0,0.0,0,0.0,0,none,559,739,0
191831,5552,0.0,0.0,0.0,0.0,0,0.0,0,none,272,775,0
612865,62372,0.0,0.0,0.0,0.0,0,0.0,0,none,828,847,0
9071,11251,0.0,0.0,0.0,0.0,0,0.0,0,none,1117,87,0
73494,11636,0.0,0.0,0.0,0.0,0,0.0,0,none,980,113,0
35619,7980,0.0,0.0,0.0,0.0,0,0.0,0,none,572,1030,0
35296,10237,0.0,0.0,0.0,0.0,0,0.0,0,none,568,9,0
36709,7243,0.0,0.0,0.0,0.0,0,0.0,0,none,604,962,0
38260,22701,0.0,0.0,0.0,0.0,0,0.0,0,none,618,343,0
4493,1427022,0.0,0.0,0.0,0.0,0,0.0,0,none,705,199,0
10510,5956,0.0,0.0,0.0,0.0,0,0.0,0,none,33,803,0
135447,325646,0.0,0.0,0.0,0.0,0,0.0,0,none,163,512,0
283742,1303098,0.0,0.0,0.0,0.0,0,0.0,0,none,445,144,0
10597,358263,0.0,0.0,0.0,0.0,0,0.0,0,none,40,583,0
73032,42463,0.0,0.0,0.0,0.0,0,0.0,0,none,972,676,0
135391,4094,0.0,0.0,0.0,0.0,0,0.0,0,none,162,653,0
73689,3102,0.0,0.0,0.0,0.0,0,0.0,0,none,982,487,0
25255,10627,0.0,0.0,0.0,0.0,0,0.0,0,none,389,42,0
194337,274964,0.0,0.0,0.0,0.0,0,0.0,0,none,278,431,0
8770,4719,0.0,0.0,0.0,0.0,0,0.0,0,none,1100,718,0
236719,38404,0.0,0.0,0.0,0.0,0,0.0,0,none,363,621,0
7597,10324,0.0,0.0,0.0,0.0,0,0.0,0,none,1003,12,0
11124,5224,0.0,0.0,0.0,0.0,0,0.0,0,none,77,755,0
10337,73044,0.0,0.0,0.0,0.0,0,0.0,0,none,13,973,0
3443,1547545,0.0,0.0,0.0,0.0,0,0.0,0,none,558,218,0
1369,21149,0.0,0.0,0.0,0.0,0,0.0,0,none,175,313,0
40790,9997,0.0,0.0,0.0,0.0,0,0.0,0,none,649,1142,0
3995,5489,0.0,0.0,0.0,0.0,0,0.0,0,none,636,765,0
1303851,51272,0.0,0.0,0.0,0.0,0,0.0,0,none,145,749,0
2669,4126,0.0,0.0,0.0,0.0,0,0.0,0,none,419,661,0
28889,6984,0.0,0.0,0.0,0.0,0,0.0,0,none,455,932,0
6676,8896,0.0,0.0,0.0,0.0,0,0.0,0,none,879,1109,0
36567,25480,0.0,0.0,0.0,0.0,0,0.0,0,none,602,395,0
4124,3648,0.0,0.0,0.0,0.0,0,0.0,0,none,660,600,0
6058,46041,0.0,0.0,0.0,0.0,0,0.0,0,none,823,714,0
10572,67108,0.0,0.0,0.0,0.0,0,0.0,0,none,36,885,0
135091,25789,0.0,0.0,0.0,0.0,0,0.0,0,none,161,403,0
6581,117466,0.0,0.0,0.0,0.0,0,0.0,0,none,873,115,0
283753,5228,0.0,0.0,0.0,0.0,0,0.0,0,none,446,756,0
519,11198,0.0,0.0,0.0,0.0,0,0.0,0,none,752,83,0
23088,343048,0.0,0.0,0.0,0.0,0,0.0,0,none,349,556,0
25037,1374,0.0,0.0,0.0,0.0,0,0.0,0,none,385,180,0
20481,4496,0.0,0.0,0.0,0.0,0,0.0,0,none,303,707,0
1294580,2623,0.0,0.0,0.0,0.0,0,0.0,0,none,140,413,0
4337,10355,0.0,0.0,0.0,0.0,0,0.0,0,none,689,14,0
38782,52582,0.0,0.0,0.0,0.0,0,0.0,0,none,628,758,0
8591,68139,0.0,0.0,0.0,0.0,0,0.0,0,none,1082,900,0
8742,51272,0.0,0.0,0.0,0.0,0,0.0,0,none,1097,749,0
8353,358255,0.0,0.0,0.0,0.0,0,0.0,0,none,1063,579,0
1427022,233698,0.0,0.0,0.0,0.0,0,0.0,0,none,199,354,0
2188,36709,0.0,0.0,0.0,0.0,0,0.0,0,none,330,604,0
1364430,3098,0.0,0.0,0.0,0.0,0,0.0,0,none,173,485,0
3995,25789,0.0,0.0,0.0,0.0,0,0.0,0,none,636,403,0
33738,7517,0.0,0.0,0.0,0.0,0,0.0,0,none,536,998,0
3498,7476,0.0,0.0,0.0,0.0,0,0.0,0,none,562,995,0
7676,625,0.0,0.0,0.0,0.0,0,0.0,0,none,1007,849,0
787390,33739,0.0,0.0,0.0,0.0,0,0.0,0,none,1023,537,0
8640,6130,0.0,0.0,0.0,0.0,0,0.0,0,none,1089,829,0
26397,475969,0.0,0.0,0.0,0.0,0,0.0,0,none,417,723,0
141626,6472,0.0,0.0,0.0,0.0,0,0.0,0,none,191,867,0
19484,1294580,0.0,0.0,0.0,0.0,0,0.0,0,none,280,140,0
26237,10597,0.0,0.0,0.0,0.0,0,0.0,0,none,414,40,0
1712,10759,0.0,0.0,0.0,0.0,0,0.0,0,none,235,50,0
828529,2231,0.0,0.0,0.0,0.0,0,0.0,0,none,1052,338,0
6470,36437,0.0,0.0,0.0,0.0,0,0.0,0,none,866,598,0
33764,265323,0.0,0.0,0.0,0.0,0,0.0,0,none,541,418,0
4441,11124,0.0,0.0,0.0,0.0,0,0.0,0,none,697,77,0
7804,139462,0.0,0.0,0.0,0.0,0,0.0,0,none,1015,182,0
1828,6406,0.0,0.0,0.0,0.0,0,0.0,0,none,249,859,0
224905,7417,0.0,0.0,0.0,0.0,0,0.0,0,none,340,988,0
7833,7440,0.0,0.0,0.0,0.0,0,0.0,0,none,1021,990,0
23088,37925,0.0,0.0,0.0,0.0,0,0.0,0,none,349,615,0
1827,9384,0.0,0.0,0.0,0.0,0,0.0,0,none,248,1122,0
1430438,18603,0.0,0.0,0.0,0.0,0,0.0,0,none,200,252,0
88249,114202,0.0,0.0,0.0,0.0,0,0.0,0,none,1108,98,0
35827,2105,0.0,0.0,0.0,0.0,0,0.0,0,none,584,310,0
237116,7285,0.0,0.0,0.0,0.0,0,0.0,0,none,366,968,0
337523,7213,0.0,0.0,0.0,0.0,0,0.0,0,none,539,951,0
10826,4316,0.0,0.0,0.0,0.0,0,0.0,0,none,61,687,0
42316,4450,0.0,0.0,0.0,0.0,0,0.0,0,none,668,698,0
4511,37985,0.0,0.0,0.0,0.0,0,0.0,0,none,711,616,0
3105,1256,0.0,0.0,0.0,0.0,0,0.0,0,none,488,134,0
39786,58295,0.0,0.0,0.0,0.0,0,0.0,0,none,634,792,0
60842,7906,0.0,0.0,0.0,0.0,0,0.0,0,none,825,1028,0
35619,6579,0.0,0.0,0.0,0.0,0,0.0,0,none,572,872,0
8742,32675,0.0,0.0,0.0,0.0,0,0.0,0,none,1097,517,0
10368,194337,0.0,0.0,0.0,0.0,0,0.0,0,none,15,278,0
33764,46303,0.0,0.0,0.0,0.0,0,0.0,0,none,541,716,0
287637,83515,0.0,0.0,0.0,0.0,0,0.0,0,none,453,1062,0
114477,11413,0.0,0.0,0.0,0.0,0,0.0,0,none,100,95,0
2626,11253,0.0,0.0,0.0,0.0,0,0.0,0,none,415,88,0
275891,7435,0.0,0.0,0.0,0.0,0,0.0,0,none,433,989,0
33910,7299,0.0,0.0,0.0,0.0,0,0.0,0,none,545,971,0
21102,50166,0.0,0.0,0.0,0.0,0,0.0,0,none,311,744,0
72962,596724,0.0,0.0,0.0,0.0,0,0.0,0,none,969,810,0
897018,4885,0.0,0.0,0.0,0.0,0,0.0,0,none,1112,734,0
12574,1111103,0.0,0.0,0.0,0.0,0,0.0,0,none,135,76,0
1202,1385,0.0,0.0,0.0,0.0,0,0.0,0,none,119,181,0
37801,72965,0.0,0.0,0.0,0.0,0,0.0,0,none,613,970,0
6980,2438,0.0,0.0,0.0,0.0,0,0.0,0,none,931,374,0
3648,4460,0.0,0.0,0.0,0.0,0,0.0,0,none,600,700,0
33747,7407,0.0,0.0,0.0,0.0,0,0.0,0,none,538,987,0
4021,27792,0.0,0.0,0.0,0.0,0,0.0,0,none,644,436,0
119771,15996,0.0,0.0,0.0,0.0,0,0.0,0,none,118,223,0
4850,6760,0.0,0.0,0.0,0.0,0,0.0,0,none,733,893,0
3008,1364105,0.0,0.0,0.0,0.0,0,0.0,0,none,472,170,0
7440,279645,0.0,0.0,0.0,0.0,0,0.0,0,none,990,438,0
214354,689,0.0,0.0,0.0,0.0,0,0.0,0,none,319,913,0
214549,24909,0.0,0.0,0.0,0.0,0,0.0,0,none,321,380,0
8787,31447,0.0,0.0,0.0,0.0,0,0.0,0,none,1104,492,0
37801,7398,0.0,0.0,0.0,0.0,0,0.0,0,none,613,986,0
36567,519,0.0,0.0,0.0,0.0,0,0.0,0,none,602,752,0
32624,253453,0.0,0.0,0.0,0.0,0,0.0,0,none,515,393,0
6026,4450,0.0,0.0,0.0,0.0,0,0.0,0,none,817,698,0
39230,3105,0.0,0.0,0.0,0.0,0,0.0,0,none,630,488,0
35623,10432,0.0,0.0,0.0,0.0,0,0.0,0,none,573,25,0
54987,121047,0.0,0.0,0.0,0.0,0,0.0,0,none,767,122,0
8123,40114,0.0,0.0,0.0,0.0,0,0.0,0,none,1038,642,0
7005,1359091,0.0,0.0,0.0,0.0,0,0.0,0,none,933,166,0
7226,134748,0.0,0.0,0.0,0.0,0,0.0,0,none,956,159,0
1102261,1191,0.0,0.0,0.0,0.0,0,0.0,0,none,74,116,0
195085,4885,0.0,0.0,0.0,0.0,0,0.0,0,none,282,734,0
1364347,602811,0.0,0.0,0.0,0.0,0,0.0,0,none,172,818,0
2348,4501,0.0,0.0,0.0,0.0,0,0.0,0,none,356,708,0
38252,2551,0.0,0.0,0.0,0.0,0,0.0,0,none,617,398,0
3108,8013,0.0,0.0,0.0,0.0,0,0.0,0,none,489,1034,0
3154,1753,0.0,0.0,0.0,0.0,0,0.0,0,none,495,241,0
4094,5487,0.0,0.0,0.0,0.0,0,0.0,0,none,653,764,0
9346,704,0.0,0.0,0.0,0.0,0,0.0,0,none,1121,938,0
5514,10180,0.0,0.0,0.0,0.0,0,0.0,0,none,770,8,0
4440,105694,0.0,0.0,0.0,0.0,0,0.0,0,none,696,35,0
475342,6146,0.0,0.0,0.0,0.0,0,0.0,0,none,720,835,0
72610,1292,0.0,0.0,0.0,0.0,0,0.0,0,none,966,139,0
8132,28031,0.0,0.0,0.0,0.0,0,0.0,0,none,1039,439,0
4135,430,0.0,0.0,0.0,0.0,0,0.0,0,none,663,685,0
17627,1373458,0.0,0.0,0.0,0.0,0,0.0,0,none,243,178,0
50097,49276,0.0,0.0,0.0,0.0,0,0.0,0,none,743,739,0
3109,723,0.0,0.0,0.0,0.0,0,0.0,0,none,490,957,0
7226,20492,0.0,0.0,0.0,0.0,0,0.0,0,none,956,305,0
6902,27792,0.0,0.0,0.0,0.0,0,0.0,0,none,915,436,0
52769,5691,0.0,0.0,0.0,0.0,0,0.0,0,none,759,785,0
6902,73032,0.0,0.0,0.0,0.0,0,0.0,0,none,915,972,0
5966,44151,0.0,0.0,0.0,0.0,0,0.0,0,none,808,693,0
1256,2348,0.0,0.0,0.0,0.0,0,0.0,0,none,134,356,0
7512,42351,0.0,0.0,0.0,0.0,0,0.0,0,none,996,672,0
6980,6922,0.0,0.0,0.0,0.0,0,0.0,0,none,931,920,0
8175,1306284,0.0,0.0,0.0,0.0,0,0.0,0,none,1044,147,0
141626,338036,0.0,0.0,0.0,0.0,0,0.0,0,none,191,543,0
8588,662281,0.0,0.0,0.0,0.0,0,0.0,0,none,1080,876,0
6404,8332,0.0,0.0,0.0,0.0,0,0.0,0,none,858,1057,0
7623,7994,0.0,0.0,0.0,0.0,0,0.0,0,none,1005,1032,0
8814,36567,0.0,0.0,0.0,0.0,0,0.0,0,none,1107,602,0
7145,8787,0.0,0.0,0.0,0.0,0,0.0,0,none,947,1104,0
22396,58300,0.0,0.0,0.0,0.0,0,0.0,0,none,339,793,0
69634,11516,0.0,0.0,0.0,0.0,0,0.0,0,none,926,110,0
195085,6759,0.0,0.0,0.0,0.0,0,0.0,0,none,282,892,0
595060,11473,0.0,0.0,0.0,0.0,0,0.0,0,none,802,102,0
7814,27169,0.0,0.0,0.0,0.0,0,0.0,0,none,1018,424,0
3638,8373,0.0,0.0,0.0,0.0,0,0.0,0,none,593,1066,0
1110783,236344,0.0,0.0,0.0,0.0,0,0.0,0,none,75,362,0
358262,6142,0.0,0.0,0.0,0.0,0,0.0,0,none,582,832,0
3423,24698,0.0,0.0,0.0,0.0,0,0.0,0,none,552,378,0
35827,1514,0.0,0.0,0.0,0.0,0,0.0,0,none,584,209,0
67108,18993,0.0,0.0,0.0,0.0,0,0.0,0,none,885,265,0
376,6146,0.0,0.0,0.0,0.0,0,0.0,0,none,608,835,0
6960,6064,0.0,0.0,0.0,0.0,0,0.0,0,none,924,824,0
12574,1364347,0.0,0.0,0.0,0.0,0,0.0,0,none,135,172,0
4450,32624,0.0,0.0,0.0,0.0,0,0.0,0,none,698,515,0
25025,9873,0.0,0.0,0.0,0.0,0,0.0,0,none,384,1134,0
7236,1114195,0.0,0.0,0.0,0.0,0,0.0,0,none,960,80,0
10825,8686,0.0,0.0,0.0,0.0,0,0.0,0,none,60,1090,0
28889,61381,0.0,0.0,0.0,0.0,0,0.0,0,none,455,831,0
880350,3640,0.0,0.0,0.0,0.0,0,0.0,0,none,1106,596,0
6691,2626,0.0,0.0,0.0,0.0,0,0.0,0,none,880,415,0
8175,3827,0.0,0.0,0.0,0.0,0,0.0,0,none,1044,619,0
19295,3100,0.0,0.0,0.0,0.0,0,0.0,0,none,275,486,0
56795,265323,0.0,0.0,0.0,0.0,0,0.0,0,none,783,418,0
3417,2101,0.0,0.0,0.0,0.0,0,0.0,0,none,550,309,0
22892,7243,0.0,0.0,0.0,0.0,0,0.0,0,none,348,962,0
3827,480167,0.0,0.0,0.0,0.0,0,0.0,0,none,619,726,0
4492,5552,0.0,0.0,0.0,0.0,0,0.0,0,none,704,775,0
32675,190521,0.0,0.0,0.0,0.0,0,0.0,0,none,517,269,0
4441,52175,0.0,0.0,0.0,0.0,0,0.0,0,none,697,753,0
257844,4256,0.0,0.0,0.0,0.0,0,0.0,0,none,402,677,0
196102,4850,0.0,0.0,0.0,0.0,0,0.0,0,none,285,733,0
662281,1596,0.0,0.0,0.0,0.0,0,0.0,0,none,876,221,0
253337,69749,0.0,0.0,0.0,0.0,0,0.0,0,none,392,930,0
1368001,8183,0.0,0.0,0.0,0.0,0,0.0,0,none,174,1045,0
787390,711942,0.0,0.0,0.0,0.0,0,0.0,0,none,1023,944,0
974779,325646,0.0,0.0,0.0,0.0,0,0.0,0,none,1129,512,0
22299,5489,0.0,0.0,0.0,0.0,0,0.0,0,none,337,765,0
38782,10594,0.0,0.0,0.0,0.0,0,0.0,0,none,628,39,0
21311,5640,0.0,0.0,0.0,0.0,0,0.0,0,none,316,779,0
732,3264,0.0,0.0,0.0,0.0,0,0.0,0,none,977,516,0
3616,8536,0.0,0.0,0.0,0.0,0,0.0,0,none,589,1076,0
10167,6064,0.0,0.0,0.0,0.0,0,0.0,0,none,7,824,0
39954,7236,0.0,0.0,0.0,0.0,0,0.0,0,none,637,960,0
287637,11289,0.0,0.0,0.0,0.0,0,0.0,0,none,453,91,0
8001,60207,0.0,0.0,0.0,0.0,0,0.0,0,none,1033,814,0
8591,55679,0.0,0.0,0.0,0.0,0,0.0,0,none,1082,778,0
338817,475342,0.0,0.0,0.0,0.0,0,0.0,0,none,544,720,0
6845,4179,0.0,0.0,0.0,0.0,0,0.0,0,none,907,666,0
4815,29421,0.0,0.0,0.0,0.0,0,0.0,0,none,727,462,0
719872,2878,0.0,0.0,0.0,0.0,0,0.0,0,none,949,454,0
70167,257844,0.0,0.0,0.0,0.0,0,0.0,0,none,935,402,0
41967,59639,0.0,0.0,0.0,0.0,0,0.0,0,none,667,806,0
6754,3992,0.0,0.0,0.0,0.0,0,0.0,0,none,891,635,0
214824,24909,0.0,0.0,0.0,0.0,0,0.0,0,none,323,380,0
253166,684879,0.0,0.0,0.0,0.0,0,0.0,0,none,390,908,0
1894,42612,0.0,0.0,0.0,0.0,0,0.0,0,none,262,678,0
82122,3109,0.0,0.0,0.0,0.0,0,0.0,0,none,1049,490,0
1749,11248,0.0,0.0,0.0,0.0,0,0.0,0,none,240,86,0
6922,10368,0.0,0.0,0.0,0.0,0,0.0,0,none,920,15,0
3322,623033,0.0,0.0,0.0,0.0,0,0.0,0,none,528,845,0
1894,319864,0.0,0.0,0.0,0.0,0,0.0,0,none,262,501,0
3417,20890,0.0,0.0,0.0,0.0,0,0.0,0,none,550,308,0
228790,33688,0.0,0.0,0.0,0.0,0,0.0,0,none,347,534,0
4099,314683,0.0,0.0,0.0,0.0,0,0.0,0,none,654,494,0
8589,21877,0.0,0.0,0.0,0.0,0,0.0,0,none,1081,329,0
805452,36514,0.0,0.0,0.0,0.0,0,0.0,0,none,1035,601,0
38967,31565,0.0,0.0,0.0,0.0,0,0.0,0,none,629,498,0
1094833,104129,0.0,0.0,0.0,0.0,0,0.0,0,none,69,23,0
125933,5514,0.0,0.0,0.0,0.0,0,0.0,0,none,136,770,0
1102261,8589,0.0,0.0,0.0,0.0,0,0.0,0,none,74,1081,0
10368,40254,0.0,0.0,0.0,0.0,0,0.0,0,none,15,645,0
46041,1232150,0.0,0.0,0.0,0.0,0,0.0,0,none,714,127,0
27334,9793,0.0,0.0,0.0,0.0,0,0.0,0,none,426,1130,0
10402,8703,0.0,0.0,0.0,0.0,0,0.0,0,none,22,1093,0
4460,33767,0.0,0.0,0.0,0.0,0,0.0,0,none,700,542,0
33764,134748,0.0,0.0,0.0,0.0,0,0.0,0,none,541,159,0
7812,9899,0.0,0.0,0.0,0.0,0,0.0,0,none,1017,1135,0
38782,36387,0.0,0.0,0.0,0.0,0,0.0,0,none,628,594,0
41967,1588,0.0,0.0,0.0,0.0,0,0.0,0,none,667,219,0
1085787,114289,0.0,0.0,0.0,0.0,0,0.0,0,none,64,99,0
38404,997261,0.0,0.0,0.0,0.0,0,0.0,0,none,621,1141,0
3628,7676,0.0,0.0,0.0,0.0,0,0.0,0,none,591,1007,0
4179,236344,0.0,0.0,0.0,0.0,0,0.0,0,none,666,362,0
29170,276237,0.0,0.0,0.0,0.0,0,0.0,0,none,460,434,0
1223,37790,0.0,0.0,0.0,0.0,0,0.0,0,none,126,611,0
25789,2551,0.0,0.0,0.0,0.0,0,0.0,0,none,403,398,0
11253,253182,0.0,0.0,0.0,0.0,0,0.0,0,none,88,391,0
253337,27334,0.0,0.0,0.0,0.0,0,0.0,0,none,392,426,0
4493,50610,0.0,0.0,0.0,0.0,0,0.0,0,none,705,746,0
281,6676,0.0,0.0,0.0,0.0,0,0.0,0,none,440,879,0
52769,1808,0.0,0.0,0.0,0.0,0,0.0,0,none,759,246,0
25483,139896,0.0,0.0,0.0,0.0,0,0.0,0,none,396,185,0
6845,1300701,0.0,0.0,0.0,0.0,0,0.0,0,none,907,141,0
6468,10594,0.0,0.0,0.0,0.0,0,0.0,0,none,865,39,0
7821,10395,0.0,0.0,0.0,0.0,0,0.0,0,none,1019,19,0
37925,2286,0.0,0.0,0.0,0.0,0,0.0,0,none,615,345,0
4845,1649480,0.0,0.0,0.0,0.0,0,0.0,0,none,732,229,0
3098,314683,0.0,0.0,0.0,0.0,0,0.0,0,none,485,494,0
139462,304962,0.0,0.0,0.0,0.0,0,0.0,0,none,182,480,0
1373458,28894,0.0,0.0,0.0,0.0,0,0.0,0,none,178,456,0
1102129,11246,0.0,0.0,0.0,0.0,0,0.0,0,none,73,85,0
27792,614391,0.0,0.0,0.0,0.0,0,0.0,0,none,436,834,0
1919,8702,0.0,0.0,0.0,0.0,0,0.0,0,none,273,1092,0
236344,1244014,0.0,0.0,0.0,0.0,0,0.0,0,none,362,132,0
7396,662281,0.0,0.0,0.0,0.0,0,0.0,0,none,985,876,0
3648,66958,0.0,0.0,0.0,0.0,0,0.0,0,none,600,882,0
5032,72625,0.0,0.0,0.0,0.0,0,0.0,0,none,745,967,0
2193,1116632,0.0,0.0,0.0,0.0,0,0.0,0,none,332,81,0
42316,35255,0.0,0.0,0.0,0.0,0,0.0,0,none,668,567,0
321064,7531,0.0,0.0,0.0,0.0,0,0.0,0,none,503,1000,0
632,21406,0.0,0.0,0.0,0.0,0,0.0,0,none,852,317,0
2101,1649480,0.0,0.0,0.0,0.0,0,0.0,0,none,309,229,0
5514,1091836,0.0,0.0,0.0,0.0,0,0.0,0,none,770,67,0
2348,69120,0.0,0.0,0.0,0.0,0,0.0,0,none,356,916,0
10572,308814,0.0,0.0,0.0,0.0,0,0.0,0,none,36,484,0
1044977,41967,0.0,0.0,0.0,0.0,0,0.0,0,none,28,667,0
68442,620,0.0,0.0,0.0,0.0,0,0.0,0,none,905,841,0
4955,3418,0.0,0.0,0.0,0.0,0,0.0,0,none,740,551,0
104129,23088,0.0,0.0,0.0,0.0,0,0.0,0,none,23,349,0
640062,67108,0.0,0.0,0.0,0.0,0,0.0,0,none,857,885,0
70167,10390,0.0,0.0,0.0,0.0,0,0.0,0,none,935,18,0
19790,3322,0.0,0.0,0.0,0.0,0,0.0,0,none,287,528,0
191831,11002,0.0,0.0,0.0,0.0,0,0.0,0,none,272,71,0
27334,591781,0.0,0.0,0.0,0.0,0,0.0,0,none,426,800,0
10454,72257,0.0,0.0,0.0,0.0,0,0.0,0,none,29,955,0
2977,224905,0.0,0.0,0.0,0.0,0,0.0,0,none,464,340,0
60548,10395,0.0,0.0,0.0,0.0,0,0.0,0,none,821,19,0
10582,10767,0.0,0.0,0.0,0.0,0,0.0,0,none,37,52,0
354770,8514,0.0,0.0,0.0,0.0,0,0.0,0,none,570,1074,0
25120,8001,0.0,0.0,0.0,0.0,0,0.0,0,none,386,1033,0
4955,3264,0.0,0.0,0.0,0.0,0,0.0,0,none,740,516,0
91516,7623,0.0,0.0,0.0,0.0,0,0.0,0,none,1119,1005,0
358263,10825,0.0,0.0,0.0,0.0,0,0.0,0,none,583,60,0
6835,31748,0.0,0.0,0.0,0.0,0,0.0,0,none,904,499,0
637366,31748,0.0,0.0,0.0,0.0,0,0.0,0,none,854,499,0
6581,6718,0.0,0.0,0.0,0.0,0,0.0,0,none,873,888,0
2890,700810,0.0,0.0,0.0,0.0,0,0.0,0,none,457,934,0
25789,1311261,0.0,0.0,0.0,0.0,0,0.0,0,none,403,154,0
72610,2599,0.0,0.0,0.0,0.0,0,0.0,0,none,966,409,0
596724,6470,0.0,0.0,0.0,0.0,0,0.0,0,none,810,866,0
384455,6375,0.0,0.0,0.0,0.0,0,0.0,0,none,623,855,0
11002,8120,0.0,0.0,0.0,0.0,0,0.0,0,none,71,1037,0
2011,8814,0.0,0.0,0.0,0.0,0,0.0,0,none,295,1107,0
376,322167,0.0,0.0,0.0,0.0,0,0.0,0,none,608,507,0
33688,22697,0.0,0.0,0.0,0.0,0,0.0,0,none,534,342,0
36387,4462,0.0,0.0,0.0,0.0,0,0.0,0,none,594,701,0
10627,3105,0.0,0.0,0.0,0.0,0,0.0,0,none,42,488,0
134615,1094833,0.0,0.0,0.0,0.0,0,0.0,0,none,157,69,0
38782,1546356,0.0,0.0,0.0,0.0,0,0.0,0,none,628,216,0
10395,10464,0.0,0.0,0.0,0.0,0,0.0,0,none,19,30,0
8785,103,0.0,0.0,0.0,0.0,0,0.0,0,none,1103,11,0
7244,1998,0.0,0.0,0.0,0.0,0,0.0,0,none,963,292,0
6038,42612,0.0,0.0,0.0,0.0,0,0.0,0,none,820,678,0
17128,141704,0.0,0.0,0.0,0.0,0,0.0,0,none,236,192,0
7512,274964,0.0,0.0,0.0,0.0,0,0.0,0,none,996,431,0
1599832,1511,0.0,0.0,0.0,0.0,0,0.0,0,none,224,208,0
6142,37806,0.0,0.0,0.0,0.0,0,0.0,0,none,832,614,0
4021,214342,0.0,0.0,0.0,0.0,0,0.0,0,none,644,318,0
4127,10355,0.0,0.0,0.0,0.0,0,0.0,0,none,662,14,0
10156,8727,0.0,0.0,0.0,0.0,0,0.0,0,none,6,1096,0
11248,46041,0.0,0.0,0.0,0.0,0,0.0,0,none,86,714,0
7688,5224,0.0,0.0,0.0,0.0,0,0.0,0,none,1008,755,0
236809,318341,0.0,0.0,0.0,0.0,0,0.0,0,none,365,500,0
7895,35829,0.0,0.0,0.0,0.0,0,0.0,0,none,1027,586,0
59078,7517,0.0,0.0,0.0,0.0,0,0.0,0,none,798,998,0
877015,3247,0.0,0.0,0.0,0.0,0,0.0,0,none,1101,509,0
25193,9863,0.0,0.0,0.0,0.0,0,0.0,0,none,388,1133,0
30257,1102129,0.0,0.0,0.0,0.0,0,0.0,0,none,478,73,0
56512,7435,0.0,0.0,0.0,0.0,0,0.0,0,none,780,989,0
36717,700810,0.0,0.0,0.0,0.0,0,0.0,0,none,605,934,0
2101,62372,0.0,0.0,0.0,0.0,0,0.0,0,none,309,847,0
10167,18993,0.0,0.0,0.0,0.0,0,0.0,0,none,7,265,0
46041,26397,0.0,0.0,0.0,0.0,0,0.0,0,none,714,417,0
8339,448,0.0,0.0,0.0,0.0,0,0.0,0,none,1059,702,0
711942,62427,0.0,0.0,0.0,0.0,0,0.0,0,none,944,848,0
612,82819,0.0,0.0,0.0,0.0,0,0.0,0,none,827,1051,0
40114,7023,0.0,0.0,0.0,0.0,0,0.0,0,none,642,936,0
4816,152610,0.0,0.0,0.0,0.0,0,0.0,0,none,728,212,0
82819,190353,0.0,0.0,0.0,0.0,0,0.0,0,none,1051,267,0
797195,5956,0.0,0.0,0.0,0.0,0,0.0,0,none,1029,803,0
55679,612865,0.0,0.0,0.0,0.0,0,0.0,0,none,778,828,0
28382,22396,0.0,0.0,0.0,0.0,0,0.0,0,none,448,339,0
26397,595060,0.0,0.0,0.0,0.0,0,0.0,0,none,417,802,0
46303,6964,0.0,0.0,0.0,0.0,0,0.0,0,none,716,927,0
36514,7476,0.0,0.0,0.0,0.0,0,0.0,0,none,601,995,0
88249,321952,0.0,0.0,0.0,0.0,0,0.0,0,none,1108,505,0
6972,32863,0.0,0.0,0.0,0.0,0,0.0,0,none,929,521,0
1044584,28031,0.0,0.0,0.0,0.0,0,0.0,0,none,27,439,0
38967,36676,0.0,0.0,0.0,0.0,0,0.0,0,none,629,603,0
6980,3322,0.0,0.0,0.0,0.0,0,0.0,0,none,931,528,0
33764,614373,0.0,0.0,0.0,0.0,0,0.0,0,none,541,833,0
37801,232158,0.0,0.0,0.0,0.0,0,0.0,0,none,613,351,0
114979,115698,0.0,0.0,0.0,0.0,0,0.0,0,none,107,112,0
62372,10324,0.0,0.0,0.0,0.0,0,0.0,0,none,847,12,0
34296,3743,0.0,0.0,0.0,0.0,0,0.0,0,none,554,607,0
10753,10800,0.0,0.0,0.0,0.0,0,0.0,0,none,49,55,0
6918,324072,0.0,0.0,0.0,0.0,0,0.0,0,none,919,508,0
7676,108074,0.0,0.0,0.0,0.0,0,0.0,0,none,1007,56,0
3098,35619,0.0,0.0,0.0,0.0,0,0.0,0,none,485,572,0
60307,2409,0.0,0.0,0.0,0.0,0,0.0,0,none,819,372,0
3626,139896,0.0,0.0,0.0,0.0,0,0.0,0,none,590,185,0
3500,83515,0.0,0.0,0.0,0.0,0,0.0,0,none,563,1062,0
5781,720825,0.0,0.0,0.0,0.0,0,0.0,0,none,791,950,0
60307,28889,0.0,0.0,0.0,0.0,0,0.0,0,none,819,455,0
1511,3350,0.0,0.0,0.0,0.0,0,0.0,0,none,208,529,0
99,3423,0.0,0.0,0.0,0.0,0,0.0,0,none,1136,552,0
2597,30125,0.0,0.0,0.0,0.0,0,0.0,0,none,407,473,0
1546438,7023,0.0,0.0,0.0,0.0,0,0.0,0,none,217,936,0
154,4301,0.0,0.0,0.0,0.0,0,0.0,0,none,215,686,0
197,7833,0.0,0.0,0.0,0.0,0,0.0,0,none,286,1021,0
7833,36717,0.0,0.0,0.0,0.0,0,0.0,0,none,1021,605,0
260101,38252,0.0,0.0,0.0,0.0,0,0.0,0,none,410,617,0
10826,3628,0.0,0.0,0.0,0.0,0,0.0,0,none,61,591,0
6750,8638,0.0,0.0,0.0,0.0,0,0.0,0,none,890,1088,0
595060,282446,0.0,0.0,0.0,0.0,0,0.0,0,none,802,443,0
20498,6851,0.0,0.0,0.0,0.0,0,0.0,0,none,306,910,0
342369,42355,0.0,0.0,0.0,0.0,0,0.0,0,none,553,673,0
5032,19295,0.0,0.0,0.0,0.0,0,0.0,0,none,745,275,0
358263,2890,0.0,0.0,0.0,0.0,0,0.0,0,none,583,457,0
1272,7145,0.0,0.0,0.0,0.0,0,0.0,0,none,137,947,0
4077,113608,0.0,0.0,0.0,0.0,0,0.0,0,none,648,94,0
9794,44151,0.0,0.0,0.0,0.0,0,0.0,0,none,1131,693,0
684879,3013,0.0,0.0,0.0,0.0,0,0.0,0,none,908,474,0
44281,4278,0.0,0.0,0.0,0.0,0,0.0,0,none,695,681,0
187832,3041,0.0,0.0,0.0,0.0,0,0.0,0,none,257,479,0
4955,7833,0.0,0.0,0.0,0.0,0,0.0,0,none,740,1021,0
2002,2556,0.0,0.0,0.0,0.0,0,0.0,0,none,293,400,0
39954,85762,0.0,0.0,0.0,0.0,0,0.0,0,none,637,1078,0
732,27392,0.0,0.0,0.0,0.0,0,0.0,0,none,977,427,0
20492,35255,0.0,0.0,0.0,0.0,0,0.0,0,none,305,567,0
6581,77655,0.0,0.0,0.0,0.0,0,0.0,0,none,873,1012,0
3498,11295,0.0,0.0,0.0,0.0,0,0.0,0,none,562,92,0
1919,42781,0.0,0.0,0.0,0.0,0,0.0,0,none,273,682,0
283753,2101,0.0,0.0,0.0,0.0,0,0.0,0,none,446,309,0
35619,5781,0.0,0.0,0.0,0.0,0,0.0,0,none,572,791,0
24909,2193,0.0,0.0,0.0,0.0,0,0.0,0,none,380,332,0
5691,6984,0.0,0.0,0.0,0.0,0,0.0,0,none,785,932,0
306674,8770,0.0,0.0,0.0,0.0,0,0.0,0,none,482,1100,0
17767,9071,0.0,0.0,0.0,0.0,0,0.0,0,none,245,1117,0
114979,376,0.0,0.0,0.0,0.0,0,0.0,0,none,107,608,0
7236,44281,0.0,0.0,0.0,0.0,0,0.0,0,none,960,695,0
1828,4816,0.0,0.0,0.0,0.0,0,0.0,0,none,249,728,0
1442981,2193,0.0,0.0,0.0,0.0,0,0.0,0,none,204,332,0
6832,308814,0.0,0.0,0.0,0.0,0,0.0,0,none,903,484,0
8536,1306284,0.0,0.0,0.0,0.0,0,0.0,0,none,1076,147,0
1427022,88014,0.0,0.0,0.0,0.0,0,0.0,0,none,199,1105,0
6472,1371041,0.0,0.0,0.0,0.0,0,0.0,0,none,867,177,0
8814,6218,0.0,0.0,0.0,0.0,0,0.0,0,none,1107,844,0
8134,41493,0.0,0.0,0.0,0.0,0,0.0,0,none,1040,664,0
87636,7476,0.0,0.0,0.0,0.0,0,0.0,0,none,1099,995,0
3634,214824,0.0,0.0,0.0,0.0,0,0.0,0,none,592,323,0
33738,461016,0.0,0.0,0.0,0.0,0,0.0,0,none,536,715,0
7023,11202,0.0,0.0,0.0,0.0,0,0.0,0,none,936,84,0
2400,214354,0.0,0.0,0.0,0.0,0,0.0,0,none,370,319,0
52175,57308,0.0,0.0,0.0,0.0,0,0.0,0,none,753,789,0
4126,214342,0.0,0.0,0.0,0.0,0,0.0,0,none,661,318,0
16695,25037,0.0,0.0,0.0,0.0,0,0.0,0,none,231,385,0
10825,33747,0.0,0.0,0.0,0.0,0,0.0,0,none,60,538,0
1430438,42682,0.0,0.0,0.0,0.0,0,0.0,0,none,200,680,0
4917,25789,0.0,0.0,0.0,0.0,0,0.0,0,none,737,403,0
187832,9947,0.0,0.0,0.0,0.0,0,0.0,0,none,257,1139,0
71535,7213,0.0,0.0,0.0,0.0,0,0.0,0,none,948,951,0
8536,4821,0.0,0.0,0.0,0.0,0,0.0,0,none,1076,730,0
1303851,1442132,0.0,0.0,0.0,0.0,0,0.0,0,none,145,203,0
8134,2551,0.0,0.0,0.0,0.0,0,0.0,0,none,1040,398,0
6185,82122,0.0,0.0,0.0,0.0,0,0.0,0,none,839,1049,0
54552,49276,0.0,0.0,0.0,0.0,0,0.0,0,none,762,739,0
6964,2683,0.0,0.0,0.0,0.0,0,0.0,0,none,927,421,0
1547545,1243041,0.0,0.0,0.0,0.0,0,0.0,0,none,218,131,0
3992,20498,0.0,0.0,0.0,0.0,0,0.0,0,none,635,306,0
25486,3403,0.0,0.0,0.0,0.0,0,0.0,0,none,397,547,0
6711,9796,0.0,0.0,0.0,0.0,0,0.0,0,none,887,1132,0
10829,10432,0.0,0.0,0.0,0.0,0,0.0,0,none,62,25,0
86009,3322,0.0,0.0,0.0,0.0,0,0.0,0,none,1083,528,0
73178,29561,0.0,0.0,0.0,0.0,0,0.0,0,none,976,463,0
897018,3361,0.0,0.0,0.0,0.0,0,0.0,0,none,1112,532,0
7244,190548,0.0,0.0,0.0,0.0,0,0.0,0,none,963,270,0
40575,42372,0.0,0.0,0.0,0.0,0,0.0,0,none,647,674,0
231049,4450,0.0,0.0,0.0,0.0,0,0.0,0,none,350,698,0
18631,337525,0.0,0.0,0.0,0.0,0,0.0,0,none,253,540,0
44151,9346,0.0,0.0,0.0,0.0,0,0.0,0,none,693,1121,0
190548,1242806,0.0,0.0,0.0,0.0,0,0.0,0,none,270,129,0
8123,4099,0.0,0.0,0.0,0.0,0,0.0,0,none,1038,654,0
7226,14584,0.0,0.0,0.0,0.0,0,0.0,0,none,956,205,0
46303,135056,0.0,0.0,0.0,0.0,0,0.0,0,none,716,160,0
3361,6926,0.0,0.0,0.0,0.0,0,0.0,0,none,532,921,0
641,8134,0.0,0.0,0.0,0.0,0,0.0,0,none,860,1040,0
258494,8703,0.0,0.0,0.0,0.0,0,0.0,0,none,405,1093,0
29170,2011,0.0,0.0,0.0,0.0,0,0.0,0,none,460,295,0
11359,4917,0.0,0.0,0.0,0.0,0,0.0,0,none,93,737,0
84857,614373,0.0,0.0,0.0,0.0,0,0.0,0,none,1073,833,0
1009,183379,0.0,0.0,0.0,0.0,0,0.0,0,none,2,251,0
73032,2556,0.0,0.0,0.0,0.0,0,0.0,0,none,972,400,0
253166,10800,0.0,0.0,0.0,0.0,0,0.0,0,none,390,55,0
27729,19790,0.0,0.0,0.0,0.0,0,0.0,0,none,435,287,0
4053,74667,0.0,0.0,0.0,0.0,0,0.0,0,none,646,993,0
62356,25480,0.0,0.0,0.0,0.0,0,0.0,0,none,846,395,0
20352,23247,0.0,0.0,0.0,0.0,0,0.0,0,none,301,352,0
343048,60212,0.0,0.0,0.0,0.0,0,0.0,0,none,556,815,0
5781,28031,0.0,0.0,0.0,0.0,0,0.0,0,none,791,439,0
25025,3264,0.0,0.0,0.0,0.0,0,0.0,0,none,384,516,0
3417,4440,0.0,0.0,0.0,0.0,0,0.0,0,none,550,696,0
8183,6929,0.0,0.0,0.0,0.0,0,0.0,0,none,1045,922,0
618278,274332,0.0,0.0,0.0,0.0,0,0.0,0,none,836,428,0
1300786,8120,0.0,0.0,0.0,0.0,0,0.0,0,none,142,1037,0
8134,37617,0.0,0.0,0.0,0.0,0,0.0,0,none,1040,609,0
6759,31448,0.0,0.0,0.0,0.0,0,0.0,0,none,892,493,0
9793,34347,0.0,0.0,0.0,0.0,0,0.0,0,none,1130,557,0
29954,19295,0.0,0.0,0.0,0.0,0,0.0,0,none,468,275,0
69646,5666,0.0,0.0,0.0,0.0,0,0.0,0,none,928,782,0
6915,1102129,0.0,0.0,0.0,0.0,0,0.0,0,none,917,73,0
154,28894,0.0,0.0,0.0,0.0,0,0.0,0,none,215,456,0
282446,327361,0.0,0.0,0.0,0.0,0,0.0,0,none,443,518,0
237159,10691,0.0,0.0,0.0,0.0,0,0.0,0,none,367,45,0
85248,10395,0.0,0.0,0.0,0.0,0,0.0,0,none,1075,19,0
73032,3041,0.0,0.0,0.0,0.0,0,0.0,0,none,972,479,0
10772,114289,0.0,0.0,0.0,0.0,0,0.0,0,none,53,99,0
22697,5487,0.0,0.0,0.0,0.0,0,0.0,0,none,342,764,0
8745,103,0.0,0.0,0.0,0.0,0,0.0,0,none,1098,11,0
12574,475968,0.0,0.0,0.0,0.0,0,0.0,0,none,135,722,0
1310520,3640,0.0,0.0,0.0,0.0,0,0.0,0,none,152,596,0
31748,8686,0.0,0.0,0.0,0.0,0,0.0,0,none,499,1090,0
224905,5657,0.0,0.0,0.0,0.0,0,0.0,0,none,340,781,0
72962,723,0.0,0.0,0.0,0.0,0,0.0,0,none,969,957,0
2878,5514,0.0,0.0,0.0,0.0,0,0.0,0,none,454,770,0
221147,3417,0.0,0.0,0.0,0.0,0,0.0,0,none,335,550,0
27729,7531,0.0,0.0,0.0,0.0,0,0.0,0,none,435,1000,0
19295,8782,0.0,0.0,0.0,0.0,0,0.0,0,none,275,1102,0
9863,993449,0.0,0.0,0.0,0.0,0,0.0,0,none,1133,1137,0
475342,119771,0.0,0.0,0.0,0.0,0,0.0,0,none,720,118,0
7517,21406,0.0,0.0,0.0,0.0,0,0.0,0,none,998,317,0
1753,1599832,0.0,0.0,0.0,0.0,0,0.0,0,none,241,224,0
684879,337525,0.0,0.0,0.0,0.0,0,0.0,0,none,908,540,0
20610,75207,0.0,0.0,0.0,0.0,0,0.0,0,none,307,999,0
29899,7715,0.0,0.0,0.0,0.0,0,0.0,0,none,467,1010,0
1111103,1086769,0.0,0.0,0.0,0.0,0,0.0,0,none,76,65,0
104129,2403,0.0,0.0,0.0,0.0,0,0.0,0,none,23,371,0
1012892,7906,0.0,0.0,0.0,0.0,0,0.0,0,none,4,1028,0
358255,278567,0.0,0.0,0.0,0.0,0,0.0,0,none,579,437,0
679314,140108,0.0,0.0,0.0,0.0,0,0.0,0,none,894,188,0
20890,9947,0.0,0.0,0.0,0.0,0,0.0,0,none,308,1139,0
358274,68149,0.0,0.0,0.0,0.0,0,0.0,0,none,585,901,0
221147,12062,0.0,0.0,0.0,0.0,0,0.0,0,none,335,121,0
16738,8782,0.0,0.0,0.0,0.0,0,0.0,0,none,233,1102,0
3154,274964,0.0,0.0,0.0,0.0,0,0.0,0,none,495,431,0
52177,2438,0.0,0.0,0.0,0.0,0,0.0,0,none,754,374,0
10180,3648,0.0,0.0,0.0,0.0,0,0.0,0,none,8,600,0
1150094,1303851,0.0,0.0,0.0,0.0,0,0.0,0,none,108,145,0
3364,18880,0.0,0.0,0.0,0.0,0,0.0,0,none,533,260,0
2551,136411,0.0,0.0,0.0,0.0,0,0.0,0,none,398,171,0
3638,298665,0.0,0.0,0.0,0.0,0,0.0,0,none,593,465,0
6472,719872,0.0,0.0,0.0,0.0,0,0.0,0,none,867,949,0
1427022,9639,0.0,0.0,0.0,0.0,0,0.0,0,none,199,1127,0
51272,35827,0.0,0.0,0.0,0.0,0,0.0,0,none,749,584,0
20890,29899,0.0,0.0,0.0,0.0,0,0.0,0,none,308,467,0
1242806,10597,0.0,0.0,0.0,0.0,0,0.0,0,none,129,40,0
36676,6926,0.0,0.0,0.0,0.0,0,0.0,0,none,603,921,0
358255,139896,0.0,0.0,0.0,0.0,0,0.0,0,none,579,185,0
4100,68139,0.0,0.0,0.0,0.0,0,0.0,0,none,655,900,0
2709,7814,0.0,0.0,0.0,0.0,0,0.0,0,none,423,1018,0
9793,997261,0.0,0.0,0.0,0.0,0,0.0,0,none,1130,1141,0
1044977,2101,0.0,0.0,0.0,0.0,0,0.0,0,none,28,309,0
10473,100278,0.0,0.0,0.0,0.0,0,0.0,0,none,31,1,0
7812,8718,0.0,0.0,0.0,0.0,0,0.0,0,none,1017,1095,0
1373458,7244,0.0,0.0,0.0,0.0,0,0.0,0,none,178,963,0
21212,29170,0.0,0.0,0.0,0.0,0,0.0,0,none,314,460,0
593411,2400,0.0,0.0,0.0,0.0,0,0.0,0,none,801,370,0
36567,70167,0.0,0.0,0.0,0.0,0,0.0,0,none,602,935,0
10588,384455,0.0,0.0,0.0,0.0,0,0.0,0,none,38,623,0
7258,214824,0.0,0.0,0.0,0.0,0,0.0,0,none,965,323,0
37798,253182,0.0,0.0,0.0,0.0,0,0.0,0,none,612,391,0
3407,14584,0.0,0.0,0.0,0.0,0,0.0,0,none,548,205,0
354770,31994,0.0,0.0,0.0,0.0,0,0.0,0,none,570,502,0
4850,6146,0.0,0.0,0.0,0.0,0,0.0,0,none,733,835,0
6130,8175,0.0,0.0,0.0,0.0,0,0.0,0,none,829,1044,0
8704,55672,0.0,0.0,0.0,0.0,0,0.0,0,none,1094,777,0
819300,15202,0.0,0.0,0.0,0.0,0,0.0,0,none,1046,211,0
29561,1547545,0.0,0.0,0.0,0.0,0,0.0,0,none,463,218,0
10510,3254,0.0,0.0,0.0,0.0,0,0.0,0,none,33,510,0
38967,2023,0.0,0.0,0.0,0.0,0,0.0,0,none,629,298,0
805452,2393,0.0,0.0,0.0,0.0,0,0.0,0,none,1035,368,0
21107,9344,0.0,0.0,0.0,0.0,0,0.0,0,none,312,1120,0
7514,6718,0.0,0.0,0.0,0.0,0,0.0,0,none,997,888,0
84857,3254,0.0,0.0,0.0,0.0,0,0.0,0,none,1073,510,0
228476,6057,0.0,0.0,0.0,0.0,0,0.0,0,none,344,822,0
108074,44,0.0,0.0,0.0,0.0,0,0.0,0,none,56,692,0
8373,139825,0.0,0.0,0.0,0.0,0,0.0,0,none,1066,184,0
25480,283838,0.0,0.0,0.0,0.0,0,0.0,0,none,395,450,0
1439816,897018,0.0,0.0,0.0,0.0,0,0.0,0,none,201,1112,0
2622,7906,0.0,0.0,0.0,0.0,0,0.0,0,none,411,1028,0
20352,9796,0.0,0.0,0.0,0.0,0,0.0,0,none,301,1132,0
6980,1622,0.0,0.0,0.0,0.0,0,0.0,0,none,931,228,0
10800,1112973,0.0,0.0,0.0,0.0,0,0.0,0,none,55,78,0
5666,4678,0.0,0.0,0.0,0.0,0,0.0,0,none,782,717,0
8150,51499,0.0,0.0,0.0,0.0,0,0.0,0,none,1041,751,0
24909,4441,0.0,0.0,0.0,0.0,0,0.0,0,none,380,697,0
8373,10597,0.0,0.0,0.0,0.0,0,0.0,0,none,1066,40,0
993449,8263,0.0,0.0,0.0,0.0,0,0.0,0,none,1137,1050,0
8742,7476,0.0,0.0,0.0,0.0,0,0.0,0,none,1097,995,0
75917,37798,0.0,0.0,0.0,0.0,0,0.0,0,none,1002,612,0
26225,42612,0.0,0.0,0.0,0.0,0,0.0,0,none,412,678,0
2541,73044,0.0,0.0,0.0,0.0,0,0.0,0,none,394,973,0
36453,358258,0.0,0.0,0.0,0.0,0,0.0,0,none,599,581,0
62427,283838,0.0,0.0,0.0,0.0,0,0.0,0,none,848,450,0
10237,1712,0.0,0.0,0.0,0.0,0,0.0,0,none,9,235,0
42463,1606853,0.0,0.0,0.0,0.0,0,0.0,0,none,676,226,0
8514,625,0.0,0.0,0.0,0.0,0,0.0,0,none,1074,849,0
3100,68503,0.0,0.0,0.0,0.0,0,0.0,0,none,486,909,0
1895,319864,0.0,0.0,0.0,0.0,0,0.0,0,none,263,501,0
10597,2393,0.0,0.0,0.0,0.0,0,0.0,0,none,40,368,0
141704,5879,0.0,0.0,0.0,0.0,0,0.0,0,none,192,794,0
2348,6205,0.0,0.0,0.0,0.0,0,0.0,0,none,356,843,0
1303851,6581,0.0,0.0,0.0,0.0,0,0.0,0,none,145,873,0
42372,358255,0.0,0.0,0.0,0.0,0,0.0,0,none,674,579,0
1300786,3322,0.0,0.0,0.0,0.0,0,0.0,0,none,142,528,0
6057,1085787,0.0,0.0,0.0,0.0,0,0.0,0,none,822,64,0
121191,51428,0.0,0.0,0.0,0.0,0,0.0,0,none,123,750,0
85248,11473,0.0,0.0,0.0,0.0,0,0.0,0,none,1075,102,0
25483,1364347,0.0,0.0,0.0,0.0,0,0.0,0,none,396,172,0
358263,38252,0.0,0.0,0.0,0.0,0,0.0,0,none,583,617,0
1535922,136411,0.0,0.0,0.0,0.0,0,0.0,0,none,213,171,0
42331,5487,0.0,0.0,0.0,0.0,0,0.0,0,none,670,764,0
1827,10588,0.0,0.0,0.0,0.0,0,0.0,0,none,248,38,0
612,8591,0.0,0.0,0.0,0.0,0,0.0,0,none,827,1082,0
35255,33724,0.0,0.0,0.0,0.0,0,0.0,0,none,567,535,0
2193,1092437,0.0,0.0,0.0,0.0,0,0.0,0,none,332,68,0
9143,4492,0.0,0.0,0.0,0.0,0,0.0,0,none,1118,704,0
2977,283810,0.0,0.0,0.0,0.0,0,0.0,0,none,464,447,0
134547,39230,0.0,0.0,0.0,0.0,0,0.0,0,none,156,630,0
7052,4850,0.0,0.0,0.0,0.0,0,0.0,0,none,939,733,0
6313,11253,0.0,0.0,0.0,0.0,0,0.0,0,none,850,88,0
7646,5992,0.0,0.0,0.0,0.0,0,0.0,0,none,1006,812,0
2556,3423,0.0,0.0,0.0,0.0,0,0.0,0,none,400,552,0
44157,6579,0.0,0.0,0.0,0.0,0,0.0,0,none,694,872,0
632,191831,0.0,0.0,0.0,0.0,0,0.0,0,none,852,272,0
1889,1243041,0.0,0.0,0.0,0.0,0,0.0,0,none,261,131,0
4077,1116632,0.0,0.0,0.0,0.0,0,0.0,0,none,648,81,0
358263,631657,0.0,0.0,0.0,0.0,0,0.0,0,none,583,851,0
20352,20481,0.0,0.0,0.0,0.0,0,0.0,0,none,301,303,0
37806,78904,0.0,0.0,0.0,0.0,0,0.0,0,none,614,1025,0
194279,67031,0.0,0.0,0.0,0.0,0,0.0,0,none,277,884,0
76895,2670,0.0,0.0,0.0,0.0,0,0.0,0,none,1009,420,0
276237,1040005,0.0,0.0,0.0,0.0,0,0.0,0,none,434,20,0
2286,214354,0.0,0.0,0.0,0.0,0,0.0,0,none,345,319,0
22892,60207,0.0,0.0,0.0,0.0,0,0.0,0,none,348,814,0
36717,7476,0.0,0.0,0.0,0.0,0,0.0,0,none,605,995,0
8175,10180,0.0,0.0,0.0,0.0,0,0.0,0,none,1044,8,0
3254,54236,0.0,0.0,0.0,0.0,0,0.0,0,none,510,761,0
4508,1511,0.0,0.0,0.0,0.0,0,0.0,0,none,710,208,0
20063,17305,0.0,0.0,0.0,0.0,0,0.0,0,none,294,238,0
2597,32937,0.0,0.0,0.0,0.0,0,0.0,0,none,407,525,0
9793,31448,0.0,0.0,0.0,0.0,0,0.0,0,none,1130,493,0
233698,7906,0.0,0.0,0.0,0.0,0,0.0,0,none,354,1028,0
4462,1191,0.0,0.0,0.0,0.0,0,0.0,0,none,701,116,0
4440,194279,0.0,0.0,0.0,0.0,0,0.0,0,none,696,277,0
1304974,10734,0.0,0.0,0.0,0.0,0,0.0,0,none,146,47,0
18651,14584,0.0,0.0,0.0,0.0,0,0.0,0,none,254,205,0
83929,2599,0.0,0.0,0.0,0.0,0,0.0,0,none,1069,409,0
140587,7417,0.0,0.0,0.0,0.0,0,0.0,0,none,189,988,0
54552,274783,0.0,0.0,0.0,0.0,0,0.0,0,none,762,429,0
40048,2599,0.0,0.0,0.0,0.0,0,0.0,0,none,641,409,0
10432,135391,0.0,0.0,0.0,0.0,0,0.0,0,none,25,162,0
2590,40114,0.0,0.0,0.0,0.0,0,0.0,0,none,406,642,0
149,6759,0.0,0.0,0.0,0.0,0,0.0,0,none,207,892,0
69646,25126,0.0,0.0,0.0,0.0,0,0.0,0,none,928,387,0
62356,6901,0.0,0.0,0.0,0.0,0,0.0,0,none,846,914,0
52582,38413,0.0,0.0,0.0,0.0,0,0.0,0,none,758,622,0
5691,3155,0.0,0.0,0.0,0.0,0,0.0,0,none,785,496,0
5882,38967,0.0,0.0,0.0,0.0,0,0.0,0,none,796,629,0
49737,324072,0.0,0.0,0.0,0.0,0,0.0,0,none,742,508,0
139953,6448,0.0,0.0,0.0,0.0,0,0.0,0,none,187,863,0
56946,1901,0.0,0.0,0.0,0.0,0,0.0,0,none,786,266,0
36437,1364430,0.0,0.0,0.0,0.0,0,0.0,0,none,598,173,0
50610,1442132,0.0,0.0,0.0,0.0,0,0.0,0,none,746,203,0
704,475969,0.0,0.0,0.0,0.0,0,0.0,0,none,938,723,0
6038,2590,0.0,0.0,0.0,0.0,0,0.0,0,none,820,406,0
3423,274332,0.0,0.0,0.0,0.0,0,0.0,0,none,552,428,0
3628,10237,0.0,0.0,0.0,0.0,0,0.0,0,none,591,9,0
87636,1232150,0.0,0.0,0.0,0.0,0,0.0,0,none,1099,127,0
6185,10156,0.0,0.0,0.0,0.0,0,0.0,0,none,839,6,0
228476,42372,0.0,0.0,0.0,0.0,0,0.0,0,none,344,674,0
20610,265323,0.0,0.0,0.0,0.0,0,0.0,0,none,307,418,0
8356,475342,0.0,0.0,0.0,0.0,0,0.0,0,none,1064,720,0
1819,300195,0.0,0.0,0.0,0.0,0,0.0,0,none,247,470,0
42463,6960,0.0,0.0,0.0,0.0,0,0.0,0,none,676,924,0
6916,625,0.0,0.0,0.0,0.0,0,0.0,0,none,918,849,0
33738,596723,0.0,0.0,0.0,0.0,0,0.0,0,none,536,809,0
1622,33724,0.0,0.0,0.0,0.0,0,0.0,0,none,228,535,0
5781,8638,0.0,0.0,0.0,0.0,0,0.0,0,none,791,1088,0
787390,2348,0.0,0.0,0.0,0.0,0,0.0,0,none,1023,356,0
77492,3131,0.0,0.0,0.0,0.0,0,0.0,0,none,1011,491,0
2105,10154,0.0,0.0,0.0,0.0,0,0.0,0,none,310,5,0
2393,460132,0.0,0.0,0.0,0.0,0,0.0,0,none,368,712,0
114200,10627,0.0,0.0,0.0,0.0,0,0.0,0,none,97,42,0
854974,7617,0.0,0.0,0.0,0.0,0,0.0,0,none,1077,1004,0
495881,2105,0.0,0.0,0.0,0.0,0,0.0,0,none,741,310,0
10834,2599,0.0,0.0,0.0,0.0,0,0.0,0,none,63,409,0
52175,3254,0.0,0.0,0.0,0.0,0,0.0,0,none,753,510,0
8928,22396,0.0,0.0,0.0,0.0,0,0.0,0,none,1111,339,0
73710,475230,0.0,0.0,0.0,0.0,0,0.0,0,none,983,719,0
1373478,10763,0.0,0.0,0.0,0.0,0,0.0,0,none,179,51,0
4083,21766,0.0,0.0,0.0,0.0,0,0.0,0,none,651,325,0
253182,5521,0.0,0.0,0.0,0.0,0,0.0,0,none,391,772,0
83171,1373478,0.0,0.0,0.0,0.0,0,0.0,0,none,1055,179,0
6582,746741,0.0,0.0,0.0,0.0,0,0.0,0,none,874,994,0
588250,50097,0.0,0.0,0.0,0.0,0,0.0,0,none,797,743,0
25193,10798,0.0,0.0,0.0,0.0,0,0.0,0,none,388,54,0
4333,8353,0.0,0.0,0.0,0.0,0,0.0,0,none,688,1063,0
8704,260101,0.0,0.0,0.0,0.0,0,0.0,0,none,1094,410,0
42375,7773,0.0,0.0,0.0,0.0,0,0.0,0,none,675,1013,0
48937,9945,0.0,0.0,0.0,0.0,0,0.0,0,none,735,1138,0
1749,3100,0.0,0.0,0.0,0.0,0,0.0,0,none,240,486,0
8686,3626,0.0,0.0,0.0,0.0,0,0.0,0,none,1090,590,0
8163,15202,0.0,0.0,0.0,0.0,0,0.0,0,none,1042,211,0
8591,3154,0.0,0.0,0.0,0.0,0,0.0,0,none,1082,495,0
214342,74667,0.0,0.0,0.0,0.0,0,0.0,0,none,318,993,0
819300,10600,0.0,0.0,0.0,0.0,0,0.0,0,none,1046,41,0
714438,684879,0.0,0.0,0.0,0.0,0,0.0,0,none,946,908,0
614373,50166,0.0,0.0,0.0,0.0,0,0.0,0,none,833,744,0
167,10826,0.0,0.0,0.0,0.0,0,0.0,0,none,232,61,0
28889,2286,0.0,0.0,0.0,0.0,0,0.0,0,none,455,345,0
42372,2019,0.0,0.0,0.0,0.0,0,0.0,0,none,674,296,0
1037042,32675,0.0,0.0,0.0,0.0,0,0.0,0,none,16,517,0
83682,44281,0.0,0.0,0.0,0.0,0,0.0,0,none,1065,695,0
8375,10772,0.0,0.0,0.0,0.0,0,0.0,0,none,1067,53,0
6185,85762,0.0,0.0,0.0,0.0,0,0.0,0,none,839,1078,0
20492,24942,0.0,0.0,0.0,0.0,0,0.0,0,none,305,382,0
82122,10819,0.0,0.0,0.0,0.0,0,0.0,0,none,1049,59,0
10473,49737,0.0,0.0,0.0,0.0,0,0.0,0,none,31,742,0
121191,10829,0.0,0.0,0.0,0.0,0,0.0,0,none,123,62,0
10825,27169,0.0,0.0,0.0,0.0,0,0.0,0,none,60,424,0
1828,7646,0.0,0.0,0.0,0.0,0,0.0,0,none,249,1006,0
3616,657797,0.0,0.0,0.0,0.0,0,0.0,0,none,589,871,0
60548,236344,0.0,0.0,0.0,0.0,0,0.0,0,none,821,362,0
8001,358255,0.0,0.0,0.0,0.0,0,0.0,0,none,1033,579,0
8332,141626,0.0,0.0,0.0,0.0,0,0.0,0,none,1057,191,0
495881,57258,0.0,0.0,0.0,0.0,0,0.0,0,none,741,788,0
602811,29275,0.0,0.0,0.0,0.0,0,0.0,0,none,818,461,0
4508,67031,0.0,0.0,0.0,0.0,0,0.0,0,none,710,884,0
27392,4127,0.0,0.0,0.0,0.0,0,0.0,0,none,427,662,0
8814,7906,0.0,0.0,0.0,0.0,0,0.0,0,none,1107,1028,0
41127,25486,0.0,0.0,0.0,0.0,0,0.0,0,none,658,397,0
6466,5657,0.0,0.0,0.0,0.0,0,0.0,0,none,864,781,0
142131,595060,0.0,0.0,0.0,0.0,0,0.0,0,none,194,802,0
8589,228783,0.0,0.0,0.0,0.0,0,0.0,0,none,1081,346,0
25037,598,0.0,0.0,0.0,0.0,0,0.0,0,none,385,811,0
42682,58295,0.0,0.0,0.0,0.0,0,0.0,0,none,680,792,0
26225,3523,0.0,0.0,0.0,0.0,0,0.0,0,none,412,566,0
2473,5781,0.0,0.0,0.0,0.0,0,0.0,0,none,379,791,0
1243041,3634,0.0,0.0,0.0,0.0,0,0.0,0,none,131,592,0
36567,31447,0.0,0.0,0.0,0.0,0,0.0,0,none,602,492,0
657797,10737,0.0,0.0,0.0,0.0,0,0.0,0,none,871,48,0
1427022,41126,0.0,0.0,0.0,0.0,0,0.0,0,none,199,657,0
3498,276237,0.0,0.0,0.0,0.0,0,0.0,0,none,562,434,0
4452,141626,0.0,0.0,0.0,0.0,0,0.0,0,none,699,191,0
68446,88014,0.0,0.0,0.0,0.0,0,0.0,0,none,906,1105,0
18752,161,0.0,0.0,0.0,0.0,0,0.0,0,none,256,227,0
8263,3966,0.0,0.0,0.0,0.0,0,0.0,0,none,1050,632,0
596,4441,0.0,0.0,0.0,0.0,0,0.0,0,none,804,697,0
140587,318341,0.0,0.0,0.0,0.0,0,0.0,0,none,189,500,0
76895,1373458,0.0,0.0,0.0,0.0,0,0.0,0,none,1009,178,0
194881,3498,0.0,0.0,0.0,0.0,0,0.0,0,none,281,562,0
21766,1753,0.0,0.0,0.0,0.0,0,0.0,0,none,325,241,0
42955,358258,0.0,0.0,0.0,0.0,0,0.0,0,none,684,581,0
24947,67108,0.0,0.0,0.0,0.0,0,0.0,0,none,383,885,0
3254,33562,0.0,0.0,0.0,0.0,0,0.0,0,none,510,531,0
115264,7396,0.0,0.0,0.0,0.0,0,0.0,0,none,111,985,0
2348,19860,0.0,0.0,0.0,0.0,0,0.0,0,none,356,290,0
10154,704,0.0,0.0,0.0,0.0,0,0.0,0,none,5,938,0
36118,274783,0.0,0.0,0.0,0.0,0,0.0,0,none,588,429,0
35302,73645,0.0,0.0,0.0,0.0,0,0.0,0,none,569,981,0
33764,56512,0.0,0.0,0.0,0.0,0,0.0,0,none,541,780,0
83171,203223,0.0,0.0,0.0,0.0,0,0.0,0,none,1055,300,0
4440,10588,0.0,0.0,0.0,0.0,0,0.0,0,none,696,38,0
32592,11170,0.0,0.0,0.0,0.0,0,0.0,0,none,514,82,0
20492,10180,0.0,0.0,0.0,0.0,0,0.0,0,none,305,8,0
83818,140108,0.0,0.0,0.0,0.0,0,0.0,0,none,1068,188,0
35296,8588,0.0,0.0,0.0,0.0,0,0.0,0,none,568,1080,0
1303851,1218,0.0,0.0,0.0,0.0,0,0.0,0,none,145,125,0
1102129,231049,0.0,0.0,0.0,0.0,0,0.0,0,none,73,350,0
1191,3642,0.0,0.0,0.0,0.0,0,0.0,0,none,116,597,0
6718,7398,0.0,0.0,0.0,0.0,0,0.0,0,none,888,986,0
90176,55175,0.0,0.0,0.0,0.0,0,0.0,0,none,1115,771,0
31565,480167,0.0,0.0,0.0,0.0,0,0.0,0,none,498,726,0
1251,68139,0.0,0.0,0.0,0.0,0,0.0,0,none,133,900,0
725,6926,0.0,0.0,0.0,0.0,0,0.0,0,none,964,921,0
595060,7781,0.0,0.0,0.0,0.0,0,0.0,0,none,802,1014,0
6581,1102261,0.0,0.0,0.0,0.0,0,0.0,0,none,873,74,0
3634,8328,0.0,0.0,0.0,0.0,0,0.0,0,none,592,1056,0
38782,1828,0.0,0.0,0.0,0.0,0,0.0,0,none,628,249,0
325646,228783,0.0,0.0,0.0,0.0,0,0.0,0,none,512,346,0
6703,1111103,0.0,0.0,0.0,0.0,0,0.0,0,none,883,76,0
9873,358262,0.0,0.0,0.0,0.0,0,0.0,0,none,1134,582,0
1439816,88249,0.0,0.0,0.0,0.0,0,0.0,0,none,201,1108,0
274786,10156,0.0,0.0,0.0,0.0,0,0.0,0,none,430,6,0
1012892,637366,0.0,0.0,0.0,0.0,0,0.0,0,none,4,854,0
1895,6475,0.0,0.0,0.0,0.0,0,0.0,0,none,263,868,0
11202,153970,0.0,0.0,0.0,0.0,0,0.0,0,none,84,214,0
120608,10395,0.0,0.0,0.0,0.0,0,0.0,0,none,120,19,0
337523,3041,0.0,0.0,0.0,0.0,0,0.0,0,none,539,479,0
4089,1363268,0.0,0.0,0.0,0.0,0,0.0,0,none,652,168,0
321208,88249,0.0,0.0,0.0,0.0,0,0.0,0,none,504,1108,0
602811,746741,0.0,0.0,0.0,0.0,0,0.0,0,none,818,994,0
3642,805452,0.0,0.0,0.0,0.0,0,0.0,0,none,597,1035,0
54236,2669,0.0,0.0,0.0,0.0,0,0.0,0,none,761,419,0
7441,6876,0.0,0.0,0.0,0.0,0,0.0,0,none,991,912,0
9601,2011,0.0,0.0,0.0,0.0,0,0.0,0,none,1126,295,0
2597,5992,0.0,0.0,0.0,0.0,0,0.0,0,none,407,812,0
4089,3521,0.0,0.0,0.0,0.0,0,0.0,0,none,652,565,0
18880,11516,0.0,0.0,0.0,0.0,0,0.0,0,none,260,110,0
8183,224905,0.0,0.0,0.0,0.0,0,0.0,0,none,1045,340,0
631657,135391,0.0,0.0,0.0,0.0,0,0.0,0,none,851,162,0
614373,42375,0.0,0.0,0.0,0.0,0,0.0,0,none,833,675,0
214525,1244014,0.0,0.0,0.0,0.0,0,0.0,0,none,320,132,0
72257,214342,0.0,0.0,0.0,0.0,0,0.0,0,none,955,318,0
19831,732,0.0,0.0,0.0,0.0,0,0.0,0,none,288,977,0
1307404,632,0.0,0.0,0.0,0.0,0,0.0,0,none,149,852,0
60548,997261,0.0,0.0,0.0,0.0,0,0.0,0,none,821,1141,0
235496,236809,0.0,0.0,0.0,0.0,0,0.0,0,none,359,365,0
19860,3322,0.0,0.0,0.0,0.0,0,0.0,0,none,290,528,0
7454,6204,0.0,0.0,0.0,0.0,0,0.0,0,none,992,842,0
135056,9068,0.0,0.0,0.0,0.0,0,0.0,0,none,160,1116,0
68244,83171,0.0,0.0,0.0,0.0,0,0.0,0,none,902,1055,0
322167,4018,0.0,0.0,0.0,0.0,0,0.0,0,none,507,643,0
35827,1100699,0.0,0.0,0.0,0.0,0,0.0,0,none,584,72,0
281,6628,0.0,0.0,0.0,0.0,0,0.0,0,none,440,877,0
236344,35636,0.0,0.0,0.0,0.0,0,0.0,0,none,362,574,0
25255,100278,0.0,0.0,0.0,0.0,0,0.0,0,none,389,1,0
1300701,358262,0.0,0.0,0.0,0.0,0,0.0,0,none,141,582,0
641,6472,0.0,0.0,0.0,0.0,0,0.0,0,none,860,867,0
6703,4450,0.0,0.0,0.0,0.0,0,0.0,0,none,883,698,0
338817,4256,0.0,0.0,0.0,0.0,0,0.0,0,none,544,677,0
5521,3966,0.0,0.0,0.0,0.0,0,0.0,0,none,772,632,0
307296,1439816,0.0,0.0,0.0,0.0,0,0.0,0,none,483,201,0
641,8356,0.0,0.0,0.0,0.0,0,0.0,0,none,860,1064,0
10464,1306284,0.0,0.0,0.0,0.0,0,0.0,0,none,30,147,0
8640,38454,0.0,0.0,0.0,0.0,0,0.0,0,none,1089,624,0
2356,9524,0.0,0.0,0.0,0.0,0,0.0,0,none,360,1124,0
8896,7236,0.0,0.0,0.0,0.0,0,0.0,0,none,1109,960,0
114200,61148,0.0,0.0,0.0,0.0,0,0.0,0,none,97,826,0
29170,232158,0.0,0.0,0.0,0.0,0,0.0,0,none,460,351,0
35296,37801,0.0,0.0,0.0,0.0,0,0.0,0,none,568,613,0
9639,1894,0.0,0.0,0.0,0.0,0,0.0,0,none,1127,262,0
10395,5531,0.0,0.0,0.0,0.0,0,0.0,0,none,19,774,0
8410,618278,0.0,0.0,0.0,0.0,0,0.0,0,none,1070,836,0
10395,1596,0.0,0.0,0.0,0.0,0,0.0,0,none,19,221,0
1110783,119565,0.0,0.0,0.0,0.0,0,0.0,0,none,75,117,0
22396,44281,0.0,0.0,0.0,0.0,0,0.0,0,none,339,695,0
612865,1056,0.0,0.0,0.0,0.0,0,0.0,0,none,828,34,0
61148,2669,0.0,0.0,0.0,0.0,0,0.0,0,none,826,419,0
1218,3393,0.0,0.0,0.0,0.0,0,0.0,0,none,125,546,0
1359091,1112990,0.0,0.0,0.0,0.0,0,0.0,0,none,166,79,0
8629,258494,0.0,0.0,0.0,0.0,0,0.0,0,none,1087,405,0
28382,1094833,0.0,0.0,0.0,0.0,0,0.0,0,none,448,69,0
139896,5666,0.0,0.0,0.0,0.0,0,0.0,0,none,185,782,0
20890,114202,0.0,0.0,0.0,0.0,0,0.0,0,none,308,98,0
5640,591622,0.0,0.0,0.0,0.0,0,0.0,0,none,779,799,0
214342,82122,0.0,0.0,0.0,0.0,0,0.0,0,none,318,1049,0
56512,1300701,0.0,0.0,0.0,0.0,0,0.0,0,none,780,141,0
1242999,6813,0.0,0.0,0.0,0.0,0,0.0,0,none,130,899,0
38967,3098,0.0,0.0,0.0,0.0,0,0.0,0,none,629,485,0
140587,42954,0.0,0.0,0.0,0.0,0,0.0,0,none,189,683,0
190521,68244,0.0,0.0,0.0,0.0,0,0.0,0,none,269,902,0
8183,237116,0.0,0.0,0.0,0.0,0,0.0,0,none,1045,366,0
10825,56795,0.0,0.0,0.0,0.0,0,0.0,0,none,60,783,0
591781,596723,0.0,0.0,0.0,0.0,0,0.0,0,none,800,809,0
50610,2356,0.0,0.0,0.0,0.0,0,0.0,0,none,746,360,0
1364105,9641,0.0,0.0,0.0,0.0,0,0.0,0,none,170,1128,0
10368,85248,0.0,0.0,0.0,0.0,0,0.0,0,none,15,1075,0
33767,5509,0.0,0.0,0.0,0.0,0,0.0,0,none,542,769,0
8328,3489,0.0,0.0,0.0,0.0,0,0.0,0,none,1056,561,0
16817,1546356,0.0,0.0,0.0,0.0,0,0.0,0,none,234,216,0
6851,1547545,0.0,0.0,0.0,0.0,0,0.0,0,none,910,218,0
1150094,6058,0.0,0.0,0.0,0.0,0,0.0,0,none,108,823,0
18603,6719,0.0,0.0,0.0,0.0,0,0.0,0,none,252,889,0
190353,2977,0.0,0.0,0.0,0.0,0,0.0,0,none,267,464,0
47579,28889,0.0,0.0,0.0,0.0,0,0.0,0,none,721,455,0
1439816,9143,0.0,0.0,0.0,0.0,0,0.0,0,none,201,1118,0
7299,8332,0.0,0.0,0.0,0.0,0,0.0,0,none,971,1057,0
3642,7891,0.0,0.0,0.0,0.0,0,0.0,0,none,597,1026,0
51272,384455,0.0,0.0,0.0,0.0,0,0.0,0,none,749,623,0
10368,37776,0.0,0.0,0.0,0.0,0,0.0,0,none,15,610,0
135056,83682,0.0,0.0,0.0,0.0,0,0.0,0,none,160,1065,0
42319,40575,0.0,0.0,0.0,0.0,0,0.0,0,none,669,647,0
37925,11636,0.0,0.0,0.0,0.0,0,0.0,0,none,615,113,0
816346,11002,0.0,0.0,0.0,0.0,0,0.0,0,none,1043,71,0
1589,8745,0.0,0.0,0.0,0.0,0,0.0,0,none,220,1098,0
10759,73710,0.0,0.0,0.0,0.0,0,0.0,0,none,50,983,0
17311,4094,0.0,0.0,0.0,0.0,0,0.0,0,none,239,653,0
167,275635,0.0,0.0,0.0,0.0,0,0.0,0,none,232,432,0
475969,8332,0.0,0.0,0.0,0.0,0,0.0,0,none,723,1057,0
1605101,20489,0.0,0.0,0.0,0.0,0,0.0,0,none,225,304,0
233698,25480,0.0,0.0,0.0,0.0,0,0.0,0,none,354,395,0
700810,7895,0.0,0.0,0.0,0.0,0,0.0,0,none,934,1027,0
234416,42319,0.0,0.0,0.0,0.0,0,0.0,0,none,355,669,0
356887,32863,0.0,0.0,0.0,0.0,0,0.0,0,none,575,521,0
11359,42372,0.0,0.0,0.0,0.0,0,0.0,0,none,93,674,0
7676,29421,0.0,0.0,0.0,0.0,0,0.0,0,none,1007,462,0
40575,3355,0.0,0.0,0.0,0.0,0,0.0,0,none,647,530,0
139462,22396,0.0,0.0,0.0,0.0,0,0.0,0,none,182,339,0
6646,21107,0.0,0.0,0.0,0.0,0,0.0,0,none,878,312,0
36437,3634,0.0,0.0,0.0,0.0,0,0.0,0,none,598,592,0
6472,3648,0.0,0.0,0.0,0.0,0,0.0,0,none,867,600,0
1895,2449,0.0,0.0,0.0,0.0,0,0.0,0,none,263,376,0
27392,1218,0.0,0.0,0.0,0.0,0,0.0,0,none,427,125,0
3105,2578,0.0,0.0,0.0,0.0,0,0.0,0,none,488,401,0
4462,3100,0.0,0.0,0.0,0.0,0,0.0,0,none,701,486,0
37617,73645,0.0,0.0,0.0,0.0,0,0.0,0,none,609,981,0
2105,274964,0.0,0.0,0.0,0.0,0,0.0,0,none,310,431,0
8928,29275,0.0,0.0,0.0,0.0,0,0.0,0,none,1111,461,0
46303,19831,0.0,0.0,0.0,0.0,0,0.0,0,none,716,288,0
1364347,18603,0.0,0.0,0.0,0.0,0,0.0,0,none,172,252,0
1151,7236,0.0,0.0,0.0,0.0,0,0.0,0,none,109,960,0
1236136,2348,0.0,0.0,0.0,0.0,0,0.0,0,none,128,356,0
68442,121047,0.0,0.0,0.0,0.0,0,0.0,0,none,905,122,0
847083,4278,0.0,0.0,0.0,0.0,0,0.0,0,none,1072,681,0
83367,6703,0.0,0.0,0.0,0.0,0,0.0,0,none,1058,883,0
224905,4135,0.0,0.0,0.0,0.0,0,0.0,0,none,340,663,0
60245,4337,0.0,0.0,0.0,0.0,0,0.0,0,none,816,689,0
11246,87636,0.0,0.0,0.0,0.0,0,0.0,0,none,85,1099,0
6057,4850,0.0,0.0,0.0,0.0,0,0.0,0,none,822,733,0
1085787,1357536,0.0,0.0,0.0,0.0,0,0.0,0,none,64,164,0
1304974,3155,0.0,0.0,0.0,0.0,0,0.0,0,none,146,496,0
1242999,2188,0.0,0.0,0.0,0.0,0,0.0,0,none,130,330,0
2358,6585,0.0,0.0,0.0,0.0,0,0.0,0,none,361,875,0
7454,1148495,0.0,0.0,0.0,0.0,0,0.0,0,none,992,105,0
86009,302379,0.0,0.0,0.0,0.0,0,0.0,0,none,1083,477,0
325642,1425,0.0,0.0,0.0,0.0,0,0.0,0,none,511,197,0
135091,1291,0.0,0.0,0.0,0.0,0,0.0,0,none,161,138,0
8308,327361,0.0,0.0,0.0,0.0,0,0.0,0,none,1054,518,0
8132,4452,0.0,0.0,0.0,0.0,0,0.0,0,none,1039,699,0
2356,16681,0.0,0.0,0.0,0.0,0,0.0,0,none,360,230,0
10819,60842,0.0,0.0,0.0,0.0,0,0.0,0,none,59,825,0
24698,10737,0.0,0.0,0.0,0.0,0,0.0,0,none,378,48,0
306266,68149,0.0,0.0,0.0,0.0,0,0.0,0,none,481,901,0
27392,84857,0.0,0.0,0.0,0.0,0,0.0,0,none,427,1073,0
2348,87636,0.0,0.0,0.0,0.0,0,0.0,0,none,356,1099,0
10600,591781,0.0,0.0,0.0,0.0,0,0.0,0,none,41,800,0
1897,61148,0.0,0.0,0.0,0.0,0,0.0,0,none,264,826,0
2878,38413,0.0,0.0,0.0,0.0,0,0.0,0,none,454,622,0
6142,43611,0.0,0.0,0.0,0.0,0,0.0,0,none,832,691,0
37776,10390,0.0,0.0,0.0,0.0,0,0.0,0,none,610,18,0
7398,40114,0.0,0.0,0.0,0.0,0,0.0,0,none,986,642,0
85248,253453,0.0,0.0,0.0,0.0,0,0.0,0,none,1075,393,0
1426454,6026,0.0,0.0,0.0,0.0,0,0.0,0,none,198,817,0
321208,3274,0.0,0.0,0.0,0.0,0,0.0,0,none,504,519,0
263034,107044,0.0,0.0,0.0,0.0,0,0.0,0,none,416,46,0
46303,298665,0.0,0.0,0.0,0.0,0,0.0,0,none,716,465,0
70561,228783,0.0,0.0,0.0,0.0,0,0.0,0,none,940,346,0
34530,3638,0.0,0.0,0.0,0.0,0,0.0,0,none,560,593,0
1363268,10337,0.0,0.0,0.0,0.0,0,0.0,0,none,168,13,0
1112973,1889,0.0,0.0,0.0,0.0,0,0.0,0,none,78,261,0
283838,1112973,0.0,0.0,0.0,0.0,0,0.0,0,none,450,78,0
38252,6703,0.0,0.0,0.0,0.0,0,0.0,0,none,617,883,0
596724,4491,0.0,0.0,0.0,0.0,0,0.0,0,none,810,703,0
1364105,358262,0.0,0.0,0.0,0.0,0,0.0,0,none,170,582,0
187832,4816,0.0,0.0,0.0,0.0,0,0.0,0,none,257,728,0
1442132,7299,0.0,0.0,0.0,0.0,0,0.0,0,none,203,971,0
2399,307296,0.0,0.0,0.0,0.0,0,0.0,0,none,369,483,0
107044,12062,0.0,0.0,0.0,0.0,0,0.0,0,none,46,121,0
10627,8928,0.0,0.0,0.0,0.0,0,0.0,0,none,42,1111,0
83515,274786,0.0,0.0,0.0,0.0,0,0.0,0,none,1062,430,0
38260,35829,0.0,0.0,0.0,0.0,0,0.0,0,none,618,586,0
1256,588250,0.0,0.0,0.0,0.0,0,0.0,0,none,134,797,0
44,877015,0.0,0.0,0.0,0.0,0,0.0,0,none,692,1101,0
7407,37790,0.0,0.0,0.0,0.0,0,0.0,0,none,987,611,0
154,24947,0.0,0.0,0.0,0.0,0,0.0,0,none,215,383,0
37801,10829,0.0,0.0,0.0,0.0,0,0.0,0,none,613,62,0
3109,68244,0.0,0.0,0.0,0.0,0,0.0,0,none,490,902,0
77492,1242806,0.0,0.0,0.0,0.0,0,0.0,0,none,1011,129,0
20063,224905,0.0,0.0,0.0,0.0,0,0.0,0,none,294,340,0
11359,9143,0.0,0.0,0.0,0.0,0,0.0,0,none,93,1118,0
276237,17627,0.0,0.0,0.0,0.0,0,0.0,0,none,434,243,0
68099,19484,0.0,0.0,0.0,0.0,0,0.0,0,none,898,280,0
21241,1373458,0.0,0.0,0.0,0.0,0,0.0,0,none,315,178,0
35255,114200,0.0,0.0,0.0,0.0,0,0.0,0,none,567,97,0
321064,19790,0.0,0.0,0.0,0.0,0,0.0,0,none,503,287,0
18631,720825,0.0,0.0,0.0,0.0,0,0.0,0,none,253,950,0
1520,7597,0.0,0.0,0.0,0.0,0,0.0,0,none,210,1003,0
6064,519,0.0,0.0,0.0,0.0,0,0.0,0,none,824,752,0
73032,2473,0.0,0.0,0.0,0.0,0,0.0,0,none,972,379,0
8928,11258,0.0,0.0,0.0,0.0,0,0.0,0,none,1111,90,0
73178,1430438,0.0,0.0,0.0,0.0,0,0.0,0,none,976,200,0
8638,31447,0.0,0.0,0.0,0.0,0,0.0,0,none,1088,492,0
1385,4821,0.0,0.0,0.0,0.0,0,0.0,0,none,181,730,0
342369,3155,0.0,0.0,0.0,0.0,0,0.0,0,none,553,496,0
31448,10402,0.0,0.0,0.0,0.0,0,0.0,0,none,493,22,0
10438,37790,0.0,0.0,0.0,0.0,0,0.0,0,none,26,611,0
20492,8611,0.0,0.0,0.0,0.0,0,0.0,0,none,305,1084,0
1373478,25480,0.0,0.0,0.0,0.0,0,0.0,0,none,179,395,0
2598,6759,0.0,0.0,0.0,0.0,0,0.0,0,none,408,892,0
55244,3403,0.0,0.0,0.0,0.0,0,0.0,0,none,773,547,0
70167,67109,0.0,0.0,0.0,0.0,0,0.0,0,none,935,886,0
805452,58300,0.0,0.0,0.0,0.0,0,0.0,0,none,1035,793,0
29275,9641,0.0,0.0,0.0,0.0,0,0.0,0,none,461,1128,0
30257,281,0.0,0.0,0.0,0.0,0,0.0,0,none,478,440,0
1044977,1442132,0.0,0.0,0.0,0.0,0,0.0,0,none,28,203,0
997261,6468,0.0,0.0,0.0,0.0,0,0.0,0,none,1141,865,0
712566,8091,0.0,0.0,0.0,0.0,0,0.0,0,none,945,1036,0
2353,2418,0.0,0.0,0.0,0.0,0,0.0,0,none,357,373,0
54236,121191,0.0,0.0,0.0,0.0,0,0.0,0,none,761,123,0
60207,9525,0.0,0.0,0.0,0.0,0,0.0,0,none,814,1125,0
386938,1441660,0.0,0.0,0.0,0.0,0,0.0,0,none,627,202,0
3498,6404,0.0,0.0,0.0,0.0,0,0.0,0,none,562,858,0
7435,8183,0.0,0.0,0.0,0.0,0,0.0,0,none,989,1045,0
9344,40790,0.0,0.0,0.0,0.0,0,0.0,0,none,1120,649,0
77655,1998,0.0,0.0,0.0,0.0,0,0.0,0,none,1012,292,0
7804,117055,0.0,0.0,0.0,0.0,0,0.0,0,none,1015,114,0
41493,10502,0.0,0.0,0.0,0.0,0,0.0,0,none,664,32,0
3489,7812,0.0,0.0,0.0,0.0,0,0.0,0,none,561,1017,0
435,1649480,0.0,0.0,0.0,0.0,0,0.0,0,none,690,229,0
22696,7243,0.0,0.0,0.0,0.0,0,0.0,0,none,341,962,0
121243,8132,0.0,0.0,0.0,0.0,0,0.0,0,none,124,1039,0
6813,5879,0.0,0.0,0.0,0.0,0,0.0,0,none,899,794,0
1102129,596,0.0,0.0,0.0,0.0,0,0.0,0,none,73,804,0
36717,72302,0.0,0.0,0.0,0.0,0,0.0,0,none,605,958,0
83171,82819,0.0,0.0,0.0,0.0,0,0.0,0,none,1055,1051,0
89013,3289,0.0,0.0,0.0,0.0,0,0.0,0,none,1110,523,0
11253,27334,0.0,0.0,0.0,0.0,0,0.0,0,none,88,426,0
9947,1114195,0.0,0.0,0.0,0.0,0,0.0,0,none,1139,80,0
22892,18752,0.0,0.0,0.0,0.0,0,0.0,0,none,348,256,0
797195,5224,0.0,0.0,0.0,0.0,0,0.0,0,none,1029,755,0
1535922,7417,0.0,0.0,0.0,0.0,0,0.0,0,none,213,988,0
358262,83395,0.0,0.0,0.0,0.0,0,0.0,0,none,582,1060,0
10627,69120,0.0,0.0,0.0,0.0,0,0.0,0,none,42,916,0
25037,73689,0.0,0.0,0.0,0.0,0,0.0,0,none,385,982,0
689,119771,0.0,0.0,0.0,0.0,0,0.0,0,none,913,118,0
319864,4845,0.0,0.0,0.0,0.0,0,0.0,0,none,501,732,0
2188,1828,0.0,0.0,0.0,0.0,0,0.0,0,none,330,249,0
5880,6902,0.0,0.0,0.0,0.0,0,0.0,0,none,795,915,0
237116,4094,0.0,0.0,0.0,0.0,0,0.0,0,none,366,653,0
38400,59078,0.0,0.0,0.0,0.0,0,0.0,0,none,620,798,0
154,141626,0.0,0.0,0.0,0.0,0,0.0,0,none,215,191,0
1511,5882,0.0,0.0,0.0,0.0,0,0.0,0,none,208,796,0
37801,42954,0.0,0.0,0.0,0.0,0,0.0,0,none,613,683,0
76895,2669,0.0,0.0,0.0,0.0,0,0.0,0,none,1009,419,0
83929,2709,0.0,0.0,0.0,0.0,0,0.0,0,none,1069,423,0
8375,3498,0.0,0.0,0.0,0.0,0,0.0,0,none,1067,562,0
236778,5992,0.0,0.0,0.0,0.0,0,0.0,0,none,364,812,0
24909,6585,0.0,0.0,0.0,0.0,0,0.0,0,none,380,875,0
307296,68244,0.0,0.0,0.0,0.0,0,0.0,0,none,483,902,0
29275,228790,0.0,0.0,0.0,0.0,0,0.0,0,none,461,347,0
12062,40254,0.0,0.0,0.0,0.0,0,0.0,0,none,121,645,0
1191,67031,0.0,0.0,0.0,0.0,0,0.0,0,none,116,884,0
1897,324072,0.0,0.0,0.0,0.0,0,0.0,0,none,264,508,0
10240,36117,0.0,0.0,0.0,0.0,0,0.0,0,none,10,587,0
3639,39230,0.0,0.0,0.0,0.0,0,0.0,0,none,595,630,0
52582,2598,0.0,0.0,0.0,0.0,0,0.0,0,none,758,408,0
3364,7812,0.0,0.0,0.0,0.0,0,0.0,0,none,533,1017,0
6984,6204,0.0,0.0,0.0,0.0,0,0.0,0,none,932,842,0
1040028,8356,0.0,0.0,0.0,0.0,0,0.0,0,none,21,1064,0
19295,134527,0.0,0.0,0.0,0.0,0,0.0,0,none,275,155,0
30009,709271,0.0,0.0,0.0,0.0,0,0.0,0,none,469,943,0
328134,42612,0.0,0.0,0.0,0.0,0,0.0,0,none,520,678,0
2176,67108,0.0,0.0,0.0,0.0,0,0.0,0,none,324,885,0
327361,1359091,0.0,0.0,0.0,0.0,0,0.0,0,none,518,166,0
6218,10402,0.0,0.0,0.0,0.0,0,0.0,0,none,844,22,0
38260,7597,0.0,0.0,0.0,0.0,0,0.0,0,none,618,1003,0
51499,114289,0.0,0.0,0.0,0.0,0,0.0,0,none,751,99,0
734064,19484,0.0,0.0,0.0,0.0,0,0.0,0,none,979,280,0
8183,60207,0.0,0.0,0.0,0.0,0,0.0,0,none,1045,814,0
5966,997261,0.0,0.0,0.0,0.0,0,0.0,0,none,808,1141,0
6628,1828,0.0,0.0,0.0,0.0,0,0.0,0,none,877,249,0
2177,301542,0.0,0.0,0.0,0.0,0,0.0,0,none,326,476,0
37806,287637,0.0,0.0,0.0,0.0,0,0.0,0,none,614,453,0
1116632,214354,0.0,0.0,0.0,0.0,0,0.0,0,none,81,319,0
7393,68503,0.0,0.0,0.0,0.0,0,0.0,0,none,984,909,0
3640,72236,0.0,0.0,0.0,0.0,0,0.0,0,none,596,954,0
1819,62356,0.0,0.0,0.0,0.0,0,0.0,0,none,247,846,0
11295,35623,0.0,0.0,0.0,0.0,0,0.0,0,none,92,573,0
276237,1363352,0.0,0.0,0.0,0.0,0,0.0,0,none,434,169,0
236344,1362746,0.0,0.0,0.0,0.0,0,0.0,0,none,362,167,0
6809,6135,0.0,0.0,0.0,0.0,0,0.0,0,none,895,830,0
42331,10627,0.0,0.0,0.0,0.0,0,0.0,0,none,670,42,0
4462,1998,0.0,0.0,0.0,0.0,0,0.0,0,none,701,292,0
9524,3274,0.0,0.0,0.0,0.0,0,0.0,0,none,1124,519,0
1357536,53694,0.0,0.0,0.0,0.0,0,0.0,0,none,164,760,0
139953,6646,0.0,0.0,0.0,0.0,0,0.0,0,none,187,878,0
52582,114202,0.0,0.0,0.0,0.0,0,0.0,0,none,758,98,0
214525,24909,0.0,0.0,0.0,0.0,0,0.0,0,none,320,380,0
461016,1303098,0.0,0.0,0.0,0.0,0,0.0,0,none,715,144,0
194000,32937,0.0,0.0,0.0,0.0,0,0.0,0,none,276,525,0
5224,7821,0.0,0.0,0.0,0.0,0,0.0,0,none,755,1019,0
8150,72962,0.0,0.0,0.0,0.0,0,0.0,0,none,1041,969,0
1363268,21149,0.0,0.0,0.0,0.0,0,0.0,0,none,168,313,0
48203,19831,0.0,0.0,0.0,0.0,0,0.0,0,none,729,288,0
7435,33688,0.0,0.0,0.0,0.0,0,0.0,0,none,989,534,0
55672,4337,0.0,0.0,0.0,0.0,0,0.0,0,none,777,689,0
11516,11124,0.0,0.0,0.0,0.0,0,0.0,0,none,110,77,0
72610,35296,0.0,0.0,0.0,0.0,0,0.0,0,none,966,568,0
386938,75635,0.0,0.0,0.0,0.0,0,0.0,0,none,627,1001,0
136411,32863,0.0,0.0,0.0,0.0,0,0.0,0,none,171,521,0
25483,430,0.0,0.0,0.0,0.0,0,0.0,0,none,396,685,0
135056,283810,0.0,0.0,0.0,0.0,0,0.0,0,none,160,447,0
11251,4511,0.0,0.0,0.0,0.0,0,0.0,0,none,87,711,0
4496,120608,0.0,0.0,0.0,0.0,0,0.0,0,none,707,120,0
152610,5691,0.0,0.0,0.0,0.0,0,0.0,0,none,212,785,0
11516,194000,0.0,0.0,0.0,0.0,0,0.0,0,none,110,276,0
6835,9000,0.0,0.0,0.0,0.0,0,0.0,0,none,904,1113,0
82003,2556,0.0,0.0,0.0,0.0,0,0.0,0,none,1048,400,0
1307404,73689,0.0,0.0,0.0,0.0,0,0.0,0,none,149,982,0
140108,90176,0.0,0.0,0.0,0.0,0,0.0,0,none,188,1115,0
32863,10324,0.0,0.0,0.0,0.0,0,0.0,0,none,521,12,0
3322,285148,0.0,0.0,0.0,0.0,0,0.0,0,none,528,452,0
3264,1364347,0.0,0.0,0.0,0.0,0,0.0,0,none,516,172,0
36567,190376,0.0,0.0,0.0,0.0,0,0.0,0,none,602,268,0
50097,1242999,0.0,0.0,0.0,0.0,0,0.0,0,none,743,130,0
8589,44157,0.0,0.0,0.0,0.0,0,0.0,0,none,1081,694,0
1147320,11248,0.0,0.0,0.0,0.0,0,0.0,0,none,103,86,0
55175,7315,0.0,0.0,0.0,0.0,0,0.0,0,none,771,975,0
8132,679314,0.0,0.0,0.0,0.0,0,0.0,0,none,1039,894,0
475230,114477,0.0,0.0,0.0,0.0,0,0.0,0,none,719,100,0
11198,1110783,0.0,0.0,0.0,0.0,0,0.0,0,none,83,75,0
1040005,73044,0.0,0.0,0.0,0.0,0,0.0,0,none,20,973,0
7895,1895,0.0,0.0,0.0,0.0,0,0.0,0,none,1027,263,0
8132,7514,0.0,0.0,0.0,0.0,0,0.0,0,none,1039,997,0
6579,1546356,0.0,0.0,0.0,0.0,0,0.0,0,none,872,216,0
28894,1242999,0.0,0.0,0.0,0.0,0,0.0,0,none,456,130,0
2231,8928,0.0,0.0,0.0,0.0,0,0.0,0,none,338,1111,0
194337,5489,0.0,0.0,0.0,0.0,0,0.0,0,none,278,765,0
733,274783,0.0,0.0,0.0,0.0,0,0.0,0,none,978,429,0
44151,25126,0.0,0.0,0.0,0.0,0,0.0,0,none,693,387,0
1828,5879,0.0,0.0,0.0,0.0,0,0.0,0,none,249,794,0
91516,11251,0.0,0.0,0.0,0.0,0,0.0,0,none,1119,87,0
2622,3992,0.0,0.0,0.0,0.0,0,0.0,0,none,411,635,0
1760,18993,0.0,0.0,0.0,0.0,0,0.0,0,none,242,265,0
10767,6902,0.0,0.0,0.0,0.0,0,0.0,0,none,52,915,0
714438,1100699,0.0,0.0,0.0,0.0,0,0.0,0,none,946,72,0
8896,4316,0.0,0.0,0.0,0.0,0,0.0,0,none,1109,687,0
1426454,10473,0.0,0.0,0.0,0.0,0,0.0,0,none,198,31,0
235379,11289,0.0,0.0,0.0,0.0,0,0.0,0,none,358,91,0
32675,72962,0.0,0.0,0.0,0.0,0,0.0,0,none,517,969,0
314683,3443,0.0,0.0,0.0,0.0,0,0.0,0,none,494,558,0
18752,2037,0.0,0.0,0.0,0.0,0,0.0,0,none,256,302,0
596205,27392,0.0,0.0,0.0,0.0,0,0.0,0,none,805,427,0
36567,29561,0.0,0.0,0.0,0.0,0,0.0,0,none,602,463,0
83395,28439,0.0,0.0,0.0,0.0,0,0.0,0,none,1060,451,0
1442132,8782,0.0,0.0,0.0,0.0,0,0.0,0,none,203,1102,0
304962,5470,0.0,0.0,0.0,0.0,0,0.0,0,none,480,763,0
7435,6918,0.0,0.0,0.0,0.0,0,0.0,0,none,989,919,0
5552,73645,0.0,0.0,0.0,0.0,0,0.0,0,none,775,981,0
3616,61381,0.0,0.0,0.0,0.0,0,0.0,0,none,589,831,0
276237,10510,0.0,0.0,0.0,0.0,0,0.0,0,none,434,33,0
32968,712566,0.0,0.0,0.0,0.0,0,0.0,0,none,526,945,0
591781,7895,0.0,0.0,0.0,0.0,0,0.0,0,none,800,1027,0
4094,1272,0.0,0.0,0.0,0.0,0,0.0,0,none,653,137,0
1040005,6963,0.0,0.0,0.0,0.0,0,0.0,0,none,20,925,0
21149,100278,0.0,0.0,0.0,0.0,0,0.0,0,none,313,1,0
7407,17311,0.0,0.0,0.0,0.0,0,0.0,0,none,987,239,0
214549,18651,0.0,0.0,0.0,0.0,0,0.0,0,none,321,254,0
358255,4337,0.0,0.0,0.0,0.0,0,0.0,0,none,579,689,0
384455,3361,0.0,0.0,0.0,0.0,0,0.0,0,none,623,532,0
354770,6406,0.0,0.0,0.0,0.0,0,0.0,0,none,570,859,0
40254,1424,0.0,0.0,0.0,0.0,0,0.0,0,none,645,195,0
1307298,140108,0.0,0.0,0.0,0.0,0,0.0,0,none,148,188,0
59078,42682,0.0,0.0,0.0,0.0,0,0.0,0,none,798,680,0
4452,10734,0.0,0.0,0.0,0.0,0,0.0,0,none,699,47,0
1901,20890,0.0,0.0,0.0,0.0,0,0.0,0,none,266,308,0
41967,854974,0.0,0.0,0.0,0.0,0,0.0,0,none,667,1077,0
58295,1300786,0.0,0.0,0.0,0.0,0,0.0,0,none,792,142,0
20063,8150,0.0,0.0,0.0,0.0,0,0.0,0,none,294,1041,0
232540,24942,0.0,0.0,0.0,0.0,0,0.0,0,none,353,382,0
17305,19295,0.0,0.0,0.0,0.0,0,0.0,0,none,238,275,0
7880,7597,0.0,0.0,0.0,0.0,0,0.0,0,none,1024,1003,0
1424884,237116,0.0,0.0,0.0,0.0,0,0.0,0,none,196,366,0
8536,10237,0.0,0.0,0.0,0.0,0,0.0,0,none,1076,9,0
719872,854974,0.0,0.0,0.0,0.0,0,0.0,0,none,949,1077,0
298869,3105,0.0,0.0,0.0,0.0,0,0.0,0,none,466,488,0
993449,3423,0.0,0.0,0.0,0.0,0,0.0,0,none,1137,552,0
8328,73710,0.0,0.0,0.0,0.0,0,0.0,0,none,1056,983,0
50166,4301,0.0,0.0,0.0,0.0,0,0.0,0,none,744,686,0
9478,68442,0.0,0.0,0.0,0.0,0,0.0,0,none,1123,905,0
7880,3638,0.0,0.0,0.0,0.0,0,0.0,0,none,1024,593,0
10588,83929,0.0,0.0,0.0,0.0,0,0.0,0,none,38,1069,0
228476,275891,0.0,0.0,0.0,0.0,0,0.0,0,none,344,433,0
1218,5032,0.0,0.0,0.0,0.0,0,0.0,0,none,125,745,0
318341,203219,0.0,0.0,0.0,0.0,0,0.0,0,none,500,299,0
321988,31748,0.0,0.0,0.0,0.0,0,0.0,0,none,506,499,0
6922,82819,0.0,0.0,0.0,0.0,0,0.0,0,none,920,1051,0
596724,1300701,0.0,0.0,0.0,0.0,0,0.0,0,none,810,141,0
35829,700810,0.0,0.0,0.0,0.0,0,0.0,0,none,586,934,0
38260,6404,0.0,0.0,0.0,0.0,0,0.0,0,none,618,858,0
4089,2977,0.0,0.0,0.0,0.0,0,0.0,0,none,652,464,0
6719,1441660,0.0,0.0,0.0,0.0,0,0.0,0,none,889,202,0
6916,134748,0.0,0.0,0.0,0.0,0,0.0,0,none,918,159,0
4603,3322,0.0,0.0,0.0,0.0,0,0.0,0,none,713,528,0
4821,232158,0.0,0.0,0.0,0.0,0,0.0,0,none,730,351,0
1309210,8782,0.0,0.0,0.0,0.0,0,0.0,0,none,150,1102,0
68244,1546438,0.0,0.0,0.0,0.0,0,0.0,0,none,902,217,0
7441,28031,0.0,0.0,0.0,0.0,0,0.0,0,none,991,439,0
5509,139825,0.0,0.0,0.0,0.0,0,0.0,0,none,769,184,0
5691,2551,0.0,0.0,0.0,0.0,0,0.0,0,none,785,398,0
274332,2191,0.0,0.0,0.0,0.0,0,0.0,0,none,428,331,0
258494,8514,0.0,0.0,0.0,0.0,0,0.0,0,none,405,1074,0
25025,54993,0.0,0.0,0.0,0.0,0,0.0,0,none,384,768,0
703,21877,0.0,0.0,0.0,0.0,0,0.0,0,none,937,329,0
1148495,684879,0.0,0.0,0.0,0.0,0,0.0,0,none,105,908,0
8686,4821,0.0,0.0,0.0,0.0,0,0.0,0,none,1090,730,0
1100699,37418,0.0,0.0,0.0,0.0,0,0.0,0,none,72,606,0
304962,135447,0.0,0.0,0.0,0.0,0,0.0,0,none,480,163,0
4450,5521,0.0,0.0,0.0,0.0,0,0.0,0,none,698,772,0
22892,2556,0.0,0.0,0.0,0.0,0,0.0,0,none,348,400,0
358257,214354,0.0,0.0,0.0,0.0,0,0.0,0,none,580,319,0
4053,704,0.0,0.0,0.0,0.0,0,0.0,0,none,646,938,0
10737,5514,0.0,0.0,0.0,0.0,0,0.0,0,none,48,770,0
6972,33747,0.0,0.0,0.0,0.0,0,0.0,0,none,929,538,0
24909,114970,0.0,0.0,0.0,0.0,0,0.0,0,none,380,106,0
70727,46303,0.0,0.0,0.0,0.0,0,0.0,0,none,942,716,0
6809,338036,0.0,0.0,0.0,0.0,0,0.0,0,none,895,543,0
228790,121047,0.0,0.0,0.0,0.0,0,0.0,0,none,347,122,0
4511,29275,0.0,0.0,0.0,0.0,0,0.0,0,none,711,461,0
8514,232540,0.0,0.0,0.0,0.0,0,0.0,0,none,1074,353,0
11516,25025,0.0,0.0,0.0,0.0,0,0.0,0,none,110,384,0
857974,7984,0.0,0.0,0.0,0.0,0,0.0,0,none,1079,1031,0
1369,33910,0.0,0.0,0.0,0.0,0,0.0,0,none,175,545,0
10800,6963,0.0,0.0,0.0,0.0,0,0.0,0,none,55,925,0
631657,10379,0.0,0.0,0.0,0.0,0,0.0,0,none,851,17,0
612,10763,0.0,0.0,0.0,0.0,0,0.0,0,none,827,51,0
41126,55672,0.0,0.0,0.0,0.0,0,0.0,0,none,657,777,0
54552,19860,0.0,0.0,0.0,0.0,0,0.0,0,none,762,290,0
135056,42375,0.0,0.0,0.0,0.0,0,0.0,0,none,160,675,0
6691,9525,0.0,0.0,0.0,0.0,0,0.0,0,none,880,1125,0
1599832,2670,0.0,0.0,0.0,0.0,0,0.0,0,none,224,420,0
42955,10798,0.0,0.0,0.0,0.0,0,0.0,0,none,684,54,0
69634,8351,0.0,0.0,0.0,0.0,0,0.0,0,none,926,1061,0
712566,6536,0.0,0.0,0.0,0.0,0,0.0,0,none,945,869,0
3102,358258,0.0,0.0,0.0,0.0,0,0.0,0,none,487,581,0
21311,1147220,0.0,0.0,0.0,0.0,0,0.0,0,none,316,101,0
83682,797195,0.0,0.0,0.0,0.0,0,0.0,0,none,1065,1029,0
723,9641,0.0,0.0,0.0,0.0,0,0.0,0,none,957,1128,0
5521,2418,0.0,0.0,0.0,0.0,0,0.0,0,none,772,373,0
114979,37798,0.0,0.0,0.0,0.0,0,0.0,0,none,107,612,0
6475,2685,0.0,0.0,0.0,0.0,0,0.0,0,none,868,422,0
60207,194337,0.0,0.0,0.0,0.0,0,0.0,0,none,814,278,0
56946,73494,0.0,0.0,0.0,0.0,0,0.0,0,none,786,980,0
596723,343047,0.0,0.0,0.0,0.0,0,0.0,0,none,809,555,0
282388,1148138,0.0,0.0,0.0,0.0,0,0.0,0,none,442,104,0
68446,3407,0.0,0.0,0.0,0.0,0,0.0,0,none,906,548,0
711942,55679,0.0,0.0,0.0,0.0,0,0.0,0,none,944,778,0
612,214824,0.0,0.0,0.0,0.0,0,0.0,0,none,827,323,0
722,72257,0.0,0.0,0.0,0.0,0,0.0,0,none,953,955,0
1894,1425,0.0,0.0,0.0,0.0,0,0.0,0,none,262,197,0
25483,73032,0.0,0.0,0.0,0.0,0,0.0,0,none,396,972,0
1599832,33739,0.0,0.0,0.0,0.0,0,0.0,0,none,224,537,0
57258,357977,0.0,0.0,0.0,0.0,0,0.0,0,none,788,578,0
214525,27169,0.0,0.0,0.0,0.0,0,0.0,0,none,320,424,0
11289,73494,0.0,0.0,0.0,0.0,0,0.0,0,none,91,980,0
24941,11516,0.0,0.0,0.0,0.0,0,0.0,0,none,381,110,0
62372,119565,0.0,0.0,0.0,0.0,0,0.0,0,none,847,117,0
24909,1364430,0.0,0.0,0.0,0.0,0,0.0,0,none,380,173,0
275891,235496,0.0,0.0,0.0,0.0,0,0.0,0,none,433,359,0
593411,1307298,0.0,0.0,0.0,0.0,0,0.0,0,none,801,148,0
15202,29421,0.0,0.0,0.0,0.0,0,0.0,0,none,211,462,0
5521,25483,0.0,0.0,0.0,0.0,0,0.0,0,none,772,396,0
221147,274964,0.0,0.0,0.0,0.0,0,0.0,0,none,335,431,0
302379,7906,0.0,0.0,0.0,0.0,0,0.0,0,none,477,1028,0
720825,18747,0.0,0.0,0.0,0.0,0,0.0,0,none,950,255,0
8896,9384,0.0,0.0,0.0,0.0,0,0.0,0,none,1109,1122,0
37776,117466,0.0,0.0,0.0,0.0,0,0.0,0,none,610,115,0
7531,4452,0.0,0.0,0.0,0.0,0,0.0,0,none,1000,699,0
4301,40114,0.0,0.0,0.0,0.0,0,0.0,0,none,686,642,0
68099,6468,0.0,0.0,0.0,0.0,0,0.0,0,none,898,865,0
42375,83171,0.0,0.0,0.0,0.0,0,0.0,0,none,675,1055,0
392509,3289,0.0,0.0,0.0,0.0,0,0.0,0,none,631,523,0
1251,36387,0.0,0.0,0.0,0.0,0,0.0,0,none,133,594,0
1114195,1760,0.0,0.0,0.0,0.0,0,0.0,0,none,80,242,0
8627,3642,0.0,0.0,0.0,0.0,0,0.0,0,none,1086,597,0
5640,237159,0.0,0.0,0.0,0.0,0,0.0,0,none,779,367,0
194337,214342,0.0,0.0,0.0,0.0,0,0.0,0,none,278,318,0
6475,32592,0.0,0.0,0.0,0.0,0,0.0,0,none,868,514,0
7984,2447,0.0,0.0,0.0,0.0,0,0.0,0,none,1031,375,0
1091,8638,0.0,0.0,0.0,0.0,0,0.0,0,none,66,1088,0
6026,2623,0.0,0.0,0.0,0.0,0,0.0,0,none,817,413,0
214549,343047,0.0,0.0,0.0,0.0,0,0.0,0,none,321,555,0
37776,407990,0.0,0.0,0.0,0.0,0,0.0,0,none,610,650,0
1364347,83515,0.0,0.0,0.0,0.0,0,0.0,0,none,172,1062,0
117055,77492,0.0,0.0,0.0,0.0,0,0.0,0,none,114,1011,0
2878,6960,0.0,0.0,0.0,0.0,0,0.0,0,none,454,924,0
9002,1111103,0.0,0.0,0.0,0.0,0,0.0,0,none,1114,76,0
34347,67109,0.0,0.0,0.0,0.0,0,0.0,0,none,557,886,0
18631,6901,0.0,0.0,0.0,0.0,0,0.0,0,none,253,914,0
10167,1357536,0.0,0.0,0.0,0.0,0,0.0,0,none,7,164,0
34347,6387,0.0,0.0,0.0,0.0,0,0.0,0,none,557,856,0
9945,18651,0.0,0.0,0.0,0.0,0,0.0,0,none,1138,254,0
19790,357977,0.0,0.0,0.0,0.0,0,0.0,0,none,287,578,0
68503,141704,0.0,0.0,0.0,0.0,0,0.0,0,none,909,192,0
1223,237116,0.0,0.0,0.0,0.0,0,0.0,0,none,126,366,0
3364,46041,0.0,0.0,0.0,0.0,0,0.0,0,none,533,714,0
9794,73178,0.0,0.0,0.0,0.0,0,0.0,0,none,1131,976,0
6813,2400,0.0,0.0,0.0,0.0,0,0.0,0,none,899,370,0
39786,321208,0.0,0.0,0.0,0.0,0,0.0,0,none,634,504,0
84108,263034,0.0,0.0,0.0,0.0,0,0.0,0,none,1071,416,0
1100072,974779,0.0,0.0,0.0,0.0,0,0.0,0,none,70,1129,0
1373478,1300701,0.0,0.0,0.0,0.0,0,0.0,0,none,179,141,0
56795,384455,0.0,0.0,0.0,0.0,0,0.0,0,none,783,623,0
5521,3355,0.0,0.0,0.0,0.0,0,0.0,0,none,772,530,0
2890,2709,0.0,0.0,0.0,0.0,0,0.0,0,none,457,423,0
7441,35208,0.0,0.0,0.0,0.0,0,0.0,0,none,991,564,0
461016,2541,0.0,0.0,0.0,0.0,0,0.0,0,none,715,394,0
8373,187832,0.0,0.0,0.0,0.0,0,0.0,0,none,1066,257,0
237116,38574,0.0,0.0,0.0,0.0,0,0.0,0,none,366,625,0
36437,11202,0.0,0.0,0.0,0.0,0,0.0,0,none,598,84,0
44281,72143,0.0,0.0,0.0,0.0,0,0.0,0,none,695,952,0
29421,10826,0.0,0.0,0.0,0.0,0,0.0,0,none,462,61,0
5509,15996,0.0,0.0,0.0,0.0,0,0.0,0,none,769,223,0
2286,1359091,0.0,0.0,0.0,0.0,0,0.0,0,none,345,166,0
2685,283742,0.0,0.0,0.0,0.0,0,0.0,0,none,422,445,0
7676,6932,0.0,0.0,0.0,0.0,0,0.0,0,none,1007,923,0
1307404,461016,0.0,0.0,0.0,0.0,0,0.0,0,none,149,715,0
134527,73689,0.0,0.0,0.0,0.0,0,0.0,0,none,155,982,0
121191,31748,0.0,0.0,0.0,0.0,0,0.0,0,none,123,499,0
1223,2403,0.0,0.0,0.0,0.0,0,0.0,0,none,126,371,0
73494,3289,0.0,0.0,0.0,0.0,0,0.0,0,none,980,523,0
3648,4135,0.0,0.0,0.0,0.0,0,0.0,0,none,600,663,0
27334,11253,0.0,0.0,0.0,0.0,0,0.0,0,none,426,88,0
283810,25025,0.0,0.0,0.0,0.0,0,0.0,0,none,447,384,0
153970,2409,0.0,0.0,0.0,0.0,0,0.0,0,none,214,372,0
4100,100213,0.0,0.0,0.0,0.0,0,0.0,0,none,655,0,0
880350,114202,0.0,0.0,0.0,0.0,0,0.0,0,none,1106,98,0
3992,1091,0.0,0.0,0.0,0.0,0,0.0,0,none,635,66,0
28382,32915,0.0,0.0,0.0,0.0,0,0.0,0,none,448,524,0
2977,9524,0.0,0.0,0.0,0.0,0,0.0,0,none,464,1124,0
10337,325887,0.0,0.0,0.0,0.0,0,0.0,0,none,13,513,0
3827,1424884,0.0,0.0,0.0,0.0,0,0.0,0,none,619,196,0
68503,8589,0.0,0.0,0.0,0.0,0,0.0,0,none,909,1081,0
58300,623033,0.0,0.0,0.0,0.0,0,0.0,0,none,793,845,0
10395,2186,0.0,0.0,0.0,0.0,0,0.0,0,none,19,328,0
46041,4441,0.0,0.0,0.0,0.0,0,0.0,0,none,714,697,0
3393,40254,0.0,0.0,0.0,0.0,0,0.0,0,none,546,645,0
1303851,475342,0.0,0.0,0.0,0.0,0,0.0,0,none,145,720,0
20063,194279,0.0,0.0,0.0,0.0,0,0.0,0,none,294,277,0
3648,4450,0.0,0.0,0.0,0.0,0,0.0,0,none,600,698,0
5553,8640,0.0,0.0,0.0,0.0,0,0.0,0,none,776,1089,0
4333,591781,0.0,0.0,0.0,0.0,0,0.0,0,none,688,800,0
1894,2685,0.0,0.0,0.0,0.0,0,0.0,0,none,262,422,0
723,8785,0.0,0.0,0.0,0.0,0,0.0,0,none,957,1103,0
260101,33767,0.0,0.0,0.0,0.0,0,0.0,0,none,410,542,0
6719,877015,0.0,0.0,0.0,0.0,0,0.0,0,none,889,1101,0
11516,8263,0.0,0.0,0.0,0.0,0,0.0,0,none,110,1050,0
62372,5764,0.0,0.0,0.0,0.0,0,0.0,0,none,847,790,0
20610,73178,0.0,0.0,0.0,0.0,0,0.0,0,none,307,976,0
23088,10689,0.0,0.0,0.0,0.0,0,0.0,0,none,349,44,0
121047,2555,0.0,0.0,0.0,0.0,0,0.0,0,none,122,399,0
10759,135775,0.0,0.0,0.0,0.0,0,0.0,0,none,50,165,0
31565,119771,0.0,0.0,0.0,0.0,0,0.0,0,none,498,118,0
725,274332,0.0,0.0,0.0,0.0,0,0.0,0,none,964,428,0
6929,6185,0.0,0.0,0.0,0.0,0,0.0,0,none,922,839,0
10800,618970,0.0,0.0,0.0,0.0,0,0.0,0,none,55,840,0
2977,88249,0.0,0.0,0.0,0.0,0,0.0,0,none,464,1108,0
2188,29954,0.0,0.0,0.0,0.0,0,0.0,0,none,330,468,0
1303098,1897,0.0,0.0,0.0,0.0,0,0.0,0,none,144,264,0
55679,25789,0.0,0.0,0.0,0.0,0,0.0,0,none,778,403,0
35208,117055,0.0,0.0,0.0,0.0,0,0.0,0,none,564,114,0
125933,9524,0.0,0.0,0.0,0.0,0,0.0,0,none,136,1124,0
3289,14584,0.0,0.0,0.0,0.0,0,0.0,0,none,523,205,0
236809,1364430,0.0,0.0,0.0,0.0,0,0.0,0,none,365,173,0
324072,2194,0.0,0.0,0.0,0.0,0,0.0,0,none,508,333,0
6835,139825,0.0,0.0,0.0,0.0,0,0.0,0,none,904,184,0
10627,38967,0.0,0.0,0.0,0.0,0,0.0,0,none,42,629,0
1218,384455,0.0,0.0,0.0,0.0,0,0.0,0,none,125,623,0
8332,596724,0.0,0.0,0.0,0.0,0,0.0,0,none,1057,810,0
1430438,19484,0.0,0.0,0.0,0.0,0,0.0,0,none,200,280,0
7676,657797,0.0,0.0,0.0,0.0,0,0.0,0,none,1007,871,0
596554,6373,0.0,0.0,0.0,0.0,0,0.0,0,none,807,853,0
861634,36117,0.0,0.0,0.0,0.0,0,0.0,0,none,1085,587,0
1819,70618,0.0,0.0,0.0,0.0,0,0.0,0,none,247,941,0
644,194337,0.0,0.0,0.0,0.0,0,0.0,0,none,862,278,0
18993,1520,0.0,0.0,0.0,0.0,0,0.0,0,none,265,210,0
3628,11248,0.0,0.0,0.0,0.0,0,0.0,0,none,591,86,0
10438,19484,0.0,0.0,0.0,0.0,0,0.0,0,none,26,280,0
3443,337525,0.0,0.0,0.0,0.0,0,0.0,0,none,558,540,0
7715,1040028,0.0,0.0,0.0,0.0,0,0.0,0,none,1010,21,0
38685,3995,0.0,0.0,0.0,0.0,0,0.0,0,none,626,636,0
8640,8150,0.0,0.0,0.0,0.0,0,0.0,0,none,1089,1041,0
1546356,10379,0.0,0.0,0.0,0.0,0,0.0,0,none,216,17,0
4440,24942,0.0,0.0,0.0,0.0,0,0.0,0,none,696,382,0
33739,644,0.0,0.0,0.0,0.0,0,0.0,0,none,537,862,0
5882,9384,0.0,0.0,0.0,0.0,0,0.0,0,none,796,1122,0
10395,24698,0.0,0.0,0.0,0.0,0,0.0,0,none,19,378,0
55175,1310520,0.0,0.0,0.0,0.0,0,0.0,0,none,771,152,0
1373478,82003,0.0,0.0,0.0,0.0,0,0.0,0,none,179,1048,0
42375,82003,0.0,0.0,0.0,0.0,0,0.0,0,none,675,1048,0
430,7243,0.0,0.0,0.0,0.0,0,0.0,0,none,685,962,0
152610,4127,0.0,0.0,0.0,0.0,0,0.0,0,none,212,662,0
4337,641,0.0,0.0,0.0,0.0,0,0.0,0,none,689,860,0
6628,593411,0.0,0.0,0.0,0.0,0,0.0,0,none,877,801,0
7994,11124,0.0,0.0,0.0,0.0,0,0.0,0,none,1032,77,0
1760,34296,0.0,0.0,0.0,0.0,0,0.0,0,none,242,554,0
74667,11413,0.0,0.0,0.0,0.0,0,0.0,0,none,993,95,0
16695,7781,0.0,0.0,0.0,0.0,0,0.0,0,none,231,1014,0
358258,28382,0.0,0.0,0.0,0.0,0,0.0,0,none,581,448,0
704,54236,0.0,0.0,0.0,0.0,0,0.0,0,none,938,761,0
197,591622,0.0,0.0,0.0,0.0,0,0.0,0,none,286,799,0
20352,4083,0.0,0.0,0.0,0.0,0,0.0,0,none,301,651,0
6218,1430438,0.0,0.0,0.0,0.0,0,0.0,0,none,844,200,0
3992,7688,0.0,0.0,0.0,0.0,0,0.0,0,none,635,1008,0
114970,42319,0.0,0.0,0.0,0.0,0,0.0,0,none,106,669,0
75635,3254,0.0,0.0,0.0,0.0,0,0.0,0,none,1001,510,0
16817,10502,0.0,0.0,0.0,0.0,0,0.0,0,none,234,32,0
9639,237116,0.0,0.0,0.0,0.0,0,0.0,0,none,1127,366,0
7454,228476,0.0,0.0,0.0,0.0,0,0.0,0,none,992,344,0
725,10156,0.0,0.0,0.0,0.0,0,0.0,0,none,964,6,0
6926,9524,0.0,0.0,0.0,0.0,0,0.0,0,none,921,1124,0
191831,307296,0.0,0.0,0.0,0.0,0,0.0,0,none,272,483,0
55679,10502,0.0,0.0,0.0,0.0,0,0.0,0,none,778,32,0
54552,569,0.0,0.0,0.0,0.0,0,0.0,0,none,762,784,0
8589,2878,0.0,0.0,0.0,0.0,0,0.0,0,none,1081,454,0
276237,7891,0.0,0.0,0.0,0.0,0,0.0,0,none,434,1026,0
54552,298869,0.0,0.0,0.0,0.0,0,0.0,0,none,762,466,0
321952,236778,0.0,0.0,0.0,0.0,0,0.0,0,none,505,364,0
70727,6468,0.0,0.0,0.0,0.0,0,0.0,0,none,942,865,0
73689,51428,0.0,0.0,0.0,0.0,0,0.0,0,none,982,750,0
20890,8375,0.0,0.0,0.0,0.0,0,0.0,0,none,308,1067,0
37790,10763,0.0,0.0,0.0,0.0,0,0.0,0,none,611,51,0
282388,70618,0.0,0.0,0.0,0.0,0,0.0,0,none,442,941,0
591622,29899,0.0,0.0,0.0,0.0,0,0.0,0,none,799,467,0
461016,99,0.0,0.0,0.0,0.0,0,0.0,0,none,715,1136,0
70167,24909,0.0,0.0,0.0,0.0,0,0.0,0,none,935,380,0
475968,7226,0.0,0.0,0.0,0.0,0,0.0,0,none,722,956,0
828529,1102261,0.0,0.0,0.0,0.0,0,0.0,0,none,1052,74,0
18651,6470,0.0,0.0,0.0,0.0,0,0.0,0,none,254,866,0
7688,7407,0.0,0.0,0.0,0.0,0,0.0,0,none,1008,987,0
302379,18330,0.0,0.0,0.0,0.0,0,0.0,0,none,477,250,0
2105,6963,0.0,0.0,0.0,0.0,0,0.0,0,none,310,925,0
8132,5254,0.0,0.0,0.0,0.0,0,0.0,0,none,1039,757,0
8770,39998,0.0,0.0,0.0,0.0,0,0.0,0,none,1100,639,0
6719,7398,0.0,0.0,0.0,0.0,0,0.0,0,none,889,986,0
9071,4278,0.0,0.0,0.0,0.0,0,0.0,0,none,1117,681,0
20492,28439,0.0,0.0,0.0,0.0,0,0.0,0,none,305,451,0
2191,59943,0.0,0.0,0.0,0.0,0,0.0,0,none,331,813,0
324072,253453,0.0,0.0,0.0,0.0,0,0.0,0,none,508,393,0
4083,187832,0.0,0.0,0.0,0.0,0,0.0,0,none,651,257,0
325887,33688,0.0,0.0,0.0,0.0,0,0.0,0,none,513,534,0
7514,43611,0.0,0.0,0.0,0.0,0,0.0,0,none,997,691,0
9639,9000,0.0,0.0,0.0,0.0,0,0.0,0,none,1127,1113,0
37985,20890,0.0,0.0,0.0,0.0,0,0.0,0,none,616,308,0
3002,4502,0.0,0.0,0.0,0.0,0,0.0,0,none,471,709,0
1223,5228,0.0,0.0,0.0,0.0,0,0.0,0,none,126,756,0
51272,9947,0.0,0.0,0.0,0.0,0,0.0,0,none,749,1139,0
1546356,719872,0.0,0.0,0.0,0.0,0,0.0,0,none,216,949,0
2582,8351,0.0,0.0,0.0,0.0,0,0.0,0,none,404,1061,0
6404,10737,0.0,0.0,0.0,0.0,0,0.0,0,none,858,48,0
8134,50610,0.0,0.0,0.0,0.0,0,0.0,0,none,1040,746,0
11413,36514,0.0,0.0,0.0,0.0,0,0.0,0,none,95,601,0
283821,2590,0.0,0.0,0.0,0.0,0,0.0,0,none,449,406,0
35296,42463,0.0,0.0,0.0,0.0,0,0.0,0,none,568,676,0
7806,203219,0.0,0.0,0.0,0.0,0,0.0,0,none,1016,299,0
5509,7393,0.0,0.0,0.0,0.0,0,0.0,0,none,769,984,0
8308,8814,0.0,0.0,0.0,0.0,0,0.0,0,none,1054,1107,0
9794,2177,0.0,0.0,0.0,0.0,0,0.0,0,none,1131,326,0
3041,50097,0.0,0.0,0.0,0.0,0,0.0,0,none,479,743,0
237116,2578,0.0,0.0,0.0,0.0,0,0.0,0,none,366,401,0
641465,285148,0.0,0.0,0.0,0.0,0,0.0,0,none,861,452,0
41126,25483,0.0,0.0,0.0,0.0,0,0.0,0,none,657,396,0
1236136,700810,0.0,0.0,0.0,0.0,0,0.0,0,none,128,934,0
1218,1424884,0.0,0.0,0.0,0.0,0,0.0,0,none,125,196,0
20492,300195,0.0,0.0,0.0,0.0,0,0.0,0,none,305,470,0
618278,3498,0.0,0.0,0.0,0.0,0,0.0,0,none,836,562,0
29170,4094,0.0,0.0,0.0,0.0,0,0.0,0,none,460,653,0
72965,3639,0.0,0.0,0.0,0.0,0,0.0,0,none,970,595,0
25025,1147220,0.0,0.0,0.0,0.0,0,0.0,0,none,384,101,0
8132,9143,0.0,0.0,0.0,0.0,0,0.0,0,none,1039,1118,0
847083,69634,0.0,0.0,0.0,0.0,0,0.0,0,none,1072,926,0
19257,142131,0.0,0.0,0.0,0.0,0,0.0,0,none,274,194,0
73494,73056,0.0,0.0,0.0,0.0,0,0.0,0,none,980,974,0
4301,1596450,0.0,0.0,0.0,0.0,0,0.0,0,none,686,222,0
11251,236719,0.0,0.0,0.0,0.0,0,0.0,0,none,87,363,0
8183,59078,0.0,0.0,0.0,0.0,0,0.0,0,none,1045,798,0
69646,11256,0.0,0.0,0.0,0.0,0,0.0,0,none,928,89,0
1300701,25193,0.0,0.0,0.0,0.0,0,0.0,0,none,141,388,0
338817,1514,0.0,0.0,0.0,0.0,0,0.0,0,none,544,209,0
6466,194000,0.0,0.0,0.0,0.0,0,0.0,0,none,864,276,0
2890,1100072,0.0,0.0,0.0,0.0,0,0.0,0,none,457,70,0
73710,114477,0.0,0.0,0.0,0.0,0,0.0,0,none,983,100,0
3639,9945,0.0,0.0,0.0,0.0,0,0.0,0,none,595,1138,0
298665,228476,0.0,0.0,0.0,0.0,0,0.0,0,none,465,344,0
21212,41126,0.0,0.0,0.0,0.0,0,0.0,0,none,314,657,0
60842,51499,0.0,0.0,0.0,0.0,0,0.0,0,none,825,751,0
41126,39786,0.0,0.0,0.0,0.0,0,0.0,0,none,657,634,0
341248,36118,0.0,0.0,0.0,0.0,0,0.0,0,none,549,588,0
358262,70727,0.0,0.0,0.0,0.0,0,0.0,0,none,582,942,0
1649480,4460,0.0,0.0,0.0,0.0,0,0.0,0,none,229,700,0
3247,33910,0.0,0.0,0.0,0.0,0,0.0,0,none,509,545,0
33764,24909,0.0,0.0,0.0,0.0,0,0.0,0,none,541,380,0
5224,135056,0.0,0.0,0.0,0.0,0,0.0,0,none,755,160,0
275891,7244,0.0,0.0,0.0,0.0,0,0.0,0,none,433,963,0
21406,1760,0.0,0.0,0.0,0.0,0,0.0,0,none,317,242,0
10502,2669,0.0,0.0,0.0,0.0,0,0.0,0,none,32,419,0
18747,161,0.0,0.0,0.0,0.0,0,0.0,0,none,255,227,0
625,11473,0.0,0.0,0.0,0.0,0,0.0,0,none,849,102,0
9899,41967,0.0,0.0,0.0,0.0,0,0.0,0,none,1135,667,0
86009,42375,0.0,0.0,0.0,0.0,0,0.0,0,none,1083,675,0
7023,22299,0.0,0.0,0.0,0.0,0,0.0,0,none,936,337,0
805452,10438,0.0,0.0,0.0,0.0,0,0.0,0,none,1035,26,0
1102129,857974,0.0,0.0,0.0,0.0,0,0.0,0,none,73,1079,0
18603,10355,0.0,0.0,0.0,0.0,0,0.0,0,none,252,14,0
36118,25486,0.0,0.0,0.0,0.0,0,0.0,0,none,588,397,0
4100,1040028,0.0,0.0,0.0,0.0,0,0.0,0,none,655,21,0
73645,6691,0.0,0.0,0.0,0.0,0,0.0,0,none,981,880,0
35296,8308,0.0,0.0,0.0,0.0,0,0.0,0,none,568,1054,0
59943,152610,0.0,0.0,0.0,0.0,0,0.0,0,none,813,212,0
38252,214525,0.0,0.0,0.0,0.0,0,0.0,0,none,617,320,0
35827,4450,0.0,0.0,0.0,0.0,0,0.0,0,none,584,698,0
21406,1828,0.0,0.0,0.0,0.0,0,0.0,0,none,317,249,0
72962,6468,0.0,0.0,0.0,0.0,0,0.0,0,none,969,865,0
114970,8727,0.0,0.0,0.0,0.0,0,0.0,0,none,106,1096,0
1908,1535922,0.0,0.0,0.0,0.0,0,0.0,0,none,271,213,0
103,1908,0.0,0.0,0.0,0.0,0,0.0,0,none,11,271,0
2438,274332,0.0,0.0,0.0,0.0,0,0.0,0,none,374,428,0
10582,11473,0.0,0.0,0.0,0.0,0,0.0,0,none,37,102,0
38413,52177,0.0,0.0,0.0,0.0,0,0.0,0,none,622,754,0
42375,300195,0.0,0.0,0.0,0.0,0,0.0,0,none,675,470,0
2555,83929,0.0,0.0,0.0,0.0,0,0.0,0,none,399,1069,0
974779,3098,0.0,0.0,0.0,0.0,0,0.0,0,none,1129,485,0
70561,11253,0.0,0.0,0.0,0.0,0,0.0,0,none,940,88,0
861634,358258,0.0,0.0,0.0,0.0,0,0.0,0,none,1085,581,0
641465,21766,0.0,0.0,0.0,0.0,0,0.0,0,none,861,325,0
35255,7517,0.0,0.0,0.0,0.0,0,0.0,0,none,567,998,0
314683,18752,0.0,0.0,0.0,0.0,0,0.0,0,none,494,256,0
265323,3098,0.0,0.0,0.0,0.0,0,0.0,0,none,418,485,0
4053,5781,0.0,0.0,0.0,0.0,0,0.0,0,none,646,791,0
3626,2551,0.0,0.0,0.0,0.0,0,0.0,0,none,590,398,0
274783,83367,0.0,0.0,0.0,0.0,0,0.0,0,none,429,1058,0
42372,5966,0.0,0.0,0.0,0.0,0,0.0,0,none,674,808,0
52769,228790,0.0,0.0,0.0,0.0,0,0.0,0,none,759,347,0
49737,72143,0.0,0.0,0.0,0.0,0,0.0,0,none,742,952,0
20489,38400,0.0,0.0,0.0,0.0,0,0.0,0,none,304,620,0
10734,22697,0.0,0.0,0.0,0.0,0,0.0,0,none,47,342,0
7646,2551,0.0,0.0,0.0,0.0,0,0.0,0,none,1006,398,0
82819,6916,0.0,0.0,0.0,0.0,0,0.0,0,none,1051,918,0
103,384455,0.0,0.0,0.0,0.0,0,0.0,0,none,11,623,0
51499,114979,0.0,0.0,0.0,0.0,0,0.0,0,none,751,107,0
136411,68091,0.0,0.0,0.0,0.0,0,0.0,0,none,171,896,0
46041,195088,0.0,0.0,0.0,0.0,0,0.0,0,none,714,283,0
25789,2977,0.0,0.0,0.0,0.0,0,0.0,0,none,403,464,0
10753,6646,0.0,0.0,0.0,0.0,0,0.0,0,none,49,878,0
125933,49737,0.0,0.0,0.0,0.0,0,0.0,0,none,136,742,0
12574,28382,0.0,0.0,0.0,0.0,0,0.0,0,none,135,448,0
7454,236719,0.0,0.0,0.0,0.0,0,0.0,0,none,992,363,0
62372,18631,0.0,0.0,0.0,0.0,0,0.0,0,none,847,253,0
1599832,135447,0.0,0.0,0.0,0.0,0,0.0,0,none,224,163,0
1112990,2358,0.0,0.0,0.0,0.0,0,0.0,0,none,79,361,0
618278,37617,0.0,0.0,0.0,0.0,0,0.0,0,none,836,609,0
4910,282446,0.0,0.0,0.0,0.0,0,0.0,0,none,736,443,0
8611,46041,0.0,0.0,0.0,0.0,0,0.0,0,none,1084,714,0
1243041,20610,0.0,0.0,0.0,0.0,0,0.0,0,none,131,307,0
612865,37798,0.0,0.0,0.0,0.0,0,0.0,0,none,828,612,0
6058,194000,0.0,0.0,0.0,0.0,0,0.0,0,none,823,276,0
480,19295,0.0,0.0,0.0,0.0,0,0.0,0,none,725,275,0
272,719872,0.0,0.0,0.0,0.0,0,0.0,0,none,425,949,0
19295,35255,0.0,0.0,0.0,0.0,0,0.0,0,none,275,567,0
3155,9947,0.0,0.0,0.0,0.0,0,0.0,0,none,496,1139,0
135091,67108,0.0,0.0,0.0,0.0,0,0.0,0,none,161,885,0
5882,10154,0.0,0.0,0.0,0.0,0,0.0,0,none,796,5,0
3350,407990,0.0,0.0,0.0,0.0,0,0.0,0,none,529,650,0
6963,6130,0.0,0.0,0.0,0.0,0,0.0,0,none,925,829,0
26225,55672,0.0,0.0,0.0,0.0,0,0.0,0,none,412,777,0
6963,134748,0.0,0.0,0.0,0.0,0,0.0,0,none,925,159,0
1606853,52582,0.0,0.0,0.0,0.0,0,0.0,0,none,226,758,0
37798,68442,0.0,0.0,0.0,0.0,0,0.0,0,none,612,905,0
3523,9068,0.0,0.0,0.0,0.0,0,0.0,0,none,566,1116,0
435,2438,0.0,0.0,0.0,0.0,0,0.0,0,none,690,374,0
17311,7407,0.0,0.0,0.0,0.0,0,0.0,0,none,239,987,0
31748,7980,0.0,0.0,0.0,0.0,0,0.0,0,none,499,1030,0
61381,3100,0.0,0.0,0.0,0.0,0,0.0,0,none,831,486,0
4077,141704,0.0,0.0,0.0,0.0,0,0.0,0,none,648,192,0
18603,52177,0.0,0.0,0.0,0.0,0,0.0,0,none,252,754,0
6185,17767,0.0,0.0,0.0,0.0,0,0.0,0,none,839,245,0
35296,33688,0.0,0.0,0.0,0.0,0,0.0,0,none,568,534,0
641465,233698,0.0,0.0,0.0,0.0,0,0.0,0,none,861,354,0
8536,2194,0.0,0.0,0.0,0.0,0,0.0,0,none,1076,333,0
1998,5489,0.0,0.0,0.0,0.0,0,0.0,0,none,292,765,0
1441660,3418,0.0,0.0,0.0,0.0,0,0.0,0,none,202,551,0
7814,42612,0.0,0.0,0.0,0.0,0,0.0,0,none,1018,678,0
3626,1374,0.0,0.0,0.0,0.0,0,0.0,0,none,590,180,0
28382,1442132,0.0,0.0,0.0,0.0,0,0.0,0,none,448,203,0
4021,114202,0.0,0.0,0.0,0.0,0,0.0,0,none,644,98,0
3403,1767,0.0,0.0,0.0,0.0,0,0.0,0,none,547,244,0
1546438,720825,0.0,0.0,0.0,0.0,0,0.0,0,none,217,950,0
17300,10502,0.0,0.0,0.0,0.0,0,0.0,0,none,237,32,0
7145,42955,0.0,0.0,0.0,0.0,0,0.0,0,none,947,684,0
1426454,68149,0.0,0.0,0.0,0.0,0,0.0,0,none,198,901,0
25486,25789,0.0,0.0,0.0,0.0,0,0.0,0,none,397,403,0
7880,8727,0.0,0.0,0.0,0.0,0,0.0,0,none,1024,1096,0
2597,6470,0.0,0.0,0.0,0.0,0,0.0,0,none,407,866,0
195088,816346,0.0,0.0,0.0,0.0,0,0.0,0,none,283,1043,0
19295,41493,0.0,0.0,0.0,0.0,0,0.0,0,none,275,664,0
38404,37806,0.0,0.0,0.0,0.0,0,0.0,0,none,621,614,0
2541,113608,0.0,0.0,0.0,0.0,0,0.0,0,none,394,94,0
3108,18752,0.0,0.0,0.0,0.0,0,0.0,0,none,489,256,0
100278,19257,0.0,0.0,0.0,0.0,0,0.0,0,none,1,274,0
214354,1148138,0.0,0.0,0.0,0.0,0,0.0,0,none,319,104,0
52582,1511,0.0,0.0,0.0,0.0,0,0.0,0,none,758,208,0
30009,4021,0.0,0.0,0.0,0.0,0,0.0,0,none,469,644,0
1889,7781,0.0,0.0,0.0,0.0,0,0.0,0,none,261,1014,0
596724,1347,0.0,0.0,0.0,0.0,0,0.0,0,none,810,158,0
6475,6646,0.0,0.0,0.0,0.0,0,0.0,0,none,868,878,0
37790,42319,0.0,0.0,0.0,0.0,0,0.0,0,none,611,669,0
24947,6926,0.0,0.0,0.0,0.0,0,0.0,0,none,383,921,0
7984,591622,0.0,0.0,0.0,0.0,0,0.0,0,none,1031,799,0
2286,6845,0.0,0.0,0.0,0.0,0,0.0,0,none,345,907,0
16817,83818,0.0,0.0,0.0,0.0,0,0.0,0,none,234,1068,0
6703,322167,0.0,0.0,0.0,0.0,0,0.0,0,none,883,507,0
1306284,618365,0.0,0.0,0.0,0.0,0,0.0,0,none,147,837,0
38574,10798,0.0,0.0,0.0,0.0,0,0.0,0,none,625,54,0
46303,480167,0.0,0.0,0.0,0.0,0,0.0,0,none,716,726,0
2348,1243041,0.0,0.0,0.0,0.0,0,0.0,0,none,356,131,0
7623,819300,0.0,0.0,0.0,0.0,0,0.0,0,none,1005,1046,0
612,20063,0.0,0.0,0.0,0.0,0,0.0,0,none,827,294,0
6963,1808,0.0,0.0,0.0,0.0,0,0.0,0,none,925,246,0
3288,6676,0.0,0.0,0.0,0.0,0,0.0,0,none,522,879,0
300195,38454,0.0,0.0,0.0,0.0,0,0.0,0,none,470,624,0
8514,3364,0.0,0.0,0.0,0.0,0,0.0,0,none,1074,533,0
42955,33738,0.0,0.0,0.0,0.0,0,0.0,0,none,684,536,0
6972,4126,0.0,0.0,0.0,0.0,0,0.0,0,none,929,661,0
60207,10759,0.0,0.0,0.0,0.0,0,0.0,0,none,814,50,0
26225,134615,0.0,0.0,0.0,0.0,0,0.0,0,none,412,157,0
8928,3393,0.0,0.0,0.0,0.0,0,0.0,0,none,1111,546,0
51272,1511,0.0,0.0,0.0,0.0,0,0.0,0,none,749,208,0
27729,618442,0.0,0.0,0.0,0.0,0,0.0,0,none,435,838,0
35296,17767,0.0,0.0,0.0,0.0,0,0.0,0,none,568,245,0
263034,7676,0.0,0.0,0.0,0.0,0,0.0,0,none,416,1007,0
4496,88014,0.0,0.0,0.0,0.0,0,0.0,0,none,707,1105,0
5691,7398,0.0,0.0,0.0,0.0,0,0.0,0,none,785,986,0
10180,657797,0.0,0.0,0.0,0.0,0,0.0,0,none,8,871,0
358262,52769,0.0,0.0,0.0,0.0,0,0.0,0,none,582,759,0
725,1588,0.0,0.0,0.0,0.0,0,0.0,0,none,964,219,0
11198,623033,0.0,0.0,0.0,0.0,0,0.0,0,none,83,845,0
614391,4333,0.0,0.0,0.0,0.0,0,0.0,0,none,834,688,0
3523,10156,0.0,0.0,0.0,0.0,0,0.0,0,none,566,6,0
612,135775,0.0,0.0,0.0,0.0,0,0.0,0,none,827,165,0
140108,4850,0.0,0.0,0.0,0.0,0,0.0,0,none,188,733,0
384455,1442132,0.0,0.0,0.0,0.0,0,0.0,0,none,623,203,0
2356,7440,0.0,0.0,0.0,0.0,0,0.0,0,none,360,990,0
2393,2194,0.0,0.0,0.0,0.0,0,0.0,0,none,368,333,0
214342,72965,0.0,0.0,0.0,0.0,0,0.0,0,none,318,970,0
8013,816346,0.0,0.0,0.0,0.0,0,0.0,0,none,1034,1043,0
141704,28031,0.0,0.0,0.0,0.0,0,0.0,0,none,192,439,0
36717,22396,0.0,0.0,0.0,0.0,0,0.0,0,none,605,339,0
35827,614391,0.0,0.0,0.0,0.0,0,0.0,0,none,584,834,0
18651,3247,0.0,0.0,0.0,0.0,0,0.0,0,none,254,509,0
2556,10180,0.0,0.0,0.0,0.0,0,0.0,0,none,400,8,0
237159,40575,0.0,0.0,0.0,0.0,0,0.0,0,none,367,647,0
640062,3041,0.0,0.0,0.0,0.0,0,0.0,0,none,857,479,0
1100699,6472,0.0,0.0,0.0,0.0,0,0.0,0,none,72,867,0
1148138,18880,0.0,0.0,0.0,0.0,0,0.0,0,none,104,260,0
40575,73494,0.0,0.0,0.0,0.0,0,0.0,0,none,647,980,0
7417,73044,0.0,0.0,0.0,0.0,0,0.0,0,none,988,973,0
4333,7244,0.0,0.0,0.0,0.0,0,0.0,0,none,688,963,0
141704,5487,0.0,0.0,0.0,0.0,0,0.0,0,none,192,764,0
3995,8718,0.0,0.0,0.0,0.0,0,0.0,0,none,636,1095,0
2399,55175,0.0,0.0,0.0,0.0,0,0.0,0,none,369,771,0
8196,8627,0.0,0.0,0.0,0.0,0,0.0,0,none,1047,1086,0
10636,861634,0.0,0.0,0.0,0.0,0,0.0,0,none,43,1085,0
327361,9068,0.0,0.0,0.0,0.0,0,0.0,0,none,518,1116,0
596723,1546438,0.0,0.0,0.0,0.0,0,0.0,0,none,809,217,0
10767,2977,0.0,0.0,0.0,0.0,0,0.0,0,none,52,464,0
8308,614391,0.0,0.0,0.0,0.0,0,0.0,0,none,1054,834,0
3407,41144,0.0,0.0,0.0,0.0,0,0.0,0,none,548,659,0
190376,11198,0.0,0.0,0.0,0.0,0,0.0,0,none,268,83,0
328134,40790,0.0,0.0,0.0,0.0,0,0.0,0,none,520,649,0
54236,6876,0.0,0.0,0.0,0.0,0,0.0,0,none,761,912,0
9344,9525,0.0,0.0,0.0,0.0,0,0.0,0,none,1120,1125,0
1760,588250,0.0,0.0,0.0,0.0,0,0.0,0,none,242,797,0
3155,1908,0.0,0.0,0.0,0.0,0,0.0,0,none,496,271,0
723,4089,0.0,0.0,0.0,0.0,0,0.0,0,none,957,652,0
3131,139825,0.0,0.0,0.0,0.0,0,0.0,0,none,491,184,0
880350,134527,0.0,0.0,0.0,0.0,0,0.0,0,none,1106,155,0
235379,797195,0.0,0.0,0.0,0.0,0,0.0,0,none,358,1029,0
7440,1256,0.0,0.0,0.0,0.0,0,0.0,0,none,990,134,0
993449,42682,0.0,0.0,0.0,0.0,0,0.0,0,none,1137,680,0
221147,1037042,0.0,0.0,0.0,0.0,0,0.0,0,none,335,16,0
4502,1147220,0.0,0.0,0.0,0.0,0,0.0,0,none,709,101,0
40575,253337,0.0,0.0,0.0,0.0,0,0.0,0,none,647,392,0
703,37776,0.0,0.0,0.0,0.0,0,0.0,0,none,937,610,0
24947,67108,0.0,0.0,0.0,0.0,0,0.0,0,none,383,885,0
4094,6205,0.0,0.0,0.0,0.0,0,0.0,0,none,653,843,0
31748,7812,0.0,0.0,0.0,0.0,0,0.0,0,none,499,1017,0
134748,2356,0.0,0.0,0.0,0.0,0,0.0,0,none,159,360,0
6579,6876,0.0,0.0,0.0,0.0,0,0.0,0,none,872,912,0
620,33724,0.0,0.0,0.0,0.0,0,0.0,0,none,841,535,0
190521,18651,0.0,0.0,0.0,0.0,0,0.0,0,none,269,254,0
1605101,2473,0.0,0.0,0.0,0.0,0,0.0,0,none,225,379,0
618278,1514,0.0,0.0,0.0,0.0,0,0.0,0,none,836,209,0
9344,7258,0.0,0.0,0.0,0.0,0,0.0,0,none,1120,965,0
319864,194337,0.0,0.0,0.0,0.0,0,0.0,0,none,501,278,0
7476,10395,0.0,0.0,0.0,0.0,0,0.0,0,none,995,19,0
36117,73494,0.0,0.0,0.0,0.0,0,0.0,0,none,587,980,0
3626,36387,0.0,0.0,0.0,0.0,0,0.0,0,none,590,594,0
25193,620,0.0,0.0,0.0,0.0,0,0.0,0,none,388,841,0
5521,1808,0.0,0.0,0.0,0.0,0,0.0,0,none,772,246,0
6536,8627,0.0,0.0,0.0,0.0,0,0.0,0,none,869,1086,0
358255,8691,0.0,0.0,0.0,0.0,0,0.0,0,none,579,1091,0
139462,4110,0.0,0.0,0.0,0.0,0,0.0,0,none,182,656,0
1606853,2623,0.0,0.0,0.0,0.0,0,0.0,0,none,226,413,0
35623,10473,0.0,0.0,0.0,0.0,0,0.0,0,none,573,31,0
10368,3108,0.0,0.0,0.0,0.0,0,0.0,0,none,15,489,0
9478,24909,0.0,0.0,0.0,0.0,0,0.0,0,none,1123,380,0
4495,569,0.0,0.0,0.0,0.0,0,0.0,0,none,706,784,0
1304974,19552,0.0,0.0,0.0,0.0,0,0.0,0,none,146,284,0
2626,5470,0.0,0.0,0.0,0.0,0,0.0,0,none,415,763,0
7512,3002,0.0,0.0,0.0,0.0,0,0.0,0,none,996,471,0
3500,83682,0.0,0.0,0.0,0.0,0,0.0,0,none,563,1065,0
2709,21406,0.0,0.0,0.0,0.0,0,0.0,0,none,423,317,0
8120,5956,0.0,0.0,0.0,0.0,0,0.0,0,none,1037,803,0
30131,8134,0.0,0.0,0.0,0.0,0,0.0,0,none,475,1040,0
3423,190376,0.0,0.0,0.0,0.0,0,0.0,0,none,552,268,0
3642,42372,0.0,0.0,0.0,0.0,0,0.0,0,none,597,674,0
321064,10438,0.0,0.0,0.0,0.0,0,0.0,0,none,503,26,0
6448,4135,0.0,0.0,0.0,0.0,0,0.0,0,none,863,663,0
321064,10402,0.0,0.0,0.0,0.0,0,0.0,0,none,503,22,0
6754,8686,0.0,0.0,0.0,0.0,0,0.0,0,none,891,1090,0
480,36387,0.0,0.0,0.0,0.0,0,0.0,0,none,725,594,0
596554,1427022,0.0,0.0,0.0,0.0,0,0.0,0,none,807,199,0
10588,40254,0.0,0.0,0.0,0.0,0,0.0,0,none,38,645,0
10395,6922,0.0,0.0,0.0,0.0,0,0.0,0,none,19,920,0
2878,3008,0.0,0.0,0.0,0.0,0,0.0,0,none,454,472,0
1040005,8123,0.0,0.0,0.0,0.0,0,0.0,0,none,20,1038,0
73689,9945,0.0,0.0,0.0,0.0,0,0.0,0,none,982,1138,0
236809,141704,0.0,0.0,0.0,0.0,0,0.0,0,none,365,192,0
2393,3995,0.0,0.0,0.0,0.0,0,0.0,0,none,368,636,0
4256,9000,0.0,0.0,0.0,0.0,0,0.0,0,none,677,1113,0
12062,1359091,0.0,0.0,0.0,0.0,0,0.0,0,none,121,166,0
52175,265323,0.0,0.0,0.0,0.0,0,0.0,0,none,753,418,0
4511,62427,0.0,0.0,0.0,0.0,0,0.0,0,none,711,848,0
3498,338817,0.0,0.0,0.0,0.0,0,0.0,0,none,562,544,0
1364430,114477,0.0,0.0,0.0,0.0,0,0.0,0,none,173,100,0
3002,19860,0.0,0.0,0.0,0.0,0,0.0,0,none,471,290,0
117055,28382,0.0,0.0,0.0,0.0,0,0.0,0,none,114,448,0
10636,68503,0.0,0.0,0.0,0.0,0,0.0,0,none,43,909,0
11295,50166,0.0,0.0,0.0,0.0,0,0.0,0,none,92,744,0
25255,10594,0.0,0.0,0.0,0.0,0,0.0,0,none,389,39,0
10763,6963,0.0,0.0,0.0,0.0,0,0.0,0,none,51,925,0
1649480,3827,0.0,0.0,0.0,0.0,0,0.0,0,none,229,619,0
26397,1116632,0.0,0.0,0.0,0.0,0,0.0,0,none,417,81,0
139953,2409,0.0,0.0,0.0,0.0,0,0.0,0,none,187,372,0
6468,4885,0.0,0.0,0.0,0.0,0,0.0,0,none,865,734,0
10800,29170,0.0,0.0,0.0,0.0,0,0.0,0,none,55,460,0
2837,75635,0.0,0.0,0.0,0.0,0,0.0,0,none,444,1001,0
42355,71535,0.0,0.0,0.0,0.0,0,0.0,0,none,673,948,0
83395,337525,0.0,0.0,0.0,0.0,0,0.0,0,none,1060,540,0
15996,17627,0.0,0.0,0.0,0.0,0,0.0,0,none,223,243,0
4316,8163,0.0,0.0,0.0,0.0,0,0.0,0,none,687,1042,0
6845,24698,0.0,0.0,0.0,0.0,0,0.0,0,none,907,378,0
519,26237,0.0,0.0,0.0,0.0,0,0.0,0,none,752,414,0
6205,38404,0.0,0.0,0.0,0.0,0,0.0,0,none,843,621,0
6916,73710,0.0,0.0,0.0,0.0,0,0.0,0,none,918,983,0
16695,214549,0.0,0.0,0.0,0.0,0,0.0,0,none,231,321,0
598,746741,0.0,0.0,0.0,0.0,0,0.0,0,none,811,994,0
10829,7806,0.0,0.0,0.0,0.0,0,0.0,0,none,62,1016,0
9143,60212,0.0,0.0,0.0,0.0,0,0.0,0,none,1118,815,0
60245,57258,0.0,0.0,0.0,0.0,0,0.0,0,none,816,788,0
7646,1304974,0.0,0.0,0.0,0.0,0,0.0,0,none,1006,146,0
42955,22697,0.0,0.0,0.0,0.0,0,0.0,0,none,684,342,0
57021,21406,0.0,0.0,0.0,0.0,0,0.0,0,none,787,317,0
31447,68244,0.0,0.0,0.0,0.0,0,0.0,0,none,492,902,0
29899,22892,0.0,0.0,0.0,0.0,0,0.0,0,none,467,348,0
1300701,321952,0.0,0.0,0.0,0.0,0,0.0,0,none,141,505,0
2191,8339,0.0,0.0,0.0,0.0,0,0.0,0,none,331,1059,0
27169,5531,0.0,0.0,0.0,0.0,0,0.0,0,none,424,774,0
197,461016,0.0,0.0,0.0,0.0,0,0.0,0,none,286,715,0
253166,7441,0.0,0.0,0.0,0.0,0,0.0,0,none,390,991,0
235496,1223,0.0,0.0,0.0,0.0,0,0.0,0,none,359,126,0
4179,1044977,0.0,0.0,0.0,0.0,0,0.0,0,none,666,28,0
7984,11246,0.0,0.0,0.0,0.0,0,0.0,0,none,1031,85,0
43611,72962,0.0,0.0,0.0,0.0,0,0.0,0,none,691,969,0
3155,52582,0.0,0.0,0.0,0.0,0,0.0,0,none,496,758,0
6902,618970,0.0,0.0,0.0,0.0,0,0.0,0,none,915,840,0
8704,78904,0.0,0.0,0.0,0.0,0,0.0,0,none,1094,1025,0
6205,4278,0.0,0.0,0.0,0.0,0,0.0,0,none,843,681,0
83171,7821,0.0,0.0,0.0,0.0,0,0.0,0,none,1055,1019,0
11124,3616,0.0,0.0,0.0,0.0,0,0.0,0,none,77,589,0
1767,1112973,0.0,0.0,0.0,0.0,0,0.0,0,none,244,78,0
190353,52769,0.0,0.0,0.0,0.0,0,0.0,0,none,267,759,0
10510,51272,0.0,0.0,0.0,0.0,0,0.0,0,none,33,749,0
82122,709271,0.0,0.0,0.0,0.0,0,0.0,0,none,1049,943,0
1908,29421,0.0,0.0,0.0,0.0,0,0.0,0,none,271,462,0
6142,3489,0.0,0.0,0.0,0.0,0,0.0,0,none,832,561,0
21149,9794,0.0,0.0,0.0,0.0,0,0.0,0,none,313,1131,0
2020,33747,0.0,0.0,0.0,0.0,0,0.0,0,none,297,538,0
72257,5032,0.0,0.0,0.0,0.0,0,0.0,0,none,955,745,0
2286,8536,0.0,0.0,0.0,0.0,0,0.0,0,none,345,1076,0
8640,4018,0.0,0.0,0.0,0.0,0,0.0,0,none,1089,643,0
120608,283838,0.0,0.0,0.0,0.0,0,0.0,0,none,120,450,0
72962,6984,0.0,0.0,0.0,0.0,0,0.0,0,none,969,932,0
1223,42682,0.0,0.0,0.0,0.0,0,0.0,0,none,126,680,0
1596,3443,0.0,0.0,0.0,0.0,0,0.0,0,none,221,558,0
203219,44281,0.0,0.0,0.0,0.0,0,0.0,0,none,299,695,0
2193,68442,0.0,0.0,0.0,0.0,0,0.0,0,none,332,905,0
70561,6960,0.0,0.0,0.0,0.0,0,0.0,0,none,940,924,0
10154,7597,0.0,0.0,0.0,0.0,0,0.0,0,none,5,1003,0
21102,139825,0.0,0.0,0.0,0.0,0,0.0,0,none,311,184,0
22892,6915,0.0,0.0,0.0,0.0,0,0.0,0,none,348,917,0
19484,6404,0.0,0.0,0.0,0.0,0,0.0,0,none,280,858,0
20492,7676,0.0,0.0,0.0,0.0,0,0.0,0,none,305,1007,0
1362746,1311261,0.0,0.0,0.0,0.0,0,0.0,0,none,167,154,0
30257,42463,0.0,0.0,0.0,0.0,0,0.0,0,none,478,676,0
8183,25193,0.0,0.0,0.0,0.0,0,0.0,0,none,1045,388,0
4493,77655,0.0,0.0,0.0,0.0,0,0.0,0,none,705,1012,0
39684,85762,0.0,0.0,0.0,0.0,0,0.0,0,none,633,1078,0
321064,6922,0.0,0.0,0.0,0.0,0,0.0,0,none,503,920,0
39684,22892,0.0,0.0,0.0,0.0,0,0.0,0,none,633,348,0
6980,38252,0.0,0.0,0.0,0.0,0,0.0,0,none,931,617,0
8742,595060,0.0,0.0,0.0,0.0,0,0.0,0,none,1097,802,0
1828,6218,0.0,0.0,0.0,0.0,0,0.0,0,none,249,844,0
41967,1364105,0.0,0.0,0.0,0.0,0,0.0,0,none,667,170,0
29170,21406,0.0,0.0,0.0,0.0,0,0.0,0,none,460,317,0
2669,5552,0.0,0.0,0.0,0.0,0,0.0,0,none,419,775,0
1364347,1430438,0.0,0.0,0.0,0.0,0,0.0,0,none,172,200,0
4124,23247,0.0,0.0,0.0,0.0,0,0.0,0,none,660,352,0
598,3443,0.0,0.0,0.0,0.0,0,0.0,0,none,811,558,0
307296,26237,0.0,0.0,0.0,0.0,0,0.0,0,none,483,414,0
139953,1546356,0.0,0.0,0.0,0.0,0,0.0,0,none,187,216,0
233698,21149,0.0,0.0,0.0,0.0,0,0.0,0,none,354,313,0
4719,877015,0.0,0.0,0.0,0.0,0,0.0,0,none,718,1101,0
24942,60212,0.0,0.0,0.0,0.0,0,0.0,0,none,382,815,0
135447,3002,0.0,0.0,0.0,0.0,0,0.0,0,none,163,471,0
68099,70727,0.0,0.0,0.0,0.0,0,0.0,0,none,898,942,0
39230,8410,0.0,0.0,0.0,0.0,0,0.0,0,none,630,1070,0
8770,78484,0.0,0.0,0.0,0.0,0,0.0,0,none,1100,1022,0
36437,1102261,0.0,0.0,0.0,0.0,0,0.0,0,none,598,74,0
5966,461016,0.0,0.0,0.0,0.0,0,0.0,0,none,808,715,0
7676,15202,0.0,0.0,0.0,0.0,0,0.0,0,none,1007,211,0
67108,1102261,0.0,0.0,0.0,0.0,0,0.0,0,none,885,74,0
337523,68149,0.0,0.0,0.0,0.0,0,0.0,0,none,539,901,0
1363352,187832,0.0,0.0,0.0,0.0,0,0.0,0,none,169,257,0
5553,7242,0.0,0.0,0.0,0.0,0,0.0,0,none,776,961,0
77655,72143,0.0,0.0,0.0,0.0,0,0.0,0,none,1012,952,0
6064,3105,0.0,0.0,0.0,0.0,0,0.0,0,none,824,488,0
265323,108118,0.0,0.0,0.0,0.0,0,0.0,0,none,418,57,0
58300,4501,0.0,0.0,0.0,0.0,0,0.0,0,none,793,708,0
2231,596,0.0,0.0,0.0,0.0,0,0.0,0,none,338,804,0
6130,1243041,0.0,0.0,0.0,0.0,0,0.0,0,none,829,131,0
4501,237116,0.0,0.0,0.0,0.0,0,0.0,0,none,708,366,0
1369,9071,0.0,0.0,0.0,0.0,0,0.0,0,none,175,1117,0
734064,19295,0.0,0.0,0.0,0.0,0,0.0,0,none,979,275,0
195085,8175,0.0,0.0,0.0,0.0,0,0.0,0,none,282,1044,0
20492,136411,0.0,0.0,0.0,0.0,0,0.0,0,none,305,171,0
596205,10167,0.0,0.0,0.0,0.0,0,0.0,0,none,805,7,0
134547,816346,0.0,0.0,0.0,0.0,0,0.0,0,none,156,1043,0
37985,10156,0.0,0.0,0.0,0.0,0,0.0,0,none,616,6,0
7396,10337,0.0,0.0,0.0,0.0,0,0.0,0,none,985,13,0
40048,5470,0.0,0.0,0.0,0.0,0,0.0,0,none,641,763,0
27729,1303851,0.0,0.0,0.0,0.0,0,0.0,0,none,435,145,0
6711,9997,0.0,0.0,0.0,0.0,0,0.0,0,none,887,1142,0
704,3616,0.0,0.0,0.0,0.0,0,0.0,0,none,938,589,0
21212,51499,0.0,0.0,0.0,0.0,0,0.0,0,none,314,751,0
602811,42355,0.0,0.0,0.0,0.0,0,0.0,0,none,818,673,0
1547545,1886,0.0,0.0,0.0,0.0,0,0.0,0,none,218,258,0
70727,357977,0.0,0.0,0.0,0.0,0,0.0,0,none,942,578,0
9002,10510,0.0,0.0,0.0,0.0,0,0.0,0,none,1114,33,0
72625,42331,0.0,0.0,0.0,0.0,0,0.0,0,none,967,670,0
139896,8814,0.0,0.0,0.0,0.0,0,0.0,0,none,185,1107,0
2597,37418,0.0,0.0,0.0,0.0,0,0.0,0,none,407,606,0
4815,7688,0.0,0.0,0.0,0.0,0,0.0,0,none,727,1008,0
33738,282446,0.0,0.0,0.0,0.0,0,0.0,0,none,536,443,0
4885,1110783,0.0,0.0,0.0,0.0,0,0.0,0,none,734,75,0
6185,1606853,0.0,0.0,0.0,0.0,0,0.0,0,none,839,226,0
1362746,1371041,0.0,0.0,0.0,0.0,0,0.0,0,none,167,177,0
10402,40114,0.0,0.0,0.0,0.0,0,0.0,0,none,22,642,0
194000,1147320,0.0,0.0,0.0,0.0,0,0.0,0,none,276,103,0
7781,6915,0.0,0.0,0.0,0.0,0,0.0,0,none,1014,917,0
4885,29275,0.0,0.0,0.0,0.0,0,0.0,0,none,734,461,0
595060,119771,0.0,0.0,0.0,0.0,0,0.0,0,none,802,118,0
3616,18747,0.0,0.0,0.0,0.0,0,0.0,0,none,589,255,0
1442132,3289,0.0,0.0,0.0,0.0,0,0.0,0,none,203,523,0
324072,37925,0.0,0.0,0.0,0.0,0,0.0,0,none,508,615,0
8183,78484,0.0,0.0,0.0,0.0,0,0.0,0,none,1045,1022,0
6711,37801,0.0,0.0,0.0,0.0,0,0.0,0,none,887,613,0
1767,10240,0.0,0.0,0.0,0.0,0,0.0,0,none,244,10,0
5514,7806,0.0,0.0,0.0,0.0,0,0.0,0,none,770,1016,0
1242999,338036,0.0,0.0,0.0,0.0,0,0.0,0,none,130,543,0
6057,3393,0.0,0.0,0.0,0.0,0,0.0,0,none,822,546,0
18747,108074,0.0,0.0,0.0,0.0,0,0.0,0,none,255,56,0
6984,10734,0.0,0.0,0.0,0.0,0,0.0,0,none,932,47,0
35296,1535922,0.0,0.0,0.0,0.0,0,0.0,0,none,568,213,0
1102261,684879,0.0,0.0,0.0,0.0,0,0.0,0,none,74,908,0
49247,8163,0.0,0.0,0.0,0.0,0,0.0,0,none,738,1042,0
285148,22697,0.0,0.0,0.0,0.0,0,0.0,0,none,452,342,0
4094,7880,0.0,0.0,0.0,0.0,0,0.0,0,none,653,1024,0
68139,69120,0.0,0.0,0.0,0.0,0,0.0,0,none,900,916,0
819300,15996,0.0,0.0,0.0,0.0,0,0.0,0,none,1046,223,0
1442132,20489,0.0,0.0,0.0,0.0,0,0.0,0,none,203,304,0
33764,7906,0.0,0.0,0.0,0.0,0,0.0,0,none,541,1028,0
1362746,91516,0.0,0.0,0.0,0.0,0,0.0,0,none,167,1119,0
7242,1889,0.0,0.0,0.0,0.0,0,0.0,0,none,961,261,0
461016,35302,0.0,0.0,0.0,0.0,0,0.0,0,none,715,569,0
6980,56512,0.0,0.0,0.0,0.0,0,0.0,0,none,931,780,0
8629,21102,0.0,0.0,0.0,0.0,0,0.0,0,none,1087,311,0
10825,4815,0.0,0.0,0.0,0.0,0,0.0,0,none,60,727,0
3403,60842,0.0,0.0,0.0,0.0,0,0.0,0,none,547,825,0
283753,19552,0.0,0.0,0.0,0.0,0,0.0,0,none,446,284,0
29899,8123,0.0,0.0,0.0,0.0,0,0.0,0,none,467,1038,0
25255,358263,0.0,0.0,0.0,0.0,0,0.0,0,none,389,583,0
1232150,9641,0.0,0.0,0.0,0.0,0,0.0,0,none,127,1128,0
68503,10597,0.0,0.0,0.0,0.0,0,0.0,0,none,909,40,0
1309227,272,0.0,0.0,0.0,0.0,0,0.0,0,none,151,425,0
9143,281,0.0,0.0,0.0,0.0,0,0.0,0,none,1118,440,0
325642,4452,0.0,0.0,0.0,0.0,0,0.0,0,none,511,699,0
8132,733,0.0,0.0,0.0,0.0,0,0.0,0,none,1039,978,0
4110,89013,0.0,0.0,0.0,0.0,0,0.0,0,none,656,1110,0
1309210,49737,0.0,0.0,0.0,0.0,0,0.0,0,none,150,742,0
1363352,36117,0.0,0.0,0.0,0.0,0,0.0,0,none,169,587,0
37776,9899,0.0,0.0,0.0,0.0,0,0.0,0,none,610,1135,0
274783,679314,0.0,0.0,0.0,0.0,0,0.0,0,none,429,894,0
72143,21311,0.0,0.0,0.0,0.0,0,0.0,0,none,952,316,0
10636,87636,0.0,0.0,0.0,0.0,0,0.0,0,none,43,1099,0
39993,1242806,0.0,0.0,0.0,0.0,0,0.0,0,none,638,129,0
21149,231049,0.0,0.0,0.0,0.0,0,0.0,0,none,313,350,0
430,1202,0.0,0.0,0.0,0.0,0,0.0,0,none,685,119,0
6205,4135,0.0,0.0,0.0,0.0,0,0.0,0,none,843,663,0
1588,2286,0.0,0.0,0.0,0.0,0,0.0,0,none,219,345,0
10156,2598,0.0,0.0,0.0,0.0,0,0.0,0,none,6,408,0
4135,19860,0.0,0.0,0.0,0.0,0,0.0,0,none,663,290,0
11516,356887,0.0,0.0,0.0,0.0,0,0.0,0,none,110,575,0
21241,4496,0.0,0.0,0.0,0.0,0,0.0,0,none,315,707,0
2019,282388,0.0,0.0,0.0,0.0,0,0.0,0,none,296,442,0
275891,1712,0.0,0.0,0.0,0.0,0,0.0,0,none,433,235,0
356887,51499,0.0,0.0,0.0,0.0,0,0.0,0,none,575,751,0
6472,319864,0.0,0.0,0.0,0.0,0,0.0,0,none,867,501,0
17627,1202,0.0,0.0,0.0,0.0,0,0.0,0,none,243,119,0
2186,8196,0.0,0.0,0.0,0.0,0,0.0,0,none,328,1047,0
114970,1897,0.0,0.0,0.0,0.0,0,0.0,0,none,106,264,0
22892,10627,0.0,0.0,0.0,0.0,0,0.0,0,none,348,42,0
569,1368001,0.0,0.0,0.0,0.0,0,0.0,0,none,784,174,0
6711,195085,0.0,0.0,0.0,0.0,0,0.0,0,none,887,282,0
4815,1886,0.0,0.0,0.0,0.0,0,0.0,0,none,727,258,0
9000,714438,0.0,0.0,0.0,0.0,0,0.0,0,none,1113,946,0
38454,73044,0.0,0.0,0.0,0.0,0,0.0,0,none,624,973,0
21877,3498,0.0,0.0,0.0,0.0,0,0.0,0,none,329,562,0
618365,6926,0.0,0.0,0.0,0.0,0,0.0,0,none,837,921,0
68099,7242,0.0,0.0,0.0,0.0,0,0.0,0,none,898,961,0
20063,17128,0.0,0.0,0.0,0.0,0,0.0,0,none,294,236,0
7226,1304974,0.0,0.0,0.0,0.0,0,0.0,0,none,956,146,0
107044,221166,0.0,0.0,0.0,0.0,0,0.0,0,none,46,336,0
121191,9344,0.0,0.0,0.0,0.0,0,0.0,0,none,123,1120,0
19790,11256,0.0,0.0,0.0,0.0,0,0.0,0,none,287,89,0
641465,1236136,0.0,0.0,0.0,0.0,0,0.0,0,none,861,128,0
343047,20352,0.0,0.0,0.0,0.0,0,0.0,0,none,555,301,0
7052,877015,0.0,0.0,0.0,0.0,0,0.0,0,none,939,1101,0
3002,260101,0.0,0.0,0.0,0.0,0,0.0,0,none,471,410,0
8328,598,0.0,0.0,0.0,0.0,0,0.0,0,none,1056,811,0
2555,73032,0.0,0.0,0.0,0.0,0,0.0,0,none,399,972,0
356988,32863,0.0,0.0,0.0,0.0,0,0.0,0,none,576,521,0
3423,325646,0.0,0.0,0.0,0.0,0,0.0,0,none,552,512,0
1102261,22697,0.0,0.0,0.0,0.0,0,0.0,0,none,74,342,0
337523,2709,0.0,0.0,0.0,0.0,0,0.0,0,none,539,423,0
235496,4462,0.0,0.0,0.0,0.0,0,0.0,0,none,359,701,0
54993,358258,0.0,0.0,0.0,0.0,0,0.0,0,none,768,581,0
2356,42351,0.0,0.0,0.0,0.0,0,0.0,0,none,360,672,0
25025,14851,0.0,0.0,0.0,0.0,0,0.0,0,none,384,206,0
275635,10825,0.0,0.0,0.0,0.0,0,0.0,0,none,432,60,0
3350,20610,0.0,0.0,0.0,0.0,0,0.0,0,none,529,307,0
42347,83171,0.0,0.0,0.0,0.0,0,0.0,0,none,671,1055,0
4177,19257,0.0,0.0,0.0,0.0,0,0.0,0,none,665,274,0
2890,7407,0.0,0.0,0.0,0.0,0,0.0,0,none,457,987,0
7517,35827,0.0,0.0,0.0,0.0,0,0.0,0,none,998,584,0
49276,2599,0.0,0.0,0.0,0.0,0,0.0,0,none,739,409,0
1147320,6038,0.0,0.0,0.0,0.0,0,0.0,0,none,103,820,0
2837,253182,0.0,0.0,0.0,0.0,0,0.0,0,none,444,391,0
75207,6750,0.0,0.0,0.0,0.0,0,0.0,0,none,999,890,0
10819,1202,0.0,0.0,0.0,0.0,0,0.0,0,none,59,119,0
31565,61148,0.0,0.0,0.0,0.0,0,0.0,0,none,498,826,0
2669,117055,0.0,0.0,0.0,0.0,0,0.0,0,none,419,114,0
17627,880350,0.0,0.0,0.0,0.0,0,0.0,0,none,243,1106,0
2180,42351,0.0,0.0,0.0,0.0,0,0.0,0,none,327,672,0
10600,2400,0.0,0.0,0.0,0.0,0,0.0,0,none,41,370,0
7617,214549,0.0,0.0,0.0,0.0,0,0.0,0,none,1004,321,0
114477,33094,0.0,0.0,0.0,0.0,0,0.0,0,none,100,527,0
1311261,4493,0.0,0.0,0.0,0.0,0,0.0,0,none,154,705,0
8718,82819,0.0,0.0,0.0,0.0,0,0.0,0,none,1095,1051,0
10438,3008,0.0,0.0,0.0,0.0,0,0.0,0,none,26,472,0
7773,618365,0.0,0.0,0.0,0.0,0,0.0,0,none,1013,837,0
70618,6470,0.0,0.0,0.0,0.0,0,0.0,0,none,941,866,0
6916,53694,0.0,0.0,0.0,0.0,0,0.0,0,none,918,760,0
83929,62356,0.0,0.0,0.0,0.0,0,0.0,0,none,1069,846,0
3743,2582,0.0,0.0,0.0,0.0,0,0.0,0,none,607,404,0
9796,117055,0.0,0.0,0.0,0.0,0,0.0,0,none,1132,114,0
41493,3289,0.0,0.0,0.0,0.0,0,0.0,0,none,664,523,0
3995,29421,0.0,0.0,0.0,0.0,0,0.0,0,none,636,462,0
44151,78904,0.0,0.0,0.0,0.0,0,0.0,0,none,693,1025,0
618970,7597,0.0,0.0,0.0,0.0,0,0.0,0,none,840,1003,0
1385,1622,0.0,0.0,0.0,0.0,0,0.0,0,none,181,228,0
461016,139778,0.0,0.0,0.0,0.0,0,0.0,0,none,715,183,0
1425,3289,0.0,0.0,0.0,0.0,0,0.0,0,none,197,523,0
3992,195085,0.0,0.0,0.0,0.0,0,0.0,0,none,635,282,0
59943,9002,0.0,0.0,0.0,0.0,0,0.0,0,none,813,1114,0
8132,4256,0.0,0.0,0.0,0.0,0,0.0,0,none,1039,677,0
60307,35255,0.0,0.0,0.0,0.0,0,0.0,0,none,819,567,0
7243,857974,0.0,0.0,0.0,0.0,0,0.0,0,none,962,1079,0
7984,6845,0.0,0.0,0.0,0.0,0,0.0,0,none,1031,907,0
7814,2878,0.0,0.0,0.0,0.0,0,0.0,0,none,1018,454,0
430,237159,0.0,0.0,0.0,0.0,0,0.0,0,none,685,367,0
18631,11636,0.0,0.0,0.0,0.0,0,0.0,0,none,253,113,0
3443,1091836,0.0,0.0,0.0,0.0,0,0.0,0,none,558,67,0
723,6901,0.0,0.0,0.0,0.0,0,0.0,0,none,957,914,0
8814,392509,0.0,0.0,0.0,0.0,0,0.0,0,none,1107,631,0
7476,3041,0.0,0.0,0.0,0.0,0,0.0,0,none,995,479,0
356887,10825,0.0,0.0,0.0,0.0,0,0.0,0,none,575,60,0
33767,26225,0.0,0.0,0.0,0.0,0,0.0,0,none,542,412,0
7417,880350,0.0,0.0,0.0,0.0,0,0.0,0,none,988,1106,0
17305,1251,0.0,0.0,0.0,0.0,0,0.0,0,none,238,133,0
3500,10689,0.0,0.0,0.0,0.0,0,0.0,0,none,563,44,0
460132,2188,0.0,0.0,0.0,0.0,0,0.0,0,none,712,330,0
4815,10438,0.0,0.0,0.0,0.0,0,0.0,0,none,727,26,0
19552,167,0.0,0.0,0.0,0.0,0,0.0,0,none,284,232,0
10689,4337,0.0,0.0,0.0,0.0,0,0.0,0,none,44,689,0
1712,306674,0.0,0.0,0.0,0.0,0,0.0,0,none,235,482,0
34296,30257,0.0,0.0,0.0,0.0,0,0.0,0,none,554,478,0
52175,4917,0.0,0.0,0.0,0.0,0,0.0,0,none,753,737,0
719872,282446,0.0,0.0,0.0,0.0,0,0.0,0,none,949,443,0
3355,1043,0.0,0.0,0.0,0.0,0,0.0,0,none,530,24,0
4603,190353,0.0,0.0,0.0,0.0,0,0.0,0,none,713,267,0
51499,1256,0.0,0.0,0.0,0.0,0,0.0,0,none,751,134,0
9002,142131,0.0,0.0,0.0,0.0,0,0.0,0,none,1114,194,0
6448,140108,0.0,0.0,0.0,0.0,0,0.0,0,none,863,188,0
18752,167,0.0,0.0,0.0,0.0,0,0.0,0,none,256,232,0
356887,2399,0.0,0.0,0.0,0.0,0,0.0,0,none,575,369,0
709271,134615,0.0,0.0,0.0,0.0,0,0.0,0,none,943,157,0
1110783,153970,0.0,0.0,0.0,0.0,0,0.0,0,none,75,214,0
618970,20890,0.0,0.0,0.0,0.0,0,0.0,0,none,840,308,0
358263,6719,0.0,0.0,0.0,0.0,0,0.0,0,none,583,889,0
897018,1040005,0.0,0.0,0.0,0.0,0,0.0,0,none,1112,20,0
42331,44151,0.0,0.0,0.0,0.0,0,0.0,0,none,670,693,0
139953,321208,0.0,0.0,0.0,0.0,0,0.0,0,none,187,504,0
1364430,9000,0.0,0.0,0.0,0.0,0,0.0,0,none,173,1113,0
232158,37617,0.0,0.0,0.0,0.0,0,0.0,0,none,351,609,0
475969,23247,0.0,0.0,0.0,0.0,0,0.0,0,none,723,352,0
10825,1040005,0.0,0.0,0.0,0.0,0,0.0,0,none,60,20,0
287637,33764,0.0,0.0,0.0,0.0,0,0.0,0,none,453,541,0
23088,11198,0.0,0.0,0.0,0.0,0,0.0,0,none,349,83,0
52177,17128,0.0,0.0,0.0,0.0,0,0.0,0,none,754,236,0
16695,1589,0.0,0.0,0.0,0.0,0,0.0,0,none,231,220,0
69120,733,0.0,0.0,0.0,0.0,0,0.0,0,none,916,978,0
4301,139896,0.0,0.0,0.0,0.0,0,0.0,0,none,686,185,0
3827,3364,0.0,0.0,0.0,0.0,0,0.0,0,none,619,533,0
60207,2597,0.0,0.0,0.0,0.0,0,0.0,0,none,814,407,0
1649480,341248,0.0,0.0,0.0,0.0,0,0.0,0,none,229,549,0
10767,8627,0.0,0.0,0.0,0.0,0,0.0,0,none,52,1086,0
4495,72965,0.0,0.0,0.0,0.0,0,0.0,0,none,706,970,0
83818,18631,0.0,0.0,0.0,0.0,0,0.0,0,none,1068,253,0
197,50097,0.0,0.0,0.0,0.0,0,0.0,0,none,286,743,0
612865,6205,0.0,0.0,0.0,0.0,0,0.0,0,none,828,843,0
1244014,11258,0.0,0.0,0.0,0.0,0,0.0,0,none,132,90,0
6470,68503,0.0,0.0,0.0,0.0,0,0.0,0,none,866,909,0
37790,4018,0.0,0.0,0.0,0.0,0,0.0,0,none,611,643,0
1148495,11251,0.0,0.0,0.0,0.0,0,0.0,0,none,105,87,0
46303,10814,0.0,0.0,0.0,0.0,0,0.0,0,none,716,58,0
4603,3407,0.0,0.0,0.0,0.0,0,0.0,0,none,713,548,0
4501,787390,0.0,0.0,0.0,0.0,0,0.0,0,none,708,1023,0
6809,3417,0.0,0.0,0.0,0.0,0,0.0,0,none,895,550,0
6057,72236,0.0,0.0,0.0,0.0,0,0.0,0,none,822,954,0
11002,300195,0.0,0.0,0.0,0.0,0,0.0,0,none,71,470,0
1760,1819,0.0,0.0,0.0,0.0,0,0.0,0,none,242,247,0
4845,40001,0.0,0.0,0.0,0.0,0,0.0,0,none,732,640,0
1011,797195,0.0,0.0,0.0,0.0,0,0.0,0,none,3,1029,0
3634,4502,0.0,0.0,0.0,0.0,0,0.0,0,none,592,709,0
4850,54552,0.0,0.0,0.0,0.0,0,0.0,0,none,733,762,0
325887,358258,0.0,0.0,0.0,0.0,0,0.0,0,none,513,581,0
9601,22299,0.0,0.0,0.0,0.0,0,0.0,0,none,1126,337,0
37798,14851,0.0,0.0,0.0,0.0,0,0.0,0,none,612,206,0
1605101,6135,0.0,0.0,0.0,0.0,0,0.0,0,none,225,830,0
22892,37985,0.0,0.0,0.0,0.0,0,0.0,0,none,348,616,0
17128,31448,0.0,0.0,0.0,0.0,0,0.0,0,none,236,493,0
4089,35255,0.0,0.0,0.0,0.0,0,0.0,0,none,652,567,0
3616,1357536,0.0,0.0,0.0,0.0,0,0.0,0,none,589,164,0
281,5228,0.0,0.0,0.0,0.0,0,0.0,0,none,440,756,0
9794,2194,0.0,0.0,0.0,0.0,0,0.0,0,none,1131,333,0
2709,3109,0.0,0.0,0.0,0.0,0,0.0,0,none,423,490,0
4492,1919,0.0,0.0,0.0,0.0,0,0.0,0,none,704,273,0
23247,4089,0.0,0.0,0.0,0.0,0,0.0,0,none,352,652,0
60207,6902,0.0,0.0,0.0,0.0,0,0.0,0,none,814,915,0
58295,37798,0.0,0.0,0.0,0.0,0,0.0,0,none,792,612,0
37806,1242999,0.0,0.0,0.0,0.0,0,0.0,0,none,614,130,0
1369,1251,0.0,0.0,0.0,0.0,0,0.0,0,none,175,133,0
42955,1520,0.0,0.0,0.0,0.0,0,0.0,0,none,684,210,0
50166,6579,0.0,0.0,0.0,0.0,0,0.0,0,none,744,872,0
1442132,495881,0.0,0.0,0.0,0.0,0,0.0,0,none,203,741,0
253182,8183,0.0,0.0,0.0,0.0,0,0.0,0,none,391,1045,0
4100,285148,0.0,0.0,0.0,0.0,0,0.0,0,none,655,452,0
6064,596205,0.0,0.0,0.0,0.0,0,0.0,0,none,824,805,0
8742,325646,0.0,0.0,0.0,0.0,0,0.0,0,none,1097,512,0
6932,21102,0.0,0.0,0.0,0.0,0,0.0,0,none,923,311,0
1808,1151,0.0,0.0,0.0,0.0,0,0.0,0,none,246,109,0
7417,9794,0.0,0.0,0.0,0.0,0,0.0,0,none,988,1131,0
1363268,84108,0.0,0.0,0.0,0.0,0,0.0,0,none,168,1071,0
1309210,5781,0.0,0.0,0.0,0.0,0,0.0,0,none,150,791,0
62427,3155,0.0,0.0,0.0,0.0,0,0.0,0,none,848,496,0
4450,6835,0.0,0.0,0.0,0.0,0,0.0,0,none,698,904,0
6926,74667,0.0,0.0,0.0,0.0,0,0.0,0,none,921,993,0
21877,4124,0.0,0.0,0.0,0.0,0,0.0,0,none,329,660,0
10390,283810,0.0,0.0,0.0,0.0,0,0.0,0,none,18,447,0
7531,712566,0.0,0.0,0.0,0.0,0,0.0,0,none,1000,945,0
7531,2626,0.0,0.0,0.0,0.0,0,0.0,0,none,1000,415,0
10763,641465,0.0,0.0,0.0,0.0,0,0.0,0,none,51,861,0
1148495,8785,0.0,0.0,0.0,0.0,0,0.0,0,none,105,1103,0
8150,20610,0.0,0.0,0.0,0.0,0,0.0,0,none,1041,307,0
232158,4816,0.0,0.0,0.0,0.0,0,0.0,0,none,351,728,0
614391,325646,0.0,0.0,0.0,0.0,0,0.0,0,none,834,512,0
3105,52582,0.0,0.0,0.0,0.0,0,0.0,0,none,488,758,0
87636,8782,0.0,0.0,0.0,0.0,0,0.0,0,none,1099,1102,0
4316,10240,0.0,0.0,0.0,0.0,0,0.0,0,none,687,10,0
689,7833,0.0,0.0,0.0,0.0,0,0.0,0,none,913,1021,0
314683,734064,0.0,0.0,0.0,0.0,0,0.0,0,none,494,979,0
21107,3131,0.0,0.0,0.0,0.0,0,0.0,0,none,312,491,0
9524,35619,0.0,0.0,0.0,0.0,0,0.0,0,none,1124,572,0
8629,38413,0.0,0.0,0.0,0.0,0,0.0,0,none,1087,622,0
625,35296,0.0,0.0,0.0,0.0,0,0.0,0,none,849,568,0
7226,73056,0.0,0.0,0.0,0.0,0,0.0,0,none,956,974,0
236719,19831,0.0,0.0,0.0,0.0,0,0.0,0,none,363,288,0
221147,20890,0.0,0.0,0.0,0.0,0,0.0,0,none,335,308,0
40790,8611,0.0,0.0,0.0,0.0,0,0.0,0,none,649,1084,0
3364,20063,0.0,0.0,0.0,0.0,0,0.0,0,none,533,294,0
9601,3322,0.0,0.0,0.0,0.0,0,0.0,0,none,1126,528,0
4110,8091,0.0,0.0,0.0,0.0,0,0.0,0,none,656,1036,0
8134,100278,0.0,0.0,0.0,0.0,0,0.0,0,none,1040,1,0
42682,7441,0.0,0.0,0.0,0.0,0,0.0,0,none,680,991,0
596205,4301,0.0,0.0,0.0,0.0,0,0.0,0,none,805,686,0
4462,689,0.0,0.0,0.0,0.0,0,0.0,0,none,701,913,0
16817,461016,0.0,0.0,0.0,0.0,0,0.0,0,none,234,715,0
2286,5224,0.0,0.0,0.0,0.0,0,0.0,0,none,345,755,0
1242999,4094,0.0,0.0,0.0,0.0,0,0.0,0,none,130,653,0
6468,596,0.0,0.0,0.0,0.0,0,0.0,0,none,865,804,0
37985,24941,0.0,0.0,0.0,0.0,0,0.0,0,none,616,381,0
195088,9796,0.0,0.0,0.0,0.0,0,0.0,0,none,283,1132,0
9639,36717,0.0,0.0,0.0,0.0,0,0.0,0,none,1127,605,0
194337,11202,0.0,0.0,0.0,0.0,0,0.0,0,none,278,84,0
1712,34530,0.0,0.0,0.0,0.0,0,0.0,0,none,235,560,0
1827,7833,0.0,0.0,0.0,0.0,0,0.0,0,none,248,1021,0
57308,119565,0.0,0.0,0.0,0.0,0,0.0,0,none,789,117,0
35827,1427022,0.0,0.0,0.0,0.0,0,0.0,0,none,584,199,0
448,8375,0.0,0.0,0.0,0.0,0,0.0,0,none,702,1067,0
3350,2590,0.0,0.0,0.0,0.0,0,0.0,0,none,529,406,0
108074,1102129,0.0,0.0,0.0,0.0,0,0.0,0,none,56,73,0
1908,1086769,0.0,0.0,0.0,0.0,0,0.0,0,none,271,65,0
9344,1111103,0.0,0.0,0.0,0.0,0,0.0,0,none,1120,76,0
39786,194279,0.0,0.0,0.0,0.0,0,0.0,0,none,634,277,0
77655,325646,0.0,0.0,0.0,0.0,0,0.0,0,none,1012,512,0
1649480,19257,0.0,0.0,0.0,0.0,0,0.0,0,none,229,274,0
42954,10819,0.0,0.0,0.0,0.0,0,0.0,0,none,683,59,0
5657,679314,0.0,0.0,0.0,0.0,0,0.0,0,none,781,894,0
1303098,8514,0.0,0.0,0.0,0.0,0,0.0,0,none,144,1074,0
83682,18603,0.0,0.0,0.0,0.0,0,0.0,0,none,1065,252,0
1385,25120,0.0,0.0,0.0,0.0,0,0.0,0,none,181,386,0
712566,228790,0.0,0.0,0.0,0.0,0,0.0,0,none,945,347,0
2023,321208,0.0,0.0,0.0,0.0,0,0.0,0,none,298,504,0
48203,17305,0.0,0.0,0.0,0.0,0,0.0,0,none,729,238,0
318341,3247,0.0,0.0,0.0,0.0,0,0.0,0,none,500,509,0
14851,20352,0.0,0.0,0.0,0.0,0,0.0,0,none,206,301,0
31565,9949,0.0,0.0,0.0,0.0,0,0.0,0,none,498,1140,0
77492,39993,0.0,0.0,0.0,0.0,0,0.0,0,none,1011,638,0
18631,32863,0.0,0.0,0.0,0.0,0,0.0,0,none,253,521,0
281,33688,0.0,0.0,0.0,0.0,0,0.0,0,none,440,534,0
2002,37798,0.0,0.0,0.0,0.0,0,0.0,0,none,293,612,0
30257,3013,0.0,0.0,0.0,0.0,0,0.0,0,none,478,474,0
6916,19836,0.0,0.0,0.0,0.0,0,0.0,0,none,918,289,0
1520,1599832,0.0,0.0,0.0,0.0,0,0.0,0,none,210,224,0
1385,83395,0.0,0.0,0.0,0.0,0,0.0,0,none,181,1060,0
11202,787390,0.0,0.0,0.0,0.0,0,0.0,0,none,84,1023,0
2709,10368,0.0,0.0,0.0,0.0,0,0.0,0,none,423,15,0
430,3102,0.0,0.0,0.0,0.0,0,0.0,0,none,685,487,0
322167,38967,0.0,0.0,0.0,0.0,0,0.0,0,none,507,629,0
632,4177,0.0,0.0,0.0,0.0,0,0.0,0,none,852,665,0
3498,10390,0.0,0.0,0.0,0.0,0,0.0,0,none,562,18,0
8703,10600,0.0,0.0,0.0,0.0,0,0.0,0,none,1093,41,0
6038,33767,0.0,0.0,0.0,0.0,0,0.0,0,none,820,542,0
1427022,117055,0.0,0.0,0.0,0.0,0,0.0,0,none,199,114,0
236809,29421,0.0,0.0,0.0,0.0,0,0.0,0,none,365,462,0
70167,5492,0.0,0.0,0.0,0.0,0,0.0,0,none,935,766,0
828529,306674,0.0,0.0,0.0,0.0,0,0.0,0,none,1052,482,0
4496,8638,0.0,0.0,0.0,0.0,0,0.0,0,none,707,1088,0
19295,8611,0.0,0.0,0.0,0.0,0,0.0,0,none,275,1084,0
6026,3443,0.0,0.0,0.0,0.0,0,0.0,0,none,817,558,0
4845,44281,0.0,0.0,0.0,0.0,0,0.0,0,none,732,695,0
632,72962,0.0,0.0,0.0,0.0,0,0.0,0,none,852,969,0
49247,10582,0.0,0.0,0.0,0.0,0,0.0,0,none,738,37,0
1110783,7244,0.0,0.0,0.0,0.0,0,0.0,0,none,75,963,0
19831,4337,0.0,0.0,0.0,0.0,0,0.0,0,none,288,689,0
23247,24942,0.0,0.0,0.0,0.0,0,0.0,0,none,352,382,0
298665,2019,0.0,0.0,0.0,0.0,0,0.0,0,none,465,296,0
27392,33764,0.0,0.0,0.0,0.0,0,0.0,0,none,427,541,0
2400,4094,0.0,0.0,0.0,0.0,0,0.0,0,none,370,653,0
3393,87636,0.0,0.0,0.0,0.0,0,0.0,0,none,546,1099,0
57308,847083,0.0,0.0,0.0,0.0,0,0.0,0,none,789,1072,0
5514,35296,0.0,0.0,0.0,0.0,0,0.0,0,none,770,568,0
39684,27792,0.0,0.0,0.0,0.0,0,0.0,0,none,633,436,0
356988,42612,0.0,0.0,0.0,0.0,0,0.0,0,none,576,678,0
460132,119565,0.0,0.0,0.0,0.0,0,0.0,0,none,712,117,0
376,8134,0.0,0.0,0.0,0.0,0,0.0,0,none,608,1040,0
121243,2578,0.0,0.0,0.0,0.0,0,0.0,0,none,124,401,0
279645,8638,0.0,0.0,0.0,0.0,0,0.0,0,none,438,1088,0
11258,43611,0.0,0.0,0.0,0.0,0,0.0,0,none,90,691,0
4815,6703,0.0,0.0,0.0,0.0,0,0.0,0,none,727,883,0
6901,82122,0.0,0.0,0.0,0.0,0,0.0,0,none,914,1049,0
287637,384455,0.0,0.0,0.0,0.0,0,0.0,0,none,453,623,0
5095,1430438,0.0,0.0,0.0,0.0,0,0.0,0,none,748,200,0
725,4124,0.0,0.0,0.0,0.0,0,0.0,0,none,964,660,0
1147220,719872,0.0,0.0,0.0,0.0,0,0.0,0,none,101,949,0
2555,25480,0.0,0.0,0.0,0.0,0,0.0,0,none,399,395,0
51428,6205,0.0,0.0,0.0,0.0,0,0.0,0,none,750,843,0
3407,18603,0.0,0.0,0.0,0.0,0,0.0,0,none,548,252,0
203223,3616,0.0,0.0,0.0,0.0,0,0.0,0,none,300,589,0
221147,203223,0.0,0.0,0.0,0.0,0,0.0,0,none,335,300,0
321064,265323,0.0,0.0,0.0,0.0,0,0.0,0,none,503,418,0
1371041,20890,0.0,0.0,0.0,0.0,0,0.0,0,none,177,308,0
6964,11256,0.0,0.0,0.0,0.0,0,0.0,0,none,927,89,0
78484,25255,0.0,0.0,0.0,0.0,0,0.0,0,none,1022,389,0
356988,10689,0.0,0.0,0.0,0.0,0,0.0,0,none,576,44,0
2348,1828,0.0,0.0,0.0,0.0,0,0.0,0,none,356,249,0
29170,25483,0.0,0.0,0.0,0.0,0,0.0,0,none,460,396,0
183379,1044584,0.0,0.0,0.0,0.0,0,0.0,0,none,251,27,0
10368,236778,0.0,0.0,0.0,0.0,0,0.0,0,none,15,364,0
8629,475342,0.0,0.0,0.0,0.0,0,0.0,0,none,1087,720,0
134527,32863,0.0,0.0,0.0,0.0,0,0.0,0,none,155,521,0
36437,43611,0.0,0.0,0.0,0.0,0,0.0,0,none,598,691,0
1588,1819,0.0,0.0,0.0,0.0,0,0.0,0,none,219,247,0
18993,1897,0.0,0.0,0.0,0.0,0,0.0,0,none,265,264,0
828529,475968,0.0,0.0,0.0,0.0,0,0.0,0,none,1052,722,0
72236,60207,0.0,0.0,0.0,0.0,0,0.0,0,none,954,814,0
9068,135447,0.0,0.0,0.0,0.0,0,0.0,0,none,1116,163,0
480167,25025,0.0,0.0,0.0,0.0,0,0.0,0,none,726,384,0
2599,125933,0.0,0.0,0.0,0.0,0,0.0,0,none,409,136,0
68442,19831,0.0,0.0,0.0,0.0,0,0.0,0,none,905,288,0
1292,195085,0.0,0.0,0.0,0.0,0,0.0,0,none,139,282,0
36437,25486,0.0,0.0,0.0,0.0,0,0.0,0,none,598,397,0
135775,52175,0.0,0.0,0.0,0.0,0,0.0,0,none,165,753,0
2473,253166,0.0,0.0,0.0,0.0,0,0.0,0,none,379,390,0
22892,36387,0.0,0.0,0.0,0.0,0,0.0,0,none,348,594,0
3355,1292,0.0,0.0,0.0,0.0,0,0.0,0,none,530,139,0
6711,4256,0.0,0.0,0.0,0.0,0,0.0,0,none,887,677,0
1303851,20890,0.0,0.0,0.0,0.0,0,0.0,0,none,145,308,0
1303851,5640,0.0,0.0,0.0,0.0,0,0.0,0,none,145,779,0
1364347,56512,0.0,0.0,0.0,0.0,0,0.0,0,none,172,780,0
90176,7806,0.0,0.0,0.0,0.0,0,0.0,0,none,1115,1016,0
5514,10819,0.0,0.0,0.0,0.0,0,0.0,0,none,770,59,0
83515,25789,0.0,0.0,0.0,0.0,0,0.0,0,none,1062,403,0
2709,11258,0.0,0.0,0.0,0.0,0,0.0,0,none,423,90,0
105694,140108,0.0,0.0,0.0,0.0,0,0.0,0,none,35,188,0
1441660,337523,0.0,0.0,0.0,0.0,0,0.0,0,none,202,539,0
3041,714438,0.0,0.0,0.0,0.0,0,0.0,0,none,479,946,0
257844,4493,0.0,0.0,0.0,0.0,0,0.0,0,none,402,705,0
8514,7814,0.0,0.0,0.0,0.0,0,0.0,0,none,1074,1018,0
10825,55679,0.0,0.0,0.0,0.0,0,0.0,0,none,60,778,0
1514,4333,0.0,0.0,0.0,0.0,0,0.0,0,none,209,688,0
42463,25486,0.0,0.0,0.0,0.0,0,0.0,0,none,676,397,0
10798,1223,0.0,0.0,0.0,0.0,0,0.0,0,none,54,126,0
9794,39993,0.0,0.0,0.0,0.0,0,0.0,0,none,1131,638,0
10572,1606853,0.0,0.0,0.0,0.0,0,0.0,0,none,36,226,0
30257,5470,0.0,0.0,0.0,0.0,0,0.0,0,none,478,763,0
29170,298665,0.0,0.0,0.0,0.0,0,0.0,0,none,460,465,0
21241,1511,0.0,0.0,0.0,0.0,0,0.0,0,none,315,208,0
50097,38685,0.0,0.0,0.0,0.0,0,0.0,0,none,743,626,0
10767,828529,0.0,0.0,0.0,0.0,0,0.0,0,none,52,1052,0
6185,1992,0.0,0.0,0.0,0.0,0,0.0,0,none,839,291,0
39786,33739,0.0,0.0,0.0,0.0,0,0.0,0,none,634,537,0
2180,54236,0.0,0.0,0.0,0.0,0,0.0,0,none,327,761,0
62372,7906,0.0,0.0,0.0,0.0,0,0.0,0,none,847,1028,0
108118,8196,0.0,0.0,0.0,0.0,0,0.0,0,none,57,1047,0
72257,8123,0.0,0.0,0.0,0.0,0,0.0,0,none,955,1038,0
1622,7315,0.0,0.0,0.0,0.0,0,0.0,0,none,228,975,0
1828,6964,0.0,0.0,0.0,0.0,0,0.0,0,none,249,927,0
10597,300195,0.0,0.0,0.0,0.0,0,0.0,0,none,40,470,0
142131,304962,0.0,0.0,0.0,0.0,0,0.0,0,none,194,480,0
1357536,3628,0.0,0.0,0.0,0.0,0,0.0,0,none,164,591,0
57021,10402,0.0,0.0,0.0,0.0,0,0.0,0,none,787,22,0
6038,4508,0.0,0.0,0.0,0.0,0,0.0,0,none,820,710,0
9899,83682,0.0,0.0,0.0,0.0,0,0.0,0,none,1135,1065,0
236719,6754,0.0,0.0,0.0,0.0,0,0.0,0,none,363,891,0
7258,6711,0.0,0.0,0.0,0.0,0,0.0,0,none,965,887,0
4278,8134,0.0,0.0,0.0,0.0,0,0.0,0,none,681,1040,0
107044,31748,0.0,0.0,0.0,0.0,0,0.0,0,none,46,499,0
7514,703,0.0,0.0,0.0,0.0,0,0.0,0,none,997,937,0
107044,17311,0.0,0.0,0.0,0.0,0,0.0,0,none,46,239,0
2473,354770,0.0,0.0,0.0,0.0,0,0.0,0,none,379,570,0
235379,1085787,0.0,0.0,0.0,0.0,0,0.0,0,none,358,64,0
6536,139462,0.0,0.0,0.0,0.0,0,0.0,0,none,869,182,0
