Food,energy,carbs,fiber,sugars,sodium,fat,protein,y_vegetarian,y_diabetic,y_low_sodium
Beer,43.0,3.55,0.0,0.0,0.0,0.46,0.0,1,1,1
Arak,222.0,0.0,0.0,0.0,0.0,0.0,0.0,1,1,1
Kasippu,222.0,0.0,0.0,0.0,0.0,0.0,0.0,1,1,1
"LIQUOR, TODDY, COCONUT",222.0,0.0,0.0,0.0,0.0,0.0,0.0,1,1,1
"LIQUOR, TODDY, KITUL",222.0,0.0,0.0,0.0,0.0,0.0,0.0,1,1,1
"LIQUOR, TODDY, PALMYRA",222.0,0.0,0.0,0.0,0.0,0.0,0.0,1,1,1
"LIQUOR, HARD (>35% ABV), NON-SPECIFIC",222.0,0.0,0.0,0.0,0.0,0.0,0.0,1,1,1
"Coconut water(botteled, sweetend)",31.4,7.43,0.0,0.0,0.0,0.28,0.0,1,0,1
"Coconut water(fresh, unsweetend)",14.0,3.2,0.0,0.0,0.0,0.2,0.3,1,0,1
Fruit and Milk Drink,72.0,11.7,0.0,0.0,0.0,1.5,3.6,1,1,1
Fruit Cordial (with water),18.090851,4.0250001,0.51749998,0.0,0.0,0.1,0.16,1,1,1
"Fruit Drink (botteled,ready-to-drink)",40.0,10.3,0.0,0.0,0.0,0.0,0.4,1,1,1
"Fruit Nectar (botteled,ready-to-drink)",40.0,10.3,0.0,0.0,0.0,0.0,0.4,1,1,1
Fruit Squah (with water),37.0,9.8,0.0,0.0,0.0,0.0,0.1,1,1,1
Juice (sweetend),40.0,10.3,0.0,0.0,0.0,0.0,0.4,1,0,1
Lime Juice,3.272548,0.70200467,0.15954022,0.0,0.0,0.021604404,0.054841947,1,1,1
Passion Fruit Juice,44.0,10.7,0.0,0.0,0.0,0.1,0.8,1,1,1
"Lemon or Lime Juice (fresh, water & sugar)",4.2696743,0.89893711,0.0,0.0,0.0,0.063151337,0.03074473,1,1,1
"Lemon or Lime Juice (fresh, water,no sugar)",35.0,7.0,0.0,0.0,0.0,0.8,0.4,1,1,1
"Lime Juice (fresh,raw (100% Juice))",9.0,1.6,0.0,0.0,0.0,0.1,0.4,1,1,1
Apple Juice (unsweetened (100% Juice)),40.0,10.3,0.0,0.0,0.0,0.0,0.4,1,0,1
Mango Juice (unsweetened (100% Juice)),39.0,9.8,0.0,0.0,0.0,0.2,0.1,1,0,1
Orange Juice (unsweetened (100% Juice)),36.0,8.8,0.1,0.0,0.0,0.1,0.5,1,0,1
"KENDA, FINGER MILLET",181.94475,11.381498,1.4856118,0.0,0.0,13.867081,2.5487068,1,1,1
"KENDA, LEAFY VEGETABLE & RICE",52.0,11.6,0.8,0.0,0.0,0.3,1.4,1,1,1
Cola,41.0,10.9,0.0,0.0,0.0,0.0,0.0,1,0,1
Cream Soda,50.0,13.3,0.0,0.0,0.0,0.0,0.0,1,0,1
Energy Drink,27.0,7.2,0.0,0.0,0.0,0.0,0.0,1,1,1
Fruit-Flavored Soda,27.0,7.2,0.0,0.0,0.0,0.0,0.0,1,0,1
Ginger Beer,27.0,7.2,0.0,0.0,0.0,0.0,0.0,1,1,1
Lemon-Lime Soda,27.0,7.2,0.0,0.0,0.0,0.0,0.0,1,0,1
Orange Soda,48.0,12.3,0.0,0.0,0.0,0.0,0.0,1,0,1
Coffee (brewed),2.0,0.3,0.0,0.0,0.0,0.0,0.2,1,1,1
"Coffee, (made from instant coffee powder)",0.0,0.0,0.0,0.0,0.0,0.0,0.0,1,1,0
"Cooling Drink (chinese,infusion)",0.0,0.0,0.0,0.0,0.0,0.0,0.0,1,1,1
Tea (brewed from black tea leaves),0.0,0.0,0.0,0.0,0.0,0.0,0.0,1,1,1
Tea (made from instant black tea powder),0.0,0.0,0.0,0.0,0.0,0.0,0.0,1,1,0
Tea (brewed from herbs & spices),0.0,0.0,0.0,0.0,0.0,0.0,0.0,1,1,1
Tea (brewed from green tea),0.0,0.0,0.0,0.0,0.0,0.0,0.0,1,1,1
Water,0.0,0.0,0.0,0.0,0.0,0.0,0.0,1,1,1
Bread (Wholemeal),218.0,42.0,0.0,0.0,0.0,2.5,9.4,1,1,1
Bread (White),236.0,48.7,0.0,0.0,0.0,2.1,8.7,1,0,1
Bun (Currant),280.0,52.6,0.0,0.0,0.0,5.6,8.0,1,0,1
"Bun (White, Plain)",235.0,49.3,0.0,0.0,0.0,1.9,8.4,1,0,1
Bun (iced or sugar glazed),280.0,52.6,0.0,0.0,0.0,5.6,8.0,1,0,1
Roast Paan,365.84882,46.374153,1.7887818,0.0,0.0,16.647764,6.8205833,1,0,1
Bun (Jam),280.0,52.6,0.0,0.0,0.0,5.6,8.0,1,0,1
Bun (Cream),280.0,52.6,0.0,0.0,0.0,5.6,8.0,1,0,1
BUN (Curry filled),0.0,0.0,0.0,0.0,0.0,0.0,0.0,1,1,1
Papadum,369.0,39.1,9.1,0.0,0.0,16.9,17.5,1,1,1
Parata,333.0,45.8,0.0,0.0,0.0,14.4,7.8,1,0,1
Coconut Roti,302.0,48.4,5.1,0.0,0.0,9.8,8.0,1,1,1
Egg Roti,249.7205,43.558193,1.930995,0.0,0.0,4.4794049,7.9308395,1,1,1
"Roti (Wheat, Plain)",343.0,42.9,0.0,0.0,0.0,15.5,6.9,1,1,1
Vegetable Roti,199.0,36.2,3.4,0.0,0.0,4.4,5.8,1,1,1
"Roti (Millet, Plain)",307.0,48.4,5.0,0.0,0.0,11.9,4.6,1,1,1
Dosa (Plain),247.0,26.0,0.2,0.0,0.0,10.3,12.9,1,1,1
Egg Dosa,166.0,10.8,0.395,0.0,0.0,8.5,11.6,1,1,1
Plain Dosa ( with filling),200.99036,36.421577,5.9251046,0.0,0.0,1.8232425,8.5190678,1,1,1
Egg Hoppers,226.0,37.2,1.31,0.0,0.0,5.2,9.9,1,1,1
Hoppers,273.0,55.4,1.8,0.0,0.0,5.2,4.6,1,0,1
String Hoppers (Rice Flour),136.0,32.7,0.9,0.0,0.0,0.3,2.6,1,1,1
String Hoppers  (Wheat Flour),143.0,32.8,0.0,0.0,0.0,0.6,3.7,1,1,1
String Hoppers (Rice & Wheat Flour),132.7139,29.369434,2.349544,0.0,0.0,0.44783998,3.3892999,1,1,1
Beef Kottu,246.0,16.6,1.618,0.0,0.0,17.2,7.3,0,1,1
Egg Kottu,172.0,22.9,1.9,0.0,0.0,7.1,5.7,1,1,1
Chicken Kottu,205.6761627,17.02129555,1.302634358,0.0,0.0,11.14574242,10.13679218,0,1,1
Idli (Millet),288.48639,54.321392,10.364388,0.0,0.0,1.564721,12.151173,1,1,1
Idli (Rice & Dal),301.2085,60.012241,5.1767478,0.0,0.0,1.243006,12.656596,1,1,1
Idli (Semolina),293.66541,55.036095,9.5409269,0.0,0.0,1.020926,14.088119,1,1,1
"Pittu (Millet, with coconut)",277.0,42.5,4.7,0.0,0.0,11.2,4.1,1,1,1
"Pittu (Rice, with coconut)",149.772,32.030521,0.45128199,0.0,0.0,2.082864,2.709414,1,1,1
"Pittu (Wheat, with coconut)",144.2,25.698343,5.0442019,0.0,0.0,2.3216641,4.241714,1,1,1
Uppuma (Tempered with vegetables),174.164,28.364111,4.7573023,0.0,0.0,4.2400651,4.8604593,1,1,1
"Pittu (Rice, without coconut)",147.25259,35.420219,0.0,0.0,0.0,0.35376,2.83008,1,1,1
"Pittu (Rice & Wheat, with coconut)",149.0,30.8,1.4,0.0,0.0,2.1,3.5,1,1,1
"Pittu (Rice & Wheat, without coconut)",143.9962,31.719555,2.6842041,0.0,0.0,0.49331999,3.72559,1,1,1
Thalapa (Millet),119.14,24.956499,4.1292,0.0,0.0,0.65490001,2.6307001,1,1,1
Butter,744.0,0.6,0.0,0.0,0.0,82.2,0.6,1,1,1
Dressing (French),335.0,11.7,0.0,0.0,0.0,32.2,0.3,1,1,1
Ghee,878.0,0.0,0.0,0.0,0.0,97.6,0.1,1,1,1
Margarine,739.0,1.0,0.0,0.0,0.0,81.6,0.2,1,1,1
Yeast Extract,180.0,3.5,0.0,0.0,0.0,0.4,40.7,1,1,1
Manila Tamarind,75.0,13.5,4.4,0.0,0.0,1.1,3.6,1,1,1
"Chili (Green, Fresh)",38.0,5.9,4.8,0.0,0.0,0.7,2.4,1,1,1
"Chili (Red, Dried)",237.0,29.46,31.15,0.0,0.0,6.4,12.69,1,1,1
"Chili (Red, Fresh)",38.0,5.9,4.8,0.0,0.0,0.7,2.4,1,1,1
Chili (Fried),313.20001,25.857,28.052999,0.0,0.0,17.269001,11.412,1,1,1
"Ginger (Fresh, Grated)",44.0,8.1,0.0,0.0,0.0,0.8,1.8,1,1,1
Maldives Fish (Dry),303.0,0.0,0.0,0.0,0.0,6.26,61.32,0,1,1
Chicken Gravy (with coconut milk),186.13269,3.0320685,0.54230189,0.0,0.0,14.093225,11.586333,0,1,1
Coconut Milk Gravy,292.0,7.5,0.0,0.0,0.0,27.9,2.9,1,1,1
Gravy without coconut Milk (Thin),5.9282999,0.92985499,0.55659997,0.0,0.0,0.115198,0.238683,1,1,1
Gravy without coconut Milk (Thick),10.9283,1.911255,0.84060001,0.0,0.0,0.144798,0.41448301,1,1,1
Tomato Sauce,89.0,8.7,1.7,0.0,0.0,5.1,2.5,1,1,1
"Gravy (coconut milk, thin)",256.73489,6.484479,0.36795598,0.0,0.0,24.428389,2.5453432,1,1,1
"Gravy (coconut milk,thick)",339.62851,8.4664869,0.40838802,0.0,0.0,32.381237,3.338927,1,1,1
Fish Gravy,230.0,31.4,7.3,0.0,0.0,6.6,13.4,0,1,1
Fish Gravy (coconut milk),153.0,22.7,0.7,0.0,0.0,7.2,0.7,0,1,1
Potato Gravy,116.90566,11.884914,1.5513738,0.0,0.0,6.7187858,1.8358827,1,1,1
Jam,261.0,69.0,0.0,0.0,0.0,0.0,0.6,1,0,1
Marmalade,261.0,69.5,0.0,0.0,0.0,0.0,0.1,1,0,1
Treacle,257.0,67.2,0.0,0.0,0.0,0.0,1.2,1,0,1
Bee Honey,304.0,82.4,0.2,0.0,0.0,0.0,0.3,1,0,1
Date Chutney,229.0,60.6,0.0,0.0,0.0,0.1,0.3,1,0,1
Sweet Mango Chutney,129.0,32.2,2.2,0.0,0.0,0.6,0.8,1,0,1
Lime Pickle,55.76000214,11.22980022,2.754799843,0.0,0.0,0.377700001,1.014500022,1,1,0
Clear Rasam (no vegetables or dal),23.0,2.6,2.9,0.0,0.0,1.0,1.1,1,1,1
Rasam (with vegetables),25.0543,3.4207509,2.4179299,0.0,0.0,0.76534396,0.85665798,1,1,1
Rasam (with vegetables & dal),88.854301,14.036751,4.5159302,0.0,0.0,0.91934401,5.474658,1,1,1
Chili Sambol,38.0,8.2,0.0,0.0,0.0,0.23,1.3,1,1,1
Chili Sambol (with onion),41.086498,7.991982,2.3907671,0.0,0.0,0.246792,1.488193,1,1,1
Onion Sambol,42.995399,8.5292015,2.426218,0.0,0.0,0.226794,1.473649,1,1,1
Onion Sambol (with oil),220.0,21.3,3.8,0.0,0.0,13.2,5.5,1,1,1
Coconut Sambol (with coconut oil),286.0,6.9,7.2,0.0,0.0,27.6,2.9,1,1,1
Coconut Sambol (without coconut oil),266.0,7.1,7.4,0.0,0.0,25.3,3.0,1,1,1
Fish & Chili Sambol,90.396904,2.5985579,1.515871,0.0,0.0,1.1568199,17.446064,0,1,1
Green Leaf Sambol,146.0,6.5,4.0,0.0,0.0,12.2,2.9,1,1,1
Tomato & Onion Sambol,30.6502,5.5310812,2.047044,0.0,0.0,0.36788201,1.125338,1,1,1
"SCRAPED COCONUT, FRESH, UNSWEETENED",354.0,15.2,9.0,0.0,0.0,33.5,3.33,1,0,1
"HALMASSA ANCHOVY (SPRAT), FRESH, TEMPERED",162.1199,7.403954,3.1937311,0.0,0.0,9.9280233,10.610541,0,1,1
"HALMASSA ANCHOVY (SPRAT), FRESH, TEMPERED, W/ COCONUT MILK",253.0,4.3,1.2,0.0,0.0,21.0,12.1,0,1,1
"HALMASSA ANCHOVY (SPRAT), DRIED, TEMPERED",246.5663,3.4665232,1.31533,0.0,0.0,13.527148,27.46488,0,1,1
"HALMASSA ANCHOVY (SPRAT), DRIED, BOILED, W/ COCONUT MILK",244.0025,4.9229832,1.249688,0.0,0.0,16.487228,18.960007,0,1,1
"HALMASSA ANCHOVY (SPRAT), DRIED, BOILED",215.526,3.251961,1.668628,0.0,0.0,4.800508,39.681572,0,1,1
"HALMASSA ANCHOVY (SPRAT), FRESH, FRIED",257.66,0.0,0.0,0.0,0.0,19.140322,21.216,0,1,1
"HALMASSA ANCHOVY (SPRAT), FRESH, BOILED, W/ COCONUT MILK",206.0,4.3,0.8,0.0,0.0,14.9,13.9,0,1,1
"HALMASSA ANCHOVY (SPRAT), DRIED, FRIED",376.26199,0.0,0.0,0.0,0.0,21.737761,44.91848,0,1,1
"JACK FISH, FRESH, DEEP-FRIED",213.175,1.24125,0.54400003,0.0,0.0,11.8855,24.923,0,1,1
"TREVALLY JACK, FRESH, DEEP-FRIED",213.175,1.24125,0.54400003,0.0,0.0,11.8855,24.923,1,1,1
"JACK MACKEREL, CANNED, TEMPERED",134.82831,2.267751,1.195402,0.0,0.0,7.388051,14.749747,1,1,0
"JACK MACKEREL, CANNED, TEMPERED, W/ COCONUT MILK",208.0,3.2,1.0,0.0,0.0,17.3,10.0,1,1,0
"JACK MACKEREL, FRESH, BOILED, W/ COCONUT MILK",195.0,1.8,0.5,0.0,0.0,14.6,14.2,1,1,1
"SCAD (BOLLA), FRESH, BOILED",65.3395,3.251961,1.668628,0.0,0.0,1.752918,9.3056641,1,1,1
"SCAD (BOLLA), FRESH, BOILED, W/ COCONUT MILK",154.1649,4.1620331,1.36043,0.0,0.0,11.147011,9.4425344,1,1,1
"SCAD (BOLLA), DRIED, TEMPERED",264.22699,5.532794,2.6848149,0.0,0.0,13.517105,30.124569,1,1,1
"SCAD (BOLLA), FRESH, TEMPERED",92.9067,1.564873,1.046944,0.0,0.0,6.0984068,8.0836287,1,1,1
"JACK MACKEREL, FRESH, BOILED AND TEMPERED, W/ COCONUT MILK",208.0,3.2,1.0,0.0,0.0,17.3,10.0,1,1,1
"JACK MACKEREL, FRESH, BOILED",79.561501,3.251961,1.668628,0.0,0.0,2.135818,11.827334,1,1,1
"TREVALLY JACK, FRESH, BOILED, W/ COCONUT MILK",79.0,3.4,1.1,0.0,0.0,1.2,13.8,1,1,1
"SCAD (BOLLA), FRESH, FRIED",195.655,1.24125,0.54400003,0.0,0.0,13.1665,18.230001,1,1,1
"QUEEN FISH, DRIED, TEMPERED, W/ COCONUT MILK",162.1669,3.6249828,1.249688,0.0,0.0,13.42488,6.8137026,0,1,1
"QUEEN FISH, FRESH, DEEP-FRIED",208.575,1.24125,0.54400003,0.0,0.0,10.77,26.51,0,1,1
"EEL, DRIED, TEMPERED, W/ COCONUT MILK",251.34691,3.815783,1.302888,0.0,0.0,15.66808,23.905003,1,1,1
"RAY, FRESH, TEMPERED",98.724304,1.564873,1.046944,0.0,0.0,5.075479,11.661452,1,1,1
"RAY, DRIED, TEMPERED, W/ COCONUT MILK",175.0,4.6,1.6,0.0,0.0,13.8,8.3,1,1,1
"RAY, FRESH, BOILED, W/ COCONUT MILK",160.2849,4.1620331,1.36043,0.0,0.0,10.07091,13.206335,1,1,1
"RAY, DRIED, TEMPERED",262.75378,5.4839292,2.643693,0.0,0.0,13.400931,30.067816,1,1,1
"HURULLA OR KEERAMIN SARDINELLA, FRESH, TEMPERED",253.96001,0.0,0.0,0.0,0.0,21.9984,13.952,1,1,1
"HURULLA OR KEERAMIN SARDINELLA, FRESH, TEMPERED, W/ COCONUT MILK",169.0,4.5,1.3,0.0,0.0,13.1,8.5,1,1,1
"SALAYA SARDINELLA, FRESH, TEMPERED",190.8286,4.836813,2.0946031,0.0,0.0,12.580782,14.537046,1,1,1
"SALAYA SARDINELLA, FRESH, TEMPERED, W/ COCONUT MILK",176.0,4.1,1.2,0.0,0.0,14.6,7.1,1,1,1
"SARDINELLA, DRIED, TEMPERED, W/ COCONUT MILK",190.7552,4.8086963,1.407411,0.0,0.0,15.863411,7.0676069,1,1,1
"SARDINES, CANNED, TEMPERED",203.5186,4.836813,2.0946031,0.0,0.0,13.990782,14.537046,1,1,0
"SARDINES, CANNED, TEMPERED, W/ COCONUT MILK",176.0,4.1,1.2,0.0,0.0,14.6,7.1,1,1,0
"SALAYA SARDINELLA, FRESH, BOILED, W/ COCONUT MILK",144.0,4.1,1.1,0.0,0.0,9.6,10.7,1,1,1
"HURULLA OR KEERAMIN SARDINELLA, FRESH, BOILED, W/ COCONUT MILK",85.0,3.1,0.8,0.0,0.0,4.2,9.0,1,1,1
"SARDINELLA, DRIED, TEMPERED",273.91141,4.6765118,2.4450169,0.0,0.0,19.091057,20.833307,1,1,1
"SHARK, DRIED, TEMPERED, W/ COCONUT MILK",161.2869,3.6249828,1.249688,0.0,0.0,13.08828,7.3626027,1,1,1
"SHARK, FRESH, DEEP-FRIED",206.005,1.24125,0.54400003,0.0,0.0,11.0505,25.026501,1,1,1
"BARRACUDA, FRESH, BOILED, W/ COCONUT MILK",164.87491,4.1620331,1.36043,0.0,0.0,10.67271,12.895235,1,1,1
"SHARK, FRESH, BOILED, W/ COCONUT MILK",70.0,3.4,1.1,0.0,0.0,0.9,12.3,1,1,1
"CATFISH, DRIED, TEMPERED, W/ COCONUT MILK",165.2469,3.6249828,1.249688,0.0,0.0,13.19938,8.0545034,0,1,1
"TILAPIA, FRESH, TEMPERED, W/ COCONUT MILK",153.2587,4.5807047,1.411787,0.0,0.0,10.776002,9.470171,1,1,1
"TILAPIA, FRESH, DEEP-FRIED",252.0,0.0,0.0,0.0,0.0,16.6,25.6,1,1,1
"CARP, FRESH, BOILED, W/ COCONUT MILK",177.62491,4.1620331,1.36043,0.0,0.0,12.42201,12.512734,1,1,1
"CARP, FRESH, TEMPERED",115.2075,1.564873,1.046944,0.0,0.0,7.3104072,11.002125,1,1,1
"CATFISH, FRESH, BOILED, W/ COCONUT MILK",165.8949,4.1620331,1.36043,0.0,0.0,10.871611,12.752435,0,1,1
"CATFISH, DRIED, TEMPERED",283.01901,5.532794,2.6848149,0.0,0.0,14.044325,33.407948,0,1,1
"CATFISH, FRESH, FRIED",224.29361,0.0,0.0,0.0,0.0,14.437351,23.297873,0,1,1
"CARP, FRESH, TEMPERED & BOILED, W/ COCONUT MILK",233.9649,4.4370327,1.36043,0.0,0.0,18.315411,13.061934,1,1,1
"TILAPIA, FRESH, BOILED, W/ COCONUT MILK",96.0,4.2,1.1,0.0,0.0,4.8,9.2,1,1,1
"TILAPIA, FRESH, BOILED",63.698502,3.251961,1.668628,0.0,0.0,0.88318801,10.831794,1,1,1
"TILAPIA, FRESH, TEMPERED",91.452301,1.564873,1.046944,0.0,0.0,5.3275747,9.4362202,1,1,1
"TILAPIA, FRESH, TEMPERED & BOILED",105.0985,3.251961,1.668628,0.0,0.0,5.4831877,10.831794,1,1,1
"SAILFISH, DRIED, W/ COCONUT OIL",330.29041,3.5513251,1.8298839,0.0,0.0,16.007792,42.882195,0,1,1
"SAILFISH, DRIED, TEMPERED, W/ COCONUT MILK",251.34691,3.815783,1.302888,0.0,0.0,15.66808,23.905003,0,1,1
"SAILFISH, FRESH, DEEP-FRIED",211.11029,0.0,0.0,0.0,0.0,14.755504,19.300932,0,1,1
"SEER FISH, DRIED, TEMPERED, W/ COCONUT MILK",165.2469,3.6249828,1.249688,0.0,0.0,13.19938,8.0545034,0,1,1
"SEER FISH, FRESH, DEEP-FRIED",208.0,0.0,0.0,0.0,0.0,11.1,26.9,0,1,1
"SKIPJACK TUNA, DRIED, TEMPERED, W/ COCONUT MILK",214.8414,5.3929491,1.5000269,0.0,0.0,17.200163,9.6335649,0,1,1
"SKIPJACK TUNA, DRIED, DEEP-FRIED",372.69,0.0,0.0,0.0,0.0,17.0819,55.497299,0,1,1
"SKIPJACK TUNA, FRESH, COOKED",82.0,6.3,0.0,0.0,0.0,1.04,12.3,0,1,1
"SKIPJACK TUNA, FRESH, DEEP-FRIED",233.21899,0.78879499,0.71848702,0.0,0.0,14.94234,23.637201,0,1,1
"TUNA, FRESH, DEEP-FRIED",244.16521,0.0,0.0,0.0,0.0,18.003094,19.959444,0,1,1
"SKIPJACK TUNA, DRIED, TEMPERED",270.5838,5.4839292,2.643693,0.0,0.0,12.419571,34.640537,0,1,1
"SAILFISH, FRESH, BOILED, W/ COCONUT MILK",156.7149,4.1620331,1.36043,0.0,0.0,11.25411,9.6210346,0,1,1
"SEER FISH, FRESH, BOILED, W/ COCONUT MILK",92.0,3.5,0.0,0.0,0.0,3.9,11.1,0,1,1
"TUNA, DRIED, TEMPERED",270.5838,5.4839292,2.643693,0.0,0.0,12.419571,34.640537,0,1,1
"TUNA, FRESH, BOILED",75.185501,3.251961,1.668628,0.0,0.0,2.141288,10.503594,0,1,1
"TUNA, FRESH, BOILED, W/ COCONUT MILK",163.34491,4.1620331,1.36043,0.0,0.0,11.50911,10.559435,0,1,1
"EMPEROR FISH (VILAI), FRESH, BOILED, W/ COCONUT MILK",165.3849,4.1620331,1.36043,0.0,0.0,10.76451,12.890135,0,1,1
"EMPEROR FISH (VILAI), FRESH, BOILED & TEMPERED, W/ COCONUT MILK",221.2449,4.4370327,1.36043,0.0,0.0,16.592911,13.454135,0,1,1
"EMPEROR FISH (VILAI), FRESH, TEMPERED, W/ COCONUT MILK",221.2449,4.4370327,1.36043,0.0,0.0,16.592911,13.454135,0,1,1
"SILVER-BIDDY, FRESH, BOILED, W/ COCONUT MILK",156.71004,4.1620331,1.36043,0.0,0.0,10.614073,11.360642,1,1,1
"RABBIT FISH, FRESH, BOILED, W/ COCONUT MILK",156.71004,4.1620331,1.36043,0.0,0.0,10.614073,11.360642,0,1,1
"SEA FISH, LARGE, NFS, FRESH, BOILED, W/ COCONUT MILK",153.06285,4.0925612,1.266714,0.0,0.0,10.213167,11.387767,0,1,1
"MURAL (HALFBEAK), FRESH, BOILED, W/ COCONUT MILK",157.6487,4.0925612,1.266714,0.0,0.0,10.60254,11.41271,1,1,1
"RIVER FISH, LARGE, NFS, FRESH, BOILED, W/ COCONUT MILK",153.06285,4.0925612,1.266714,0.0,0.0,10.213167,11.387767,0,1,1
"FISH, LARGE, NFS, DRIED, TEMPERED",259.02405,5.604393,2.7949731,0.0,0.0,12.832444,30.537756,0,1,1
"ASIAN SEA BASS, FRESH, BOILED, W/ COCONUT MILK",140.8517,4.0925612,1.266714,0.0,0.0,9.5336399,9.2647305,1,1,1
"SEA FISH, LARGE, NFS, FRESH, BOILED",86.897667,3.9197609,1.854828,0.0,0.0,1.4743705,14.786497,0,1,1
"AVELEMEEN (MULLET), FRESH, BOILED, W/ COCONUT MILK",153.06285,4.0925612,1.266714,0.0,0.0,10.213167,11.387767,1,1,1
"FISH, LARGE, NFS, DRIED, W/ COCONUT MILK",188.18414,4.0925612,1.266714,0.0,0.0,10.667101,19.145929,0,1,1
"FISH, LARGE, NFS, DRIED, FRIED",365.9469,0.0,0.0,0.0,0.0,17.534277,52.577297,0,1,1
"FISH, LARGE, NFS, FRESH, TEMPERED, W/ COCONUT MILK",180.42563,4.3735299,1.41794,0.0,0.0,13.543042,10.428298,0,1,1
"FISH, LARGE, NFS, FRESH, TEMPERED",170.64497,6.8315539,3.0341311,0.0,0.0,9.8448734,13.794909,0,1,1
"FISH, LARGE, NFS, FRESH, FRIED",216.81952,0.0,0.0,0.0,0.0,14.757527,21.396095,0,1,1
"FISH, LARGE, NFS, FRESH, COOK METHOD NFS",160.63315,3.6170714,1.4971792,0.0,0.0,9.9684992,14.35137,0,1,1
"FISH, NFS, DRIED, FRIED",346.92615,0.0,0.0,0.0,0.0,18.658144,44.762211,0,1,1
"FISH, NFS, DRIED, W/ COCONUT MILK",185.41251,4.0925612,1.266714,0.0,0.0,11.124495,17.245665,0,1,1
"FISH, NFS, DRIED, COOK METHOD NFS",266.16934,2.0462806,0.63335699,0.0,0.0,14.891319,31.003939,0,1,1
"FISH, NFS, FRESH, BOILED",91.516418,3.9197609,1.854828,0.0,0.0,2.0904799,14.497057,0,1,1
"FISH, NFS, FRESH, FRIED",223.90546,0.0,0.0,0.0,0.0,15.702744,20.952044,0,1,1
"FISH, NFS, FRESH, TEMPERED",174.64532,6.8315539,3.0341311,0.0,0.0,10.378491,13.544222,0,1,1
"FISH, NFS, FRESH, W/ COCONUT MILK",156.34171,4.0925612,1.266714,0.0,0.0,10.650544,11.182292,0,1,1
"FISH, NFS, FRESH, TEMPERED, W/ COCONUT MILK",183.38176,4.3735299,1.41794,0.0,0.0,13.937369,10.243048,0,1,1
"FISH, NFS, FRESH, COOK METHOD NFS",165.02129,3.6170714,1.4971792,0.0,0.0,10.553845,14.076381,0,1,1
"FISH, SMALL, NFS, FRESH, BOILED",105.23145,3.9197609,1.854828,0.0,0.0,3.9199686,13.637585,0,1,1
"FISH, SMALL, NFS, FRESH, FRIED",244.94666,0.0,0.0,0.0,0.0,18.509491,19.633469,0,1,1
"FISH, SMALL, NFS, DRIED, MALLUM, TEMPERED, W/ SCRAPED COCONUT",227.66682,4.206244,3.3039961,0.0,0.0,10.644944,28.352234,0,1,1
"FISH, SMALL, NFS, FRESH, W/ COCONUT MILK",166.07803,4.0925612,1.266714,0.0,0.0,11.949303,10.572151,0,1,1
"FISH, SMALL, NFS, FRESH, COOK METHOD NFS",172.09203,2.6722817,1.0415961,0.0,0.0,11.459613,14.614378,0,1,1
"CLAMS, FRESH, TEMPERED, W/ COCONUT MILK",149.0,4.8,1.335,0.0,0.0,9.5,11.3,1,1,1
"CRAB, BOILED",128.0,0.0,0.0,0.0,0.0,5.5,19.5,0,1,1
"CRAB, TEMPERED",83.695503,1.564873,1.046944,0.0,0.0,5.094871,7.923645,0,1,1
"CRAB, TEMPERED, W/ COCONUT MILK",180.6749,4.2170329,1.36043,0.0,0.0,13.94131,9.6044359,0,1,1
"CUTTLE FISH, FRESH, W/ COCONUT MILK",156.0,4.2,1.1,0.0,0.0,11.3,9.7,0,1,1
"SQUID, FRESH, TEMPERED",125.6987,4.9405079,2.1786671,0.0,0.0,7.0861163,10.534639,1,1,1
"CUTTLEFISH, FRESH, TEMPERED, W/ COCONUT MILK",174.46431,4.3735299,1.41794,0.0,0.0,13.458135,8.9593611,0,1,1
"SQUID, FRESH, TEMPERED, W/ COCONUT MILK",244.0847,5.875608,1.487067,0.0,0.0,19.731516,10.716239,1,1,1
"KUNISSA SHRIMP, FRESH, TEMPERED",225.86389,8.9233294,3.2072918,0.0,0.0,15.32516,12.588754,0,1,1
"KUNISSA SHRIMP, FRESH, TEMPERED, W/ COCONUT MILK",140.0,3.4,1.5,0.0,0.0,9.4,10.6,0,1,1
"LOBSTER, FRESH, TEMPERED",94.666527,1.564873,1.046944,0.0,0.0,5.1821351,9.4653082,1,1,1
"PRAWN, FRESH, TEMPERED",225.86389,8.9233294,3.2072918,0.0,0.0,15.32516,12.588754,0,1,1
"PRAWN, FRESH, TEMPERED, W/ COCONUT MILK",140.0,3.4,1.5,0.0,0.0,9.4,10.6,0,1,1
"PRAWN, FRESH, BOILED, W/ COCONUT MILK",101.0,3.6,1.404,0.0,0.0,5.2,10.3,0,1,1
"PRAWN & POTATO, BOILED, W/ COCONUT MILK",110.377,10.851427,2.242636,0.0,0.0,5.2371812,4.781486,0,1,1
"BANANA, CAVENDISH, RIPE",97.0,23.6,1.9,0.0,0.0,0.3,1.2,1,1,1
"BANANA, KOLIKUTTU, RIPE",93.0,22.9,0.0,0.0,0.0,0.2,1.4,1,1,1
"BANANA, POOVAN, RIPE",97.0,23.4,2.3,0.0,0.0,0.3,1.5,1,1,1
"RED BANANA, RIPE",112.0,25.21,1.98,0.0,0.0,0.29,1.29,1,1,1
"SEENI/KATHALI BANANA, RIPE",106.0,26.5,0.0,0.0,0.0,0.2,1.4,1,1,1
"SOUR BANANA, RIPE",57.0,13.5,0.0,0.0,0.0,0.1,1.2,1,1,1
GRAPEFRUIT,33.0,8.41,1.1,0.0,0.0,0.1,0.69,1,1,1
MANDARIN,53.0,13.3,1.8,0.0,0.0,0.31,0.81,1,1,1
ORANGE,37.0,8.5,0.0,0.0,0.0,0.1,1.1,1,1,1
PUMMELO,46.0,10.6,0.8,0.0,0.0,0.4,0.7,1,1,1
SWEET LEMON,53.7,11.1,0.0,0.0,0.0,0.9,1.0,1,0,1
FRUIT SALAD,59.0,14.3,0.0,0.0,0.0,0.3,0.7,1,1,1
"FRUIT SALAD, W/ ADDED SUGAR",72.360001,16.3384,2.4575999,0.0,0.0,0.39360002,0.6552,1,1,1
"GUAVA,PINK FLESH,RAW",41.0,9.1,7.4,0.0,0.0,0.3,1.2,1,1,1
"GUAVA,WHITE FLESH,RAW",28.0,5.1,8.6,0.0,0.0,0.3,1.4,1,1,1
"JACKFRUIT, RIPE, RAW",65.0,14.0,3.6,0.0,0.0,0.2,2.7,1,1,1
"PINEAPPLE, RIPE, RAW",39.0,9.4,3.5,0.0,0.0,0.2,0.5,1,1,1
"MUSK MELON, RIPE, RAW",21.0,4.2,1.5,0.0,0.0,0.3,0.4,1,1,1
SWEET MELON,17.0,3.5,0.0,0.0,0.0,0.2,0.3,1,0,1
WATER MELON,18.3,3.9,0.0,0.0,0.0,0.16,0.6,1,1,1
"MANGO, GREEN",43.0,10.6,3.0,0.0,0.0,0.1,0.7,1,1,1
"MANGO, SEMI-RIPE",40.5,9.4,2.45,0.0,0.0,0.35,0.6,1,1,1
"MANGO,RIPE",38.0,8.2,1.9,0.0,0.0,0.6,0.5,1,1,1
"COCONUT KERNEL, DRIED, UNSWEETENED",628.0,8.0,15.2,0.0,0.0,63.3,7.3,1,0,1
"COCONUT KERNEL, GREEN, FRESH",411.0,6.3,10.4,0.0,0.0,41.4,3.8,1,1,1
"COCONUT KERNEL, MATURE, FRESH",411.0,6.3,10.4,0.0,0.0,41.4,3.8,1,1,1
"DATES, FRESH",144.0,33.8,0.0,0.0,0.0,0.4,1.2,1,1,1
"DATES,DRIED",285.0,72.7,9.1,0.0,0.0,0.3,2.4,1,1,1
"PALMYRA FRUIT, JELLY SEEDS, RAW",31.0,6.9,0.3,0.0,0.0,0.1,0.6,1,1,1
"COCONUT KERNEL, MATURE, FRESH, SWEETENED",501.0,47.7,4.5,0.0,0.0,35.5,2.88,1,0,1
"PAPAYA, GREEN",21.0,4.4,2.3,0.0,0.0,0.2,0.5,1,1,1
"PAPAYA, RIPE",20.0,4.6,2.8,0.0,0.0,0.2,0.4,1,1,1
"GRAPES,BLACK,SEEDED",56.0,13.2,1.4,0.0,0.0,0.3,0.8,1,1,1
"GRAPES,FLESH ONLY",60.0,15.4,0.0,0.0,0.0,0.1,0.4,1,1,1
RAISINS,281.0,71.3,3.9,0.0,0.0,0.3,2.6,1,0,1
"AMBARELLA, RAW",37.0,7.46,4.67,0.0,0.0,0.44,0.73,1,1,1
"APPLE,RAW",58.0,13.9,2.1,0.0,0.0,0.5,0.3,1,1,1
"AVOCADO,FRESH,RAW",143.0,1.8,6.7,0.0,0.0,13.9,3.0,1,1,1
"CASHEW APPLE, RAW",0.0,0.0,0.0,0.0,0.0,0.0,0.0,1,1,1
"CUSTARD APPLE, RAW",89.0,20.4,5.1,0.0,0.0,0.7,1.6,1,1,1
"MANGOSTEEN, RAW",47.0,11.4,1.9,0.0,0.0,0.2,0.6,1,1,1
"PASSION FRUIT, RAW",51.0,12.4,0.0,0.0,0.0,0.1,0.9,1,1,1
"POMEGRANATE,RAW",50.0,11.6,2.8,0.0,0.0,0.2,1.3,1,1,1
"RAMBUTAN, RAW",67.0,16.8,1.0,0.0,0.0,0.2,0.7,1,1,1
"SOURSOP, RAW",62.14,11.94,4.95,0.0,0.0,0.94,0.74,1,1,1
"CEYLON OLIVE, FRESH",145.0,3.84,3.3,0.0,0.0,15.32,1.03,1,1,1
DAN,0.0,0.0,0.0,0.0,0.0,0.0,0.0,1,1,1
"NELLI, RAW",54.3,13.7,0.0,0.0,0.0,0.1,0.5,1,1,1
RAMONTCHI,0.0,0.0,0.0,0.0,0.0,0.0,0.0,1,1,1
ROSE APPLE,36.5,8.5,0.0,0.0,0.0,0.2,0.7,1,1,1
WOOD APPLE,73.0,7.5,5.2,0.0,0.0,3.6,3.1,1,1,1
"CHICK PEAS, BOILED",145.0,22.5,6.1,0.0,0.0,2.4,9.7,1,1,1
"CHICK PEAS, BOILED & TEMPERED",173.2595062,22.42178345,4.813622952,0.0,0.0,5.252151966,8.102856636,1,1,1
"CHICK PEAS, BOILED, W/ COCONUT MILK",175.8802948,15.89795113,8.750461578,0.0,0.0,8.995635986,6.961248875,1,1,1
"CHICK PEAS, BOILED & TEMPERED, W/ COCONUT MILK",215.3688,17.190855,9.2248077,0.0,0.0,12.57994,7.4230752,1,1,1
"CHICK PEAS, SALAD",167.1572876,23.57131958,14.45419693,0.0,0.0,2.893427134,10.38610077,1,1,1
"CHICK PEAS AND EGGPLANT, BOILED & TEMPERED, W/ COCONUT MILK",193.1234,15.936284,9.0211515,0.0,0.0,10.78095,7.1822343,1,1,1
"CHICK PEAS, BOILED, W/ SCRAPED COCONUT & SUGAR",216.5723877,26.13928795,14.66397858,0.0,0.0,7.407123089,10.19696426,1,1,1
"COWPEAS, WHOLE, BOILED",158.0,29.1,6.1,0.0,0.0,0.6,10.8,1,1,1
"COWPEAS, WHOLE, BOILED & TEMPERED",173.2595062,22.42178345,4.813622952,0.0,0.0,5.252151966,8.102856636,1,1,1
"COWPEAS, WHOLE, BOILED, W/ COCONUT MILK",241.0,38.2,8.4,0.0,0.0,4.7,13.9,1,1,1
"COWPEAS, WHOLE, BOILED & TEMPERED, W/ COCONUT MILK",225.756,22.147497,4.5927649,0.0,0.0,11.304261,7.929451,1,1,1
"PIGEON PEAS, SPLIT, BOILED & TEMPERED",160.4712524,19.71021271,3.392471075,0.0,0.0,5.351220131,7.556764126,1,1,1
"PIGEON PEAS, SPLIT, BOILED & TEMPERED, W/ COCONUT MILK",212.4091,16.736752,2.715404,0.0,0.0,12.987708,6.472188,1,1,1
"KIDNEY BEANS, BOILED & TEMPERED",138.7570038,15.97943687,0.355558991,0.0,0.0,5.297588348,7.690844059,1,1,1
"KIDNEY BEANS, BOILED, W/ COCONUT MILK",158.0,21.8,10.9,0.0,0.0,3.9,10.3,1,1,1
"KIDNEY BEANS, BOILED & TEMPERED, W/ COCONUT MILK",207.0,21.8,10.9,0.0,0.0,9.3,10.3,1,1,1
"BLACK GRAM, SPLIT, BOILED & TEMPERED",157.8634033,18.49678802,4.347791195,0.0,0.0,5.394796371,7.801460266,1,1,1
"BLACK GRAM, SPLIT, BOILED, W/ COCONUT MILK",167.2641,15.831752,3.4279039,0.0,0.0,8.2202082,6.6546879,1,1,1
"BLACK GRAM, SPLIT, BOILED & TEMPERED, W/ COCONUT MILK",210.4641,15.831752,3.4279039,0.0,0.0,13.020208,6.6546879,1,1,1
"BLACK GRAM, WHOLE, BOILED",97.660522,14.745448,6.8414321,0.0,0.0,0.529616,7.3643441,1,1,1
"BLACK GRAM, WHOLE, BOILED & TEMPERED",215.9193268,26.30349731,12.02272606,0.0,0.0,5.735946178,12.81832314,1,1,1
"BLACK GRAM, WHOLE, BOILED, W/ COCONUT MILK",159.35159,13.926752,5.5529041,0.0,0.0,8.192708,6.5396876,1,1,1
"GREEN GRAM SPROUTS, BOILED",25.0,2.8,4.9,0.0,0.0,0.5,2.5,1,1,1
"GREEN GRAM, SPLIT, BOILED",109.2752,17.869513,3.254792,0.0,0.0,0.46592799,7.8436799,1,1,1
"GREEN GRAM, SPLIT, BOILED & TEMPERED",158.8690033,19.06662941,3.610351086,0.0,0.0,5.294236183,8.12660408,1,1,1
"GREEN GRAM, SPLIT, BOILED, W/ COCONUT MILK",168.0141,16.256752,2.8779039,0.0,0.0,8.1452084,6.8971877,1,1,1
"GREEN GRAM, SPLIT, BOILED & TEMPERED, W/ COCONUT MILK",211.2141,16.256752,2.8779039,0.0,0.0,12.945209,6.8971877,1,1,1
"GREEN GRAM, WHOLE, BOILED",92.0,15.5,5.7,0.0,0.0,0.4,7.6,1,1,1
"GREEN GRAM, WHOLE, BOILED & TEMPERED",186.0,24.3,9.2,0.0,0.0,5.5,11.4,1,1,1
"GREEN GRAM, WHOLE, BOILED, W/ COCONUT MILK",177.0,16.4,5.5,0.0,0.0,9.5,7.6,1,1,1
"GREEN GRAM, WHOLE, BOILED & TEMPERED, W/ COCONUT MILK",217.4239044,20.11394882,6.864501953,0.0,0.0,10.86361885,9.000017166,1,1,1
"RED LENTILS, SPLIT, BOILED",110.87746,18.513096,3.036912,0.0,0.0,0.52291203,7.27384,1,1,1
"RED LENTILS, SPLIT, BOILED & TEMPERED",160.4712524,19.71021271,3.392471075,0.0,0.0,5.351220131,7.556764126,1,1,1
"RED LENTILS, SPLIT, BOILED, W/ COCONUT MILK",137.0,15.5,3.1,0.0,0.0,5.8,6.8,1,1,1
"RED LENTILS, SPLIT, BOILED & TEMPERED, W/ COCONUT MILK",193.0,18.3,3.6,0.0,0.0,10.3,8.0,1,1,1
"RED LENTILS AND DRIED FISH, BOILED, W/ COCONUT MILK",161.0,14.5,2.9,0.0,0.0,5.7,13.7,0,1,1
"RED LENTILS AND RADDISH, BOILED, W/ COCONUT MILK",228.8473969,20.2860527,3.810487986,0.0,0.0,12.47094536,8.173618317,1,1,1
"RED LENTILS AND SNAKE GOURD, BOILED, W/ COCONUT MILK",197.0,20.9,4.2,0.0,0.0,9.0,9.4,1,1,1
"RED LENTILS AND SPINACH, BOILED, W/ COCONUT MILK",191.0,25.5,5.5,0.0,0.0,5.4,11.7,1,1,1
"RED LENTILS AND POTATO, BOILED, W/ COCONUT MILK",247.9866,23.470432,4.1002679,0.0,0.0,12.517781,9.5714693,1,1,1
"RED LENTILS AND POTATO, BOILED",124.035,22.110947,3.8907549,0.0,0.0,0.342314,7.4001937,1,1,1
"RED LENTILS AND CABBAGE, BOILED, W/ COCONUT MILK",230.4644012,26.80552673,5.46844101,0.0,0.0,8.171309471,11.42618465,1,1,1
"RED LENTILS AND LEEKS, BOILED, W/ COCONUT MILK",244.4874,22.726852,4.182888,0.0,0.0,12.505146,9.4830179,1,1,1
"RED LENTILS AND POTATO, BOILED & TEMPERED",194.8349915,22.40568161,4.312652111,0.0,0.0,7.497983932,8.65007782,1,1,1
"RED LENTILS AND CARROTS, BOILED, W/ COCONUT MILK",126.7548981,5.937624931,2.922093153,0.0,0.0,10.35217571,2.091125011,1,1,1
SAMBAAR,46.0,5.1,1.8,0.0,0.0,2.3,1.6,1,1,1
"SAMBAAR, W/ COCONUT MILK",192.8459,8.3988495,1.818441,0.0,0.0,16.219677,2.9497769,1,1,1
"CASHEWS, W/ COCONUT MILK",325.0,13.6,2.4,0.0,0.0,26.7,8.5,1,1,1
"JACK FRUIT SEEDS AND VEGETABLE, NFS, W/ COCONUT MILK",143.2397308,8.269203186,4.772016048,0.0,0.0,10.43182945,3.690796852,1,1,1
"JACK FRUIT SEEDS AND VEGETABLE, NFS, TEMPERED",127.3512955,7.61826086,6.518497944,0.0,0.0,8.870390892,3.823427916,1,1,1
"SOY MEAT, TEMPERED",199.02921,11.592509,5.7053642,0.0,0.0,8.7702303,20.510151,1,1,1
"SOY MEAT, TEMPERED, W/ COCONUT MILK",210.0,10.1,2.298,0.0,0.0,13.9,11.6,1,1,1
"SOY MEAT AND POTATO, TEMPERED, W/ COCONUT MILK",208.7142,13.737888,3.918587,0.0,0.0,11.611342,13.333339,1,1,1
"SOY MEAT, BOILED, W/ COCONUT MILK",146.0,9.4,1.5,0.0,0.0,7.3,11.3,1,1,1
"LEGUME MALLUM, NFS, W/ SCRAPED COCONUT",217.2813263,24.77280617,7.17110014,0.0,0.0,7.228633404,12.53009319,1,1,1
"LEGUME MALLUM, NFS, TEMPERED, W/ SCRAPED COCONUT",274.8599243,23.74410057,6.656666756,0.0,0.0,14.35409927,11.96407795,1,1,1
"LEGUMES AND LEAFY GREENS, NFS, W/ COCONUT MILK",181.7062836,18.49509048,5.507285595,0.0,0.0,7.470448494,9.487352371,1,1,1
"LEGUMES AND VEGETABLE, NFS, TEMPERED",163.0658875,18.87472916,6.245176792,0.0,0.0,5.262973309,9.392623901,1,1,1
"LEGUMES AND VEGETABLE, NFS, TEMPERED, W/ COCONUT MILK",243.5938263,16.11279297,4.176191807,0.0,0.0,16.21855736,7.775320053,1,1,1
"LEGUMES AND VEGETABLE, NFS, W/ COCONUT MILK",203.2975616,16.0850544,4.125256062,0.0,0.0,11.76556969,7.751879692,1,1,1
"LEGUMES AND WHITE ROOT/TUBER, NFS, W/ COCONUT MILK",213.6461487,18.94931602,3.637251377,0.0,0.0,11.75051689,7.492612839,1,1,1
"LEGUMES, NFS, AND DRIED FISH, NFS, TEMPERED",205.08199,13.709994,4.0850639,0.0,0.0,9.6190367,15.670551,0,1,1
"LEGUMES, NFS, AND DRIED FISH, NFS, LIGHT TEMPERED, W/ COCONUT MILK",201.37045,13.713758,2.9799318,0.0,0.0,10.481936,12.702579,0,1,1
"DUCK EGG, WHOLE, BOILED",181.644,0.0,0.0,0.0,0.0,13.83,14.6,0,1,1
"EGG, WHITE ONLY, BOILED",52.0,0.0,0.0,0.0,0.0,0.3,12.4,1,1,1
"EGG, POULTRY, WHOLE, BOILED",149.0,0.0,0.0,0.0,0.0,10.5,13.4,1,1,1
"EGG, WHOLE, BOILED & TEMPERED, W/ COCONUT MILK",144.0,2.6,0.0,0.0,0.0,12.2,6.1,1,1,1
"EGG, WHOLE,PAN-FRIED",179.0,0.0,0.0,0.0,0.0,13.9,13.6,1,1,1
"EGG, WHOLE,OMELET",199.0,0.0,0.0,0.0,0.0,14.8,16.5,1,1,1
"EGG, YOLK ONLY, BOILED",312.0,0.0,0.0,0.0,0.0,27.5,16.1,1,1,1
"BEEF, TEMPERED",146.0,5.7,1.1,0.0,0.0,8.1,12.0,0,1,1
"BEEF, ROAST OR BAKED",213.36,0.0,0.0,0.0,0.0,9.9345751,31.070551,0,1,1
"BEEF, COOKED W/ WATER",97.944901,1.836033,0.85503,0.0,0.0,4.238555,13.070065,0,1,1
"BEEF OFFALS (BABATH), BOILED AND FRIED",222.95088,2.5283999,1.613178,0.0,0.0,15.987584,17.065004,0,1,1
"BEEF OFFALS (BABATH), BOILED, W/ COCONUT MILK",138.0,3.1,1.28,0.0,0.0,8.3,12.9,0,1,1
"LIVER,CALF,TEMPERED",178.78757,3.5913889,1.973474,0.0,0.0,8.5134249,21.783152,1,1,1
"VEAL, DEEP-FRIED",313.0885925,2.528399944,1.613178015,0.0,0.0,23.72730637,22.310812,1,1,1
"BEEF, BOILED, W/ COCONUT MILK",223.20889,1.836033,0.85503,0.0,0.0,17.04241,15.584135,0,1,1
"BEEF, TEMPERED, W/ COCONUT MILK",187.3078003,3.434812069,1.237185001,0.0,0.0,12.46599865,15.22170353,0,1,1
"BEEF AND VEGETABLE, NFS, LIGHT TEMPERED, W/ COCONUT MILK",132.5374603,4.65024519,3.252089739,0.0,0.0,8.102972031,9.991214752,0,1,1
"VENISON (DEER MEAT), TEMPERED",133.4563,1.025844,0.493714,0.0,0.0,6.020349,18.778418,1,1,1
"GAME MEAT, NFS, TEMPERED",159.2385406,3.06932807,1.232617021,0.0,0.0,10.17633438,13.63659954,1,1,1
"GAME MEAT, NFS, TEMPERED, W/ COCONUT MILK",197.7628479,3.984812021,1.237185001,0.0,0.0,13.70445061,14.36135864,1,1,1
"GAME MEAT, NFS, W/ COCONUT MILK",149.9428406,3.434812069,1.237185001,0.0,0.0,8.744450569,14.1313591,1,1,1
"GOAT MEAT, TEMPERED",143.0,1.1,0.56,0.0,0.0,7.7,17.3,1,1,1
"SHEEP MEAT, TEMPERED",146.4116211,1.025843978,0.493714005,0.0,0.0,8.978563309,15.27855682,1,1,1
"GOAT MEAT, TEMPERED & BOILED",161.6945038,0.861999035,0.421905994,0.0,0.0,9.861896515,17.22886086,1,1,1
"PORK, TEMPERED",105.0,3.8,0.8,0.0,0.0,4.5,11.9,0,1,1
"PORK, TEMPERED, W/ COCONUT MILK",187.9102,3.4348121,1.237185,0.0,0.0,13.700918,12.528975,0,1,1
"PORK, BOILED, W/ COCONUT MILK",90.268898,1.5498329,0.77522999,0.0,0.0,4.9427099,9.8040352,0,1,1
"SAUSAGES,BEEF,GRILLED",278.0,13.1,0.8,0.0,0.0,19.5,13.3,0,1,1
"SAUSAGES,LOW FAT,GRILLED",212.6447449,0.453761488,0.0,0.0,0.0,14.80083656,18.15045929,0,1,1
"CHICKEN GIBLETS, TEMPERED",120.1065979,0.517425001,0.171407998,0.0,0.0,6.341222763,15.31875229,0,1,1
"CHICKEN GIZZARDS, TEMPERED",136.4415,1.037064,0.66927397,0.0,0.0,7.2457328,16.836697,0,1,1
"CHICKEN MEAT W/ BONE, DEEP-FRIED",307.0046082,1.668400049,1.064477921,0.0,0.0,25.09938049,18.56464577,0,1,1
"CHICKEN MEAT W/ BONE, TEMPERED",170.0,1.1,0.6,0.0,0.0,10.2,18.5,0,1,1
"CHICKEN MEAT W/ BONE, TEMPERED, W/ COCONUT MILK",200.0,3.0,1.3,0.0,0.0,12.9,18.1,0,1,1
"CHICKEN MEAT W/ BONE, W/ COCONUT MILK",156.0,3.1,1.3,0.0,0.0,9.8,14.2,0,1,1
"CHICKEN MEAT, BONES REMOVED, BOILED, PLAIN",187.9600067,0.726999998,0.662199974,0.0,0.0,10.45919991,22.72500038,0,1,1
"CHICKEN MEAT, BONES REMOVED, COOKED W/ WATER",161.2088,2.025167,0.721183,0.0,0.0,8.6045609,18.857018,0,1,1
"CHICKEN MEAT, BONES REMOVED, TEMPERED",170.0,1.1,0.6,0.0,0.0,10.2,18.5,0,1,1
"CHICKEN MEAT, BONES REMOVED, TEMPERED, W/ COCONUT MILK",200.0,3.0,1.3,0.0,0.0,12.9,18.1,0,1,1
"CHICKEN MEAT, BONES REMOVED, W/ COCONUT MILK",156.0,3.1,1.3,0.0,0.0,9.8,14.2,0,1,1
"CHICKEN MEAT, W/ BONE, COOKED W/ WATER",187.04109,2.025167,0.721183,0.0,0.0,12.729396,15.965468,0,1,1
"CHICKEN MEAT W/ BONE, TEMPERED, BOILED",152.0,2.1,0.8,0.0,0.0,7.7,18.7,0,1,1
"DUCK MEAT, TEMPERED",156.5687103,1.025843978,0.493714005,0.0,0.0,9.711867332,16.1701889,0,1,1
PANEER,0.0,0.0,0.0,0.0,0.0,0.0,0.0,1,1,1
COFFEE FLAVORED MILK DRINK,72.0,11.7,0.0,0.0,0.0,1.5,3.6,1,1,1
CHOCOLATE FLAVORED MILK DRINK,72.0,11.7,0.0,0.0,0.0,1.5,3.6,1,0,1
FRUIT FLAVORED MILK DRINK,72.0,11.7,0.0,0.0,0.0,1.5,3.6,1,1,1
"MALTED DRINK, BOTTLED, READY-TO-DRINK",64.0,10.0,0.0,0.0,0.0,1.4,3.4,1,1,1
"MALTED DRINK, FROM POWDER",45.26666667,9.625,0.0,0.0,0.0,0.723333333,0.665,1,1,1
"MALTED DRINK MIX, POWDER ONLY",390.0,73.9,0.0,0.0,0.0,8.7,8.7,1,0,1
"ICE CREAM, CHOCOLATE",227.0,22.8,0.0,0.0,0.0,14.2,3.3,1,0,1
"ICE CREAM, FRUIT FLAVOR",192.0,27.6,0.9,0.0,0.0,8.4,3.2,1,0,1
"ICE CREAM, VANILLA",191.0,29.8,0.0,0.0,0.0,7.7,2.6,1,0,1
"ICE CREAM,W/CONE",199.0,32.0,0.0,0.0,0.0,7.5,2.9,1,0,1
BUFFALO MILK,105.0,8.4,0.0,0.0,0.0,6.6,3.7,1,1,1
GOAT MILK,62.0,4.4,0.0,0.0,0.0,3.7,3.1,1,1,1
"MILK, NON FAT, FRESH OR UHT",35.0,4.8,0.0,0.0,0.0,0.3,3.5,1,1,1
"MILK, LOW FAT, FRESH OR UHT",52.0,6.27,0.0,0.0,0.0,1.31,3.71,1,1,1
"MILK, LOW FAT, FROM POWDER",41.76666667,5.81,0.0,0.0,0.0,0.116666667,4.386666667,1,1,1
"MILK, WHOLE, FRESH OR UHT",72.0,4.9,0.0,0.0,0.0,4.5,3.3,1,1,1
"MILK, WHOLE, FROM POWDER",57.98333333,4.666666667,0.0,0.0,0.0,3.115,3.115,1,1,1
"MILK POWDER, WHOLE (FULL FAT)",497.0,37.5,0.0,0.0,0.0,26.7,26.6,1,1,1
SWEETENED CONDENSED MILK,321.0,54.4,0.0,0.0,0.0,8.7,7.91,1,0,1
"CURD, COW'S MILK, PLAIN, UNSWEETENED",60.0,3.0,0.0,0.0,0.0,4.0,3.1,1,0,1
"DRINKING YOGHURT, FLAVORED OR SWEETENED",70.0,12.7,0.0,0.0,0.0,1.2,3.0,1,0,1
"DRINKING YOGHURT, PLAIN, UNSWEETENED",57.0,7.8,0.0,0.0,0.0,1.0,4.8,1,0,1
"YOGHURT, LOW FAT, PLAIN",57.0,7.8,0.0,0.0,0.0,1.0,4.8,1,1,1
"YOGHURT, NON FAT, PLAIN",0.0,0.0,0.0,0.0,0.0,0.0,0.0,1,1,1
"YOGHURT, WHOLE MILK, SWEETENED OR FLAVORED",137.0,15.9,0.0,0.0,0.0,6.2,5.3,1,0,1
"YOGHURT, WHOLE MILK, PLAIN",79.0,7.8,0.0,0.0,0.0,3.0,5.7,1,1,1
"SAMAPOSHA CEREAL, PREPARED AS PORRIDGE",181.0,29.7,0.0,0.0,0.0,4.2,7.0,1,1,1
"THRIPOSHA CEREAL, PREPARED AS PORRIDGE",249.53596,18.399,7.5030003,0.0,0.0,11.655001,16.896999,1,1,1
"NOODLES,PLAIN,BOILED",127.69231,27.188461,3.773077,0.0,0.0,0.16153847,3.5807693,1,1,0
"NOODLES,W/ VEGETABLES,W/ COCONUT OIL",132.0,22.7,3.2,0.0,0.0,3.4,4.0,1,1,0
"NOODLES,W/ VEGETABLES & EGG, W/ COCONUT OIL",162.3098602,21.53450966,4.324066162,0.0,0.0,6.172211647,4.448864937,1,1,0
"RED RICE, SAMBA, PARBOILED, STEAMED OR BOILED",129.0,28.2,0.0,0.0,0.0,1.2,3.0,1,1,1
"RED RICE, SAMBA, KEKULU (POLISHED), STEAMED OR BOILED",134.0,32.2,0.9,0.0,0.0,0.4,2.4,1,1,1
"RED RICE, MEDIUM GRAIN, PARBOILED, STEAMED OR BOILED",110.0,24.2,0.0,0.0,0.0,1.0,2.7,1,1,1
"RED RICE, MEDIUM GRAIN, KEKULU (POLISHED), STEAMED OR BOILED",134.0,32.2,0.9,0.0,0.0,0.4,2.4,1,1,1
"WHITE RICE, SAMBA, PARBOILED, STEAMED OR BOILED",124.0,27.3,0.0,0.0,0.0,1.0,3.2,1,1,1
"WHITE RICE, SAMBA, KEKULU (POLISHED), STEAMED OR BOILED",117.0,26.5,0.0,0.0,0.0,0.7,2.8,1,1,1
"WHITE RICE, MEDIUM GRAIN, PARBOILED, STEAMED OR BOILED",124.0,27.3,0.0,0.0,0.0,1.0,3.2,1,1,1
"WHITE RICE, MEDIUM GRAIN, KEKULU (POLISHED), STEAMED OR BOILED",117.0,26.5,0.0,0.0,0.0,0.7,2.8,1,1,1
"WHITE RICE, BASMATI, PARBOILED, STEAMED OR BOILED",124.0,27.3,0.0,0.0,0.0,1.0,3.2,1,1,1
"WHITE RICE, BASMATI, KEKULU (POLISHED), STEAMED OR BOILED",117.0,26.5,0.0,0.0,0.0,0.7,2.8,1,1,1
BIRYANI W/ CHICKEN,127.0,18.2,1.6,0.0,0.0,4.4,4.8,0,1,1
BIRYANI W/ VEGETABLES,84.0,15.9,0.4,0.0,0.0,1.9,1.9,1,1,1
CURD RICE,153.0,24.6,1.0,0.0,0.0,4.0,6.2,1,1,1
FRIED RICE W/ VEGETABLES,111.0,21.8,0.427,0.0,0.0,2.2,2.5,1,1,1
FRIED RICE W/ VEGETABLES & EGG,95.0,15.8,0.4,0.0,0.0,2.7,3.0,1,1,1
MILK RICE,267.0,50.5,1.9,0.0,0.0,6.2,5.4,1,0,1
MILK RICE W/ MUNG BEAN,172.0,27.1,2.7,0.0,0.0,5.7,4.9,1,1,1
"RICE PORRIDGE W/ GREEN GRAM, W/ COCONUT MILK",244.24962,23.126539,4.5115843,0.0,0.0,13.46318,7.1185989,1,1,1
RICE PORRIDGE W/ COCONUT MILK,262.77118,30.854002,1.2199154,0.0,0.0,13.819543,3.5760696,1,1,1
RICE PORRIDGE,121.10364,26.261038,1.1551154,0.0,0.0,0.77849513,2.1833353,1,1,1
RICE PORRIDGE W/ SCRAPED COCONUT,147.98363,28.022139,1.7304153,0.0,0.0,2.8234951,2.5040355,1,1,1
"RICE PORRIDGE W/ BANANA, W/ COCONUT MILK",248.79118,29.816803,1.2508154,0.0,0.0,12.817142,3.3580694,1,1,1
FLATTENED RICE W/ SCRAPED COCONUT & SUGAR,330.7200012,60.58890152,3.809961319,0.0,0.0,7.126628876,5.535181522,1,0,1
FRIED RICE W/ CHICKEN & VEGETABLES,115.0546,17.004156,1.2010729,0.0,0.0,2.9045939,5.1048002,0,1,1
PONGAL,461.0,54.5,1.7,0.0,0.0,25.6,6.5,1,0,1
RICE PORRIDGE W/ CARROTS & LEEKS,246.97139,29.02656,1.7445854,0.0,0.0,12.866909,3.5590084,1,1,1
"MAIZE ON THE COB, BOILED",111.3602,22.028732,3.2378681,0.0,0.0,1.151034,2.8167579,1,1,1
"MAIZE ON THE COB, ROASTED",98.699997,16.716,4.1265001,0.0,0.0,1.5015,4.053,1,1,1
"MAIZE KERNELS, FRIED",181.0174,23.356232,5.7657032,0.0,0.0,6.8879528,5.6630058,1,1,1
"MAIZE KERNELS, BOILED",111.3602,22.028732,3.2378681,0.0,0.0,1.151034,2.8167579,1,1,1
"BISCUIT, CHEESE FLAVORED",494.0,53.2,0.0,0.0,0.0,28.1,10.5,1,0,1
"BISCUIT, CHOCOLATE, FULL COATED",506.0,62.8,0.0,0.0,0.0,27.2,6.4,1,0,1
"BISCUIT, CHOCOLATE CHIP",471.0,60.0,0.0,0.0,0.0,24.9,5.4,1,0,1
"BISCUIT, CREAM CRACKERS",476.0,65.8,0.0,0.0,0.0,23.3,5.0,1,0,1
"BISCUIT, CREAM FILLED",447.0,68.3,0.0,0.0,0.0,16.3,9.6,1,0,1
"BISCUIT, GINGER",443.0,75.3,0.0,0.0,0.0,15.7,4.8,1,0,1
"BISCUIT, SAVORY",534.0,54.6,0.0,0.0,0.0,32.4,6.6,1,0,1
"BISCUIT, SEMI SWEET",444.0,75.4,0.0,0.0,0.0,15.1,6.4,1,0,1
"BISCUIT, WAFER, FILLED",535.0,66.0,0.0,0.0,0.0,30.0,4.7,1,0,1
"BISCUIT, MARIE",388.0,70.5,0.0,0.0,0.0,10.6,7.1,1,0,1
"BISCUIT, SHORTIES",479.0,71.7,0.0,0.0,0.0,20.9,5.6,1,0,1
"BISCUIT, LEMON PUFF",476.0,65.8,0.0,0.0,0.0,23.3,5.0,1,0,1
VISKIRINGA (SUGAR GLAZED RUSK),490.0,71.0,1.0,0.0,0.0,20.0,7.0,1,0,1
"BISCUIT, SWEET, FLAVORED, NO FILLING",427.0,72.7,0.0,0.0,0.0,14.2,6.6,1,0,1
"BISCUIT, BRAN",444.0,75.4,0.0,0.0,0.0,15.1,6.4,1,0,1
"CAKE,CHOCOLATE",438.0,51.3,0.0,0.0,0.0,24.1,7.3,1,0,1
"CAKE,COCONUT",423.0,52.6,0.0,0.0,0.0,22.1,6.7,1,0,1
"CAKE,DATE",334.0,55.2,0.0,0.0,0.0,12.1,4.5,1,0,1
"CAKE,FRUIT",334.0,55.2,0.0,0.0,0.0,12.1,4.5,1,0,1
"CAKE,SPONGE",462.0,53.1,0.0,0.0,0.0,26.4,6.4,1,0,1
"CAKE, BUTTER",447.02945,41.14719,1.100886,0.0,0.0,29.090473,5.6236701,1,0,1
"CAKE, ICED",447.02945,41.14719,1.100886,0.0,0.0,29.090473,5.6236701,1,0,1
"CANDY, GINGELLY",516.0,50.3,7.7,0.0,0.0,33.3,11.6,1,0,1
"CANDY, TOFFEE",426.0,66.7,0.0,0.0,0.0,18.6,2.2,1,0,1
"CHOCOLATE, DARK, PLAIN",510.0,63.5,0.0,0.0,0.0,28.0,5.0,1,0,1
"CHOCOLATE, MILK, PLAIN",519.0,56.0,0.0,0.0,0.0,31.1,7.3,1,0,1
"CHOCOLATE, MILK, W/ CREAM OR CARAMEL FILLING",519.0,56.0,0.0,0.0,0.0,31.1,7.3,1,0,1
"CHOCOLATE, MILK, W/ NUTS OR FRUIT",519.0,56.0,0.0,0.0,0.0,31.1,7.3,1,0,1
GELATIN,0.0,0.0,0.0,0.0,0.0,0.0,0.0,1,1,1
ALMONDS,611.0,3.0,13.1,0.0,0.0,58.5,18.4,1,1,1
"CASHEW NUTS, DRIED",577.0,25.5,3.9,0.0,0.0,45.2,18.8,1,1,1
"CASHEW NUTS, ROASTED, SALTED",591.59998,25.642799,4.3248,0.0,0.0,46.063202,18.839399,1,1,0
"PEANUT,BOILED",336.0,11.2,6.8,0.0,0.0,25.8,15.4,1,1,1
"PEANUT,DRY,ROASTED",590.0,10.3,0.0,0.0,0.0,49.8,25.7,1,1,1
"PEANUT, TEMPERED",590.0,10.3,0.0,0.0,0.0,49.8,25.7,1,1,1
"JACKFRUIT SEEDS, DRY",184.0,11.3,8.2,0.0,0.0,13.4,5.4,1,1,1
"LOTUS SEED, DRY",0.0,0.0,0.0,0.0,0.0,0.0,0.0,1,1,1
"PUMPKIN SEEDS, DRY",0.0,0.0,0.0,0.0,0.0,0.0,0.0,1,1,1
"SUNFLOWER SEEDS, DRY",586.0,6.8,10.8,0.0,0.0,51.8,23.5,1,1,1
"CHINESE ROLL, FISH",331.0,40.3,2.7,0.0,0.0,15.2,10.9,0,1,1
COCKTAIL MIX,503.0,35.1,0.0,0.0,0.0,32.9,18.8,1,1,1
"CRISPS, MAIZE PUFF",558.0,54.1,2.2,0.0,0.0,35.8,5.76,1,0,1
"CRISPS, POTATO",532.0,53.83,3.1,0.0,0.0,33.95,6.39,1,0,1
FRIED GRAMS SNACK,0.0,0.0,0.0,0.0,0.0,0.0,0.0,1,1,1
MURUKKU,349.0,63.4,2.7,0.0,0.0,9.5,6.6,1,0,1
"POPCORN, SALTY",470.0,59.3,0.0,0.0,0.0,23.5,9.0,1,0,1
"POPCORN, SWEET",470.0,59.3,0.0,0.0,0.0,23.5,9.0,1,0,1
"RUSKS, PLAIN",396.0,73.0,0.0,0.0,0.0,10.7,6.5,1,0,1
"TAPIOCA,MANIOC,CHIPS,DRIED",317.6,82.6,0.0,0.0,0.0,0.3,1.3,1,0,0
"VADE (FRITTERS), BLACK GRAM",170.0,27.4,0.0,0.0,0.0,0.85,13.6,1,1,1
"VADE (FRITTERS), DHAL",282.0,47.9,0.0,0.0,0.0,4.5,15.4,1,0,1
"PATTY, FISH",352.1503,41.919922,2.7738111,0.0,0.0,15.359921,10.634809,0,1,1
"PATTY, EGG",363.37091,41.919922,2.7738111,0.0,0.0,17.274506,9.1340466,1,1,1
"PATTY, VEGETABLE",335.05899,42.738216,3.6687491,0.0,0.0,14.744318,6.868125,1,1,1
"CHINESE ROLL, VEGETABLE",323.49789,43.233631,4.3601542,0.0,0.0,12.953424,7.3927488,1,1,1
DRIED PALMYRA SPROUTS,384.0,85.1,2.79,0.0,0.0,1.73,2.92,1,0,1
AGGALA,362.0,91.3,0.0,0.0,0.0,0.5,3.7,1,0,1
ALUWA,316.0,79.7,1.2,0.0,0.0,0.4,3.3,1,0,1
"CASSAVA CHIPS,FRIED,SUGAR COATED",287.0,53.0,0.0,0.0,0.0,8.8,0.36,1,0,0
DHODOL,361.0,59.8,1.7,0.0,0.0,14.0,2.4,1,0,1
HALAPA,304.0,55.9,1.3,0.0,0.0,8.4,4.6,1,0,1
"LADDU,SEMOLINA",402.0,60.0,4.0,0.0,0.0,17.9,4.2,1,0,1
MUNG KEVUM,401.0,57.1,2.0,0.0,0.0,18.5,5.1,1,0,1
"PANCAKE,ROLL",254.0,37.8,0.0,0.0,0.0,9.7,6.3,1,0,1
SAGO PAAYASAM (KHEER),190.0,29.6,0.9,0.0,0.0,8.4,0.9,1,1,1
SESAME BALL,473.0,33.7,4.5,0.0,0.0,34.6,8.9,1,1,1
WATALAPPAN,282.0,50.3,0.4,0.0,0.0,8.9,3.2,1,0,1
JAGGERY,348.0,92.9,0.0,0.0,0.0,0.0,0.0,1,0,1
WALI THALAPA,284.0,64.7,1.6,0.0,0.0,3.4,2.7,1,0,1
SAMPOSHA AGGALA,366.3519897,70.20400238,5.762000084,0.0,0.0,4.375699997,13.06999969,1,1,1
ATHIRASA,665.0,84.8,1.3,0.0,0.0,37.2,3.0,1,0,1
LAVARIYA,224.2829742,44.74222183,1.110843897,0.0,0.0,4.335048199,4.064278126,1,1,1
WANDU APPA,268.3940125,58.50453949,0.04764,0.0,0.0,3.703359842,3.14041996,1,0,1
KOLUKKATTA / MOTHAGAM,223.3490601,37.12477493,3.289150953,0.0,0.0,5.182547092,7.272830009,1,1,1
SWEET FRIED BREAD (WHEAT FLOUR),378.5265503,50.4122467,5.801632881,0.0,0.0,17.14122391,5.113469601,1,0,1
"BRINJAL, TEMPERED",127.0,5.0,0.0,0.0,0.0,11.3,1.7,1,1,1
"BRINJAL, TEMPERED, W/ COCONUT MILK",158.0,5.7,2.9,0.0,0.0,14.3,1.9,1,1,1
"BRINJAL, W/ COCONUT MILK",131.0,5.2,2.5,0.0,0.0,11.6,1.8,1,1,1
"BRINJAL AND DRIED FISH, W/ COCONUT MILK",166.0,5.6,2.1,0.0,0.0,12.5,8.2,0,1,1
"BRINJAL AND DRIED FISH, TEMPERED",305.0,13.8,10.1,0.0,0.0,9.4,42.2,0,1,1
BRINJAL MOJU,371.0,9.7,5.9,0.0,0.0,35.7,3.3,1,1,1
"CAPSICUM, TEMPERED",181.0,7.8,4.1,0.0,0.0,15.8,2.5,1,1,1
"CAPSICUM, TEMPERED, W/ COCONUT MILK",196.0,6.7,2.9,0.0,0.0,18.1,2.2,1,1,1
"CAPSICUM, W/ COCONUT MILK",91.0,3.6,1.6,0.0,0.0,8.0,1.3,1,1,1
"CAPSICUM AND DRIED FISH, W/ COCONUT MILK",149.0,4.5,1.4,0.0,0.0,12.5,5.0,0,1,1
"CAPSICUM AND SPRATS, W/ COCONUT MILK",139.0,4.5,1.4,0.0,0.0,12.4,2.6,1,1,1
"GREEN EGG PLANT, TEMPERED",174.0,9.2,1.3,0.0,0.0,14.4,2.3,1,1,1
"GREEN EGG PLANT, TEMPERED, W/ COCONUT MILK",162.0,6.9,1.011,0.0,0.0,14.2,1.9,1,1,1
"TOMATO, TEMPERED, W/ COCONUT MILK",168.0,5.6,1.2,0.0,0.0,15.6,1.6,1,1,1
"TURKEY BERRY (THIBBATU), TEMPERED",131.4618073,10.35947037,7.172173977,0.0,0.0,8.675606728,2.330698967,0,1,1
"TURKEY BERRY (THIBBATU), TEMPERED, W/ SCRAPED COCONUT",188.8567047,8.874079704,7.680660725,0.0,0.0,15.69575596,2.375111103,0,1,1
"TURKEY BERRY (THIBBATU) AND LEAFY GREENS, NFS, TEMPERED",129.9685211,9.085474968,7.26985693,0.0,0.0,8.508657455,3.608740091,0,1,1
"DRUMSTICKS, BOILED",25.4697,3.5148187,6.0448089,0.0,0.0,0.1018788,2.1054952,1,1,1
"DRUMSTICKS, BOILED & TEMPERED",85.0,5.2,6.136,0.0,0.0,6.2,2.6,1,1,1
"DRUMSTICKS, BOILED, W/ COCONUT MILK",130.3806,9.1312084,7.703836,0.0,0.0,8.3172693,3.9552441,1,1,1
"DRUMSTICKS, TEMPERED, W/ COCONUT MILK",119.0,5.1,4.5,0.0,0.0,10.1,2.3,1,1,1
"LADIES FINGERS, TEMPERED",159.0,10.6,6.5,0.0,0.0,11.7,3.3,1,1,1
"LADIES FINGERS, TEMPERED, W/ COCONUT MILK",182.0,7.5,4.5,0.0,0.0,15.8,2.9,1,1,1
"LADIES FINGERS, W/ COCONUT MILK",122.0,5.6,3.1,0.0,0.0,10.2,2.2,1,1,1
"LADIES FINGERS AND DRIED FISH, TEMPERED, W/ COCONUT MILK",227.0,6.1,2.3,0.0,0.0,18.9,8.5,0,1,1
"LADIES FINGERS AND DRIED FISH, TEMPERED",173.36554,5.5440121,4.3181362,0.0,0.0,9.0506897,17.000872,0,1,1
"GREEN BEANS, BOILED",22.0,2.9,2.9,0.0,0.0,0.5,1.8,1,1,1
"GREEN BEANS, TEMPERED",126.4721985,6.327641964,5.089822769,0.0,0.0,9.680864334,3.154071093,1,1,1
"GREEN BEANS, TEMPERED, W/ COCONUT MILK",210.0,7.2,1.1,0.0,0.0,19.0,2.9,1,1,1
"LONG BEANS, BOILED",19.7064,1.633989,4.3600411,0.0,0.0,0.24632999,2.7588961,1,1,1
"LONG BEANS, TEMPERED",108.3243027,5.111824036,5.759171009,0.0,0.0,8.095222473,3.622668028,1,1,1
"LONG BEANS, TEMPERED, W/ COCONUT MILK",298.0,14.0,2.9,0.0,0.0,25.3,4.4,1,1,1
"LONG BEANS, W/ COCONUT MILK",134.0,8.5,1.1,0.0,0.0,10.2,2.7,1,1,1
"WINGED BEANS, BOILED",17.243099,2.2662361,3.1037581,0.0,0.0,0.16422001,1.510824,1,1,1
"WINGED BEANS, TEMPERED",91.83750153,4.918228149,5.361419201,0.0,0.0,6.645996094,2.748875141,1,1,1
"WINGED BEANS, TEMPERED, W/ COCONUT MILK",188.0,6.3,1.1,0.0,0.0,15.9,5.3,1,1,1
"WINGED BEANS, W/ COCONUT MILK",127.0,5.8,0.6,0.0,0.0,9.2,5.5,1,1,1
"WINGED BEANS, FRESH OR WATER-COOKED MALLUM W/ SCRAPED COCONUT",111.0,6.0,2.8,0.0,0.0,7.5,5.2,1,1,1
"GREEN BEANS, BOILED, W/ COCONUT MILK",99.0,5.2,0.8,0.0,0.0,7.8,2.3,1,1,1
"LONG BEANS, TEMPERED, W/ SCRAPED COCONUT",169.4313049,5.007697105,7.260684013,0.0,0.0,14.67719841,4.112419128,1,1,1
"LONG BEANS, BOILED, W/ SCRAPED COCONUT",100.2213058,5.007697105,7.260684013,0.0,0.0,6.987197876,4.112419128,1,1,1
"AMBARELLA, W/ COCONUT MILK",193.0,12.4,1.4,0.0,0.0,15.8,1.5,1,1,1
"AMBARELLA, TEMPERED, W/ COCONUT MILK",266.0,17.9,1.4,0.0,0.0,21.5,1.4,1,1,1
"MUSK MELON, TEMPERED, W/ COCONUT MILK",198.1987,8.8106213,1.687501,0.0,0.0,17.060745,2.12025,1,1,1
"PAPAYA, GREEN, TEMPERED CURRY",243.5771027,13.04039288,1.804836035,0.0,0.0,20.35089493,1.911136985,1,1,1
"PAPAYA MALLUM, W/ SCRAPED COCONUT",94.84529877,5.449654102,4.197441101,0.0,0.0,7.222690105,1.558405042,1,1,1
"BREAD FRUIT, BOILED, PLAIN",57.0,13.4,1.8,0.0,0.0,0.2,1.3,1,1,1
"BREAD FRUIT, BOILED, W/ COCONUT MILK",164.0,13.3,1.7,0.0,0.0,11.8,1.9,1,1,1
"BREAD FRUIT, BOILED AND TEMPERED, W/ COCONUT MILK",213.61639,23.386019,3.585562,0.0,0.0,12.721217,2.2645531,1,1,1
"BREAD FRUIT, BOILED AND TEMPERED",139.4281921,25.5548172,5.267781258,0.0,0.0,4.531563282,1.520608068,1,1,1
"AGATHI FLOWERS, TEMPERED",182.9492035,10.609272,10.40014553,0.0,0.0,10.81378651,9.288287163,1,1,1
"PLANTAIN FLOWER, TEMPERED, W/ COCONUT MILK",146.0,5.3,5.5,0.0,0.0,13.0,2.3,1,1,1
"PLANTAIN FLOWER, W/ COCONUT MILK",100.0,5.3,5.4,0.0,0.0,7.9,2.3,1,1,1
"PLANTAIN FLOWER, TEMPERED",76.1257019,2.983571053,5.089453697,0.0,0.0,6.364370823,1.514021039,1,1,1
"PLANTAIN FLOWER, TEMPERED, W/ SCRAPED COCONUT",158.545105,4.248044014,8.56818676,0.0,0.0,14.33689213,2.716498852,1,1,1
"JACKFRUIT SEED, W/ COCONUT MILK",175.0,10.3,5.3,0.0,0.0,13.3,4.2,1,1,1
"JACKFRUIT SEED, TEMPERED, W/ COCONUT MILK",185.5789,10.116415,5.0717998,0.0,0.0,14.083085,4.224525,1,1,1
"MATURE JACKFRUIT, BOILED",20.0,2.9,6.4,0.0,0.0,0.3,1.6,1,1,1
"MATURE JACKFRUIT, TEMPERED, W/ COCONUT MILK",91.0,3.9,4.4,0.0,0.0,7.8,1.6,1,1,1
"TENDER JACKFRUIT, TEMPERED, W/ COCONUT MILK",198.37891,6.5360599,4.7861977,0.0,0.0,17.778494,2.882226,1,1,1
"TENDER JACKFRUIT, FRESH OR WATER-COOKED MALLUM W/ SCRAPED COCONUT",113.0,6.3,2.993,0.0,0.0,9.0,2.1,1,1,1
"TENDER JACKFRUIT, TEMPERED MALLUM W/ SCRAPED COCONUT",213.0,6.3,3.143,0.0,0.0,20.1,2.1,1,1,1
"MATURE JACKFRUIT, BOILED, W/ COCONUT MILK",151.0,6.0,5.2,0.0,0.0,13.2,2.3,1,1,1
"MATURE JACKFRUIT, TEMPERED",135.4019928,16.09597778,5.141955853,0.0,0.0,5.665438652,4.020550728,1,1,1
"MATURE JACKFRUIT, BOILED & TEMPERED",135.4019928,16.09597778,5.141955853,0.0,0.0,5.665438652,4.020550728,1,1,1
"MANGO, SEMI-RIPE, BOILED CURRY",129.7360077,10.7886982,3.905819893,0.0,0.0,8.597821236,1.648000956,1,1,1
"MANGO, SEMI-RIPE, BOILED CURRY, W/ COCONUT MILK",179.1604004,11.75326729,2.669825077,0.0,0.0,13.39301777,2.269304037,1,1,1
"MANGO, SEMI-RIPE, BOILED and TEMPERED CURRY",102.7360001,10.7886982,3.905819893,0.0,0.0,5.597820759,1.648000956,1,1,1
"ASH GOURD, BOILED, W/ COCONUT MILK",134.0,4.8,2.1,0.0,0.0,12.2,1.6,1,1,1
"BITTER GOURD, BOILED CURRY",153.0144,7.7576642,4.0376868,0.0,0.0,12.091337,2.895509,1,1,1
"BITTER GOURD, W/ COCONUT MILK",258.0,9.1,0.0,0.0,0.0,23.7,2.7,1,1,1
"BITTER GOURD, TEMPERED",88.0,12.5,0.0,0.0,0.0,3.2,3.1,1,1,1
"BITTER GOURD, TEMPERED, SALAD",142.7738,8.1964159,7.7598701,0.0,0.0,10.62128,2.9312789,1,1,1
"BITTER GOURD, DEEP-FRIED",145.0095062,3.815227032,4.904356003,0.0,0.0,13.43704414,1.870730996,1,1,1
"BOTTLE GOURD, W/ COCONUT MILK",127.0,5.4,2.862,0.0,0.0,11.2,1.6,1,1,1
"CUCUMBER, W/ COCONUT MILK",135.0,7.2,2.9,0.0,0.0,11.2,1.8,1,1,1
"RIDGE GOURD, W/ COCONUT MILK",101.0502,5.3864222,2.4414079,0.0,0.0,7.8567381,1.9264439,1,1,1
"SNAKE GOURD, W/ COCONUT MILK",125.0,4.5,2.6,0.0,0.0,11.2,1.9,1,1,1
"SNAKE GOURD AND DRIED FISH, W/ COCONUT MILK",210.36505,6.048018,1.620373,0.0,0.0,16.609068,8.9220619,0,1,1
"BITTER GOURD AND DRIED FISH, TEMPERED",140.63193,3.7093101,3.517498,0.0,0.0,6.6473227,16.427172,0,1,1
"BITTER GOURD, TEMPERED & BOILED, W/ COCONUT MILK",208.3460999,6.509402752,2.616647005,0.0,0.0,19.01440811,2.515836,1,1,1
"SPINY GOURD, TEMPERED",117.6562958,13.3271122,5.375181675,0.0,0.0,5.519168854,3.405188084,1,1,1
"SPINY GOURD, TEMPERED, W/ COCONUT MILK",209.1983032,10.78059578,2.701086044,0.0,0.0,16.89486313,3.308544874,1,1,1
"GOURD MALLUM, NFS, TEMPERED, W/ SCRAPED COCONUT",137.2259674,3.826502323,4.548282146,0.0,0.0,12.56531525,1.886078477,1,1,1
"DUBAI PUMPKIN, BOILED, W/ COCONUT MILK",83.746597,5.2671981,2.0965519,0.0,0.0,6.1286364,1.4504369,1,1,1
"PUMPKIN, BOILED, W/ COCONUT MILK",92.0,5.8,2.5,0.0,0.0,7.2,1.5,1,1,1
"PUMPKIN, TEMPERED",142.7534943,12.48462868,3.827404976,0.0,0.0,8.924293518,2.395774126,1,1,1
"PUMPKIN, TEMPERED, W/ COCONUT MILK",180.0589,9.4060707,2.094301,0.0,0.0,14.582006,2.29406,1,1,1
"AMARANTH LEAVES, FRESH OR WATER-COOKED MALLUM W/ SCRAPED COCONUT",156.0,8.0,3.4,0.0,0.0,12.4,3.7,1,1,1
"AMARANTH LEAVES, TEMPERED MALLUM W/ SCRAPED COCONUT",185.0,7.6,3.3,0.0,0.0,15.8,3.6,1,1,1
"AMARANTH LEAVES, TEMPERED",215.06981,8.1330433,7.816566,0.0,0.0,17.161535,6.0670543,1,1,1
"SPINACH, BOILED, W/ COCONUT MILK",100.0,4.2,2.0,0.0,0.0,8.4,2.2,1,1,1
"AMARANTH LEAVES, BOILED, W/ COCONUT MILK",141.95981,5.3771262,3.0383439,0.0,0.0,11.603986,3.572233,1,1,1
"SPINACH, FRESH OR WATER-COOKED MALLUM W/ SCRAPED COCONUT",138.0099945,3.574506998,5.176587105,0.0,0.0,12.24140835,3.02185297,1,1,1
"RADISH LEAVES, TEMPERED",83.31690216,4.197085857,2.19499588,0.0,0.0,6.301447868,2.296064138,1,1,1
"TURNIP LEAVES, TEMPERED",101.7157974,6.924685478,6.678634167,0.0,0.0,5.812599182,4.78295517,1,1,1
"CABBAGE LEAVES, FRESH OR WATER-COOKED MALLUM W/ SCRAPED COCONUT",110.0,5.0,4.9,0.0,0.0,9.2,2.2,1,1,1
"CABBAGE LEAVES, TEMPERED MALLUM W/ SCRAPED COCONUT",187.0,4.8,4.7,0.0,0.0,17.8,2.1,1,1,1
"CABBAGE LEAVES, TEMPERED",181.0,8.1,4.4,0.0,0.0,14.8,4.5,1,1,1
"CABBAGE, W/ COCONUT MILK",139.0,6.4,3.1,0.0,0.0,11.8,2.2,1,1,1
"CABBAGE AND POTATO, W/ COCONUT MILK",165.0,10.6,2.6,0.0,0.0,12.9,2.4,1,1,1
"CABBAGE, TEMPERED",84.4,5.4,0.0,0.0,0.0,6.23,2.0,1,1,1
"CABBAGE, TEMPERED, W/ COCONUT MILK",185.48441,6.7833629,2.567554,0.0,0.0,16.215216,2.619921,1,1,1
"CASSAVA LEAVES, FRESH OR WATER-COOKED MALLUM W/ SCRAPED COCONUT",141.0,8.8,3.1,0.0,0.0,8.3,8.0,1,1,1
"CASSAVA LEAVES, TEMPERED MALLUM W/ SCRAPED COCONUT",242.0,6.7,4.381,0.0,0.0,21.0,6.7,1,1,1
"SWEET POTATO LEAVES, TEMPERED MALLUM W/ SCRAPED COCONUT",196.0113068,4.852575302,4.146923065,0.0,0.0,17.76296234,3.225731134,1,0,1
"TARO LEAVES, TEMPERED MALLUM W/ SCRAPED COCONUT",227.0,5.5,7.431,0.0,0.0,20.7,5.0,1,1,1
"CASSAVA LEAVES, TEMPERED",116.5761948,6.201632977,3.992795944,0.0,0.0,7.523952007,5.801773548,1,1,1
"DRUMSTICK LEAVES, FRESH OR WATER-COOKED MALLUM W/ SCRAPED COCONUT",175.0,7.3,9.9,0.0,0.0,13.6,6.4,1,1,1
"DRUMSTICK LEAVES, TEMPERED MALLUM W/ SCRAPED COCONUT",220.2818909,6.820098877,9.213152885,0.0,0.0,18.33315849,6.07666111,1,1,1
"DRUMSTICK LEAVES, TEMPERED",240.0,10.4,9.5,0.0,0.0,18.9,7.6,1,1,1
"KATHURUMURUNGA, FRESH OR WATER-COOKED MALLUM W/ SCRAPED COCONUT",131.0,6.1,8.8,0.0,0.0,8.9,7.0,1,1,1
"KATHURUMURUNGA, TEMPERED MALLUM W/SCRAPED COCONUT",160.0,5.6,7.9,0.0,0.0,12.7,6.1,1,1,1
"DRUMSTICK LEAVES, BOILED",123.5009918,4.780105114,8.4708004,0.0,0.0,8.852272034,5.396572113,1,1,1
"DRUMSTICK LEAVES, BOILED, W/ COCONUT MILK",187.3352966,7.391931057,6.246074677,0.0,0.0,14.6266861,5.81202507,1,1,1
"GOTUKOLA, FRESH OR WATER-COOKED MALLUM W/SCRAPED COCONUT",150.9633026,3.867722034,8.107066154,0.0,0.0,14.02437878,1.980798006,1,1,1
"GOTUKOLA, TEMPERED MALLUM W/SCRAPED COCONUT",229.0,8.8,6.9,0.0,0.0,20.4,3.0,1,1,1
"GOTUKOLA, TEMPERED",128.5872,7.3673201,7.563437,0.0,0.0,9.9439945,2.0037789,1,1,1
"KANKUN, FRESH OR WATER-COOKED MALLUM W/ SCRAPED COCONUT",153.0,5.5,4.5,0.0,0.0,13.1,3.7,1,1,1
"KANKUN, TEMPERED MALLUM W/ SCRAPED COCONUT",217.0,5.7,5.0,0.0,0.0,19.9,4.0,1,1,1
"KANKUN, TEMPERED",61.0,4.0,2.0,0.0,0.0,3.9,2.6,1,1,1
"MUKUNUWENNA, FRESH OR WATER-COOKED MALLUM W/ SCRAPED COCONUT",160.0,7.0,8.5,0.0,0.0,12.5,5.3,1,1,1
"MUKUNUWENNA, TEMPERED",127.790802,3.884290934,7.082312584,0.0,0.0,10.58715916,3.837226868,1,1,1
"MUKUNUWENNA, BOILED, W/ COCONUT MILK",139.4314,5.3897681,3.6009128,0.0,0.0,11.496529,3.3193929,1,1,1
"MUKUNUWENNA, TEMPERED, W/ SCRAPED COCONUT",183.7799988,4.444108009,7.352119923,0.0,0.0,16.5184803,3.864872932,1,1,1
"ONION LEAVES, TEMPERED MALLUM W/ SCRAPED COCONUT",194.0,7.1,9.1,0.0,0.0,16.9,4.0,1,1,1
"ONION LEAVES, TEMPERED",141.0,9.6,8.0,0.0,0.0,9.9,3.8,1,1,1
"ONION LEAVES, W/ COCONUT MILK",160.0,7.6,4.8,0.0,0.0,13.3,2.9,1,1,1
"PUMPKIN LEAVES, FRESH OR WATER-COOKED MALLUM W/ SCRAPED COCONUT",177.0,6.9,5.6,0.0,0.0,14.7,4.6,1,1,1
"PUMPKIN LEAVES, TEMPERED MALLUM W/ SCRAPED COCONUT",201.0,6.8,5.4,0.0,0.0,17.5,4.7,1,1,1
"PUMPKIN LEAVES, TEMPERED",59.0,2.9,0.3,0.0,0.0,4.2,2.5,1,1,1
"ANGUNA KOLA, TEMPERED MALLUM W/ SCRAPED COCONUT",179.3927917,7.06265974,6.78387785,0.0,0.0,14.59377766,4.430605888,1,1,1
"GYMNEMA LEAVES, TEMPERED MALLUM W/ SCRAPED COCONUT",213.7822876,4.046452999,7.572259903,0.0,0.0,19.65065193,4.507966042,1,1,1
"LEAVES, NFS, BOILED, W/ COCONUT MILK",173.1434021,6.885292053,4.184862137,0.0,0.0,14.10889912,4.222723007,1,1,1
"LEAVES, NFS, FRESH OR WATER-COOKED MALLUM, W/ SCRAPED COCONUT",151.3726654,5.335762501,7.945581436,0.0,0.0,12.14378643,4.557992458,1,1,1
"LEAVES, NFS, TEMPERED",96.63223267,6.499809265,5.976947784,0.0,0.0,5.68130064,4.289451599,1,1,1
"LEAVES, NFS, TEMPERED MALLUM, W/ SCRAPED COCONUT",192.0611572,5.136384964,7.478957176,0.0,0.0,16.86618614,4.335134506,1,1,1
"MUSHROOM, TEMPERED",75.93094635,5.299437046,4.007982254,0.0,0.0,4.493332863,3.098341227,1,1,1
"MUSHROOM, TEMPERED, W/ COCONUT MILK",218.0,7.2,3.1,0.0,0.0,19.4,4.2,1,1,1
"ASH PLANTAIN,BOILED, W/ COCONUT MILK",152.0,13.7,2.6,0.0,0.0,10.5,1.6,1,1,1
"ASH PLANTAIN, DEEP-FRIED",150.0,25.9,5.3,0.0,0.0,5.1,1.7,1,1,1
"PLANTAIN STEM, TEMPERED, W/ COCONUT MILK",160.0,10.8,2.691,0.0,0.0,12.7,1.3,1,1,1
"ASH PLANTAIN AND FISH, TEMPERED",237.22531,13.718862,4.5972929,0.0,0.0,9.1544189,24.696022,0,1,1
"ASH PLANTAIN, TEMPERED",123.5166016,16.2754364,4.816104889,0.0,0.0,4.901051044,3.3197999,1,1,1
"ASH PLANTAIN, TEMPERED & BOILED, W/ COCONUT MILK",184.7518005,13.38365173,3.376360893,0.0,0.0,12.89064884,3.473891973,1,1,1
"BEET ROOT, BOILED, W/ COCONUT MILK",183.0,8.1,2.7,0.0,0.0,15.8,2.5,1,1,1
"BEET ROOT, TEMPERED",68.0,5.7,2.0,0.0,0.0,4.7,1.3,1,1,1
"BEET ROOT, TEMPERED, W/ COCONUT MILK",168.0,8.4,3.2,0.0,0.0,14.0,2.7,1,1,1
"CARROT, BOILED",22.0,4.4,2.7,0.0,0.0,0.4,0.6,1,1,1
"CARROT, W/ COCONUT MILK",193.0,8.5,3.4,0.0,0.0,17.0,2.1,1,1,1
"CARROT AND BROAD BEANS, W/ COCONUT MILK",139.0,6.0,3.7,0.0,0.0,12.0,2.2,1,1,1
"CARROT AND DRIED FISH, W/ COCONUT MILK",91.0,5.8,3.0,0.0,0.0,4.2,7.9,0,1,1
"CARROT AND GREEN BEANS, BOILED, PLAIN",25.0,4.2,2.1,0.0,0.0,0.4,1.4,1,1,1
"CARROT AND POTATO, W/ COCONUT MILK",196.0,9.1,2.4,0.0,0.0,17.1,2.0,1,1,1
"KOHLRABI, BOILED, W/ COCONUT MILK",186.95795,6.1917391,2.7848771,0.0,0.0,16.464243,3.150048,1,1,1
"RADISH,BOILED, W/ COCONUT MILK",174.0,10.3,3.1,0.0,0.0,14.1,2.1,1,1,1
"RADISH, TEMPERED, W/ COCONUT MILK",202.0,10.3,3.1,0.0,0.0,17.3,2.1,1,1,1
"CARROT AND GREEN BEANS, BOILED, W/ COCONUT MILK",150.3481,6.3891311,3.592958,0.0,0.0,12.483504,2.702482,1,1,1
"CARROT, TEMPERED",146.8068085,10.41388798,6.633108139,0.0,0.0,10.29977989,2.256705046,1,1,1
"CARROT AND LEEK, BOILED & TEMPERED, W/ COCONUT MILK",192.4382935,8.126159668,3.067286968,0.0,0.0,16.44133186,2.644751072,1,1,1
"RADISH, TEMPERED",116.4721985,9.10244751,3.571248055,0.0,0.0,7.851063251,1.792971015,1,1,1
"CASSAVA ROOT, FRESH, DEEP-FRIED",268.8743896,28.32001877,8.581903458,0.0,0.0,16.03806877,1.868054032,1,1,1
"CASSAVA ROOT, FRESH,BOILED",130.0,33.5,1.5,0.0,0.0,0.2,0.5,1,1,1
"CASSAVA, W/ COCONUT MILK",188.0,30.4,0.7,0.0,0.0,7.7,1.2,1,1,1
Purple Yam (with coconut milk),138.0,17.4,2.7,0.0,0.0,7.1,2.4,1,1,1
Purple Yam (Boiled),99.83789825,20.2486763,4.555709839,0.0,0.0,0.290789992,3.101759911,1,1,1
Taro Root (with coconut milk),108.17381,11.922556,2.1484849,0.0,0.0,5.578413,2.1338401,1,1,1
Cassava (Boiled & Tempered),162.9881897,19.02280045,5.61216116,0.0,0.0,8.711854935,1.455864072,1,1,1
"Cassava & Tomato (Boiled, with coconut milk)",115.063,13.717,4.101953,0.0,0.0,5.629077,1.84914,1,1,1
Lasia Stem (with coconut milk),82.0,7.2,0.7,0.0,0.0,5.6,1.1,1,1,1
Lasia Stem (Tempered mallum with scraped coconut),83.0,8.0,0.8,0.0,0.0,5.6,0.7,1,1,1
Garlic (with coconut milk),105.0,11.4,2.8,0.0,0.0,5.3,3.6,1,1,1
Leeks (With coconut milk),282.0,11.3,1.7,0.0,0.0,25.2,3.3,1,1,1
Leeks & Dried Fish (Tempered),149.0,5.6,0.2,0.0,0.0,6.5,17.4,0,1,1
Leeks & Potato (with coconut milk),228.0,13.0,0.0,0.0,0.0,18.2,3.6,1,1,1
Leeks (Fresh/ Water-cooked mallum with scraped coconut),142.0,6.2,3.4,0.0,0.0,12.1,2.5,1,1,1
Leeks (Tempered mallum with scraped coconut),106.0,5.0,0.4,0.0,0.0,8.8,1.9,1,1,1
Onion (Tempered),175.5213928,14.32931042,4.716042042,0.0,0.0,11.69314575,2.793833017,1,1,1
Leeks (Tempered),160.7722015,10.31424999,4.126073837,0.0,0.0,11.89799595,2.851191044,1,1,1
"Onion (Tempered, with coconut)",203.7045,7.0531669,0.91910803,0.0,0.0,18.385317,2.302567,1,1,1
Lotus Root (with coconut milk),153.0,10.1,3.0,0.0,0.0,11.8,2.2,1,1,1
Potato (with coconut milk),87.0,11.5,2.0,0.0,0.0,4.1,1.8,1,1,1
Potato & Capsicum (with coconut milk),118.0,10.5,1.6,0.0,0.0,8.0,1.7,1,1,1
Potato & Dried Fish (with coconut milk),110.0,10.7,1.8,0.0,0.0,4.1,8.2,0,1,1
Potato & Green Beans (with coconut milk),122.0,8.8,0.9,0.0,0.0,9.0,2.1,1,1,1
Potato & leeks (with coconut milk),167.0,11.0,1.2,0.0,0.0,12.9,2.4,1,1,1
Potato (Tempered),113.0,16.6,2.6,0.0,0.0,4.8,2.1,1,1,1
Potato & Dried Fish (Tempered),168.39954,10.634164,1.9049531,0.0,0.0,6.6358485,16.385431,0,1,1
"Potato & Tomato (Tempered, with coconut milk)",158.6338,11.929136,1.595327,0.0,0.0,11.077349,2.4357719,1,1,1
Potato (Deep Fried),257.16409,22.138538,2.523412,0.0,0.0,17.366776,2.450057,1,1,1
"Potato (Tempered & Boiled,with coconut milk)",183.8938,12.967556,2.1484849,0.0,0.0,13.320413,2.5708399,1,1,1
"Potato  (Fish & Vegetables, Tempered)",225.19601,11.79743,3.3235459,0.0,0.0,8.9768419,23.865257,0,1,1
"Potato (Boiled, Curry)",86.974998,18.48525,2.1070001,0.0,0.0,0.30625001,2.0457499,1,1,1
Sweet Potato (Boiled),84.0,20.5,2.1,0.0,0.0,0.3,1.1,1,0,1
Sweet Potato (with coconut milk),162.0,20.6,3.5,0.0,0.0,8.6,1.8,1,0,1
Palmayra Tuber (Boiled),22.58639908,4.63021183,2.258640051,0.0,0.0,0.112931997,0.470550001,1,1,1
"Starchy White Root/ Tuber & Vegetable (NFS, Tempered)",136.7526703,13.47188377,5.303244114,0.0,0.0,7.757089138,2.67430377,1,1,1
"Starchy White Root/ Tuber & Vegetable (NFS, Tempered,with coconut milk)",185.3435059,10.38048935,3.654074192,0.0,0.0,14.57011032,2.73588562,1,1,1
"Starchy White Root/ Tuber & Vegetable (NFS, with coconut milk)",166.9360504,10.76596642,3.755946159,0.0,0.0,12.26408577,2.920766354,1,1,1
Carrot,29.0,5.6,4.2,0.0,0.0,0.5,0.9,1,1,1
Cucumber,16.0,2.8,2.1,0.0,0.0,0.2,0.8,1,1,1
Lasia Stem,33.0,2.03,4.05,0.0,0.0,0.83,4.1,1,1,1
Tomato,17.0,3.2,1.6,0.0,0.0,0.3,0.8,1,1,1
Onion,40.0,9.34,1.7,0.0,0.0,0.1,1.1,1,1,1
Beet Root Salad,33.0,6.4,3.2,0.0,0.0,0.2,1.9,1,1,1
Carrot Salad,30.0,5.8,3.9,0.0,0.0,0.4,1.1,1,1,1
Carrot Salad (with Scraped coconut),87.0,5.9,4.509,0.0,0.0,6.5,1.5,1,1,1
Carrot & Tomato Salad,29.0,5.6,3.6,0.0,0.0,0.4,1.0,1,1,1
Cucumber & Tomato Salad,20.0,4.0,2.1,0.0,0.0,0.2,0.8,1,1,1
Cucumber Salad,21.0,4.2,2.3,0.0,0.0,0.2,0.9,1,1,1
Tomato Salad,22.3248,3.629338,2.269136,0.0,0.0,0.29846001,1.063985,1,1,1
"Vegetable (NFS, Tempered)",91.84256744,7.174543858,6.780965328,0.0,0.0,5.277957439,3.350068808,1,1,1
"Vegetable (NFS, Boiled with coconut milk)",161.5621033,6.903553009,3.879667282,0.0,0.0,13.28018856,3.202032804,1,1,1
"Vegetable (NFS, Tempered,with scraped coconut)",170.2814026,5.700458527,7.146770477,0.0,0.0,14.68012619,3.292898655,1,1,1
Vegetable Soup,59.39860153,9.733413696,4.264503002,0.0,0.0,0.480477005,3.513803005,1,1,1
"Vegetable, NFS, & Dried Fish Mallum (Light Tempered, with scraped coconut)",141.11607,4.3468981,5.7910295,0.0,0.0,8.2922192,11.838052,0,1,1
"Vegetable, NFS, & Dried Fish (Small, Tempered)",125.36241,5.4192939,4.6777697,0.0,0.0,6.373456,11.350463,0,1,1
"Vegetable, NFS, & Dried Fish (Small, with coconut milk)",180.21558,5.842598,2.7611854,0.0,0.0,13.915827,7.725174,0,1,1
"Vegetable, NFS, & Dried Fish (Tempered)",126.1305,5.4192939,4.6777697,0.0,0.0,6.2467012,11.877072,0,1,1
"Vegetable, NFS, & Dried Fish (with coconut milk, Tempered)",227.99112,5.842598,2.7611854,0.0,0.0,19.103952,8.0237818,0,1,1
"Vegetable NFS, & Dried Fish (with coconut milk)",180.65111,5.842598,2.7611854,0.0,0.0,13.843952,8.0237818,0,1,1
"Leafy Greens (NFS & Dried Fish,Tempered)",178.48338,6.2669487,5.2783079,0.0,0.0,7.5486746,21.131659,0,1,1
"Starchy White Root (NFS & Dried Fish,Tempered)",184.8878,9.3677254,2.9212658,0.0,0.0,9.0151577,16.20339,0,1,1
"Starchy White Root (NFS & Dried Fish , without coconut milk)",188.58249,11.72798,2.083277,0.0,0.0,12.232293,7.5782299,0,1,1
Bulath Vita,0.0,0.0,0.0,0.0,0.0,0.0,0.0,1,1,1
Sugar,387.0,100.0,0.0,0.0,0.0,0.0,0.0,1,0,1
Coconut Milk (Fresh),169.0,3.3,0.0,0.0,0.0,16.9,1.1,1,1,1
Coconut oil,892.0,0.0,0.0,0.0,0.0,99.1,0.0,1,1,1
Spices & Seasonnings,0.0,0.0,0.0,0.0,0.0,0.0,0.0,1,1,1
Betel / Areca Nut,0.0,0.0,0.0,0.0,0.0,0.0,0.0,1,1,1
"Halmassa Anchovy (Sprat, Dried)",259.0,0.0,0.0,0.0,0.0,5.92,51.16,0,1,1
Tuna (Dried),282.0,0.0,0.0,0.0,0.0,3.37,63.79,0,1,1
"Fish (NFS, Dried)",269.2122186,0.0,0.0,0.0,0.0,5.949571275,53.93037513,0,1,1
Scrambled Eggs (2 large),180.0,0.0,0.0,1.0,180.0,14.0,12.0,1,1,0
Whole Wheat Toast (1 slice),80.0,0.0,2.0,2.0,140.0,1.0,4.0,1,1,1
Coffee (black),5.0,0.0,0.0,0.0,5.0,0.1,0.3,1,1,1
Banana,105.0,0.0,3.1,14.0,1.0,0.4,1.3,1,1,1
Grilled Chicken Salad,350.0,0.0,5.0,4.0,400.0,20.0,30.0,0,1,0
Apple,95.0,0.0,4.4,19.0,2.0,0.3,0.5,1,0,1
Salmon (4oz grilled),230.0,0.0,0.0,0.0,60.0,14.0,25.0,0,1,1
Quinoa (1 cup cooked),222.0,0.0,5.0,1.0,13.0,3.6,8.0,1,1,1
Steamed Broccoli (1 cup),55.0,0.0,5.1,2.0,40.0,0.6,3.7,1,1,1
Greek Yogurt (plain 1 cup),150.0,0.0,0.0,7.0,85.0,3.0,25.0,1,1,1
Oatmeal (1 cup cooked),160.0,0.0,4.0,1.0,2.0,3.0,6.0,1,1,1
Blueberries (1/2 cup),42.0,0.0,1.8,7.0,1.0,0.2,0.5,1,1,1
Almonds (1 oz),164.0,0.0,3.5,1.0,1.0,14.0,6.0,1,1,1
Turkey Sandwich (on wheat),340.0,0.0,5.0,6.0,850.0,12.0,22.0,0,1,0
Carrot Sticks (1 cup),52.0,0.0,3.6,6.0,88.0,0.3,1.2,1,1,1
Spaghetti Bolognese,460.0,0.0,6.0,10.0,700.0,18.0,20.0,1,1,0
Side Salad (light dressing),70.0,0.0,3.0,3.0,150.0,4.0,2.0,1,1,0
Protein Shake (Whey),120.0,0.0,1.0,2.0,160.0,1.0,24.0,1,1,0
Cereal (Frosted Flakes 1 cup),130.0,0.0,1.0,11.0,190.0,0.0,2.0,1,1,0
"Milk (2%,  1 cup)",122.0,0.0,0.0,12.0,100.0,5.0,8.0,1,1,1
Lentil Soup (1 can),230.0,0.0,12.0,6.0,650.0,3.0,15.0,1,1,0
White Rice (1 cup cooked),204.0,0.0,0.6,0.1,2.0,0.4,4.2,1,1,1
Tofu Stir-fry,400.0,0.0,7.0,9.0,500.0,22.0,18.0,1,1,0
Orange,62.0,0.0,3.1,12.0,0.0,0.2,1.2,1,1,1
Bagel (plain),270.0,0.0,2.0,5.0,430.0,1.5,11.0,1,1,0
Cream Cheese (2 tbsp),100.0,0.0,0.0,1.0,90.0,10.0,2.0,1,1,1
Tuna Salad (1/2 cup),190.0,0.0,1.0,1.0,400.0,12.0,19.0,0,1,0
Crackers (5 whole wheat),90.0,0.0,2.0,0.0,180.0,3.0,2.0,1,1,0
Beef Steak (6oz sirloin),270.0,0.0,0.0,0.0,90.0,10.0,42.0,0,1,1
Baked Potato (medium),160.0,0.0,3.8,1.0,17.0,0.2,4.3,1,1,1
Ice Cream (1/2 cup vanilla),145.0,0.0,0.5,16.0,55.0,7.5,2.5,1,0,1
Pizza (1 slice pepperoni),290.0,0.0,2.0,4.0,720.0,12.0,12.0,1,1,0
Avocado Toast (1 slice),260.0,0.0,10.0,1.0,350.0,15.0,7.0,1,1,0
Hard-Boiled Egg (1 large),78.0,0.0,0.0,0.5,62.0,5.3,6.3,1,1,1
Chicken Wrap (with tortilla),410.0,0.0,5.0,3.0,780.0,17.0,25.0,0,1,0
Grapes (1 cup),104.0,0.0,1.4,23.0,3.0,0.2,1.1,1,0,1
Cottage Cheese (1/2 cup),90.0,0.0,0.0,4.0,400.0,3.0,12.0,1,1,0
Burger (cheeseburger),550.0,0.0,3.0,7.0,1100.0,30.0,30.0,0,1,0
French Fries (medium),340.0,0.0,4.0,0.3,230.0,17.0,4.0,1,1,0
Protein Bar,210.0,0.0,6.0,1.0,180.0,7.0,20.0,1,1,0
Black Beans (1/2 cup),114.0,0.0,7.5,0.3,1.0,0.5,7.6,1,1,1
Salsa (1/4 cup),20.0,0.0,1.0,3.0,250.0,0.1,0.8,1,1,0
Chicken Noodle Soup (1 can),150.0,0.0,2.0,2.0,890.0,5.0,7.0,0,1,0
Peanut Butter (2 tbsp),190.0,0.0,2.0,3.0,140.0,16.0,7.0,1,1,1
Celery Sticks (1 cup),14.0,0.0,1.4,1.2,77.0,0.2,0.6,1,1,1
Cod (4oz baked),95.0,0.0,0.0,0.0,95.0,0.8,20.0,1,1,1
Green Beans (1 cup),31.0,0.0,2.7,3.3,6.0,0.2,1.8,1,1,1
Chocolate Chip Cookie (1 large),220.0,0.0,1.5,19.0,160.0,11.0,2.5,1,0,0
"Tea (Green,  1 cup)",2.0,0.0,0.0,0.0,2.0,0.0,0.5,1,1,1
Shrimp (3oz steamed),84.0,0.0,0.0,0.0,100.0,0.2,20.0,0,1,1
Pancakes (2 medium),180.0,0.0,1.0,6.0,450.0,5.0,5.0,1,0,0
Maple Syrup (2 tbsp),104.0,0.0,0.0,24.0,2.0,0.0,0.0,1,0,1
Sausage Link (1 cooked),85.0,0.0,0.0,0.5,300.0,7.0,5.0,0,1,0
Smoothie (Fruit & Yogurt),280.0,0.0,7.0,40.0,70.0,3.0,12.0,1,0,1
Tofu (4oz firm),90.0,0.0,2.0,1.0,10.0,5.0,10.0,1,1,1
Brown Rice (1 cup cooked),215.0,0.0,3.5,0.4,10.0,1.8,5.0,1,1,1
Bell Pepper (1 medium red),31.0,0.0,2.1,4.2,4.0,0.3,1.2,1,1,1
Hummus (2 tbsp),70.0,0.0,2.0,0.0,130.0,5.0,2.0,1,1,1
Pita Bread (1 whole wheat),170.0,0.0,5.0,2.0,320.0,1.5,6.0,1,1,0
Pork Chop (4oz grilled),220.0,0.0,0.0,0.0,70.0,10.0,30.0,0,1,1
Mashed Potatoes (1 cup),230.0,0.0,3.0,2.0,350.0,8.0,4.0,1,1,0
Corn (1 cup),132.0,0.0,3.6,8.9,2.0,1.8,4.7,1,1,1
Soda (1 can Coke),140.0,0.0,0.0,39.0,45.0,0.0,0.0,1,0,1
Pretzels (1 oz),110.0,0.0,1.0,1.0,450.0,1.0,3.0,1,1,0
Cheddar Cheese (1 oz),115.0,0.0,0.0,0.5,180.0,9.5,7.0,1,1,0
Caesar Salad (with chicken),470.0,0.0,3.0,3.0,890.0,30.0,30.0,0,1,0
Orange Juice (1 cup),112.0,0.0,0.7,20.8,2.0,0.5,1.7,1,0,1
Bacon (2 slices cooked),86.0,0.0,0.0,0.1,330.0,6.8,6.0,0,1,0
Waffles (2 homemade),220.0,0.0,1.5,3.0,420.0,9.0,6.0,1,1,0
Pear,101.0,0.0,5.5,16.0,2.0,0.2,0.6,1,0,1
Chicken Breast (4oz roasted),185.0,0.0,0.0,0.0,80.0,4.0,35.0,0,1,1
Mixed Nuts (1/4 cup),200.0,0.0,3.0,2.0,1.0,18.0,6.0,1,1,1
Tilapia (4oz baked),110.0,0.0,0.0,0.0,50.0,2.5,22.0,1,1,1
Asparagus (1 cup steamed),40.0,0.0,3.6,3.5,4.0,0.4,4.3,1,1,1
Sweet Potato (1 medium baked),103.0,0.0,3.8,7.4,41.0,0.2,2.3,1,0,1
Popcorn (3 cups air-popped),93.0,0.0,3.6,0.1,2.0,1.1,3.0,1,1,1
Raisins (1/4 cup),130.0,0.0,1.6,25.0,5.0,0.2,1.3,1,0,1
Macaroni & Cheese (1 cup),350.0,0.0,2.0,5.0,750.0,17.0,10.0,1,1,0
Tomato Soup (1 can),170.0,0.0,4.0,15.0,900.0,6.0,4.0,1,1,0
Grilled Cheese Sandwich,390.0,0.0,3.0,4.0,800.0,22.0,15.0,1,1,0
Beef Tacos (2 hard shell),380.0,0.0,5.0,3.0,600.0,22.0,18.0,0,1,0
Refried Beans (1/2 cup),115.0,0.0,6.0,1.0,480.0,1.0,7.0,1,1,0
Guacamole (1/4 cup),90.0,0.0,3.0,0.5,120.0,8.0,1.0,1,1,1
Watermelon (1 cup diced),46.0,0.0,0.6,9.4,2.0,0.2,0.9,1,1,1
English Muffin (whole wheat),134.0,0.0,4.4,1.0,210.0,1.0,6.0,1,1,0
Peanut Butter & Jelly Sandwich,390.0,0.0,5.0,20.0,450.0,17.0,12.0,1,0,0
Clam Chowder (1 cup),200.0,0.0,1.0,2.0,870.0,9.0,10.0,1,1,0
Iced Tea (Sweetened 16oz),180.0,0.0,0.0,46.0,15.0,0.0,0.0,1,0,1
Lasagna (1 serving meat),350.0,0.0,4.0,7.0,850.0,17.0,20.0,1,1,0
Garlic Bread (1 slice),150.0,0.0,1.0,1.0,310.0,7.0,4.0,1,1,0
Chocolate Milk (1 cup),200.0,0.0,1.0,24.0,160.0,8.0,8.0,1,0,0
White Bread (1 slice),70.0,0.0,0.6,1.2,140.0,1.0,2.0,1,1,1
Jelly (1 tbsp grape),50.0,0.0,0.1,12.0,5.0,0.0,0.0,1,1,1
Veggie Burger (1 patty),120.0,0.0,5.0,1.0,350.0,4.0,11.0,0,1,0
Bun (hamburger),140.0,0.0,1.0,4.0,260.0,2.0,4.0,0,1,0
Ketchup (1 tbsp),20.0,0.0,0.2,4.0,160.0,0.1,0.2,1,1,0
Muffin (Blueberry 1 large),380.0,0.0,2.0,30.0,350.0,16.0,5.0,1,0,0
Coffee (with cream/sugar),50.0,0.0,0.0,4.5,10.0,3.0,0.5,1,1,1
Potato Chips (1 oz),160.0,0.0,1.0,0.5,170.0,10.0,2.0,1,1,0
Tzatziki Sauce (2 tbsp),30.0,0.0,0.0,1.5,100.0,2.0,1.5,1,1,1
Scallops (3oz seared),95.0,0.0,0.0,0.0,180.0,1.0,17.0,1,1,0
Risotto (Mushroom 1 cup),250.0,0.0,3.0,3.0,600.0,9.0,7.0,1,1,0
Caprese Salad,240.0,0.0,2.0,5.0,350.0,18.0,10.0,1,1,0
Balsamic Vinaigrette (2 tbsp),90.0,0.0,0.0,2.5,300.0,9.0,0.0,1,1,0
Cherries (1 cup),77.0,0.0,2.5,15.0,0.0,0.5,1.6,1,1,1
Turkey Bacon (2 slices),70.0,0.0,0.0,0.5,360.0,5.0,6.0,0,1,0
Grits (1 cup cooked),150.0,0.0,2.0,0.5,320.0,1.0,3.0,1,1,0
Butter (1 tbsp),100.0,0.0,0.0,0.0,82.0,11.0,0.1,1,1,1
Meatball Sub (6 inch),580.0,0.0,6.0,10.0,1200.0,27.0,28.0,1,1,0
Kiwifruit (1 medium),46.0,0.0,2.3,6.7,2.0,0.4,0.9,1,1,1
Beef Jerky (1 oz),116.0,0.0,0.5,2.5,590.0,7.2,9.4,0,1,0
Figs (2 medium),74.0,0.0,2.9,16.2,2.0,0.3,0.6,1,0,1
Lobster (3oz steamed),76.0,0.0,0.0,0.0,250.0,0.7,16.0,1,1,0
Melted Butter (for lobster),200.0,0.0,0.0,0.0,164.0,22.0,0.2,1,1,0
Corn on the Cob (1 large),125.0,0.0,3.0,5.0,2.0,1.5,5.0,1,1,1
Vegetable Soup (1 can),140.0,0.0,6.0,8.0,780.0,4.0,4.0,1,1,0
Saltine Crackers (5 crackers),60.0,0.0,0.5,0.0,140.0,1.5,1.0,1,1,1
Mango (1 cup slices),99.0,0.0,2.6,22.5,2.0,0.6,1.4,1,0,1
Cheesecake (1 slice),320.0,0.0,1.0,20.0,280.0,21.0,5.0,1,0,0
Pad Thai (Chicken 1.5 cups),550.0,0.0,5.0,10.0,950.0,22.0,25.0,0,1,0
Spring Roll (Veg 2 rolls),180.0,0.0,3.0,3.0,450.0,7.0,4.0,1,1,0
Coconut Water (1 cup),46.0,0.0,2.6,6.3,252.0,0.5,1.7,1,1,0
Kimchi (1/2 cup),22.0,0.0,2.4,1.5,750.0,0.4,1.7,1,1,0
Sashimi (Salmon 3 pcs),120.0,0.0,0.0,0.0,45.0,5.0,18.0,0,1,1
Wasabi (1 tsp),10.0,0.0,0.3,1.0,40.0,0.1,0.1,1,1,1
Seaweed Salad (1/2 cup),60.0,0.0,2.0,4.0,350.0,3.0,2.0,1,1,0
French Onion Soup (1 cup),150.0,0.0,2.0,5.0,800.0,7.0,6.0,1,1,0
Croutons (1/4 cup),50.0,0.0,0.5,0.5,140.0,2.0,1.5,1,1,1
Shepherd's Pie (1 serving),400.0,0.0,6.0,7.0,850.0,20.0,20.0,1,1,0
Green Peas (1/2 cup),62.0,0.0,4.4,4.2,2.0,0.2,4.1,1,1,1
Apple Pie (1 slice),410.0,0.0,3.0,25.0,320.0,19.0,3.0,1,0,0
Gin & Tonic (1 drink),170.0,0.0,0.0,13.0,2.0,0.0,0.0,1,1,1
Red Wine (5 oz glass),125.0,0.0,0.0,0.9,6.0,0.0,0.1,1,1,1
Halibut (4oz baked),125.0,0.0,0.0,0.0,60.0,2.5,24.0,1,1,1
Quinoa Salad (1 cup),260.0,0.0,6.0,4.0,300.0,12.0,9.0,1,1,0
Lemonade (1 cup),99.0,0.0,0.1,25.0,30.0,0.0,0.1,1,0,1
Pistachios (1 oz shelled),159.0,0.0,3.0,2.2,2.0,12.8,5.7,1,1,1
Oat Milk (1 cup),120.0,0.0,2.0,7.0,100.0,5.0,3.0,1,1,1
Biscuits and Gravy (1 serving),480.0,0.0,2.0,3.0,1100.0,28.0,10.0,1,1,0
Avocado (1/2 fruit),160.0,0.0,6.7,0.7,7.0,14.7,2.0,1,1,1
Corn Flakes (1 cup),100.0,0.0,1.0,3.0,200.0,0.0,2.0,1,1,0
T-Bone Steak (6oz),460.0,0.0,0.0,0.0,110.0,33.0,38.0,0,1,1
Creamed Spinach (1/2 cup),190.0,0.0,3.0,2.0,450.0,16.0,5.0,1,1,0
Pecans (1 oz),196.0,0.0,2.7,1.1,0.0,20.4,2.6,1,1,1
Fruit Cocktail (canned 1 cup),110.0,0.0,2.0,26.0,10.0,0.0,1.0,1,0,1
Ramen (Instant 1 pack),380.0,0.0,2.0,2.0,1580.0,14.0,9.0,1,1,0
Mocha Latte (16oz),360.0,0.0,2.0,42.0,150.0,15.0,12.0,1,0,0
Cucumber Slices (1 cup),16.0,0.0,0.5,1.7,2.0,0.1,0.7,1,1,1
Feta Cheese (1 oz),75.0,0.0,0.0,0.7,316.0,6.1,4.0,1,1,0
Olives (Kalamata 5 large),35.0,0.0,0.5,0.0,210.0,3.5,0.2,1,1,0
Chicken Alfredo (1.5 cups),680.0,0.0,4.0,5.0,980.0,38.0,35.0,0,1,0
Breadstick (1 large),160.0,0.0,1.0,2.0,350.0,3.0,4.0,1,1,0
Cobb Salad,510.0,0.0,7.0,6.0,800.0,38.0,30.0,1,1,0
Blue Cheese Dressing (2 tbsp),150.0,0.0,0.0,1.0,320.0,16.0,1.0,1,1,0
Mandarin Orange (1 medium),37.0,0.0,1.3,7.3,1.0,0.2,0.6,1,1,1
Cashews (1 oz roasted),163.0,0.0,0.9,1.4,140.0,13.1,4.3,1,1,1
Eggo Waffle (2 waffles),180.0,0.0,1.0,4.0,400.0,5.0,4.0,1,1,0
Diet Soda (1 can),0.0,0.0,0.0,0.0,40.0,0.0,0.0,1,0,1
Pulled Pork Sandwich,480.0,0.0,3.0,15.0,900.0,20.0,25.0,0,1,0
Macadamia Nuts (1 oz),204.0,0.0,2.4,1.3,1.0,21.5,2.2,1,1,1
Crab Cakes (2 medium),340.0,0.0,1.0,2.0,700.0,20.0,20.0,0,0,0
Tartar Sauce (2 tbsp),60.0,0.0,0.1,1.5,180.0,5.5,0.2,1,1,0
Lemon Bar (1 square),150.0,0.0,0.5,15.0,80.0,6.0,1.5,1,1,1
Almond Milk (Unsweetened 1 cup),30.0,0.0,1.0,0.0,160.0,2.5,1.0,1,0,0
Rice Krispies (1.5 cups),160.0,0.0,0.5,4.0,290.0,0.5,3.0,1,1,0
Sugar (1 tsp for cereal),16.0,0.0,0.0,4.0,0.0,0.0,0.0,1,1,1
Tuna (Canned 3oz in water),90.0,0.0,0.0,0.0,250.0,1.0,20.0,0,1,0
Mayonnaise (1 tbsp),90.0,0.0,0.0,0.1,70.0,10.0,0.1,1,1,1
Pickle (1 spear dill),5.0,0.0,0.3,0.5,300.0,0.1,0.2,1,1,0
Lobster Bisque (1 cup),250.0,0.0,1.0,3.0,850.0,18.0,8.0,1,1,0
Reuben Sandwich,650.0,0.0,5.0,6.0,1500.0,40.0,28.0,1,1,0
Sauerkraut (1/4 cup side),7.0,0.0,1.0,0.6,234.0,0.0,0.3,1,1,0
Mushroom (White 1 cup sliced),15.0,0.0,0.7,1.4,4.0,0.2,2.2,1,1,1
Soy Milk (Original 1 cup),110.0,0.0,2.0,6.0,125.0,4.5,8.0,1,1,1
Chicken Tikka Masala (1.5 cups),480.0,0.0,5.0,8.0,900.0,30.0,30.0,0,1,0
Naan Bread (1 piece),260.0,0.0,2.0,3.0,450.0,5.0,8.0,1,1,0
Cucumber Salad (1/2 cup),40.0,0.0,1.0,4.0,200.0,2.0,1.0,1,1,0
Vodka Soda (1 drink),100.0,0.0,0.0,0.0,5.0,0.0,0.0,1,0,1
Chocolate Croissant,350.0,0.0,3.0,15.0,300.0,19.0,6.0,1,0,0
Sweet & Sour Chicken (1 cup),380.0,0.0,3.0,25.0,750.0,15.0,18.0,0,0,0
Egg Drop Soup (1 cup),65.0,0.0,0.5,1.0,780.0,2.0,5.0,1,1,0
String Cheese (1 stick),80.0,0.0,0.0,0.0,210.0,6.0,6.0,1,1,0
Turkey Burger (1 patty),160.0,0.0,0.0,1.0,400.0,8.0,22.0,0,1,0
"Mustard (1 tbsp,  yellow)",10.0,0.0,0.5,0.0,160.0,0.5,0.5,1,1,0
Potato Salad (1/2 cup),180.0,0.0,2.0,3.0,500.0,11.0,2.0,1,1,0
Cranberry Juice (1 cup),130.0,0.0,0.0,30.0,10.0,0.0,0.0,1,0,1
"Spinach (1 cup,  raw)",7.0,0.0,0.7,0.1,24.0,0.1,0.9,1,1,1
Chicken Piccata (1 serving),350.0,0.0,1.0,2.0,600.0,20.0,30.0,0,1,0
Angel Hair Pasta (1 cup),200.0,0.0,2.0,1.0,1.0,1.0,7.0,1,1,1
Olive Oil (1 tbsp),120.0,0.0,0.0,0.0,0.0,14.0,0.0,1,1,1
Garlic (1 clove),4.0,0.0,0.1,0.0,1.0,0.0,0.2,1,1,1
Salami (3 slices),110.0,0.0,0.0,0.5,500.0,9.0,6.0,1,1,0
Provolone Cheese (1 slice),100.0,0.0,0.0,0.5,250.0,8.0,7.0,1,1,0
Ginger Ale (1 can),124.0,0.0,0.0,31.0,40.0,0.0,0.0,1,0,1
Shrimp Scampi (1 cup),380.0,0.0,3.0,3.0,750.0,15.0,22.0,0,1,0
Tiramisu (1 slice),450.0,0.0,2.0,25.0,150.0,28.0,7.0,1,0,0
Cereal Bar (Fruit),140.0,0.0,1.0,15.0,110.0,3.0,2.0,1,1,1
Veal Parmesan (1 serving),550.0,0.0,4.0,7.0,1100.0,30.0,40.0,1,1,0
Spaghetti (side),100.0,0.0,1.0,0.5,0.0,0.5,3.5,1,1,1
Hot Chocolate (1 cup),200.0,0.0,2.0,25.0,160.0,8.0,3.0,1,0,0
Coconut Shrimp (5 pcs),320.0,0.0,3.0,8.0,600.0,20.0,10.0,0,1,0
Sweet Chili Sauce (2 tbsp),70.0,0.0,0.5,16.0,450.0,0.0,0.0,1,0,0
White Wine (5 oz glass),121.0,0.0,0.0,1.4,5.0,0.0,0.1,1,1,1
Trail Mix (1/4 cup),190.0,0.0,3.0,14.0,50.0,12.0,5.0,1,1,1
Onion Rings (6 rings),280.0,0.0,3.0,4.0,500.0,16.0,4.0,1,1,0
Poached Egg (1 large),72.0,0.0,0.0,0.4,140.0,4.8,6.3,1,1,1
Canadian Bacon (2 slices),80.0,0.0,0.0,1.0,650.0,3.0,12.0,0,1,0
Eggs Benedict (1 serving),600.0,0.0,3.0,4.0,1100.0,40.0,25.0,1,1,0
Hollandaise Sauce (2 tbsp),110.0,0.0,0.0,0.2,150.0,12.0,1.0,1,1,0
Spinach Artichoke Dip (1/4 cup),160.0,0.0,2.0,2.0,350.0,14.0,5.0,1,1,0
Tortilla Chips (1 oz),140.0,0.0,2.0,0.5,120.0,7.0,2.0,1,1,1
Chicken Kebab (2 skewers),280.0,0.0,3.0,4.0,500.0,14.0,30.0,0,1,0
Bell Peppers & Onions (sautéed),60.0,0.0,3.0,6.0,30.0,2.0,1.5,1,1,1
Hummus Wrap (large),450.0,0.0,12.0,5.0,800.0,18.0,15.0,1,1,0
Kombucha (1 cup),30.0,0.0,0.0,6.0,10.0,0.0,0.0,1,1,1
Beef Stroganoff (1.5 cups),550.0,0.0,4.0,6.0,900.0,28.0,30.0,0,1,0
Egg Noodles (1 cup cooked),220.0,0.0,2.0,2.0,20.0,3.0,8.0,1,1,1
Cottage Cheese (1 cup low fat),160.0,0.0,0.0,4.0,820.0,2.5,28.0,1,1,0
Tomato (1 medium sliced),22.0,0.0,1.5,3.2,6.0,0.2,1.1,1,1,1
Black Pepper (1 tsp),6.0,0.0,0.6,0.0,0.0,0.1,0.2,1,1,1
Chocolate Pudding (1/2 cup),150.0,0.0,2.0,22.0,130.0,4.0,2.0,1,0,1
Mackerel (3oz cooked),175.0,0.0,0.0,0.0,75.0,12.0,16.0,1,1,1
Collard Greens (1 cup cooked),60.0,0.0,7.0,1.0,40.0,1.0,5.0,1,1,1
Ham (3oz deli sliced),110.0,0.0,0.0,1.5,950.0,4.0,16.0,0,1,0
Swiss Cheese (1 slice),106.0,0.0,0.0,0.4,54.0,8.0,7.6,1,1,1
Rye Bread (1 slice),83.0,0.0,1.9,1.2,170.0,1.1,2.7,1,1,0
Potato Leek Soup (1 cup),180.0,0.0,3.0,4.0,650.0,7.0,4.0,1,1,0
Brie Cheese (1 oz),95.0,0.0,0.0,0.1,178.0,7.9,6.0,1,1,0
Water Cracker (5 crackers),70.0,0.0,0.5,0.0,150.0,1.5,1.5,1,1,0
Grapefruit (1/2 medium),52.0,0.0,2.0,8.5,0.0,0.2,1.1,1,1,1
Veggie Straws (1 oz),130.0,0.0,1.0,1.0,220.0,7.0,1.0,1,1,0
Fish Tacos (2 tacos),420.0,0.0,6.0,5.0,700.0,18.0,25.0,0,1,0
Cabbage Slaw (side),60.0,0.0,2.0,5.0,120.0,3.0,1.0,1,1,1
Lime (juice of 1),11.0,0.0,0.4,0.7,1.0,0.0,0.2,1,1,1
Beer (12 oz light),103.0,0.0,0.0,0.3,10.0,0.0,0.9,1,1,1
Danish (Cheese 1 medium),340.0,0.0,2.0,16.0,300.0,18.0,7.0,1,0,0
Kefir (Plain 1 cup),104.0,0.0,0.0,9.0,100.0,2.5,10.0,1,1,1
Gnocchi (1 cup),210.0,0.0,3.0,2.0,480.0,1.5,4.5,1,1,0
Pesto Sauce (1/4 cup),260.0,0.0,2.0,1.0,550.0,26.0,5.0,1,1,0
Pine Nuts (1 tbsp),95.0,0.0,0.5,0.5,0.0,10.0,2.0,1,1,1
Chai Latte (12 oz),190.0,0.0,1.0,30.0,105.0,4.0,7.0,1,0,1
Manicotti (2 shells cheese),380.0,0.0,4.0,7.0,650.0,18.0,20.0,1,1,0
Italian Sausage (1 link),200.0,0.0,0.0,1.0,550.0,16.0,12.0,0,1,0
Jicama (1 cup sticks),46.0,0.0,5.8,2.1,5.0,0.1,0.9,1,1,1
Chili Powder (1 tsp),8.0,0.0,0.9,0.2,10.0,0.4,0.3,1,1,1
Ants on a Log (4 pcs),180.0,0.0,3.0,7.0,120.0,12.0,6.0,1,1,1
Split Pea Soup (1 cup),180.0,0.0,10.0,6.0,700.0,2.0,11.0,1,1,0
Ham & Cheese Croissant,400.0,0.0,2.0,6.0,750.0,22.0,15.0,0,1,0
Espresso (double shot),5.0,0.0,0.0,0.0,1.0,0.1,0.5,1,1,1
Ricotta Cheese (1/4 cup),85.0,0.0,0.0,1.0,50.0,6.0,5.5,1,1,1
Chicken & Rice Soup (1 can),130.0,0.0,2.0,2.0,850.0,3.0,7.0,0,1,0
Salt (1/4 tsp),0.0,0.0,0.0,0.0,580.0,0.0,0.0,1,1,0
Guava,68.0,0.0,5.4,8.9,3.0,0.9,2.6,1,1,1
Club Sandwich,580.0,0.0,5.0,7.0,1300.0,30.0,35.0,1,1,0
Pickle (1 whole dill),17.0,0.0,1.5,1.7,1200.0,0.2,0.8,1,1,0
Turkey Chili (1 cup),250.0,0.0,8.0,6.0,750.0,7.0,22.0,0,1,0
Sour Cream (2 tbsp),60.0,0.0,0.0,0.8,25.0,5.8,0.8,1,1,1
Shredded Cheese (Cheddar 1/4 cup),115.0,0.0,0.0,0.5,180.0,9.5,7.0,1,1,0
Matcha Latte (12 oz),180.0,0.0,2.0,25.0,90.0,5.0,6.0,1,0,1
Chocolate Donut (1 medium),300.0,0.0,2.0,18.0,230.0,17.0,4.0,1,0,0
Tuna Melt,450.0,0.0,3.0,4.0,900.0,25.0,25.0,0,1,0
Apple Cider (1 cup),117.0,0.0,0.5,27.0,10.0,0.3,0.1,1,0,1
Beef Burrito (large),650.0,0.0,10.0,5.0,1400.0,28.0,30.0,0,1,0
Pico de Gallo (1/4 cup),15.0,0.0,1.0,2.0,200.0,0.0,0.5,1,1,0
Corn Tortilla (1 medium),52.0,0.0,1.5,0.2,4.0,0.7,1.4,1,1,1
Mussels (3oz steamed),146.0,0.0,0.0,0.0,310.0,4.0,20.0,1,1,0
White Wine Sauce (1/4 cup),80.0,0.0,0.5,2.0,300.0,6.0,1.0,1,1,0
French Bread (2 slices),180.0,0.0,2.0,2.0,380.0,1.0,6.0,1,1,0
Blackberries (1 cup),62.0,0.0,7.6,4.9,1.0,0.7,2.0,1,1,1
Cheese Danish,340.0,0.0,2.0,16.0,300.0,18.0,7.0,1,0,0
Chicken Salad Sandwich,420.0,0.0,3.0,5.0,850.0,20.0,20.0,0,1,0
Soyrizo (2 oz),140.0,0.0,3.0,2.0,450.0,9.0,10.0,1,1,0
Hash Browns (1 cup),330.0,0.0,3.0,1.0,550.0,19.0,3.0,1,1,0
Ketchup (1 packet),10.0,0.0,0.1,2.0,90.0,0.0,0.1,1,1,1
Philly Cheesesteak (6 inch),500.0,0.0,3.0,5.0,1100.0,28.0,25.0,0,1,0
Cheese Whiz (2 tbsp),90.0,0.0,0.0,2.0,540.0,7.0,4.0,1,1,0
Onions (sautéed 1/4 cup),30.0,0.0,1.0,3.0,5.0,1.0,0.5,1,1,1
Raspberries (1 cup),64.0,0.0,8.0,5.4,1.0,0.8,1.5,1,1,1
Cheesy Grits (1 cup),210.0,0.0,2.0,1.0,550.0,6.0,6.0,1,1,0
Collard Greens (with ham hock),180.0,0.0,8.0,3.0,600.0,9.0,10.0,0,1,0
Fried Okra (1 cup),220.0,0.0,5.0,3.0,450.0,12.0,4.0,1,1,0
Sweet Tea (16 oz),180.0,0.0,0.0,46.0,15.0,0.0,0.0,1,0,1
Gyro (1 sandwich),600.0,0.0,5.0,6.0,1200.0,30.0,25.0,1,1,0
Pita Bread (White 1 large),220.0,0.0,2.0,2.0,440.0,2.0,7.0,1,1,0
Baklava (1 piece),280.0,0.0,2.0,20.0,80.0,18.0,3.0,1,0,1
Coconut (shredded 1/4 cup),110.0,0.0,2.0,1.5,3.0,10.5,1.0,1,1,1
S'more (1 serving),140.0,0.0,1.0,15.0,90.0,4.0,2.0,1,1,1
Graham Cracker (1 large rectangle),60.0,0.0,0.5,4.0,70.0,1.5,1.0,0,1,1
Marshmallow (1 large),23.0,0.0,0.0,4.0,5.0,0.0,0.1,1,1,1
Chocolate (Hershey's bar 1 segment),25.0,0.0,0.2,2.8,4.0,1.5,0.3,1,0,1
Chicken Parm Sandwich,650.0,0.0,6.0,9.0,1400.0,30.0,40.0,0,1,0
Mozzarella (1 slice),80.0,0.0,0.0,0.5,150.0,6.0,6.0,1,1,0
Bread Roll (hoagie),200.0,0.0,2.0,3.0,400.0,2.0,6.0,1,1,0
Artichoke (1 medium steamed),60.0,0.0,6.9,1.2,112.0,0.2,4.2,1,1,1
Mayonnaise (1 tbsp for dipping),90.0,0.0,0.0,0.1,70.0,10.0,0.1,1,1,1
Calamari (fried 3oz),150.0,0.0,1.0,1.0,600.0,7.0,13.0,1,1,0
Lemon Wedge (for calamari),3.0,0.0,0.3,0.2,0.0,0.0,0.1,1,1,1
Root Beer (1 can),150.0,0.0,0.0,40.0,55.0,0.0,0.0,1,0,1
Chicken McNuggets (6 pcs),270.0,0.0,1.0,0.0,500.0,16.0,15.0,0,1,0
BBQ Sauce (2 tbsp),60.0,0.0,0.5,12.0,350.0,0.0,0.5,1,1,0
Honey (1 tbsp),64.0,0.0,0.0,17.2,1.0,0.0,0.1,1,0,1
Tofu Scramble,250.0,0.0,4.0,3.0,300.0,16.0,20.0,1,1,0
Turmeric (1 tsp),9.0,0.0,0.7,0.1,1.0,0.1,0.3,1,1,1
Nutritional Yeast (1 tbsp),20.0,0.0,1.0,0.0,10.0,0.0,3.0,1,1,1
Seitan (3oz),90.0,0.0,1.0,1.0,300.0,1.0,18.0,1,1,0
Vegetable Broth (1 cup),15.0,0.0,1.0,2.0,550.0,0.0,1.0,1,1,0
Mashed Cauliflower (1 cup),140.0,0.0,5.0,4.0,400.0,8.0,5.0,1,1,0
Peanut Sauce (2 tbsp),80.0,0.0,1.0,3.0,250.0,6.0,2.0,1,1,0
Tempeh (3oz),160.0,0.0,5.0,0.0,10.0,9.0,16.0,1,1,1
Sauerkraut (1/2 cup),14.0,0.0,2.0,1.2,468.0,0.1,0.7,1,1,0
Rye Crispbread (2 slices),70.0,0.0,3.0,0.0,120.0,0.5,2.0,1,1,1
Capers (1 tbsp),2.0,0.0,0.3,0.1,200.0,0.1,0.2,1,1,0
Chicken Liver (2 oz cooked),91.0,0.0,0.0,0.0,50.0,3.6,13.6,0,1,1
Onion (1/2 cup raw chopped),32.0,0.0,1.4,3.8,3.0,0.1,0.9,1,1,1
Bok Choy (1 cup steamed),10.0,0.0,1.0,1.0,40.0,0.1,1.5,1,1,1
Gummy Bears (10 pcs),100.0,0.0,0.0,15.0,10.0,0.0,2.0,1,1,1
Whiskey (1.5 oz shot),105.0,0.0,0.0,0.1,1.0,0.0,0.0,1,1,1
Dates (2 medium Medjool),133.0,0.0,3.2,32.0,1.0,0.1,0.8,1,0,1
Tahini (1 tbsp),89.0,0.0,1.4,0.1,17.0,8.0,2.6,1,1,1
Chickpeas (1/2 cup canned),135.0,0.0,6.0,3.0,250.0,2.0,7.0,1,1,0
Lettuce (Romaine 2 cups),16.0,0.0,2.0,1.0,10.0,0.3,1.0,1,1,1
Italian Dressing (2 tbsp),70.0,0.0,0.0,2.0,300.0,7.0,0.0,1,1,0
Turkey Sausage (1 patty),70.0,0.0,0.0,0.5,280.0,4.0,9.0,0,1,0
Maple Syrup (1 tbsp),52.0,0.0,0.0,12.0,1.0,0.0,0.0,1,0,1
"Margarita (1 drink,  4oz)",200.0,0.0,0.1,19.0,5.0,0.0,0.1,1,0,1
Quesadilla (Cheese 1 medium),400.0,0.0,3.0,2.0,700.0,22.0,18.0,1,1,0
Sour Cream (1 tbsp),30.0,0.0,0.0,0.4,12.0,2.9,0.4,1,1,1
Salsa (2 tbsp),10.0,0.0,0.5,1.0,120.0,0.0,0.5,1,1,1
Red Cabbage (1 cup raw),22.0,0.0,1.6,2.8,8.0,0.1,1.1,1,1,1
Duck (3oz roasted),285.0,0.0,0.0,0.0,65.0,24.0,16.0,0,1,1
Orange Sauce (1/4 cup for duck),90.0,0.0,0.5,20.0,200.0,0.0,0.5,0,0,0
Wild Rice (1 cup cooked),166.0,0.0,3.0,1.2,5.0,0.6,6.5,1,1,1
Cupcake (Vanilla 1 medium),240.0,0.0,1.0,25.0,200.0,11.0,2.0,1,0,0
Frosting (Vanilla 2 tbsp),140.0,0.0,0.0,22.0,65.0,6.0,0.0,1,0,1
Hot Sauce (1 tsp Tabasco),0.0,0.0,0.0,0.0,35.0,0.0,0.0,1,1,1
Bison Burger (1 patty),150.0,0.0,0.0,0.0,65.0,7.0,22.0,0,1,1
Pretzel Bun (1 medium),230.0,0.0,2.0,4.0,550.0,2.0,8.0,1,1,0
Spicy Mustard (1 tbsp),10.0,0.0,0.5,0.0,120.0,0.5,0.5,1,1,1
Pasta Salad (1 cup),280.0,0.0,4.0,5.0,450.0,14.0,8.0,1,1,0
Pepperoncini (2 peppers),10.0,0.0,1.0,1.0,350.0,0.0,0.5,1,1,0
Coconut Milk (1/4 cup canned),111.0,0.0,0.5,1.5,8.0,11.6,1.1,1,1,1
Green Curry Paste (1 tbsp),30.0,0.0,1.0,1.0,400.0,2.5,0.5,1,1,0
Chicken Thigh (1 roasted),210.0,0.0,0.0,0.0,90.0,13.0,24.0,0,1,1
Jasmine Rice (1 cup cooked),205.0,0.0,0.6,0.0,2.0,0.4,4.3,1,1,1
Thai Iced Tea (1 glass),250.0,0.0,0.0,33.0,50.0,12.0,3.0,1,0,1
Papaya (1 cup cubes),62.0,0.0,2.5,11.0,12.0,0.4,0.6,1,1,1
Lime Juice (1 tbsp),4.0,0.0,0.1,0.2,0.0,0.0,0.1,1,1,1
Macaroni Salad (1 cup),380.0,0.0,3.0,6.0,750.0,25.0,8.0,1,1,0
Celery (1 stalk),6.0,0.0,0.6,0.5,32.0,0.1,0.3,1,1,1
Blue Cheese (1 oz),100.0,0.0,0.0,0.1,325.0,8.0,6.0,1,1,0
Dark Chocolate (1 oz 70%),170.0,0.0,3.0,7.0,5.0,12.0,2.2,1,0,1
Acai Bowl (1 serving),350.0,0.0,10.0,30.0,40.0,12.0,5.0,1,0,1
Granola (1/4 cup topping),120.0,0.0,3.0,7.0,20.0,6.0,3.0,1,1,1
Coconut Flakes (1 tbsp topping),35.0,0.0,0.7,0.5,1.0,3.3,0.3,1,1,1
Honey (1 tsp drizzle),21.0,0.0,0.0,5.8,0.0,0.0,0.0,1,1,1
Shrimp Cocktail (4 large shrimp),60.0,0.0,0.0,0.5,300.0,1.0,10.0,0,1,0
Cocktail Sauce (2 tbsp),30.0,0.0,0.5,5.0,450.0,0.0,0.5,1,1,0
Pork Bun (1 steamed),220.0,0.0,2.0,6.0,400.0,8.0,8.0,0,1,0
Dim Sum (Siu Mai 3 pcs),180.0,0.0,2.0,1.0,550.0,10.0,12.0,1,1,0
Soy Sauce (1 tbsp for dipping),9.0,0.0,0.1,0.4,920.0,0.0,1.0,1,1,0
Oyster (1 medium raw),8.0,0.0,0.0,0.0,50.0,0.2,1.0,1,1,1
Mignonette Sauce (1 tbsp),5.0,0.0,0.0,0.5,30.0,0.0,0.0,1,1,1
Beef Pho (1 large bowl),450.0,0.0,4.0,5.0,1500.0,12.0,30.0,0,1,0
Bean Sprouts (1/4 cup garnish),8.0,0.0,0.4,1.0,1.0,0.1,0.8,1,1,1
Thai Basil (garnish),1.0,0.0,0.0,0.0,0.0,0.0,0.1,1,1,1
Lime Wedge (garnish),3.0,0.0,0.3,0.2,0.0,0.0,0.1,1,1,1
Jalapeno (1 tbsp sliced),4.0,0.0,0.4,0.5,1.0,0.1,0.1,1,1,1
Hoisin Sauce (1 tbsp),35.0,0.0,0.1,5.0,220.0,0.2,0.3,1,1,0
Sriracha (1 tsp),5.0,0.0,0.1,0.8,80.0,0.1,0.1,1,1,1
Crepe (1 plain),90.0,0.0,0.5,3.0,100.0,2.0,3.5,1,1,1
Nutella (1 tbsp),100.0,0.0,1.0,10.0,10.0,6.0,1.5,1,1,1
Powdered Sugar (1 tsp),10.0,0.0,0.0,2.5,0.0,0.0,0.0,1,1,1
Sake (3 oz),117.0,0.0,0.0,0.0,4.0,0.0,0.4,1,1,1
Edamame (in pod 1 cup),120.0,0.0,5.0,2.0,9.0,5.0,11.0,1,1,1
Sea Salt (coarse 1/4 tsp),0.0,0.0,0.0,0.0,550.0,0.0,0.0,1,1,0
Biryani (Chicken 1.5 cups),520.0,0.0,5.0,6.0,900.0,18.0,28.0,0,1,0
Raita (2 tbsp),30.0,0.0,0.5,1.5,100.0,2.0,1.0,1,1,1
Lassi (Mango 1 cup),180.0,0.0,1.0,28.0,60.0,4.0,5.0,1,0,1
Samosa (1 piece vegetable),130.0,0.0,2.0,1.0,300.0,6.0,2.0,1,1,0
Tamarind Chutney (1 tbsp),20.0,0.0,0.5,4.0,120.0,0.0,0.1,1,1,1
Mint Chutney (1 tbsp),5.0,0.0,0.3,0.2,150.0,0.0,0.2,1,1,0
Pani Puri (6 pcs),200.0,0.0,3.0,2.0,400.0,5.0,4.0,1,1,0
Passion Fruit (1 fruit),17.0,0.0,1.9,2.0,5.0,0.1,0.4,1,1,1
Kimchi Jjigae (1 bowl),350.0,0.0,5.0,6.0,1200.0,22.0,15.0,1,1,0
Silken Tofu (3oz in soup),45.0,0.0,0.5,1.0,5.0,2.5,5.0,1,1,1
Pork Belly (1 oz in soup),145.0,0.0,0.0,0.0,150.0,15.0,3.0,0,1,0
Gochugaru (1 tsp),10.0,0.0,0.5,0.3,1.0,0.3,0.3,1,1,1
Gochujang (1 tbsp),30.0,0.0,0.5,4.0,200.0,0.0,0.5,1,1,0
Sesame Oil (1 tsp),40.0,0.0,0.0,0.0,0.0,4.5,0.0,1,1,1
Fish Sauce (1 tsp),5.0,0.0,0.0,0.4,450.0,0.0,0.4,0,1,0
"Sugar (1 tsp,  in broth)",16.0,0.0,0.0,4.0,0.0,0.0,0.0,1,1,1
Green Onion (1 tbsp garnish),3.0,0.0,0.2,0.2,0.0,0.0,0.2,1,1,1
Kombucha (16 oz),60.0,0.0,0.0,12.0,20.0,0.0,0.0,1,1,1
Beef Wellington (1 slice),600.0,0.0,4.0,4.0,850.0,38.0,30.0,0,1,0
Pate (Mushroom 2 tbsp),70.0,0.0,1.0,1.0,100.0,7.0,1.0,1,1,1
Puff Pastry (1 oz wrapper),115.0,0.0,0.5,0.0,100.0,8.0,1.5,1,1,1
Prosciutto (1 slice),35.0,0.0,0.0,0.0,280.0,2.5,4.0,1,1,0
Asparagus (6 spears roasted),40.0,0.0,3.0,2.0,150.0,2.0,4.0,1,1,0
Hollandaise Sauce (1 tbsp),55.0,0.0,0.0,0.1,75.0,6.0,0.5,1,1,1
Flan (1 slice),220.0,0.0,0.0,33.0,80.0,7.0,6.0,1,0,1
Caramel Sauce (1 tbsp),60.0,0.0,0.0,12.0,30.0,1.0,0.0,1,1,1
Congee (1 cup plain),130.0,0.0,1.0,0.5,300.0,1.0,2.5,1,1,0
Pickled Radish (1/4 cup),15.0,0.0,1.0,2.0,250.0,0.0,0.5,1,1,0
Pork Floss (1 tbsp),50.0,0.0,0.0,2.5,150.0,2.0,4.0,0,1,0
Century Egg (1 egg),100.0,0.0,0.0,0.5,300.0,7.0,7.0,1,1,0
Arugula (2 cups),10.0,0.0,0.4,0.4,6.0,0.2,1.0,1,1,1
Goat Cheese (1 oz),103.0,0.0,0.0,0.1,146.0,8.5,6.1,1,1,0
Beets (1/2 cup roasted),30.0,0.0,1.4,5.8,50.0,0.1,0.8,1,1,1
Walnuts (1 tbsp chopped),46.0,0.0,0.5,0.2,0.0,4.6,1.1,1,1,1
Balsamic Glaze (1 tbsp),40.0,0.0,0.0,8.0,10.0,0.0,0.0,1,1,1
Bobotie (1 serving),450.0,0.0,5.0,15.0,700.0,25.0,25.0,1,1,0
Yellow Rice (1 cup),230.0,0.0,2.0,1.0,300.0,1.0,4.0,1,1,0
Chutney (Mango 1 tbsp),45.0,0.0,0.5,10.0,180.0,0.1,0.1,1,1,0
Malva Pudding (1 slice),380.0,0.0,2.0,40.0,350.0,14.0,5.0,1,0,0
Custard (1/4 cup),80.0,0.0,0.0,8.0,40.0,3.0,3.0,1,1,1
Bubble Tea (16 oz milk tea),320.0,0.0,1.0,60.0,100.0,4.0,2.0,1,0,1
Tapioca Pearls (1/4 cup boba),100.0,0.0,0.0,20.0,5.0,0.0,0.0,1,0,1
Paella (1.5 cups seafood),550.0,0.0,6.0,5.0,1200.0,18.0,30.0,1,1,0
Chorizo (1 oz in paella),130.0,0.0,0.0,0.5,350.0,11.0,6.0,1,1,0
Saffron (pinch),1.0,0.0,0.0,0.0,0.0,0.0,0.0,1,1,1
Aioli (Garlic 1 tbsp),95.0,0.0,0.0,0.1,70.0,10.5,0.1,1,1,1
Gazpacho (1 cup),90.0,0.0,3.0,7.0,600.0,4.0,2.0,1,1,0
Croutons (Garlic 1/4 cup),50.0,0.0,0.5,0.5,140.0,2.0,1.5,1,1,1
Olive Oil (1 tsp garnish),40.0,0.0,0.0,0.0,0.0,4.5,0.0,1,1,1
Churros (2 sticks),240.0,0.0,1.5,10.0,200.0,12.0,3.0,1,1,0
Chocolate Sauce (1 tbsp dipping),50.0,0.0,1.0,8.0,5.0,1.5,0.5,1,0,1
Cinnamon Sugar (1 tsp),20.0,0.0,0.0,5.0,0.0,0.0,0.0,1,1,1
Horchata (1 cup),140.0,0.0,1.0,22.0,30.0,3.0,2.0,1,0,1
Ceviche (1 cup fish),180.0,0.0,3.0,4.0,700.0,2.0,25.0,0,1,0
Red Onion (1/4 cup in ceviche),16.0,0.0,0.4,1.8,1.0,0.0,0.3,1,1,1
Cilantro (2 tbsp garnish),1.0,0.0,0.1,0.0,0.0,0.0,0.1,1,1,1
Corn Nuts (1 oz),130.0,0.0,2.0,0.0,180.0,4.0,2.0,1,1,0
Lomo Saltado (1.5 cups),500.0,0.0,5.0,6.0,1100.0,22.0,35.0,1,1,0
French Fries (as side),200.0,0.0,2.0,0.2,130.0,10.0,2.0,1,1,1
Soy Sauce (1 tbsp in stir-fry),9.0,0.0,0.1,0.4,920.0,0.0,1.0,1,1,0
Aji Amarillo Paste (1 tsp),5.0,0.0,0.5,0.5,50.0,0.0,0.1,1,1,1
Pisco Sour (1 drink),250.0,0.0,0.0,24.0,5.0,0.0,1.0,1,0,1
Egg White (in drink),17.0,0.0,0.0,0.2,55.0,0.0,3.6,1,1,1
Angostura Bitters (dash),5.0,0.0,0.0,0.0,0.0,0.0,0.0,1,1,1
Alfajores (1 cookie),180.0,0.0,1.0,15.0,60.0,10.0,2.0,1,0,1
Dulce de Leche (1 tbsp filling),65.0,0.0,0.0,10.0,30.0,1.5,1.0,1,1,1
Coconut (shredded garnish),10.0,0.0,0.2,0.1,0.0,1.0,0.1,1,1,1
Mate (1 cup),5.0,0.0,0.0,0.0,2.0,0.0,0.2,1,1,1
Media Luna (1 pastry),190.0,0.0,1.0,9.0,150.0,8.0,4.0,1,1,0
Chimichurri (1 tbsp),45.0,0.0,0.2,0.1,100.0,4.5,0.1,1,1,1
Skirt Steak (4oz grilled),240.0,0.0,0.0,0.0,70.0,15.0,26.0,0,1,1
Provoleta (1 oz grilled cheese),100.0,0.0,0.0,0.5,250.0,8.0,7.0,1,1,0
Oregano (1 tsp),3.0,0.0,0.2,0.0,0.0,0.0,0.1,1,1,1
Empanada (Beef 1 medium),290.0,0.0,3.0,3.0,550.0,16.0,10.0,0,1,0
Chicken Milanesa (1 serving),450.0,0.0,3.0,2.0,700.0,22.0,35.0,0,1,0
Mashed Potatoes (side),150.0,0.0,2.0,2.0,300.0,4.0,3.0,1,1,0
Choripan (1 sandwich),550.0,0.0,3.0,4.0,1100.0,35.0,20.0,1,1,0
Baguette (slice),70.0,0.0,0.6,0.5,150.0,0.5,2.5,1,1,0
Pizza (Margherita 1 slice),250.0,0.0,3.0,4.0,600.0,10.0,12.0,1,1,0
Fresh Mozzarella (1 oz),72.0,0.0,0.0,0.3,138.0,5.0,5.0,1,1,1
Basil (2 tbsp fresh),1.0,0.0,0.1,0.0,0.0,0.0,0.1,1,1,1
Carbonara (1.5 cups),650.0,0.0,4.0,4.0,900.0,35.0,25.0,1,1,0
Guanciale (1 oz),170.0,0.0,0.0,0.0,450.0,18.0,3.0,1,1,0
Pecorino Cheese (1 tbsp),25.0,0.0,0.0,0.0,110.0,2.0,1.5,1,1,1
Black Pepper (1/4 tsp),1.0,0.0,0.1,0.0,0.0,0.0,0.0,1,1,1
Egg Yolk (1 large in sauce),55.0,0.0,0.0,0.3,8.0,4.5,2.7,1,1,1
Supplì (1 piece fried rice ball),200.0,0.0,2.0,2.0,400.0,8.0,8.0,1,1,0
Aperol Spritz (1 drink),180.0,0.0,0.0,20.0,10.0,0.0,0.0,1,0,1
Prosecco (3 oz),70.0,0.0,0.0,1.5,5.0,0.0,0.0,1,1,1
Club Soda (2 oz),0.0,0.0,0.0,0.0,20.0,0.0,0.0,1,0,1
Orange Slice (garnish),5.0,0.0,0.2,0.8,0.0,0.0,0.1,1,1,1
Tagliatelle al Ragù (Bolognese),550.0,0.0,7.0,8.0,850.0,20.0,28.0,1,1,0
Ground Beef (2 oz in sauce),140.0,0.0,0.0,0.0,40.0,10.0,11.0,0,1,1
Pancetta (0.5 oz in sauce),45.0,0.0,0.0,0.0,160.0,4.5,1.5,1,1,0
Carrot (1/4 minced in sauce),10.0,0.0,0.7,1.2,17.0,0.1,0.2,1,1,1
Celery (1/4 stalk minced),2.0,0.0,0.2,0.2,12.0,0.0,0.1,1,1,1
Onion (1/8 minced in sauce),5.0,0.0,0.2,0.6,1.0,0.0,0.1,1,1,1
Crushed Tomatoes (1/2 cup sauce),20.0,0.0,1.5,3.0,200.0,0.0,1.0,1,1,0
Parmigiano-Reggiano (1 tbsp),22.0,0.0,0.0,0.0,95.0,1.5,2.0,1,1,1
Cannoli (1 medium),240.0,0.0,1.0,18.0,100.0,13.0,5.0,1,0,1
Ricotta (filling 1 oz),49.0,0.0,0.0,0.1,23.0,3.8,3.2,1,1,1
Pistachio (garnish),10.0,0.0,0.2,0.1,0.0,0.8,0.4,1,1,1
Biscotti (1 cookie),110.0,0.0,1.0,9.0,50.0,4.0,2.0,1,0,1
Espresso (for dipping),2.0,0.0,0.0,0.0,1.0,0.0,0.2,1,1,1
Focaccia (1 square),250.0,0.0,2.0,2.0,500.0,7.0,8.0,1,1,0
Rosemary (1 tsp topping),1.0,0.0,0.1,0.0,0.0,0.0,0.0,1,1,1
Coarse Salt (garnish),0.0,0.0,0.0,0.0,200.0,0.0,0.0,1,1,0
Olive Oil (1 tbsp drizzle),120.0,0.0,0.0,0.0,0.0,14.0,0.0,1,1,1
Bruschetta (2 pcs),180.0,0.0,3.0,4.0,350.0,7.0,4.0,1,1,0
Balsamic Glaze (1 tsp),13.0,0.0,0.0,2.7,3.0,0.0,0.0,1,1,1
Ribollita (1.5 cups soup),350.0,0.0,14.0,10.0,900.0,8.0,15.0,1,1,0
Cannellini Beans (1/2 cup in soup),105.0,0.0,6.0,1.0,230.0,0.5,7.0,1,1,0
Kale (1 cup in soup),33.0,0.0,2.0,1.0,29.0,0.6,2.9,1,1,1
Stale Bread (1/2 cup in soup),80.0,0.0,1.0,1.5,160.0,1.0,3.0,1,1,0
Polenta (1 cup creamy),150.0,0.0,3.0,1.0,350.0,1.0,3.0,1,1,0
Gorgonzola Cheese (1 oz),100.0,0.0,0.0,0.1,325.0,8.0,6.0,1,1,0
Negroni (1 drink),190.0,0.0,0.0,15.0,5.0,0.0,0.0,1,1,1
Gin (1 oz),70.0,0.0,0.0,0.0,0.0,0.0,0.0,1,1,1
Campari (1 oz),80.0,0.0,0.0,10.0,5.0,0.0,0.0,1,1,1
Sweet Vermouth (1 oz),40.0,0.0,0.0,5.0,0.0,0.0,0.0,1,0,1
Orange Peel (garnish),1.0,0.0,0.1,0.0,0.0,0.0,0.0,1,1,1
Osso Buco (1 serving),550.0,0.0,4.0,6.0,900.0,30.0,45.0,1,1,0
Gremolata (1 tbsp),15.0,0.0,0.5,0.5,5.0,1.0,0.5,1,1,1
Risotto alla Milanese (1 cup),350.0,0.0,3.0,3.0,700.0,12.0,10.0,1,1,0
Saffron (pinch in risotto),1.0,0.0,0.0,0.0,0.0,0.0,0.0,1,1,1
Panettone (1 slice),320.0,0.0,3.0,25.0,200.0,12.0,6.0,1,0,0
Candied Fruit (1 tbsp),30.0,0.0,0.5,8.0,5.0,0.0,0.0,1,1,1
Amaretti Cookie (2 cookies),90.0,0.0,1.0,10.0,10.0,4.0,2.0,1,0,1
Limoncello (1.5 oz shot),150.0,0.0,0.0,18.0,0.0,0.0,0.0,1,0,1
Panna Cotta (1 serving),300.0,0.0,0.0,22.0,50.0,20.0,4.0,1,0,1
Berry Coulis (1 tbsp),20.0,0.0,0.5,4.5,0.0,0.0,0.0,1,1,1
Saltimbocca (1 serving),380.0,0.0,0.5,1.0,850.0,22.0,38.0,1,1,0
Prosciutto (1 slice wrapper),35.0,0.0,0.0,0.0,280.0,2.5,4.0,1,1,0
Sage (2 leaves),1.0,0.0,0.1,0.0,0.0,0.0,0.0,1,1,1
Polenta (grilled 1 slice),120.0,0.0,2.0,0.5,300.0,1.0,2.5,1,1,0
Caponata (1/2 cup),180.0,0.0,5.0,9.0,400.0,14.0,2.0,1,1,0
Eggplant (1/2 cup in caponata),40.0,0.0,2.0,3.0,150.0,2.0,0.5,1,1,0
Pine Nuts (1/2 tbsp),48.0,0.0,0.2,0.2,0.0,5.0,1.0,1,1,1
Raisins (1 tbsp),27.0,0.0,0.3,6.0,1.0,0.0,0.3,1,1,1
Gelato (Pistachio 1/2 cup),220.0,0.0,2.0,20.0,60.0,12.0,5.0,1,0,1
Waffle Cone (1 small),70.0,0.0,0.5,7.0,30.0,1.5,1.0,1,1,1
Cacio e Pepe (1.5 cups),500.0,0.0,4.0,3.0,700.0,19.0,18.0,1,1,0
Pecorino Romano (1/4 cup),110.0,0.0,0.0,0.0,450.0,8.5,7.5,1,1,0
Black Pepper (1/2 tsp),3.0,0.0,0.3,0.0,0.0,0.0,0.1,1,1,1
Fiorentina Steak (3oz portion),230.0,0.0,0.0,0.0,60.0,15.0,24.0,0,1,1
Rosemary (garnish),1.0,0.0,0.1,0.0,0.0,0.0,0.0,1,1,1
White Beans (Tuscan style 1/2 cup),150.0,0.0,7.0,2.0,350.0,4.0,8.0,1,1,0
Garlic (1 clove in beans),4.0,0.0,0.1,0.0,1.0,0.0,0.2,1,1,1
Sage (in beans),1.0,0.0,0.1,0.0,0.0,0.0,0.0,1,1,1
Arancini (1 large ball),250.0,0.0,3.0,3.0,500.0,10.0,9.0,1,1,0
Ragù (filling 1 tbsp),25.0,0.0,0.5,0.5,60.0,1.5,1.5,1,1,1
Mozzarella (filling 0.5 oz),40.0,0.0,0.0,0.2,75.0,3.0,3.0,1,1,1
Breadcrumbs (coating),25.0,0.0,0.5,0.5,50.0,0.5,0.5,1,1,1
Campari & Soda (1 drink),85.0,0.0,0.0,10.0,25.0,0.0,0.0,1,0,1
Olive (garnish),5.0,0.0,0.1,0.0,30.0,0.5,0.0,1,1,1
Vitello Tonnato (1 serving),380.0,0.0,0.5,1.0,600.0,25.0,35.0,1,1,0
Tuna Sauce (2 tbsp),100.0,0.0,0.0,0.5,200.0,9.0,4.0,0,1,0
Capers (garnish),2.0,0.0,0.3,0.1,200.0,0.1,0.2,1,1,0
Lemon Slice (garnish),1.0,0.0,0.1,0.1,0.0,0.0,0.0,1,1,1
Gnocchi alla Sorrentina (1.5 cups),450.0,0.0,6.0,9.0,800.0,18.0,15.0,1,1,0
Tomato Sauce (1/2 cup),40.0,0.0,2.0,4.0,350.0,1.0,1.5,1,1,0
Mozzarella (1 oz melted),80.0,0.0,0.0,0.5,150.0,6.0,6.0,1,1,0
Basil (fresh garnish),1.0,0.0,0.1,0.0,0.0,0.0,0.1,1,1,1
Pesto (1/4 cup),290.0,0.0,2.0,1.0,600.0,29.0,5.0,1,1,0
Pine Nuts (1 tbsp in pesto),95.0,0.0,0.5,0.5,0.0,10.0,2.0,1,1,1
Garlic (1/2 clove in pesto),2.0,0.0,0.0,0.0,0.0,0.0,0.1,1,1,1
Trofie Pasta (1 cup cooked),210.0,0.0,2.0,1.0,5.0,1.0,7.0,1,1,1
Green Beans (1/2 cup w/ pasta),15.0,0.0,1.3,1.6,3.0,0.1,0.9,1,1,1
Potato (1/2 w/ pasta),65.0,0.0,1.0,0.5,3.0,0.1,1.0,1,1,1
Espresso Martini (1 drink),280.0,0.0,0.0,25.0,5.0,0.0,0.5,1,0,1
Vodka (1.5 oz),97.0,0.0,0.0,0.0,0.0,0.0,0.0,1,1,1
Coffee Liqueur (1 oz),100.0,0.0,0.0,15.0,2.0,0.0,0.0,1,1,1
Espresso (1 oz in drink),3.0,0.0,0.0,0.0,1.0,0.1,0.3,1,1,1
Simple Syrup (1/2 oz),30.0,0.0,0.0,8.0,0.0,0.0,0.0,1,0,1
Coffee Beans (3 garnish),2.0,0.0,0.1,0.0,0.0,0.0,0.1,1,1,1
Baba Ganoush (1/4 cup),100.0,0.0,4.0,2.0,300.0,7.0,2.0,1,1,0
Pita Bread (1 white),165.0,0.0,1.5,1.5,310.0,1.2,5.5,1,1,0
Falafel (3 pieces),180.0,0.0,4.0,1.0,320.0,9.0,6.0,1,1,0
Tahini Sauce (1 tbsp),30.0,0.0,0.5,0.0,45.0,2.5,1.0,1,1,1
Pickled Turnips (2 tbsp),10.0,0.0,0.5,1.0,200.0,0.0,0.2,1,1,0
Shawarma (Chicken 1 wrap),550.0,0.0,6.0,5.0,1100.0,25.0,30.0,0,1,0
Garlic Sauce (1 tbsp),90.0,0.0,0.0,0.5,80.0,10.0,0.1,1,1,1
Hummus (1/4 cup),130.0,0.0,4.0,1.0,250.0,8.0,5.0,1,1,0
Tabouli (1/2 cup),120.0,0.0,4.0,2.0,300.0,6.0,3.0,1,1,0
Bulgur (1/4 cup in tabouli),76.0,0.0,4.1,0.1,4.0,0.2,2.7,1,1,1
Parsley (1/4 cup in tabouli),5.0,0.0,0.5,0.1,5.0,0.1,0.3,1,1,1
Mint (1 tbsp in tabouli),1.0,0.0,0.1,0.0,0.0,0.0,0.1,1,1,1
Lemon Juice (1 tbsp dressing),4.0,0.0,0.1,0.2,0.0,0.0,0.1,1,1,1
Olive Oil (1 tbsp dressing),120.0,0.0,0.0,0.0,0.0,14.0,0.0,1,1,1
Kibbeh (1 piece fried),230.0,0.0,3.0,1.0,450.0,13.0,9.0,1,1,0
Pine Nuts (1/2 tbsp filling),48.0,0.0,0.2,0.2,0.0,5.0,1.0,1,1,1
Ground Lamb (1 oz filling),80.0,0.0,0.0,0.0,20.0,6.0,5.5,0,1,1
Bulgur (1 tbsp shell),15.0,0.0,0.8,0.0,1.0,0.0,0.5,1,1,1
Lentil Soup (1 cup Middle Eastern),200.0,0.0,10.0,4.0,700.0,5.0,10.0,1,1,0
Cumin (1 tsp),8.0,0.0,0.4,0.1,3.0,0.5,0.3,1,1,1
Coriander (1 tsp),5.0,0.0,0.5,0.0,1.0,0.2,0.1,1,1,1
Lemon Juice (1 tsp in soup),1.0,0.0,0.0,0.1,0.0,0.0,0.0,1,1,1
Pita Crisps (1 oz),130.0,0.0,2.0,1.0,240.0,5.0,3.0,1,1,0
Manakeesh (Za'atar 1 small),300.0,0.0,4.0,2.0,500.0,10.0,7.0,1,1,0
Za'atar (1 tbsp),40.0,0.0,1.5,0.0,150.0,3.0,1.0,1,1,0
Olive Oil (1 tbsp on bread),120.0,0.0,0.0,0.0,0.0,14.0,0.0,1,1,1
Labneh (2 tbsp),60.0,0.0,0.0,2.0,80.0,4.0,4.0,1,1,1
Cucumber (1/4 cup side),8.0,0.0,0.2,0.8,1.0,0.0,0.3,1,1,1
Tomato (1/4 cup side),8.0,0.0,0.5,1.2,2.0,0.1,0.3,1,1,1
Olives (5 side),35.0,0.0,0.5,0.0,210.0,3.5,0.2,1,1,0
Mint Tea (1 cup),2.0,0.0,0.0,0.0,5.0,0.0,0.1,1,1,1
Stuffed Grape Leaves (3 pcs),150.0,0.0,3.0,3.0,400.0,7.0,3.0,1,1,0
Rice (1/4 cup filling),51.0,0.0,0.1,0.0,0.0,0.1,1.1,1,1,1
Turkish Coffee (1 small cup),5.0,0.0,0.0,0.0,1.0,0.0,0.2,1,1,1
Cardamom (in coffee),1.0,0.0,0.1,0.0,0.0,0.0,0.0,1,1,1
Shish Tawook (2 skewers),300.0,0.0,1.0,2.0,600.0,16.0,35.0,1,1,0
Garlic Sauce (Toum 1 tbsp),90.0,0.0,0.0,0.5,80.0,10.0,0.1,1,1,1
French Fries (side),340.0,0.0,4.0,0.3,230.0,17.0,4.0,1,1,0
Pickled Cucumber (1/4 cup),10.0,0.0,1.0,1.0,300.0,0.0,0.5,1,1,0
Fattoush Salad (1.5 cups),250.0,0.0,6.0,5.0,500.0,15.0,5.0,1,1,0
Fried Pita (1/2 pita in salad),80.0,0.0,1.0,0.5,150.0,3.0,2.0,1,1,0
Sumac (1/2 tsp dressing),5.0,0.0,0.5,0.0,1.0,0.2,0.1,1,1,1
Pomegranate Molasses (1 tsp),15.0,0.0,0.0,4.0,0.0,0.0,0.0,1,1,1
White Rice,110.0,0.0,1.0,0.5,5.0,0.0,2.0,1,1,1
Brown Rice,90.0,0.0,1.0,0.5,5.0,1.0,2.0,1,1,1
Red Rice,112.0,0.0,1.0,0.5,5.0,0.8,2.4,1,1,1
White Bread,270.0,0.0,1.5,8.0,250.0,3.0,9.0,1,1,0
Pasta,393.0,0.0,1.0,0.5,5.0,1.7,14.0,1,1,1
Thati Paan,250.0,0.0,1.5,8.0,250.0,2.5,8.0,1,1,0
White Noodles,140.0,0.0,1.0,0.5,5.0,1.0,4.0,1,1,1
Idiyappam,180.0,0.0,1.0,0.5,5.0,0.5,3.0,1,1,1
Kiribath,150.0,0.0,1.0,0.5,5.0,7.0,1.9,1,1,1
Lunu Miris,12.0,0.0,1.0,5.0,300.0,0.04,0.87,1,1,0
Boiled Cowpea,116.0,0.0,6.0,3.0,10.0,0.5,7.7,1,1,1
Coconut Sambal,157.0,0.0,7.0,3.0,5.0,13.7,2.0,1,1,1
Papadam,21.0,0.0,1.5,8.0,250.0,1.0,1.0,1,1,0
Egg,70.0,0.0,0.0,0.0,70.0,5.0,6.0,1,1,1
Dhal Curry with coconut milk,80.0,0.0,6.0,3.0,10.0,3.5,5.0,1,1,1
Dhal Curry,100.0,0.0,6.0,3.0,10.0,2.0,7.0,1,1,1
Yellow Rice,469.0,0.0,1.0,0.5,5.0,18.8,16.9,1,1,1
Fried Halmesso,75.0,0.0,0.0,0.0,70.0,4.5,7.5,1,1,1
Fried Karawala,85.0,0.0,0.0,0.0,70.0,5.0,9.0,1,1,1
Kola Mallum,80.0,0.0,2.0,2.0,200.0,5.0,1.0,1,1,0
Vegetable curry with coconut milk,120.0,0.0,2.0,2.0,200.0,9.0,1.0,1,1,0
Vegetable curry with coconut oil,80.0,0.0,2.0,2.0,200.0,5.0,1.0,1,1,0
Kiri Hodi,100.0,0.0,2.0,2.0,200.0,9.0,1.0,1,1,0
Beetroot curry with coconut milk,89.0,0.0,2.0,2.0,200.0,4.7,2.0,1,1,0
Soya meat curry with coconut milk,110.0,0.0,2.0,2.0,200.0,0.6,11.0,1,1,0
Soya meat curry,84.0,0.0,2.0,2.0,200.0,4.0,6.0,1,1,0
Boiled Potatoes,44.0,0.0,0.0,0.0,0.0,0.1,1.0,1,1,1
Chicken Curry,180.0,0.0,2.0,2.0,200.0,8.0,27.0,0,1,0
Chicken Gravy,25.0,0.0,0.0,0.0,70.0,1.5,3.5,0,1,1
Egg Yolk,52.0,0.0,0.0,0.0,70.0,4.2,2.5,1,1,1
Mango Chutney,60.0,0.0,2.5,10.0,5.0,0.0,0.5,1,1,1
Mango Chutney with Sugar,200.0,0.0,2.5,10.0,5.0,0.0,0.5,1,1,1
Boiled Jackfruit Seed,13.0,0.0,2.5,10.0,5.0,0.1,0.6,1,1,1
Boiled Chickpeas,164.0,0.0,6.0,3.0,10.0,2.6,9.0,1,1,1
Boiled Mung,105.0,0.0,6.0,3.0,10.0,0.4,7.0,1,1,1
Boiled Sweet Potato,90.0,0.0,0.0,0.0,0.0,0.1,1.6,1,0,1
Cucumber Flesh,6.0,0.0,2.5,10.0,5.0,0.05,0.3,1,1,1
Tomato sauce,41.0,0.0,1.0,5.0,300.0,0.45,0.37,1,1,0
White sugar,16.0,0.0,0.0,100.0,0.0,0.0,0.0,1,0,1
Coconut Milk 1st 2nd 3rd extractions,15.0,0.0,0.0,10.0,60.0,1.4,0.2,1,1,1
Coconut Milk 1st 2nd extractions,20.0,0.0,0.0,10.0,60.0,1.9,0.2,1,1,1
Coconut Milk 1st extraction,30.0,0.0,0.0,10.0,60.0,2.7,0.3,1,1,1
Roast Peanut,300.0,0.0,6.0,3.0,10.0,26.0,13.0,1,1,1
Roast Green Pea,190.0,0.0,6.0,3.0,10.0,4.5,14.0,1,1,1
Roasted Gram,200.0,0.0,6.0,3.0,10.0,2.0,12.0,1,1,1
Kurumba,75.0,0.0,1.0,3.0,50.0,4.1,2.2,1,1,1
Ambun Kesel,90.0,0.0,1.5,8.0,250.0,0.3,1.3,1,1,0
Ambul Kesel,45.0,0.0,1.0,3.0,50.0,0.1,0.5,1,1,1
Cavendish Banana,134.0,0.0,1.0,3.0,50.0,0.5,1.7,1,1,1
Raisins,299.0,0.0,1.0,3.0,50.0,0.5,3.1,1,1,1
Jackfruit,33.0,0.0,2.5,10.0,5.0,0.2,0.6,1,1,1
Avocado,80.0,0.0,1.0,3.0,50.0,7.4,1.0,1,1,1
Watermelon,30.0,0.0,1.0,3.0,50.0,0.2,0.6,1,1,1
Dodol,380.0,0.0,1.0,3.0,50.0,12.0,2.0,1,1,1
Mun Kawum,450.0,0.0,1.0,3.0,50.0,18.0,5.0,1,1,1
Aluwa,400.0,0.0,1.0,3.0,50.0,8.0,3.0,1,1,1
Helapa,440.0,0.0,1.0,3.0,50.0,17.0,11.0,1,1,1
Wandu,205.0,0.0,6.0,3.0,10.0,1.0,2.0,1,1,1
Ada,280.0,0.0,1.5,8.0,250.0,2.0,5.0,1,1,0
Samaposha Aggala,326.0,0.0,1.5,8.0,250.0,10.4,9.8,1,1,0
Cream Bun,300.0,0.0,1.5,8.0,250.0,15.0,4.0,1,1,0
Kibula Banis,175.0,0.0,1.5,8.0,250.0,4.0,3.0,1,1,0
Saw Kanji,250.0,0.0,1.0,0.5,5.0,5.0,6.0,1,1,1
Lavariya,310.0,0.0,1.5,8.0,250.0,10.0,4.0,1,1,0
Vegetable Roll,120.0,0.0,1.5,8.0,250.0,4.0,3.0,1,1,0
Jam Paan,300.0,0.0,1.5,8.0,250.0,8.0,7.0,1,1,0
Gal Banis,400.0,0.0,1.5,8.0,250.0,13.0,7.0,1,1,0
Coconut Cake,250.0,0.0,1.5,8.0,250.0,14.0,3.0,1,0,0
Butter Cake,220.0,0.0,1.5,8.0,250.0,12.0,2.0,1,0,0
Chocolate Cake,250.0,0.0,1.5,8.0,250.0,12.0,3.0,1,0,0
Choco bar,60.0,0.0,1.0,20.0,120.0,4.0,0.5,1,0,1
Dark chocolate,282.0,0.0,1.0,20.0,120.0,18.0,3.0,1,0,1
Chocolate,104.4,0.0,1.0,20.0,120.0,5.5,0.6,1,0,1
Fruit & Nut ice cream,230.0,0.0,0.0,10.0,60.0,9.0,3.9,1,0,1
Chocolate ice cream,154.0,0.0,0.0,10.0,60.0,10.0,2.6,1,0,1
Wonder choc ice cream,206.0,0.0,0.0,10.0,60.0,14.0,2.4,1,0,1
Milk cream biscuit,56.0,0.0,1.5,8.0,250.0,2.5,0.6,1,1,0
Lemon puff,59.0,0.0,1.0,3.0,50.0,2.3,0.7,1,1,1
Marie biscuit,17.0,0.0,1.5,8.0,250.0,0.4,0.29,1,1,0
Chocolate Marie biscuit,15.0,0.0,1.5,8.0,250.0,0.4,0.3,1,0,0
Chocolate Cream Biscuit,53.0,0.0,1.5,8.0,250.0,2.0,1.0,1,0,0
Orange cream biscuit,54.0,0.0,1.5,8.0,250.0,2.0,0.6,1,1,0
Gold Marie biscuit,17.0,0.0,1.5,8.0,250.0,0.4,0.29,1,1,0
Cream cracker biscuit,37.0,0.0,1.5,8.0,250.0,1.2,0.9,1,1,0
Nice biscuit,42.0,0.0,1.5,8.0,250.0,1.6,0.63,1,1,0
Hawaiian cookie,25.6,0.0,1.5,8.0,250.0,1.1,0.32,1,0,0
Ginger Finger Biscuit,18.0,0.0,1.5,8.0,250.0,0.5,0.2,1,1,0
Custard cream biscuit,54.0,0.0,1.5,8.0,250.0,2.0,0.6,1,1,0
Batter Carol biscuit,26.0,0.0,1.5,8.0,250.0,0.75,0.4,1,1,0
Pani Murukku,46.0,0.0,1.0,3.0,50.0,0.9,0.8,1,1,1
Boondi,240.0,0.0,1.0,3.0,50.0,10.0,3.0,1,1,1
Jelly Jujub,14.0,0.0,1.0,3.0,50.0,0.0,0.0,1,1,1
Garlic Murukku,500.0,0.0,1.0,3.0,50.0,25.0,8.0,1,1,1
Murukku,550.0,0.0,1.0,3.0,50.0,38.0,9.0,1,1,1
Thala Bola,26.0,0.0,1.0,3.0,50.0,1.6,0.6,1,1,1
Yogurt,90.0,0.0,0.0,10.0,60.0,3.0,5.0,1,1,1
Kotmale Vanilla milk,124.0,0.0,0.0,10.0,60.0,3.0,3.4,1,1,1
Necto,30.0,0.0,1.0,20.0,120.0,0.0,0.0,1,0,1
Quinoa,120.0,0.0,1.0,0.5,5.0,2.0,4.0,1,1,1
Oats,150.0,0.0,1.0,0.5,5.0,3.0,5.0,1,1,1
Chicken Breast,165.0,0.0,0.0,0.0,70.0,3.6,31.0,0,1,1
Salmon,208.0,0.0,0.0,0.0,70.0,13.0,20.0,0,1,1
Tuna,132.0,0.0,0.0,0.0,70.0,0.6,29.0,0,1,1
Whole Milk,130.0,0.0,0.0,12.0,50.0,7.0,7.0,1,1,1
Skim Milk,80.0,0.0,0.0,12.0,50.0,0.0,8.0,1,1,1
Greek Yogurt,100.0,0.0,0.0,4.0,60.0,5.0,10.0,1,1,1
Olive Oil,120.0,0.0,0.0,0.0,0.0,14.0,0.0,1,1,1
Almonds,180.0,0.0,7.0,3.0,5.0,15.0,6.0,1,1,1
Walnuts,190.0,0.0,7.0,3.0,5.0,18.0,4.0,1,1,1
Peanut Butter,190.0,0.0,6.0,9.0,350.0,16.0,8.0,1,1,0
Kiribath (Milk Rice) - 1 slice,260.0,0.0,2.0,2.0,180.0,8.0,6.0,1,1,0
String Hoppers (Idiyappam) - 6 pcs,240.0,0.0,2.0,1.0,120.0,1.0,5.0,1,1,1
Hoppers (Appa) - 2 plain,220.0,0.0,2.0,2.0,200.0,5.0,4.0,1,1,0
Egg Hopper (Biththara Appa) - 1,180.0,0.0,1.0,1.0,250.0,7.0,8.0,1,1,0
Pol Roti - 2 pieces,320.0,0.0,4.0,2.0,280.0,13.0,6.0,1,1,0
Pittu (Coconut) - 1 roll,300.0,0.0,4.0,2.0,180.0,9.0,6.0,1,1,0
Kola Kenda (Herbal Porridge) - 1 cup,160.0,0.0,3.0,1.0,120.0,4.0,4.0,1,1,1
Dhal Curry (Parippu) - 1/2 cup,180.0,0.0,6.0,2.0,320.0,6.0,9.0,1,1,0
Lunu Miris - 2 tbsp,60.0,0.0,2.0,3.0,180.0,3.0,1.0,1,1,0
Pol Sambol - 1/4 cup,150.0,0.0,4.0,2.0,220.0,12.0,2.0,1,1,0
Kiri Hodi (Coconut Milk Gravy) - 1/2 cup,170.0,0.0,1.0,2.0,220.0,14.0,3.0,1,1,0
Seeni Sambol - 2 tbsp,90.0,0.0,1.0,10.0,180.0,3.0,1.0,1,1,0
Ceylon Tea (plain) - 1 cup,5.0,0.0,0.0,0.0,5.0,0.0,0.2,1,1,1
Ginger Tea (plain) - 1 cup,10.0,0.0,0.0,0.0,5.0,0.0,0.2,1,1,1
King Coconut Water - 1 glass,55.0,0.0,0.0,11.0,60.0,0.0,1.0,1,1,1
Steamed Rice (Red Rice) - 1 cup,240.0,0.0,3.0,0.0,10.0,2.0,5.0,1,1,1
Steamed Rice (White) - 1 cup,205.0,0.0,1.0,0.0,5.0,0.5,4.0,1,1,1
Yellow Rice - 1 cup,280.0,0.0,2.0,1.0,220.0,7.0,6.0,1,1,0
Fried Rice (Chicken) - 1 plate,520.0,0.0,4.0,4.0,720.0,16.0,22.0,0,1,0
Chicken Curry (Sri Lankan) - 1/2 cup,260.0,0.0,1.0,2.0,420.0,16.0,18.0,0,1,0
Fish Curry (Tuna) - 1/2 cup,220.0,0.0,1.0,1.0,380.0,12.0,20.0,0,1,0
Ambul Thiyal (Sour Fish) - 1 piece,180.0,0.0,0.0,0.0,300.0,10.0,19.0,0,1,0
Black Pork Curry - 1/2 cup,320.0,0.0,1.0,1.0,520.0,24.0,20.0,0,1,0
Prawn Curry - 1/2 cup,200.0,0.0,1.0,1.0,450.0,10.0,18.0,0,1,0
Egg Curry - 1 egg,190.0,0.0,0.0,1.0,260.0,13.0,10.0,1,1,0
Potato Curry - 1/2 cup,210.0,0.0,3.0,2.0,380.0,9.0,4.0,1,1,0
Brinjal Moju - 1/4 cup,160.0,0.0,3.0,8.0,420.0,9.0,2.0,1,1,0
Pumpkin Curry - 1/2 cup,140.0,0.0,4.0,6.0,250.0,5.0,3.0,1,1,0
Jackfruit Curry (Polos) - 1/2 cup,190.0,0.0,6.0,3.0,360.0,8.0,4.0,1,1,0
Young Jackfruit Curry (Kos) - 1/2 cup,170.0,0.0,7.0,3.0,320.0,6.0,4.0,1,1,0
Cuttlefish Curry - 1/2 cup,230.0,0.0,0.0,0.0,520.0,12.0,22.0,0,1,0
Beef Curry - 1/2 cup,300.0,0.0,1.0,1.0,520.0,22.0,22.0,0,1,0
Gotukola Sambol - 1/2 cup,90.0,0.0,4.0,2.0,180.0,5.0,3.0,1,1,0
Kankun Mallung - 1/2 cup,80.0,0.0,3.0,1.0,160.0,4.0,3.0,1,1,0
Mukunuwenna Mallung - 1/2 cup,75.0,0.0,3.0,1.0,160.0,4.0,3.0,1,1,0
Beetroot Curry - 1/2 cup,120.0,0.0,4.0,6.0,220.0,6.0,3.0,1,1,0
Okra (Bandakka) Curry - 1/2 cup,110.0,0.0,4.0,3.0,240.0,6.0,3.0,1,1,0
Beans Curry - 1/2 cup,130.0,0.0,5.0,3.0,240.0,5.0,4.0,1,1,0
Carrot Curry - 1/2 cup,130.0,0.0,4.0,7.0,220.0,6.0,2.0,1,1,0
Cucumber Salad - 1 cup,50.0,0.0,2.0,5.0,80.0,1.0,2.0,1,1,1
Papadam - 2 pcs,140.0,0.0,1.0,1.0,300.0,7.0,4.0,1,1,0
Mallum (Mixed Greens) - 1/2 cup,85.0,0.0,3.0,1.0,160.0,5.0,3.0,1,1,0
Vegetable Roti - 1 piece,280.0,0.0,4.0,2.0,520.0,11.0,7.0,1,1,0
Fish Bun - 1 bun,320.0,0.0,3.0,4.0,650.0,11.0,11.0,0,1,0
Egg Roll - 1 roll,300.0,0.0,2.0,2.0,620.0,14.0,9.0,1,1,0
Vegetable Roll - 1 roll,260.0,0.0,3.0,2.0,560.0,11.0,6.0,1,1,0
Parippu Wade - 2 pcs,320.0,0.0,6.0,2.0,520.0,14.0,10.0,1,1,0
Samosa (Vegetable) - 2 pcs,260.0,0.0,3.0,2.0,540.0,13.0,6.0,1,1,0
Isso Wade - 2 pcs,340.0,0.0,4.0,2.0,620.0,15.0,12.0,1,1,0
Manioc Chips - 1 small pack,250.0,0.0,3.0,0.0,320.0,13.0,2.0,1,1,0
Boiled Manioc (Cassava) - 1 cup,220.0,0.0,3.0,2.0,15.0,0.5,2.0,1,1,1
Roasted Peanuts - 1 handful,170.0,0.0,3.0,1.0,5.0,14.0,7.0,1,1,1
Curd (Buffalo) + Treacle - 1 cup,260.0,0.0,0.0,26.0,120.0,12.0,9.0,1,0,1
Watalappan - 1 slice,280.0,0.0,1.0,28.0,140.0,14.0,6.0,1,0,1
Kalu Dodol - 1 piece,210.0,0.0,1.0,30.0,90.0,6.0,2.0,1,0,1
Plain Water - 1 glass,0.0,0.0,0.0,0.0,0.0,0.0,0.0,1,1,1
