id,text,drug_raw,drug_normalized,food_raw,food_category,symptom,event_sequence,temporal_relation,interaction_category,severity,is_interaction_present,confidence_label,notes
N001,I took amoxicillin and then drank milk,amoxicillin,amoxicillin,milk,dairy_or_calcium,none,took_drug|drank_food,drug_before_food,absorption_effect,1,TRUE,medium,source_rule=R002; rule_category=food_drug; clinical_strength=strong; confidence_base=0.82
N002,"After taking my antibiotic, I had a glass of milk",antibiotic,antibiotic,milk,dairy_or_calcium,none,took_drug|drank_food,drug_before_food,absorption_effect,1,TRUE,medium,source_rule=R002; rule_category=food_drug; clinical_strength=strong; confidence_base=0.82
N003,I drank milk right after taking amoxicillin,amoxicillin,amoxicillin,milk,dairy_or_calcium,none,took_drug|drank_food,drug_before_food,absorption_effect,1,TRUE,medium,source_rule=R002; rule_category=food_drug; clinical_strength=strong; confidence_base=0.82
N004,I had yogurt after my antibiotic dose,antibiotic,antibiotic,yogurt,dairy_or_calcium,none,took_drug|ate_food,drug_before_food,absorption_effect,1,TRUE,medium,source_rule=R001; rule_category=food_drug; clinical_strength=strong; confidence_base=0.8
N005,I took my antibiotic and ate yogurt soon after,antibiotic,antibiotic,yogurt,dairy_or_calcium,none,took_drug|ate_food,drug_before_food,absorption_effect,1,TRUE,medium,source_rule=R001; rule_category=food_drug; clinical_strength=strong; confidence_base=0.8
N006,I took levothyroxine and later ate iron-rich food,levothyroxine,levothyroxine,iron,iron_rich,none,took_drug|ate_food,drug_before_food,absorption_effect,1,TRUE,high,source_rule=R003; rule_category=food_drug; clinical_strength=strong; confidence_base=0.9
N007,"After taking my thyroid medicine, I ate spinach with iron",levothyroxine,levothyroxine,iron,iron_rich,none,took_drug|ate_food,drug_before_food,absorption_effect,1,TRUE,high,source_rule=R003; rule_category=food_drug; clinical_strength=strong; confidence_base=0.9
N008,I took levothyroxine and then had breakfast,levothyroxine,levothyroxine,food,general_food,none,took_drug|ate_food,drug_before_food,absorption_effect,1,TRUE,high,source_rule=R004; rule_category=food_drug; clinical_strength=strong; confidence_base=0.92
N009,I ate spinach while on warfarin,warfarin,warfarin,spinach,leafy_green_high_vitk,none,ate_food,food_only,possible_interaction,1,TRUE,high,source_rule=R005; rule_category=food_drug; clinical_strength=strong; confidence_base=0.88
N010,I had a salad with leafy greens during warfarin treatment,warfarin,warfarin,leafy greens,leafy_green_high_vitk,none,ate_food,food_only,possible_interaction,1,TRUE,high,source_rule=R005; rule_category=food_drug; clinical_strength=strong; confidence_base=0.88
N011,I took my sedative and drank alcohol at night,sedative,sedative,alcohol,alcohol,none,took_drug|drank_food,drug_before_food,possible_interaction,2,TRUE,high,source_rule=R007; rule_category=food_drug; clinical_strength=strong; confidence_base=0.92
N012,I had alcohol after taking sleeping pills,sedative,sedative,alcohol,alcohol,none,took_drug|drank_food,drug_before_food,possible_interaction,2,TRUE,high,source_rule=R007; rule_category=food_drug; clinical_strength=strong; confidence_base=0.92
N013,I took metformin and ate a high carb meal,metformin,metformin,high_carb,high_sugar_or_high_carb,none,took_drug|ate_food,drug_before_food,possible_interaction,1,TRUE,medium,source_rule=R010; rule_category=food_drug; clinical_strength=moderate; confidence_base=0.7
N014,"After taking diabetes medicine, I ate a lot of rice",antidiabetic,antidiabetic,high_carb,high_sugar_or_high_carb,none,took_drug|ate_food,drug_before_food,possible_interaction,1,TRUE,medium,source_rule=R010; rule_category=food_drug; clinical_strength=moderate; confidence_base=0.7
N015,I skipped breakfast and took diclofenac,NSAID,nsaid,none,none_reported,stomach pain,skipped_meal|took_drug,meal_before_drug,side_effect,1,TRUE,high,source_rule=R011; rule_category=timing; clinical_strength=strong; confidence_base=0.9
N016,I took a painkiller without eating and felt stomach pain,NSAID,nsaid,none,none_reported,stomach pain,skipped_meal|took_drug|felt_symptom,meal_before_drug_then_symptom,side_effect,1,TRUE,high,source_rule=R011; rule_category=timing; clinical_strength=strong; confidence_base=0.9
N017,I skipped lunch and took my diabetes medicine then felt dizzy,antidiabetic,antidiabetic,none,none_reported,dizziness,skipped_meal|took_drug|felt_symptom,meal_before_drug_then_symptom,side_effect,1,TRUE,high,source_rule=R012; rule_category=timing; clinical_strength=strong; confidence_base=0.88
N018,I took my diabetes tablet without eating and felt weak,antidiabetic,antidiabetic,none,none_reported,dizziness,skipped_meal|took_drug|felt_symptom,meal_before_drug_then_symptom,side_effect,1,TRUE,high,source_rule=R012; rule_category=timing; clinical_strength=strong; confidence_base=0.88
N019,I took antibiotics and felt nauseous later,antibiotic,antibiotic,none,none_reported,nausea,took_drug|felt_symptom,drug_then_symptom,side_effect,0,TRUE,medium,source_rule=R013; rule_category=timing; clinical_strength=moderate; confidence_base=0.7
N020,"After my antibiotic dose, I experienced nausea",antibiotic,antibiotic,none,none_reported,nausea,took_drug|felt_symptom,drug_then_symptom,side_effect,0,TRUE,medium,source_rule=R013; rule_category=timing; clinical_strength=moderate; confidence_base=0.7
N021,I took iron tablets with food,iron,iron,food,general_food,none,took_drug|ate_food,drug_with_food,absorption_effect,1,TRUE,high,source_rule=R014; rule_category=timing; clinical_strength=strong; confidence_base=0.85
N022,I ate immediately after taking iron supplements,iron,iron,food,general_food,none,took_drug|ate_food,drug_before_food,absorption_effect,1,TRUE,high,source_rule=R014; rule_category=timing; clinical_strength=strong; confidence_base=0.85
N023,I took vitamins with my meal,vitamin,vitamin,food,general_food,none,took_drug|ate_food,drug_with_food,better_with_food,0,TRUE,medium,source_rule=R015; rule_category=timing; clinical_strength=strong; confidence_base=0.75
N024,I had my vitamins during lunch,vitamin,vitamin,food,general_food,none,took_drug|ate_food,drug_with_food,better_with_food,0,TRUE,medium,source_rule=R015; rule_category=timing; clinical_strength=strong; confidence_base=0.75
N025,I drank coffee after taking anxiety medication,anxiety,anxiety,coffee,caffeine,none,took_drug|drank_food,drug_before_food,possible_interaction,1,TRUE,medium,source_rule=R019; rule_category=lifestyle; clinical_strength=moderate; confidence_base=0.75
N026,I take coffee with my anxiety medicine daily,anxiety,anxiety,coffee,caffeine,none,took_drug|drank_food,drug_with_food,possible_interaction,1,TRUE,medium,source_rule=R019; rule_category=lifestyle; clinical_strength=moderate; confidence_base=0.75
N027,I drank alcohol after taking a sedative and felt very sleepy,sedative,sedative,alcohol,alcohol,drowsiness,took_drug|drank_food|felt_symptom,drug_before_food_then_symptom,possible_interaction,2,TRUE,high,source_rule=R020; rule_category=lifestyle; clinical_strength=strong; confidence_base=0.92
N028,"After alcohol and sleeping pills, I felt extremely drowsy",sedative,sedative,alcohol,alcohol,drowsiness,took_drug|drank_food|felt_symptom,drug_before_food_then_symptom,possible_interaction,2,TRUE,high,source_rule=R020; rule_category=lifestyle; clinical_strength=strong; confidence_base=0.92
N029,I ate sugary food while on diabetes medication,diabetes,diabetes,sugar,high_sugar_or_high_carb,none,ate_food,food_only,possible_interaction,1,TRUE,medium,source_rule=R021; rule_category=lifestyle; clinical_strength=strong; confidence_base=0.8
N030,I had sweets after taking diabetes medicine,diabetes,diabetes,sugar,high_sugar_or_high_carb,none,took_drug|ate_food,drug_before_food,possible_interaction,1,TRUE,medium,source_rule=R021; rule_category=lifestyle; clinical_strength=strong; confidence_base=0.8
N031,I ate salty food while taking hypertension medicine,hypertension,hypertension,salt,high_sodium,none,ate_food,food_only,possible_interaction,1,TRUE,high,source_rule=R022; rule_category=lifestyle; clinical_strength=strong; confidence_base=0.9
N032,I consume high salt meals during hypertension treatment,hypertension,hypertension,salt,high_sodium,none,ate_food,food_only,possible_interaction,1,TRUE,high,source_rule=R022; rule_category=lifestyle; clinical_strength=strong; confidence_base=0.9
N033,I ate grapefruit while taking statins,statin,statin,grapefruit,grapefruit_or_citrus_interaction,none,ate_food,food_only,possible_interaction,2,TRUE,high,source_rule=R023; rule_category=lifestyle; clinical_strength=strong; confidence_base=0.9
N034,I had grapefruit juice during statin therapy,statin,statin,grapefruit,grapefruit_or_citrus_interaction,none,drank_food,food_only,possible_interaction,2,TRUE,high,source_rule=R023; rule_category=lifestyle; clinical_strength=strong; confidence_base=0.9
N035,I drank alcohol while taking antidepressants,antidepressant,antidepressant,alcohol,alcohol,none,took_drug|drank_food,drug_with_food,possible_interaction,2,TRUE,high,source_rule=R024; rule_category=lifestyle; clinical_strength=strong; confidence_base=0.9
N036,I take alcohol with my antidepressant medication,antidepressant,antidepressant,alcohol,alcohol,none,took_drug|drank_food,drug_with_food,possible_interaction,2,TRUE,high,source_rule=R024; rule_category=lifestyle; clinical_strength=strong; confidence_base=0.9
N037,I smoke regularly while having asthma,asthma,asthma,smoking,smoking_lifestyle,none,habit,habit,possible_interaction,2,TRUE,high,source_rule=R025; rule_category=lifestyle; clinical_strength=strong; confidence_base=0.95
N038,I continued smoking during asthma treatment,asthma,asthma,smoking,smoking_lifestyle,none,habit,habit,possible_interaction,2,TRUE,high,source_rule=R025; rule_category=lifestyle; clinical_strength=strong; confidence_base=0.95
N039,I took antibiotics with milk and felt nauseous,antibiotic,antibiotic,milk,dairy_or_calcium,nausea,took_drug|drank_food|felt_symptom,drug_before_food_then_symptom,possible_interaction,1,TRUE,medium,source_rule=R026; rule_category=symptom_based; clinical_strength=moderate; confidence_base=0.75
N040,"After milk and antibiotics, I felt uncomfortable",antibiotic,antibiotic,milk,dairy_or_calcium,nausea,took_drug|drank_food|felt_symptom,drug_before_food_then_symptom,possible_interaction,0,TRUE,medium,source_rule=R026; rule_category=symptom_based; clinical_strength=moderate; confidence_base=0.75
N041,I took painkillers without food and had stomach pain,NSAID,nsaid,none,none_reported,stomach pain,skipped_meal|took_drug|felt_symptom,meal_before_drug_then_symptom,side_effect,1,TRUE,high,source_rule=R027; rule_category=symptom_based; clinical_strength=strong; confidence_base=0.9
N042,I skipped meals and took diabetes medicine then felt dizzy,antidiabetic,antidiabetic,none,none_reported,dizziness,skipped_meal|took_drug|felt_symptom,meal_before_drug_then_symptom,side_effect,1,TRUE,high,source_rule=R028; rule_category=symptom_based; clinical_strength=strong; confidence_base=0.88
N043,I drank alcohol with sedatives and felt very sleepy,sedative,sedative,alcohol,alcohol,drowsiness,took_drug|drank_food|felt_symptom,drug_before_food_then_symptom,possible_interaction,2,TRUE,high,source_rule=R029; rule_category=symptom_based; clinical_strength=strong; confidence_base=0.92
N044,I ate leafy vegetables during warfarin therapy,warfarin,warfarin,leafy greens,leafy_green_high_vitk,none,ate_food,food_only,possible_interaction,1,TRUE,high,source_rule=R030; rule_category=symptom_based; clinical_strength=strong; confidence_base=0.85
N045,I drink alcohol while taking medicine,general,general,alcohol,alcohol,none,habit,habit,possible_interaction,1,TRUE,medium,source_rule=R031; rule_category=general; clinical_strength=moderate; confidence_base=0.7
N046,I ate a high fat meal with my medicine,general,general,high_fat,high_fat,none,ate_food,food_only,absorption_effect,0,TRUE,medium,source_rule=R032; rule_category=general; clinical_strength=heuristic; confidence_base=0.65
N047,I had high fiber food with my tablets,general,general,high_fiber,high_fiber,none,ate_food,food_only,absorption_effect,0,TRUE,medium,source_rule=R033; rule_category=general; clinical_strength=heuristic; confidence_base=0.65
N048,I forgot to take my medicine yesterday,general,general,none,none_reported,none,missed_dose,missed_dose,missed_dose,1,TRUE,high,source_rule=R034; rule_category=general; clinical_strength=strong; confidence_base=0.95
N049,I accidentally took two doses of my medicine,general,general,none,none_reported,none,double_dose,double_dose,overdose,2,TRUE,high,source_rule=R035; rule_category=general; clinical_strength=strong; confidence_base=0.95
N050,I ate breakfast right after taking my thyroid medicine,levothyroxine,levothyroxine,food,general_food,none,took_drug|ate_food,drug_before_food,absorption_effect,1,TRUE,high,source_rule=R004; rule_category=food_drug; clinical_strength=strong; confidence_base=0.92
N051,I swallowed amoxicillin and had milk afterward,amoxicillin,amoxicillin,milk,dairy_or_calcium,none,took_drug|drank_food,drug_before_food,absorption_effect,1,TRUE,medium,source_rule=R002; rule_category=food_drug; clinical_strength=strong; confidence_base=0.82
N052,"After my amoxicillin capsule, I drank a cup of milk",amoxicillin,amoxicillin,milk,dairy_or_calcium,none,took_drug|drank_food,drug_before_food,absorption_effect,1,TRUE,medium,source_rule=R002; rule_category=food_drug; clinical_strength=strong; confidence_base=0.82
N053,I took my antibiotic and ate curd soon after,antibiotic,antibiotic,curd,dairy_or_calcium,none,took_drug|ate_food,drug_before_food,absorption_effect,1,TRUE,medium,source_rule=R001; rule_category=food_drug; clinical_strength=strong; confidence_base=0.8
N054,"Right after antibiotics, I had yogurt for breakfast",antibiotic,antibiotic,yogurt,dairy_or_calcium,none,took_drug|ate_food,drug_before_food,absorption_effect,1,TRUE,medium,source_rule=R001; rule_category=food_drug; clinical_strength=strong; confidence_base=0.8
N055,I took levothyroxine and later ate lentils rich in iron,levothyroxine,levothyroxine,iron,iron_rich,none,took_drug|ate_food,drug_before_food,absorption_effect,1,TRUE,high,source_rule=R003; rule_category=food_drug; clinical_strength=strong; confidence_base=0.9
N056,"After my thyroid tablet, I had an iron-rich meal",levothyroxine,levothyroxine,iron,iron_rich,none,took_drug|ate_food,drug_before_food,absorption_effect,1,TRUE,high,source_rule=R003; rule_category=food_drug; clinical_strength=strong; confidence_base=0.9
N057,I took levothyroxine and ate toast immediately after,levothyroxine,levothyroxine,food,general_food,none,took_drug|ate_food,drug_before_food,absorption_effect,1,TRUE,high,source_rule=R004; rule_category=food_drug; clinical_strength=strong; confidence_base=0.92
N058,I had breakfast just after taking my thyroid medicine,levothyroxine,levothyroxine,food,general_food,none,took_drug|ate_food,drug_before_food,absorption_effect,1,TRUE,high,source_rule=R004; rule_category=food_drug; clinical_strength=strong; confidence_base=0.92
N059,I ate kale while taking warfarin,warfarin,warfarin,leafy greens,leafy_green_high_vitk,none,ate_food,food_only,possible_interaction,1,TRUE,high,source_rule=R005; rule_category=food_drug; clinical_strength=strong; confidence_base=0.88
N060,"During warfarin treatment, I kept eating green salads",warfarin,warfarin,leafy greens,leafy_green_high_vitk,none,ate_food,food_only,possible_interaction,1,TRUE,high,source_rule=R005; rule_category=food_drug; clinical_strength=strong; confidence_base=0.88
N061,I took a sleeping tablet and later drank beer,sedative,sedative,alcohol,alcohol,none,took_drug|drank_food,drug_before_food,possible_interaction,2,TRUE,low,source_rule=R007; rule_category=food_drug; clinical_strength=strong; confidence_base=0.92
N062,"After my sedative dose, I had some wine",sedative,sedative,alcohol,alcohol,none,took_drug|drank_food,drug_before_food,possible_interaction,2,TRUE,low,source_rule=R007; rule_category=food_drug; clinical_strength=strong; confidence_base=0.92
N063,I took metformin and then ate a sugary dessert,metformin,metformin,high_carb,high_sugar_or_high_carb,none,took_drug|ate_food,drug_before_food,possible_interaction,1,TRUE,medium,source_rule=R010; rule_category=food_drug; clinical_strength=moderate; confidence_base=0.7
N064,"After my diabetes tablet, I ate noodles and rice",antidiabetic,antidiabetic,high_carb,high_sugar_or_high_carb,none,took_drug|ate_food,drug_before_food,possible_interaction,1,TRUE,medium,source_rule=R010; rule_category=food_drug; clinical_strength=moderate; confidence_base=0.7
N065,"I skipped dinner, took diclofenac, and my stomach hurt later",NSAID,nsaid,none,none_reported,stomach pain,skipped_meal|took_drug|felt_symptom,meal_before_drug_then_symptom,side_effect,1,TRUE,high,source_rule=R011; rule_category=timing; clinical_strength=strong; confidence_base=0.9
N066,"I missed breakfast, took an NSAID, and later felt stomach pain",NSAID,nsaid,none,none_reported,stomach pain,skipped_meal|took_drug|felt_symptom,meal_before_drug_then_symptom,side_effect,1,TRUE,high,source_rule=R011; rule_category=timing; clinical_strength=strong; confidence_base=0.9
N067,"Without eating anything, I took diclofenac and my stomach started hurting",NSAID,nsaid,none,none_reported,stomach pain,skipped_meal|took_drug|felt_symptom,meal_before_drug_then_symptom,side_effect,1,TRUE,high,source_rule=R011; rule_category=timing; clinical_strength=strong; confidence_base=0.9
N068,"I skipped breakfast, took my diabetes tablet, and felt dizzy afterward",antidiabetic,antidiabetic,none,none_reported,dizziness,skipped_meal|took_drug|felt_symptom,meal_before_drug_then_symptom,side_effect,1,TRUE,high,source_rule=R012; rule_category=timing; clinical_strength=strong; confidence_base=0.88
N069,I took my antidiabetic medicine on an empty stomach and later felt weak,antidiabetic,antidiabetic,none,none_reported,dizziness,skipped_meal|took_drug|felt_symptom,meal_before_drug_then_symptom,side_effect,1,TRUE,high,source_rule=R012; rule_category=timing; clinical_strength=strong; confidence_base=0.88
N070,"After taking antibiotics, I felt some nausea later in the day",antibiotic,antibiotic,none,none_reported,nausea,took_drug|felt_symptom,drug_then_symptom,side_effect,0,TRUE,medium,source_rule=R013; rule_category=timing; clinical_strength=moderate; confidence_base=0.7
N071,I used my antibiotic dose and then started feeling nauseous,antibiotic,antibiotic,none,none_reported,nausea,took_drug|felt_symptom,drug_then_symptom,side_effect,0,TRUE,medium,source_rule=R013; rule_category=timing; clinical_strength=moderate; confidence_base=0.7
N072,I swallowed my iron tablet together with breakfast,iron,iron,food,general_food,none,took_drug|ate_food,drug_with_food,absorption_effect,1,TRUE,high,source_rule=R014; rule_category=timing; clinical_strength=strong; confidence_base=0.85
N073,"Right after taking iron supplements, I ate my meal",iron,iron,food,general_food,none,took_drug|ate_food,drug_before_food,absorption_effect,1,TRUE,high,source_rule=R014; rule_category=timing; clinical_strength=strong; confidence_base=0.85
N074,I had my vitamins together with dinner,vitamin,vitamin,food,general_food,none,took_drug|ate_food,drug_with_food,better_with_food,0,TRUE,medium,source_rule=R015; rule_category=timing; clinical_strength=strong; confidence_base=0.75
N075,I took vitamin tablets while having lunch,vitamin,vitamin,food,general_food,none,took_drug|ate_food,drug_with_food,better_with_food,0,TRUE,medium,source_rule=R015; rule_category=timing; clinical_strength=strong; confidence_base=0.75
N076,I had coffee after taking my anxiety tablet,anxiety,anxiety,coffee,caffeine,none,took_drug|drank_food,drug_before_food,possible_interaction,1,TRUE,medium,source_rule=R019; rule_category=lifestyle; clinical_strength=moderate; confidence_base=0.75
N077,I usually drink coffee with my anxiety medication,anxiety,anxiety,coffee,caffeine,none,took_drug|drank_food,drug_with_food,possible_interaction,1,TRUE,medium,source_rule=R019; rule_category=lifestyle; clinical_strength=moderate; confidence_base=0.75
N078,"I took a sedative, drank alcohol, and then felt very drowsy",sedative,sedative,alcohol,alcohol,drowsiness,took_drug|drank_food|felt_symptom,drug_before_food_then_symptom,possible_interaction,2,TRUE,low,source_rule=R020; rule_category=lifestyle; clinical_strength=strong; confidence_base=0.92
N079,"After taking sleeping pills with alcohol, I became very sleepy",sedative,sedative,alcohol,alcohol,drowsiness,took_drug|drank_food|felt_symptom,drug_before_food_then_symptom,possible_interaction,2,TRUE,low,source_rule=R020; rule_category=lifestyle; clinical_strength=strong; confidence_base=0.92
N080,I ate sweets while taking diabetes medication,diabetes,diabetes,sugar,high_sugar_or_high_carb,none,ate_food,food_only,possible_interaction,1,TRUE,medium,source_rule=R021; rule_category=lifestyle; clinical_strength=strong; confidence_base=0.8
N081,"After my diabetes medicine, I had sugary snacks",diabetes,diabetes,sugar,high_sugar_or_high_carb,none,took_drug|ate_food,drug_before_food,possible_interaction,1,TRUE,medium,source_rule=R021; rule_category=lifestyle; clinical_strength=strong; confidence_base=0.8
N082,I ate a salty meal while using hypertension medicine,hypertension,hypertension,salt,high_sodium,none,ate_food,food_only,possible_interaction,1,TRUE,high,source_rule=R022; rule_category=lifestyle; clinical_strength=strong; confidence_base=0.9
N083,"During hypertension treatment, I kept eating high-salt food",hypertension,hypertension,salt,high_sodium,none,ate_food,food_only,possible_interaction,1,TRUE,high,source_rule=R022; rule_category=lifestyle; clinical_strength=strong; confidence_base=0.9
N084,I had grapefruit juice while taking statins,statin,statin,grapefruit,grapefruit_or_citrus_interaction,none,drank_food,food_only,possible_interaction,2,TRUE,high,source_rule=R023; rule_category=lifestyle; clinical_strength=strong; confidence_base=0.9
N085,I ate grapefruit during my statin treatment,statin,statin,grapefruit,grapefruit_or_citrus_interaction,none,ate_food,food_only,possible_interaction,2,TRUE,high,source_rule=R023; rule_category=lifestyle; clinical_strength=strong; confidence_base=0.9
N086,I drank alcohol after taking antidepressants,antidepressant,antidepressant,alcohol,alcohol,none,took_drug|drank_food,drug_before_food,possible_interaction,2,TRUE,high,source_rule=R024; rule_category=lifestyle; clinical_strength=strong; confidence_base=0.9
N087,I used my antidepressant medicine and later had alcohol,antidepressant,antidepressant,alcohol,alcohol,none,took_drug|drank_food,drug_before_food,possible_interaction,2,TRUE,high,source_rule=R024; rule_category=lifestyle; clinical_strength=strong; confidence_base=0.9
N088,I still smoke even though I have asthma,asthma,asthma,smoking,smoking_lifestyle,none,habit,habit,possible_interaction,2,TRUE,high,source_rule=R025; rule_category=lifestyle; clinical_strength=strong; confidence_base=0.95
N089,"While being treated for asthma, I continued smoking",asthma,asthma,smoking,smoking_lifestyle,none,habit,habit,possible_interaction,2,TRUE,high,source_rule=R025; rule_category=lifestyle; clinical_strength=strong; confidence_base=0.95
N090,I took antibiotics with milk and later felt nauseous,antibiotic,antibiotic,milk,dairy_or_calcium,nausea,took_drug|drank_food|felt_symptom,drug_before_food_then_symptom,possible_interaction,0,TRUE,medium,source_rule=R026; rule_category=symptom_based; clinical_strength=moderate; confidence_base=0.75
N091,"After my antibiotic and milk, I started feeling uncomfortable",antibiotic,antibiotic,milk,dairy_or_calcium,nausea,took_drug|drank_food|felt_symptom,drug_before_food_then_symptom,possible_interaction,0,TRUE,medium,source_rule=R026; rule_category=symptom_based; clinical_strength=moderate; confidence_base=0.75
N092,I took painkillers without food and then had stomach pain,NSAID,nsaid,none,none_reported,stomach pain,skipped_meal|took_drug|felt_symptom,meal_before_drug_then_symptom,side_effect,1,TRUE,high,source_rule=R027; rule_category=symptom_based; clinical_strength=strong; confidence_base=0.9
N093,"I skipped meals, took my diabetes medicine, and felt dizzy later",antidiabetic,antidiabetic,none,none_reported,dizziness,skipped_meal|took_drug|felt_symptom,meal_before_drug_then_symptom,side_effect,1,TRUE,high,source_rule=R028; rule_category=symptom_based; clinical_strength=strong; confidence_base=0.88
N094,I drank alcohol with sedatives and felt unusually sleepy,sedative,sedative,alcohol,alcohol,drowsiness,took_drug|drank_food|felt_symptom,drug_before_food_then_symptom,possible_interaction,2,TRUE,low,source_rule=R029; rule_category=symptom_based; clinical_strength=strong; confidence_base=0.92
N095,I ate leafy greens regularly during warfarin treatment,warfarin,warfarin,leafy greens,leafy_green_high_vitk,none,ate_food,food_only,possible_interaction,1,TRUE,high,source_rule=R030; rule_category=symptom_based; clinical_strength=strong; confidence_base=0.85
N096,I drink alcohol while taking medication,unknown,unknown,alcohol,alcohol,none,habit,habit,possible_interaction,1,TRUE,medium,source_rule=R031; rule_category=general; clinical_strength=moderate; confidence_base=0.7
N097,I ate a high-fat meal with my tablets,unknown,unknown,high_fat,high_fat,none,ate_food,food_only,absorption_effect,0,TRUE,medium,source_rule=R032; rule_category=general; clinical_strength=heuristic; confidence_base=0.65
N098,I had a high-fiber meal with my medicine,unknown,unknown,high_fiber,high_fiber,none,ate_food,food_only,absorption_effect,0,TRUE,medium,source_rule=R033; rule_category=general; clinical_strength=heuristic; confidence_base=0.65
N099,I forgot one of my medicine doses yesterday,unknown,unknown,none,none_reported,none,missed_dose,missed_dose,missed_dose,1,TRUE,high,source_rule=R034; rule_category=general; clinical_strength=strong; confidence_base=0.95
N100,I mistakenly took an extra dose of my medicine,unknown,unknown,none,none_reported,none,double_dose,double_dose,overdose,2,TRUE,high,source_rule=R035; rule_category=general; clinical_strength=strong; confidence_base=0.95
N101,I took amoxicillin and then had milk after lunch,amoxicillin,amoxicillin,milk,dairy_or_calcium,none,took_drug|drank_food,drug_before_food,absorption_effect,1,TRUE,medium,source_rule=R002; rule_category=food_drug; clinical_strength=strong; confidence_base=0.82
N102,"After taking my antibiotic, I drank a glass of milk",antibiotic,antibiotic,milk,dairy_or_calcium,none,took_drug|drank_food,drug_before_food,absorption_effect,1,TRUE,medium,source_rule=R002; rule_category=food_drug; clinical_strength=strong; confidence_base=0.82
N103,I took antibiotics and ate yogurt afterward,antibiotic,antibiotic,yogurt,dairy_or_calcium,none,took_drug|ate_food,drug_before_food,absorption_effect,1,TRUE,medium,source_rule=R001; rule_category=food_drug; clinical_strength=strong; confidence_base=0.8
N104,"After my antibiotic dose, I had some yogurt",antibiotic,antibiotic,yogurt,dairy_or_calcium,none,took_drug|ate_food,drug_before_food,absorption_effect,1,TRUE,medium,source_rule=R001; rule_category=food_drug; clinical_strength=strong; confidence_base=0.8
N105,I took levothyroxine and later ate beans rich in iron,levothyroxine,levothyroxine,iron,iron_rich,none,took_drug|ate_food,drug_before_food,absorption_effect,1,TRUE,high,source_rule=R003; rule_category=food_drug; clinical_strength=strong; confidence_base=0.9
N106,"After my thyroid medication, I ate an iron-rich meal",levothyroxine,levothyroxine,iron,iron_rich,none,took_drug|ate_food,drug_before_food,absorption_effect,1,TRUE,high,source_rule=R003; rule_category=food_drug; clinical_strength=strong; confidence_base=0.9
N107,I took levothyroxine and immediately had breakfast,levothyroxine,levothyroxine,food,general_food,none,took_drug|ate_food,drug_before_food,absorption_effect,1,TRUE,high,source_rule=R004; rule_category=food_drug; clinical_strength=strong; confidence_base=0.92
N108,I ate food right after taking my thyroid tablet,levothyroxine,levothyroxine,food,general_food,none,took_drug|ate_food,drug_before_food,absorption_effect,1,TRUE,high,source_rule=R004; rule_category=food_drug; clinical_strength=strong; confidence_base=0.92
N109,I ate spinach during my warfarin treatment,warfarin,warfarin,spinach,leafy_green_high_vitk,none,ate_food|none|none,food_only,possible_interaction,1,TRUE,high,source_rule=R005; rule_category=food_drug; clinical_strength=strong; confidence_base=0.88
N110,"While on warfarin, I consumed leafy greens regularly",warfarin,warfarin,leafy greens,leafy_green_high_vitk,none,ate_food|none|none,food_only,possible_interaction,1,TRUE,high,source_rule=R005; rule_category=food_drug; clinical_strength=strong; confidence_base=0.88
N111,I took a sedative and later drank alcohol,sedative,sedative,alcohol,alcohol,none,took_drug|drank_food,drug_before_food,possible_interaction,2,TRUE,low,source_rule=R007; rule_category=food_drug; clinical_strength=strong; confidence_base=0.92
N112,"After taking sleeping pills, I drank beer",sedative,sedative,alcohol,alcohol,none,took_drug|drank_food,drug_before_food,possible_interaction,2,TRUE,low,source_rule=R007; rule_category=food_drug; clinical_strength=strong; confidence_base=0.92
N113,I took metformin and then ate a high-carb meal,metformin,metformin,high_carb,high_sugar_or_high_carb,none,took_drug|ate_food,drug_before_food,possible_interaction,1,TRUE,medium,source_rule=R010; rule_category=food_drug; clinical_strength=moderate; confidence_base=0.7
N114,"After my diabetes medication, I ate rice and sweets",antidiabetic,antidiabetic,high_carb,high_sugar_or_high_carb,none,took_drug|ate_food,drug_before_food,possible_interaction,1,TRUE,medium,source_rule=R010; rule_category=food_drug; clinical_strength=moderate; confidence_base=0.7
N115,"I skipped breakfast and took an NSAID, then had stomach pain",NSAID,nsaid,none,none_reported,stomach pain,skipped_meal|took_drug|felt_symptom,meal_before_drug_then_symptom,side_effect,1,TRUE,high,source_rule=R011; rule_category=timing; clinical_strength=strong; confidence_base=0.9
N116,I took a painkiller without food and later felt stomach discomfort,NSAID,nsaid,none,none_reported,stomach pain,skipped_meal|took_drug|felt_symptom,meal_before_drug_then_symptom,side_effect,1,TRUE,high,source_rule=R011; rule_category=timing; clinical_strength=strong; confidence_base=0.9
N117,"I skipped meals, took my diabetes medicine, and felt dizzy",antidiabetic,antidiabetic,none,none_reported,dizziness,skipped_meal|took_drug|felt_symptom,meal_before_drug_then_symptom,side_effect,1,TRUE,high,source_rule=R012; rule_category=timing; clinical_strength=strong; confidence_base=0.88
N118,I took my antidiabetic tablet without eating and felt weak,antidiabetic,antidiabetic,none,none_reported,dizziness,skipped_meal|took_drug|felt_symptom,meal_before_drug_then_symptom,side_effect,1,TRUE,high,source_rule=R012; rule_category=timing; clinical_strength=strong; confidence_base=0.88
N119,I took antibiotics and later felt nauseous,antibiotic,antibiotic,none,none_reported,nausea,took_drug|felt_symptom,drug_then_symptom,side_effect,0,TRUE,medium,source_rule=R013; rule_category=timing; clinical_strength=moderate; confidence_base=0.7
N120,"After taking antibiotics, I experienced nausea",antibiotic,antibiotic,none,none_reported,nausea,took_drug|felt_symptom,drug_then_symptom,side_effect,0,TRUE,medium,source_rule=R013; rule_category=timing; clinical_strength=moderate; confidence_base=0.7
N121,I took iron tablets with my meal,iron,iron,food,general_food,none,took_drug|ate_food,drug_with_food,absorption_effect,1,TRUE,high,source_rule=R014; rule_category=timing; clinical_strength=strong; confidence_base=0.85
N122,I ate food immediately after taking iron supplements,iron,iron,food,general_food,none,took_drug|ate_food,drug_before_food,absorption_effect,1,TRUE,high,source_rule=R014; rule_category=timing; clinical_strength=strong; confidence_base=0.85
N123,I took vitamins together with my meal,vitamin,vitamin,food,general_food,none,took_drug|ate_food,drug_with_food,better_with_food,0,TRUE,medium,source_rule=R015; rule_category=timing; clinical_strength=strong; confidence_base=0.75
N124,I had my vitamins while eating lunch,vitamin,vitamin,food,general_food,none,took_drug|ate_food,drug_with_food,better_with_food,0,TRUE,medium,source_rule=R015; rule_category=timing; clinical_strength=strong; confidence_base=0.75
N125,I drank coffee after taking anxiety medication,anxiety,anxiety,coffee,caffeine,none,took_drug|drank_food,drug_before_food,possible_interaction,1,TRUE,medium,source_rule=R019; rule_category=lifestyle; clinical_strength=moderate; confidence_base=0.75
N126,I take my anxiety medicine with coffee,anxiety,anxiety,coffee,caffeine,none,took_drug|drank_food,drug_with_food,possible_interaction,1,TRUE,medium,source_rule=R019; rule_category=lifestyle; clinical_strength=moderate; confidence_base=0.75
N127,"I took a sedative, drank alcohol, and felt very sleepy",sedative,sedative,alcohol,alcohol,drowsiness,took_drug|drank_food|felt_symptom,drug_before_food_then_symptom,possible_interaction,2,TRUE,low,source_rule=R020; rule_category=lifestyle; clinical_strength=strong; confidence_base=0.92
N128,"After alcohol and sleeping pills, I became extremely drowsy",sedative,sedative,alcohol,alcohol,drowsiness,took_drug|drank_food|felt_symptom,drug_before_food_then_symptom,possible_interaction,2,TRUE,low,source_rule=R020; rule_category=lifestyle; clinical_strength=strong; confidence_base=0.92
N129,I ate sugary foods while on diabetes medication,diabetes,diabetes,sugar,high_sugar_or_high_carb,none,ate_food,food_only,possible_interaction,1,TRUE,medium,source_rule=R021; rule_category=lifestyle; clinical_strength=strong; confidence_base=0.8
N130,I had sweets after taking my diabetes medicine,diabetes,diabetes,sugar,high_sugar_or_high_carb,none,took_drug|ate_food,drug_before_food,possible_interaction,1,TRUE,medium,source_rule=R021; rule_category=lifestyle; clinical_strength=strong; confidence_base=0.8
N131,I ate salty food while taking hypertension medication,hypertension,hypertension,salt,high_sodium,none,ate_food,food_only,possible_interaction,1,TRUE,high,source_rule=R022; rule_category=lifestyle; clinical_strength=strong; confidence_base=0.9
N132,I consumed high-salt meals during hypertension treatment,hypertension,hypertension,salt,high_sodium,none,ate_food,food_only,possible_interaction,1,TRUE,high,source_rule=R022; rule_category=lifestyle; clinical_strength=strong; confidence_base=0.9
N133,I ate grapefruit while taking statins,statin,statin,grapefruit,grapefruit_or_citrus_interaction,none,ate_food,food_only,possible_interaction,2,TRUE,high,source_rule=R023; rule_category=lifestyle; clinical_strength=strong; confidence_base=0.9
N134,I drank grapefruit juice during statin therapy,statin,statin,grapefruit,grapefruit_or_citrus_interaction,none,drank_food,food_only,possible_interaction,2,TRUE,high,source_rule=R023; rule_category=lifestyle; clinical_strength=strong; confidence_base=0.9
N135,I drank alcohol while taking antidepressants,antidepressant,antidepressant,alcohol,alcohol,none,took_drug|drank_food,drug_with_food,possible_interaction,2,TRUE,high,source_rule=R024; rule_category=lifestyle; clinical_strength=strong; confidence_base=0.9
N136,I take alcohol with my antidepressant medication,antidepressant,antidepressant,alcohol,alcohol,none,took_drug|drank_food,drug_with_food,possible_interaction,2,TRUE,high,source_rule=R024; rule_category=lifestyle; clinical_strength=strong; confidence_base=0.9
N137,I smoke regularly while having asthma,asthma,asthma,smoking,smoking_lifestyle,none,habit,habit,possible_interaction,2,TRUE,high,source_rule=R025; rule_category=lifestyle; clinical_strength=strong; confidence_base=0.95
N138,I continued smoking during asthma treatment,asthma,asthma,smoking,smoking_lifestyle,none,habit,habit,possible_interaction,2,TRUE,high,source_rule=R025; rule_category=lifestyle; clinical_strength=strong; confidence_base=0.95
N139,I took antibiotics with milk and felt nauseous,antibiotic,antibiotic,milk,dairy_or_calcium,nausea,took_drug|drank_food|felt_symptom,drug_before_food_then_symptom,possible_interaction,0,TRUE,medium,source_rule=R026; rule_category=symptom_based; clinical_strength=moderate; confidence_base=0.75
N140,"After taking antibiotics and milk, I felt uncomfortable",antibiotic,antibiotic,milk,dairy_or_calcium,nausea,took_drug|drank_food|felt_symptom,drug_before_food_then_symptom,possible_interaction,0,TRUE,medium,source_rule=R026; rule_category=symptom_based; clinical_strength=moderate; confidence_base=0.75
N141,I drink alcohol while taking medicine,unknown,unknown,alcohol,alcohol,none,habit,habit,possible_interaction,1,TRUE,medium,source_rule=R031; rule_category=general; clinical_strength=moderate; confidence_base=0.7
N142,I ate a high-fat meal with my medication,unknown,unknown,high_fat,high_fat,none,ate_food,food_only,absorption_effect,0,TRUE,medium,source_rule=R032; rule_category=general; clinical_strength=heuristic; confidence_base=0.65
N143,I ate high-fiber food with my tablets,unknown,unknown,high_fiber,high_fiber,none,ate_food,food_only,absorption_effect,0,TRUE,medium,source_rule=R033; rule_category=general; clinical_strength=heuristic; confidence_base=0.65
N144,I forgot to take my medicine yesterday,unknown,unknown,none,none_reported,none,missed_dose,missed_dose,missed_dose,1,TRUE,high,source_rule=R034; rule_category=general; clinical_strength=strong; confidence_base=0.95
N145,I accidentally took two doses of my medicine,unknown,unknown,none,none_reported,none,double_dose,double_dose,overdose,2,TRUE,high,source_rule=R035; rule_category=general; clinical_strength=strong; confidence_base=0.95
N146,I took NSAIDs without food and felt stomach pain,NSAID,nsaid,none,none_reported,stomach pain,skipped_meal|took_drug|felt_symptom,meal_before_drug_then_symptom,side_effect,1,TRUE,high,source_rule=R011; rule_category=timing; clinical_strength=strong; confidence_base=0.9
N147,"I skipped meals and took diabetes medicine, then felt dizzy",antidiabetic,antidiabetic,none,none_reported,dizziness,skipped_meal|took_drug|felt_symptom,meal_before_drug_then_symptom,side_effect,1,TRUE,high,source_rule=R012; rule_category=timing; clinical_strength=strong; confidence_base=0.88
N148,I drank alcohol with sedatives and felt very sleepy,sedative,sedative,alcohol,alcohol,drowsiness,took_drug|drank_food|felt_symptom,drug_before_food_then_symptom,possible_interaction,2,TRUE,low,source_rule=R020; rule_category=lifestyle; clinical_strength=strong; confidence_base=0.92
N149,I ate leafy vegetables during warfarin therapy,warfarin,warfarin,leafy greens,leafy_green_high_vitk,none,ate_food,food_only,possible_interaction,1,TRUE,high,source_rule=R005; rule_category=food_drug; clinical_strength=strong; confidence_base=0.88
N150,I ate breakfast right after taking my thyroid medicine,levothyroxine,levothyroxine,food,general_food,none,took_drug|ate_food,drug_before_food,absorption_effect,1,TRUE,high,source_rule=R004; rule_category=food_drug; clinical_strength=strong; confidence_base=0.92
N151,I took amoxicillin and drank milk shortly after,amoxicillin,amoxicillin,milk,dairy_or_calcium,none,took_drug|drank_food,drug_before_food,absorption_effect,1,TRUE,medium,source_rule=R002; rule_category=food_drug; clinical_strength=strong; confidence_base=0.82
N152,"After taking antibiotics, I drank milk tea",antibiotic,antibiotic,milk,dairy_or_calcium,none,took_drug|drank_food,drug_before_food,absorption_effect,1,TRUE,medium,source_rule=R002; rule_category=food_drug; clinical_strength=strong; confidence_base=0.82
N153,I took antibiotics and ate yogurt later,antibiotic,antibiotic,yogurt,dairy_or_calcium,none,took_drug|ate_food,drug_before_food,absorption_effect,1,TRUE,medium,source_rule=R001; rule_category=food_drug; clinical_strength=strong; confidence_base=0.8
N154,I had curd after my antibiotic dose,antibiotic,antibiotic,curd,dairy_or_calcium,none,took_drug|ate_food,drug_before_food,absorption_effect,1,TRUE,medium,source_rule=R001; rule_category=food_drug; clinical_strength=strong; confidence_base=0.8
N155,I took levothyroxine and later ate iron-rich lentils,levothyroxine,levothyroxine,iron,iron_rich,none,took_drug|ate_food,drug_before_food,absorption_effect,1,TRUE,high,source_rule=R003; rule_category=food_drug; clinical_strength=strong; confidence_base=0.9
N156,"After thyroid medicine, I had iron-rich food",levothyroxine,levothyroxine,iron,iron_rich,none,took_drug|ate_food,drug_before_food,absorption_effect,1,TRUE,high,source_rule=R003; rule_category=food_drug; clinical_strength=strong; confidence_base=0.9
N157,I took levothyroxine and ate breakfast immediately,levothyroxine,levothyroxine,food,general_food,none,took_drug|ate_food,drug_before_food,absorption_effect,1,TRUE,high,source_rule=R004; rule_category=food_drug; clinical_strength=strong; confidence_base=0.92
N158,I had food right after my thyroid tablet,levothyroxine,levothyroxine,food,general_food,none,took_drug|ate_food,drug_before_food,absorption_effect,1,TRUE,high,source_rule=R004; rule_category=food_drug; clinical_strength=strong; confidence_base=0.92
N159,I ate green leafy vegetables while on warfarin,warfarin,warfarin,leafy greens,leafy_green_high_vitk,none,ate_food,food_only,possible_interaction,1,TRUE,high,source_rule=R005; rule_category=food_drug; clinical_strength=strong; confidence_base=0.88
N160,"During warfarin therapy, I ate spinach regularly",warfarin,warfarin,spinach,leafy_green_high_vitk,none,ate_food,food_only,possible_interaction,1,TRUE,high,source_rule=R005; rule_category=food_drug; clinical_strength=strong; confidence_base=0.88
N161,I took a sedative and then drank alcohol,sedative,sedative,alcohol,alcohol,none,took_drug|drank_food,drug_before_food,possible_interaction,2,TRUE,low,source_rule=R007; rule_category=food_drug; clinical_strength=strong; confidence_base=0.92
N162,"After sleeping pills, I had beer",sedative,sedative,alcohol,alcohol,none,took_drug|drank_food,drug_before_food,possible_interaction,2,TRUE,low,source_rule=R007; rule_category=food_drug; clinical_strength=strong; confidence_base=0.92
N163,I took metformin and ate sweets afterward,metformin,metformin,high_carb,high_sugar_or_high_carb,none,took_drug|ate_food,drug_before_food,possible_interaction,1,TRUE,medium,source_rule=R010; rule_category=food_drug; clinical_strength=moderate; confidence_base=0.7
N164,"After my diabetes medicine, I had sugary food",antidiabetic,antidiabetic,high_carb,high_sugar_or_high_carb,none,took_drug|ate_food,drug_before_food,possible_interaction,1,TRUE,medium,source_rule=R010; rule_category=food_drug; clinical_strength=moderate; confidence_base=0.7
N165,"I skipped meals and took an NSAID, then had stomach pain",NSAID,nsaid,none,none_reported,stomach pain,skipped_meal|took_drug|felt_symptom,meal_before_drug_then_symptom,side_effect,1,TRUE,high,source_rule=R011; rule_category=timing; clinical_strength=strong; confidence_base=0.9
N166,I took diclofenac without eating and felt stomach discomfort,NSAID,nsaid,none,none_reported,stomach pain,skipped_meal|took_drug|felt_symptom,meal_before_drug_then_symptom,side_effect,1,TRUE,high,source_rule=R011; rule_category=timing; clinical_strength=strong; confidence_base=0.9
N167,"I skipped meals, took my diabetes medicine, and felt dizzy",antidiabetic,antidiabetic,none,none_reported,dizziness,skipped_meal|took_drug|felt_symptom,meal_before_drug_then_symptom,side_effect,1,TRUE,high,source_rule=R012; rule_category=timing; clinical_strength=strong; confidence_base=0.88
N168,I took antidiabetic medicine without food and felt weak,antidiabetic,antidiabetic,none,none_reported,dizziness,skipped_meal|took_drug|felt_symptom,meal_before_drug_then_symptom,side_effect,1,TRUE,high,source_rule=R012; rule_category=timing; clinical_strength=strong; confidence_base=0.88
N169,I took antibiotics and felt nauseous afterward,antibiotic,antibiotic,none,none_reported,nausea,took_drug|felt_symptom,drug_then_symptom,side_effect,0,TRUE,medium,source_rule=R013; rule_category=timing; clinical_strength=moderate; confidence_base=0.7
N170,"After taking antibiotics, I started feeling nausea",antibiotic,antibiotic,none,none_reported,nausea,took_drug|felt_symptom,drug_then_symptom,side_effect,0,TRUE,medium,source_rule=R013; rule_category=timing; clinical_strength=moderate; confidence_base=0.7
N171,I took iron tablets and ate food immediately,iron,iron,food,general_food,none,took_drug|ate_food,drug_before_food,absorption_effect,1,TRUE,high,source_rule=R014; rule_category=timing; clinical_strength=strong; confidence_base=0.85
N172,I had food right after taking iron supplements,iron,iron,food,general_food,none,took_drug|ate_food,drug_before_food,absorption_effect,1,TRUE,high,source_rule=R014; rule_category=timing; clinical_strength=strong; confidence_base=0.85
N173,I took vitamins with my meal,vitamin,vitamin,food,general_food,none,took_drug|ate_food,drug_with_food,better_with_food,0,TRUE,medium,source_rule=R015; rule_category=timing; clinical_strength=strong; confidence_base=0.75
N174,I had vitamin tablets while eating lunch,vitamin,vitamin,food,general_food,none,took_drug|ate_food,drug_with_food,better_with_food,0,TRUE,medium,source_rule=R015; rule_category=timing; clinical_strength=strong; confidence_base=0.75
N175,I drank coffee after taking anxiety medication,anxiety,anxiety,coffee,caffeine,none,took_drug|drank_food,drug_before_food,possible_interaction,1,TRUE,medium,source_rule=R019; rule_category=lifestyle; clinical_strength=moderate; confidence_base=0.75
N176,I take coffee together with anxiety medicine,anxiety,anxiety,coffee,caffeine,none,took_drug|drank_food,drug_with_food,possible_interaction,1,TRUE,medium,source_rule=R019; rule_category=lifestyle; clinical_strength=moderate; confidence_base=0.75
N177,I took sedatives and drank alcohol and felt sleepy,sedative,sedative,alcohol,alcohol,drowsiness,took_drug|drank_food|felt_symptom,drug_before_food_then_symptom,possible_interaction,2,TRUE,low,source_rule=R020; rule_category=lifestyle; clinical_strength=strong; confidence_base=0.92
N178,"After alcohol and sleeping pills, I felt very drowsy",sedative,sedative,alcohol,alcohol,drowsiness,took_drug|drank_food|felt_symptom,drug_before_food_then_symptom,possible_interaction,2,TRUE,low,source_rule=R020; rule_category=lifestyle; clinical_strength=strong; confidence_base=0.92
N179,I ate sugary foods while on diabetes medication,diabetes,diabetes,sugar,high_sugar_or_high_carb,none,ate_food,food_only,possible_interaction,1,TRUE,medium,source_rule=R021; rule_category=lifestyle; clinical_strength=strong; confidence_base=0.8
N180,I had sweets after diabetes medicine,diabetes,diabetes,sugar,high_sugar_or_high_carb,none,took_drug|ate_food,drug_before_food,possible_interaction,1,TRUE,medium,source_rule=R021; rule_category=lifestyle; clinical_strength=strong; confidence_base=0.8
N181,I ate salty food while taking hypertension medicine,hypertension,hypertension,salt,high_sodium,none,ate_food,food_only,possible_interaction,1,TRUE,high,source_rule=R022; rule_category=lifestyle; clinical_strength=strong; confidence_base=0.9
N182,I consume high salt meals regularly with hypertension treatment,hypertension,hypertension,salt,high_sodium,none,ate_food,food_only,possible_interaction,1,TRUE,high,source_rule=R022; rule_category=lifestyle; clinical_strength=strong; confidence_base=0.9
N183,I ate grapefruit while taking statins,statin,statin,grapefruit,grapefruit_or_citrus_interaction,none,ate_food,food_only,possible_interaction,2,TRUE,high,source_rule=R023; rule_category=lifestyle; clinical_strength=strong; confidence_base=0.9
N184,I drank grapefruit juice during statin treatment,statin,statin,grapefruit,grapefruit_or_citrus_interaction,none,drank_food,food_only,possible_interaction,2,TRUE,high,source_rule=R023; rule_category=lifestyle; clinical_strength=strong; confidence_base=0.9
N185,I drank alcohol while taking antidepressants,antidepressant,antidepressant,alcohol,alcohol,none,took_drug|drank_food,drug_with_food,possible_interaction,2,TRUE,high,source_rule=R024; rule_category=lifestyle; clinical_strength=strong; confidence_base=0.9
N186,I take alcohol with antidepressant medication,antidepressant,antidepressant,alcohol,alcohol,none,took_drug|drank_food,drug_with_food,possible_interaction,2,TRUE,high,source_rule=R024; rule_category=lifestyle; clinical_strength=strong; confidence_base=0.9
N187,I smoke regularly while having asthma,asthma,asthma,smoking,smoking_lifestyle,none,habit,habit,possible_interaction,2,TRUE,high,source_rule=R025; rule_category=lifestyle; clinical_strength=strong; confidence_base=0.95
N188,I continued smoking during asthma treatment,asthma,asthma,smoking,smoking_lifestyle,none,habit,habit,possible_interaction,2,TRUE,high,source_rule=R025; rule_category=lifestyle; clinical_strength=strong; confidence_base=0.95
N189,I took antibiotics with milk and felt nauseous,antibiotic,antibiotic,milk,dairy_or_calcium,nausea,took_drug|drank_food|felt_symptom,drug_before_food_then_symptom,possible_interaction,0,TRUE,medium,source_rule=R026; rule_category=symptom_based; clinical_strength=moderate; confidence_base=0.75
N190,"After milk and antibiotics, I felt discomfort",antibiotic,antibiotic,milk,dairy_or_calcium,nausea,took_drug|drank_food|felt_symptom,drug_before_food_then_symptom,possible_interaction,0,TRUE,medium,source_rule=R026; rule_category=symptom_based; clinical_strength=moderate; confidence_base=0.75
N191,I took painkillers without food and felt stomach pain,NSAID,nsaid,none,none_reported,stomach pain,skipped_meal|took_drug|felt_symptom,meal_before_drug_then_symptom,side_effect,1,TRUE,high,source_rule=R027; rule_category=symptom_based; clinical_strength=strong; confidence_base=0.9
N192,I skipped meals and took diabetes medicine then felt dizzy,antidiabetic,antidiabetic,none,none_reported,dizziness,skipped_meal|took_drug|felt_symptom,meal_before_drug_then_symptom,side_effect,1,TRUE,high,source_rule=R028; rule_category=symptom_based; clinical_strength=strong; confidence_base=0.88
N193,I drank alcohol with sedatives and felt sleepy,sedative,sedative,alcohol,alcohol,drowsiness,took_drug|drank_food|felt_symptom,drug_before_food_then_symptom,possible_interaction,2,TRUE,low,source_rule=R029; rule_category=symptom_based; clinical_strength=strong; confidence_base=0.92
N194,I ate leafy greens during warfarin therapy,warfarin,warfarin,leafy greens,leafy_green_high_vitk,none,ate_food,food_only,possible_interaction,1,TRUE,high,source_rule=R030; rule_category=symptom_based; clinical_strength=strong; confidence_base=0.85
N195,I drink alcohol while taking medication,unknown,unknown,alcohol,alcohol,none,habit,habit,possible_interaction,1,TRUE,medium,source_rule=R031; rule_category=general; clinical_strength=moderate; confidence_base=0.7
N196,I ate a high-fat meal with my medicine,unknown,unknown,high_fat,high_fat,none,ate_food,food_only,absorption_effect,0,TRUE,medium,source_rule=R032; rule_category=general; clinical_strength=heuristic; confidence_base=0.65
N197,I had high-fiber food with my tablets,unknown,unknown,high_fiber,high_fiber,none,ate_food,food_only,absorption_effect,0,TRUE,medium,source_rule=R033; rule_category=general; clinical_strength=heuristic; confidence_base=0.65
N198,I forgot to take my medicine,unknown,unknown,none,none_reported,none,missed_dose,missed_dose,missed_dose,1,TRUE,high,source_rule=R034; rule_category=general; clinical_strength=strong; confidence_base=0.95
N199,I accidentally took an extra dose of medicine,unknown,unknown,none,none_reported,none,double_dose,double_dose,overdose,2,TRUE,high,source_rule=R035; rule_category=general; clinical_strength=strong; confidence_base=0.95
N200,I ate breakfast right after taking levothyroxine,levothyroxine,levothyroxine,food,general_food,none,took_drug|ate_food,drug_before_food,absorption_effect,1,TRUE,high,source_rule=R004; rule_category=food_drug; clinical_strength=strong; confidence_base=0.92
N201,I had my amoxicillin tablet and later drank milk tea,amoxicillin,amoxicillin,milk,dairy_or_calcium,none,took_drug|drank_food,drug_before_food,absorption_effect,1,TRUE,medium,source_rule=R002; rule_category=food_drug; clinical_strength=strong; confidence_base=0.82
N202,"After using my antibiotic, I drank milk in the evening",antibiotic,antibiotic,milk,dairy_or_calcium,none,took_drug|drank_food,drug_before_food,absorption_effect,1,TRUE,medium,source_rule=R002; rule_category=food_drug; clinical_strength=strong; confidence_base=0.82
N203,I ate yogurt a while after taking my antibiotic,antibiotic,antibiotic,yogurt,dairy_or_calcium,none,took_drug|ate_food,drug_before_food,absorption_effect,1,TRUE,medium,source_rule=R001; rule_category=food_drug; clinical_strength=strong; confidence_base=0.8
N204,I consumed curd sometime after my antibiotic dose,antibiotic,antibiotic,curd,dairy_or_calcium,none,took_drug|ate_food,drug_before_food,absorption_effect,1,TRUE,medium,source_rule=R001; rule_category=food_drug; clinical_strength=strong; confidence_base=0.8
N205,I took levothyroxine early morning and later ate iron-rich food,levothyroxine,levothyroxine,iron,iron_rich,none,took_drug|ate_food,drug_before_food,absorption_effect,1,TRUE,high,source_rule=R003; rule_category=food_drug; clinical_strength=strong; confidence_base=0.9
N206,"After my thyroid medication, I had beans containing iron",levothyroxine,levothyroxine,iron,iron_rich,none,took_drug|ate_food,drug_before_food,absorption_effect,1,TRUE,high,source_rule=R003; rule_category=food_drug; clinical_strength=strong; confidence_base=0.9
N207,I ate breakfast right after taking levothyroxine tablet,levothyroxine,levothyroxine,food,general_food,none,took_drug|ate_food,drug_before_food,absorption_effect,1,TRUE,high,source_rule=R004; rule_category=food_drug; clinical_strength=strong; confidence_base=0.92
N208,"Immediately after my thyroid medicine, I ate some food",levothyroxine,levothyroxine,food,general_food,none,took_drug|ate_food,drug_before_food,absorption_effect,1,TRUE,high,source_rule=R004; rule_category=food_drug; clinical_strength=strong; confidence_base=0.92
N209,I included spinach in my meals while on warfarin,warfarin,warfarin,spinach,leafy_green_high_vitk,none,ate_food,food_only,possible_interaction,1,TRUE,high,source_rule=R005; rule_category=food_drug; clinical_strength=strong; confidence_base=0.88
N210,"While taking warfarin, I often ate leafy vegetables",warfarin,warfarin,leafy greens,leafy_green_high_vitk,none,ate_food,food_only,possible_interaction,1,TRUE,high,source_rule=R005; rule_category=food_drug; clinical_strength=strong; confidence_base=0.88
N211,I drank alcohol after taking a sedative tablet,sedative,sedative,alcohol,alcohol,none,took_drug|drank_food,drug_before_food,possible_interaction,2,TRUE,low,source_rule=R007; rule_category=food_drug; clinical_strength=strong; confidence_base=0.92
N212,I had wine later after my sleeping medication,sedative,sedative,alcohol,alcohol,none,took_drug|drank_food,drug_before_food,possible_interaction,2,TRUE,low,source_rule=R007; rule_category=food_drug; clinical_strength=strong; confidence_base=0.92
N213,I ate sugary food after taking metformin,metformin,metformin,high_carb,high_sugar_or_high_carb,none,took_drug|ate_food,drug_before_food,possible_interaction,1,TRUE,medium,source_rule=R010; rule_category=food_drug; clinical_strength=moderate; confidence_base=0.7
N214,"After my diabetes medicine, I consumed high-carb snacks",antidiabetic,antidiabetic,high_carb,high_sugar_or_high_carb,none,took_drug|ate_food,drug_before_food,possible_interaction,1,TRUE,medium,source_rule=R010; rule_category=food_drug; clinical_strength=moderate; confidence_base=0.7
N215,I took NSAIDs on an empty stomach and later had stomach pain,NSAID,nsaid,none,none_reported,stomach pain,skipped_meal|took_drug|felt_symptom,meal_before_drug_then_symptom,side_effect,1,TRUE,high,source_rule=R011; rule_category=timing; clinical_strength=strong; confidence_base=0.9
N216,"Without eating, I took diclofenac and felt discomfort in my stomach",NSAID,nsaid,none,none_reported,stomach pain,skipped_meal|took_drug|felt_symptom,meal_before_drug_then_symptom,side_effect,1,TRUE,high,source_rule=R011; rule_category=timing; clinical_strength=strong; confidence_base=0.9
N217,I took my diabetes medicine without food and later felt dizzy,antidiabetic,antidiabetic,none,none_reported,dizziness,skipped_meal|took_drug|felt_symptom,meal_before_drug_then_symptom,side_effect,1,TRUE,high,source_rule=R012; rule_category=timing; clinical_strength=strong; confidence_base=0.88
N218,Skipping meals and taking my tablet made me feel weak,antidiabetic,antidiabetic,none,none_reported,dizziness,skipped_meal|took_drug|felt_symptom,meal_before_drug_then_symptom,side_effect,1,TRUE,high,source_rule=R012; rule_category=timing; clinical_strength=strong; confidence_base=0.88
N219,"After using antibiotics, I experienced nausea",antibiotic,antibiotic,none,none_reported,nausea,took_drug|felt_symptom,drug_then_symptom,side_effect,0,TRUE,medium,source_rule=R013; rule_category=timing; clinical_strength=moderate; confidence_base=0.7
N220,I started feeling nauseous after my antibiotic dose,antibiotic,antibiotic,none,none_reported,nausea,took_drug|felt_symptom,drug_then_symptom,side_effect,0,TRUE,medium,source_rule=R013; rule_category=timing; clinical_strength=moderate; confidence_base=0.7
N221,I took iron tablets and then ate food,iron,iron,food,general_food,none,took_drug|ate_food,drug_before_food,absorption_effect,1,TRUE,high,source_rule=R014; rule_category=timing; clinical_strength=strong; confidence_base=0.85
N222,I ate a meal immediately after taking iron supplements,iron,iron,food,general_food,none,took_drug|ate_food,drug_before_food,absorption_effect,1,TRUE,high,source_rule=R014; rule_category=timing; clinical_strength=strong; confidence_base=0.85
N223,I took vitamins during my meal,vitamin,vitamin,food,general_food,none,took_drug|ate_food,drug_with_food,better_with_food,0,TRUE,medium,source_rule=R015; rule_category=timing; clinical_strength=strong; confidence_base=0.75
N224,I consumed vitamin tablets while eating,vitamin,vitamin,food,general_food,none,took_drug|ate_food,drug_with_food,better_with_food,0,TRUE,medium,source_rule=R015; rule_category=timing; clinical_strength=strong; confidence_base=0.75
N225,I had coffee soon after taking anxiety medication,anxiety,anxiety,coffee,caffeine,none,took_drug|drank_food,drug_before_food,possible_interaction,1,TRUE,medium,source_rule=R019; rule_category=lifestyle; clinical_strength=moderate; confidence_base=0.75
N226,I drink coffee alongside my anxiety medicine,anxiety,anxiety,coffee,caffeine,none,took_drug|drank_food,drug_with_food,possible_interaction,1,TRUE,medium,source_rule=R019; rule_category=lifestyle; clinical_strength=moderate; confidence_base=0.75
N227,I combined alcohol with sedatives and felt sleepy,sedative,sedative,alcohol,alcohol,drowsiness,took_drug|drank_food|felt_symptom,drug_before_food_then_symptom,possible_interaction,2,TRUE,low,source_rule=R020; rule_category=lifestyle; clinical_strength=strong; confidence_base=0.92
N228,"After drinking alcohol with sleeping pills, I felt very drowsy",sedative,sedative,alcohol,alcohol,drowsiness,took_drug|drank_food|felt_symptom,drug_before_food_then_symptom,possible_interaction,2,TRUE,low,source_rule=R020; rule_category=lifestyle; clinical_strength=strong; confidence_base=0.92
N229,I consumed sugary snacks while on diabetes treatment,diabetes,diabetes,sugar,high_sugar_or_high_carb,none,ate_food,food_only,possible_interaction,1,TRUE,medium,source_rule=R021; rule_category=lifestyle; clinical_strength=strong; confidence_base=0.8
N230,"After taking diabetes medication, I ate sweets",diabetes,diabetes,sugar,high_sugar_or_high_carb,none,took_drug|ate_food,drug_before_food,possible_interaction,1,TRUE,medium,source_rule=R021; rule_category=lifestyle; clinical_strength=strong; confidence_base=0.8
N231,I regularly eat salty foods during hypertension treatment,hypertension,hypertension,salt,high_sodium,none,ate_food,food_only,possible_interaction,1,TRUE,high,source_rule=R022; rule_category=lifestyle; clinical_strength=strong; confidence_base=0.9
N232,"While taking hypertension medicine, I consumed salt-rich meals",hypertension,hypertension,salt,high_sodium,none,ate_food,food_only,possible_interaction,1,TRUE,high,source_rule=R022; rule_category=lifestyle; clinical_strength=strong; confidence_base=0.9
N233,I drank grapefruit juice while using statins,statin,statin,grapefruit,grapefruit_or_citrus_interaction,none,drank_food,food_only,possible_interaction,2,TRUE,high,source_rule=R023; rule_category=lifestyle; clinical_strength=strong; confidence_base=0.9
N234,I included grapefruit in my meals during statin therapy,statin,statin,grapefruit,grapefruit_or_citrus_interaction,none,ate_food,food_only,possible_interaction,2,TRUE,high,source_rule=R023; rule_category=lifestyle; clinical_strength=strong; confidence_base=0.9
N235,I drank alcohol after taking antidepressants,antidepressant,antidepressant,alcohol,alcohol,none,took_drug|drank_food,drug_before_food,possible_interaction,2,TRUE,high,source_rule=R024; rule_category=lifestyle; clinical_strength=strong; confidence_base=0.9
N236,I used antidepressant medication and later had alcohol,antidepressant,antidepressant,alcohol,alcohol,none,took_drug|drank_food,drug_before_food,possible_interaction,2,TRUE,high,source_rule=R024; rule_category=lifestyle; clinical_strength=strong; confidence_base=0.9
N237,I smoke even while receiving asthma treatment,asthma,asthma,smoking,smoking_lifestyle,none,habit,habit,possible_interaction,2,TRUE,high,source_rule=R025; rule_category=lifestyle; clinical_strength=strong; confidence_base=0.95
N238,I continued smoking despite having asthma,asthma,asthma,smoking,smoking_lifestyle,none,habit,habit,possible_interaction,2,TRUE,high,source_rule=R025; rule_category=lifestyle; clinical_strength=strong; confidence_base=0.95
N239,I took antibiotics with milk and then felt nauseous,antibiotic,antibiotic,milk,dairy_or_calcium,nausea,took_drug|drank_food|felt_symptom,drug_before_food_then_symptom,possible_interaction,0,TRUE,medium,source_rule=R026; rule_category=symptom_based; clinical_strength=moderate; confidence_base=0.75
N240,"After combining antibiotics and milk, I felt discomfort",antibiotic,antibiotic,milk,dairy_or_calcium,nausea,took_drug|drank_food|felt_symptom,drug_before_food_then_symptom,possible_interaction,0,TRUE,medium,source_rule=R026; rule_category=symptom_based; clinical_strength=moderate; confidence_base=0.75
N241,I took painkillers without eating and later had stomach pain,NSAID,nsaid,none,none_reported,stomach pain,skipped_meal|took_drug|felt_symptom,meal_before_drug_then_symptom,side_effect,1,TRUE,high,source_rule=R027; rule_category=symptom_based; clinical_strength=strong; confidence_base=0.9
N242,Skipping meals before taking diabetes medicine made me dizzy,antidiabetic,antidiabetic,none,none_reported,dizziness,skipped_meal|took_drug|felt_symptom,meal_before_drug_then_symptom,side_effect,1,TRUE,high,source_rule=R028; rule_category=symptom_based; clinical_strength=strong; confidence_base=0.88
N243,I drank alcohol along with sedatives and became drowsy,sedative,sedative,alcohol,alcohol,drowsiness,took_drug|drank_food|felt_symptom,drug_before_food_then_symptom,possible_interaction,2,TRUE,low,source_rule=R029; rule_category=symptom_based; clinical_strength=strong; confidence_base=0.92
N244,I ate leafy greens regularly during warfarin therapy,warfarin,warfarin,leafy greens,leafy_green_high_vitk,none,ate_food,food_only,possible_interaction,1,TRUE,high,source_rule=R030; rule_category=symptom_based; clinical_strength=strong; confidence_base=0.85
N245,I drink alcohol while using medications,unknown,unknown,alcohol,alcohol,none,habit,habit,possible_interaction,1,TRUE,medium,source_rule=R031; rule_category=general; clinical_strength=moderate; confidence_base=0.7
N246,I ate fatty food along with my medicine,unknown,unknown,high_fat,high_fat,none,ate_food,food_only,absorption_effect,0,TRUE,medium,source_rule=R032; rule_category=general; clinical_strength=heuristic; confidence_base=0.65
N247,I consumed fiber-rich food with my tablets,unknown,unknown,high_fiber,high_fiber,none,ate_food,food_only,absorption_effect,0,TRUE,medium,source_rule=R033; rule_category=general; clinical_strength=heuristic; confidence_base=0.65
N248,I forgot to take my medication yesterday,unknown,unknown,none,none_reported,none,missed_dose,missed_dose,missed_dose,1,TRUE,high,source_rule=R034; rule_category=general; clinical_strength=strong; confidence_base=0.95
N249,I accidentally took more medicine than prescribed,unknown,unknown,none,none_reported,none,double_dose,double_dose,overdose,2,TRUE,high,source_rule=R035; rule_category=general; clinical_strength=strong; confidence_base=0.95
N250,I ate breakfast right after taking levothyroxine tablet,levothyroxine,levothyroxine,food,general_food,none,took_drug|ate_food,drug_before_food,absorption_effect,1,TRUE,high,source_rule=R004; rule_category=food_drug; clinical_strength=strong; confidence_base=0.92
N251,I took amoxicillin earlier and later had milk,amoxicillin,amoxicillin,milk,dairy_or_calcium,none,took_drug|drank_food,drug_before_food,absorption_effect,1,TRUE,medium,source_rule=R002; rule_category=food_drug; clinical_strength=strong; confidence_base=0.82
N252,"After finishing my antibiotic dose, I drank milk",antibiotic,antibiotic,milk,dairy_or_calcium,none,took_drug|drank_food,drug_before_food,absorption_effect,1,TRUE,medium,source_rule=R002; rule_category=food_drug; clinical_strength=strong; confidence_base=0.82
N253,I ate yogurt some time after taking my antibiotic tablet,antibiotic,antibiotic,yogurt,dairy_or_calcium,none,took_drug|ate_food,drug_before_food,absorption_effect,1,TRUE,medium,source_rule=R001; rule_category=food_drug; clinical_strength=strong; confidence_base=0.8
N254,I had curd later in the day after my antibiotic,antibiotic,antibiotic,curd,dairy_or_calcium,none,took_drug|ate_food,drug_before_food,absorption_effect,1,TRUE,medium,source_rule=R001; rule_category=food_drug; clinical_strength=strong; confidence_base=0.8
N255,I took levothyroxine and later ate iron-rich vegetables,levothyroxine,levothyroxine,iron,iron_rich,none,took_drug|ate_food,drug_before_food,absorption_effect,1,TRUE,high,source_rule=R003; rule_category=food_drug; clinical_strength=strong; confidence_base=0.9
N256,"After my thyroid medicine, I consumed foods containing iron",levothyroxine,levothyroxine,iron,iron_rich,none,took_drug|ate_food,drug_before_food,absorption_effect,1,TRUE,high,source_rule=R003; rule_category=food_drug; clinical_strength=strong; confidence_base=0.9
N257,I had food immediately after taking levothyroxine,levothyroxine,levothyroxine,food,general_food,none,took_drug|ate_food,drug_before_food,absorption_effect,1,TRUE,high,source_rule=R004; rule_category=food_drug; clinical_strength=strong; confidence_base=0.92
N258,I didn’t wait after taking my thyroid tablet before eating,levothyroxine,levothyroxine,food,general_food,none,took_drug|ate_food,drug_before_food,absorption_effect,1,TRUE,high,source_rule=R004; rule_category=food_drug; clinical_strength=strong; confidence_base=0.92
N259,I kept eating spinach regularly while using warfarin,warfarin,warfarin,spinach,leafy_green_high_vitk,none,ate_food,food_only,possible_interaction,1,TRUE,high,source_rule=R005; rule_category=food_drug; clinical_strength=strong; confidence_base=0.88
N260,"During my warfarin therapy, I included leafy greens often",warfarin,warfarin,leafy greens,leafy_green_high_vitk,none,ate_food,food_only,possible_interaction,1,TRUE,high,source_rule=R005; rule_category=food_drug; clinical_strength=strong; confidence_base=0.88
N261,I took a sedative and later consumed alcohol,sedative,sedative,alcohol,alcohol,none,took_drug|drank_food,drug_before_food,possible_interaction,2,TRUE,low,source_rule=R007; rule_category=food_drug; clinical_strength=strong; confidence_base=0.92
N262,"After my sleeping medication, I drank alcohol",sedative,sedative,alcohol,alcohol,none,took_drug|drank_food,drug_before_food,possible_interaction,2,TRUE,low,source_rule=R007; rule_category=food_drug; clinical_strength=strong; confidence_base=0.92
N263,I ate high-carb food after taking metformin,metformin,metformin,high_carb,high_sugar_or_high_carb,none,took_drug|ate_food,drug_before_food,possible_interaction,1,TRUE,medium,source_rule=R010; rule_category=food_drug; clinical_strength=moderate; confidence_base=0.7
N264,"After my diabetes tablet, I had a carb-heavy meal",antidiabetic,antidiabetic,high_carb,high_sugar_or_high_carb,none,took_drug|ate_food,drug_before_food,possible_interaction,1,TRUE,medium,source_rule=R010; rule_category=food_drug; clinical_strength=moderate; confidence_base=0.7
N265,I took an NSAID without eating and later felt stomach pain,NSAID,nsaid,none,none_reported,stomach pain,skipped_meal|took_drug|felt_symptom,meal_before_drug_then_symptom,side_effect,1,TRUE,high,source_rule=R011; rule_category=timing; clinical_strength=strong; confidence_base=0.9
N266,Skipping food before taking diclofenac caused stomach discomfort,NSAID,nsaid,none,none_reported,stomach pain,skipped_meal|took_drug|felt_symptom,meal_before_drug_then_symptom,side_effect,1,TRUE,high,source_rule=R011; rule_category=timing; clinical_strength=strong; confidence_base=0.9
N267,I felt dizzy after taking my diabetes medicine without food,antidiabetic,antidiabetic,none,none_reported,dizziness,skipped_meal|took_drug|felt_symptom,meal_before_drug_then_symptom,side_effect,1,TRUE,high,source_rule=R012; rule_category=timing; clinical_strength=strong; confidence_base=0.88
N268,Taking my diabetes tablet on an empty stomach made me weak,antidiabetic,antidiabetic,none,none_reported,dizziness,skipped_meal|took_drug|felt_symptom,meal_before_drug_then_symptom,side_effect,1,TRUE,high,source_rule=R012; rule_category=timing; clinical_strength=strong; confidence_base=0.88
N269,I experienced nausea after taking antibiotics,antibiotic,antibiotic,none,none_reported,nausea,took_drug|felt_symptom,drug_then_symptom,side_effect,0,TRUE,medium,source_rule=R013; rule_category=timing; clinical_strength=moderate; confidence_base=0.7
N270,My antibiotic dose made me feel nauseous later,antibiotic,antibiotic,none,none_reported,nausea,took_drug|felt_symptom,drug_then_symptom,side_effect,0,TRUE,medium,source_rule=R013; rule_category=timing; clinical_strength=moderate; confidence_base=0.7
N271,I ate food right after taking iron tablets,iron,iron,food,general_food,none,took_drug|ate_food,drug_before_food,absorption_effect,1,TRUE,high,source_rule=R014; rule_category=timing; clinical_strength=strong; confidence_base=0.85
N272,I didn’t wait before eating after taking iron supplements,iron,iron,food,general_food,none,took_drug|ate_food,drug_before_food,absorption_effect,1,TRUE,high,source_rule=R014; rule_category=timing; clinical_strength=strong; confidence_base=0.85
N273,I took my vitamins along with my meal,vitamin,vitamin,food,general_food,none,took_drug|ate_food,drug_with_food,better_with_food,0,TRUE,medium,source_rule=R015; rule_category=timing; clinical_strength=strong; confidence_base=0.75
N274,I consumed vitamins while having food,vitamin,vitamin,food,general_food,none,took_drug|ate_food,drug_with_food,better_with_food,0,TRUE,medium,source_rule=R015; rule_category=timing; clinical_strength=strong; confidence_base=0.75
N275,I drank coffee soon after taking anxiety medicine,anxiety,anxiety,coffee,caffeine,none,took_drug|drank_food,drug_before_food,possible_interaction,1,TRUE,medium,source_rule=R019; rule_category=lifestyle; clinical_strength=moderate; confidence_base=0.75
N276,I combine coffee with my anxiety medication,anxiety,anxiety,coffee,caffeine,none,took_drug|drank_food,drug_with_food,possible_interaction,1,TRUE,medium,source_rule=R019; rule_category=lifestyle; clinical_strength=moderate; confidence_base=0.75
N277,I took sedatives with alcohol and became drowsy,sedative,sedative,alcohol,alcohol,drowsiness,took_drug|drank_food|felt_symptom,drug_before_food_then_symptom,possible_interaction,2,TRUE,low,source_rule=R020; rule_category=lifestyle; clinical_strength=strong; confidence_base=0.92
N278,Alcohol after sleeping pills made me very sleepy,sedative,sedative,alcohol,alcohol,drowsiness,took_drug|drank_food|felt_symptom,drug_before_food_then_symptom,possible_interaction,2,TRUE,low,source_rule=R020; rule_category=lifestyle; clinical_strength=strong; confidence_base=0.92
N279,I ate sweets while undergoing diabetes treatment,diabetes,diabetes,sugar,high_sugar_or_high_carb,none,ate_food,food_only,possible_interaction,1,TRUE,medium,source_rule=R021; rule_category=lifestyle; clinical_strength=strong; confidence_base=0.8
N280,"After my diabetes medication, I consumed sugary food",diabetes,diabetes,sugar,high_sugar_or_high_carb,none,took_drug|ate_food,drug_before_food,possible_interaction,1,TRUE,medium,source_rule=R021; rule_category=lifestyle; clinical_strength=strong; confidence_base=0.8
N281,I consumed salty meals while on hypertension treatment,hypertension,hypertension,salt,high_sodium,none,ate_food,food_only,possible_interaction,1,TRUE,high,source_rule=R022; rule_category=lifestyle; clinical_strength=strong; confidence_base=0.9
N282,I ate high-salt food while taking blood pressure medicine,hypertension,hypertension,salt,high_sodium,none,ate_food,food_only,possible_interaction,1,TRUE,high,source_rule=R022; rule_category=lifestyle; clinical_strength=strong; confidence_base=0.9
N283,I drank grapefruit juice during my statin treatment,statin,statin,grapefruit,grapefruit_or_citrus_interaction,none,drank_food,food_only,possible_interaction,2,TRUE,high,source_rule=R023; rule_category=lifestyle; clinical_strength=strong; confidence_base=0.9
N284,I had grapefruit while taking cholesterol medicine,statin,statin,grapefruit,grapefruit_or_citrus_interaction,none,ate_food,food_only,possible_interaction,2,TRUE,high,source_rule=R023; rule_category=lifestyle; clinical_strength=strong; confidence_base=0.9
N285,I had alcohol after taking antidepressants,antidepressant,antidepressant,alcohol,alcohol,none,took_drug|drank_food,drug_before_food,possible_interaction,2,TRUE,high,source_rule=R024; rule_category=lifestyle; clinical_strength=strong; confidence_base=0.9
N286,I drank alcohol while using antidepressant medication,antidepressant,antidepressant,alcohol,alcohol,none,took_drug|drank_food,drug_with_food,possible_interaction,2,TRUE,high,source_rule=R024; rule_category=lifestyle; clinical_strength=strong; confidence_base=0.9
N287,I kept smoking during my asthma treatment,asthma,asthma,smoking,smoking_lifestyle,none,habit,habit,possible_interaction,2,TRUE,high,source_rule=R025; rule_category=lifestyle; clinical_strength=strong; confidence_base=0.95
N288,"Even with asthma, I continued my smoking habit",asthma,asthma,smoking,smoking_lifestyle,none,habit,habit,possible_interaction,2,TRUE,high,source_rule=R025; rule_category=lifestyle; clinical_strength=strong; confidence_base=0.95
N289,I took antibiotics with milk and later felt uneasy,antibiotic,antibiotic,milk,dairy_or_calcium,nausea,took_drug|drank_food|felt_symptom,drug_before_food_then_symptom,possible_interaction,0,TRUE,medium,source_rule=R026; rule_category=symptom_based; clinical_strength=moderate; confidence_base=0.75
N290,"After combining milk with antibiotics, I felt discomfort",antibiotic,antibiotic,milk,dairy_or_calcium,nausea,took_drug|drank_food|felt_symptom,drug_before_food_then_symptom,possible_interaction,0,TRUE,medium,source_rule=R026; rule_category=symptom_based; clinical_strength=moderate; confidence_base=0.75
N291,Taking painkillers without eating caused stomach pain,NSAID,nsaid,none,none_reported,stomach pain,skipped_meal|took_drug|felt_symptom,meal_before_drug_then_symptom,side_effect,1,TRUE,high,source_rule=R027; rule_category=symptom_based; clinical_strength=strong; confidence_base=0.9
N292,I felt dizzy after skipping meals and taking diabetes medicine,antidiabetic,antidiabetic,none,none_reported,dizziness,skipped_meal|took_drug|felt_symptom,meal_before_drug_then_symptom,side_effect,1,TRUE,high,source_rule=R028; rule_category=symptom_based; clinical_strength=strong; confidence_base=0.88
N293,I drank alcohol with sedatives and felt sleepy afterward,sedative,sedative,alcohol,alcohol,drowsiness,took_drug|drank_food|felt_symptom,drug_before_food_then_symptom,possible_interaction,2,TRUE,low,source_rule=R029; rule_category=symptom_based; clinical_strength=strong; confidence_base=0.92
N294,I included leafy greens regularly while on warfarin,warfarin,warfarin,leafy greens,leafy_green_high_vitk,none,ate_food,food_only,possible_interaction,1,TRUE,high,source_rule=R030; rule_category=symptom_based; clinical_strength=strong; confidence_base=0.85
N295,I drink alcohol regularly while taking medication,unknown,unknown,alcohol,alcohol,none,habit,habit,possible_interaction,1,TRUE,medium,source_rule=R031; rule_category=general; clinical_strength=moderate; confidence_base=0.7
N296,I ate fatty meals together with my medicine,unknown,unknown,high_fat,high_fat,none,ate_food,food_only,absorption_effect,0,TRUE,medium,source_rule=R032; rule_category=general; clinical_strength=heuristic; confidence_base=0.65
N297,I consumed fiber-rich meals with my tablets,unknown,unknown,high_fiber,high_fiber,none,ate_food,food_only,absorption_effect,0,TRUE,medium,source_rule=R033; rule_category=general; clinical_strength=heuristic; confidence_base=0.65
N298,I missed my medication dose yesterday,unknown,unknown,none,none_reported,none,missed_dose,missed_dose,missed_dose,1,TRUE,high,source_rule=R034; rule_category=general; clinical_strength=strong; confidence_base=0.95
N299,I took an extra dose of my medicine by mistake,unknown,unknown,none,none_reported,none,double_dose,double_dose,overdose,2,TRUE,high,source_rule=R035; rule_category=general; clinical_strength=strong; confidence_base=0.95
N300,I ate immediately after taking levothyroxine,levothyroxine,levothyroxine,food,general_food,none,took_drug|ate_food,drug_before_food,absorption_effect,1,TRUE,high,source_rule=R004; rule_category=food_drug; clinical_strength=strong; confidence_base=0.92
N301,Is it okay if I drink milk after taking amoxicillin?,amoxicillin,amoxicillin,milk,dairy_or_calcium,none,took_drug|drank_food,drug_before_food,absorption_effect,1,TRUE,medium,source_rule=R002; rule_category=food_drug; clinical_strength=strong; confidence_base=0.82
N302,"Took my antibiotic... then had milk, is that fine?",antibiotic,antibiotic,milk,dairy_or_calcium,none,took_drug|drank_food,drug_before_food,absorption_effect,1,TRUE,medium,source_rule=R002; rule_category=food_drug; clinical_strength=strong; confidence_base=0.82
N303,"I just took antibiotics and ate yogurt, should I worry?",antibiotic,antibiotic,yogurt,dairy_or_calcium,none,took_drug|ate_food,drug_before_food,absorption_effect,1,TRUE,medium,source_rule=R001; rule_category=food_drug; clinical_strength=strong; confidence_base=0.8
N304,"Had curd right after my antibiotic dose, is that bad?",antibiotic,antibiotic,curd,dairy_or_calcium,none,took_drug|ate_food,drug_before_food,absorption_effect,1,TRUE,medium,source_rule=R001; rule_category=food_drug; clinical_strength=strong; confidence_base=0.8
N305,"Took my thyroid pill then later ate iron-rich food, okay?",levothyroxine,levothyroxine,iron,iron_rich,none,took_drug|ate_food,drug_before_food,absorption_effect,1,TRUE,high,source_rule=R003; rule_category=food_drug; clinical_strength=strong; confidence_base=0.9
N306,I didn’t know… ate iron food after thyroid tablet,levothyroxine,levothyroxine,iron,iron_rich,none,took_drug|ate_food,drug_before_food,absorption_effect,1,TRUE,high,source_rule=R003; rule_category=food_drug; clinical_strength=strong; confidence_base=0.9
N307,Oops I ate immediately after taking levothyroxine,levothyroxine,levothyroxine,food,general_food,none,took_drug|ate_food,drug_before_food,absorption_effect,1,TRUE,high,source_rule=R004; rule_category=food_drug; clinical_strength=strong; confidence_base=0.92
N308,Didn’t wait… took thyroid med and ate breakfast,levothyroxine,levothyroxine,food,general_food,none,took_drug|ate_food,drug_before_food,absorption_effect,1,TRUE,high,source_rule=R004; rule_category=food_drug; clinical_strength=strong; confidence_base=0.92
N309,"Eating spinach daily while on warfarin, problem?",warfarin,warfarin,spinach,leafy_green_high_vitk,none,ate_food,food_only,possible_interaction,1,TRUE,high,source_rule=R005; rule_category=food_drug; clinical_strength=strong; confidence_base=0.88
N310,"I love greens, but I’m on warfarin… risky?",warfarin,warfarin,leafy greens,leafy_green_high_vitk,none,ate_food,food_only,possible_interaction,1,TRUE,high,source_rule=R005; rule_category=food_drug; clinical_strength=strong; confidence_base=0.88
N311,Can I drink alcohol after taking a sedative?,sedative,sedative,alcohol,alcohol,none,took_drug|drank_food,drug_before_food,possible_interaction,2,TRUE,low,source_rule=R007; rule_category=food_drug; clinical_strength=strong; confidence_base=0.92
N312,Had beer after my sleeping pill… felt weird,sedative,sedative,alcohol,alcohol,none,took_drug|drank_food,drug_before_food,possible_interaction,2,TRUE,low,source_rule=R007; rule_category=food_drug; clinical_strength=strong; confidence_base=0.92
N313,Took metformin then ate sweets… is that bad?,metformin,metformin,high_carb,high_sugar_or_high_carb,none,took_drug|ate_food,drug_before_food,possible_interaction,1,TRUE,medium,source_rule=R010; rule_category=food_drug; clinical_strength=moderate; confidence_base=0.7
N314,"After diabetes meds, I still eat rice and sweets",antidiabetic,antidiabetic,high_carb,high_sugar_or_high_carb,none,took_drug|ate_food,drug_before_food,possible_interaction,1,TRUE,medium,source_rule=R010; rule_category=food_drug; clinical_strength=moderate; confidence_base=0.7
N315,I didn’t eat and took painkillers… stomach hurts now,NSAID,nsaid,none,none_reported,stomach pain,skipped_meal|took_drug|felt_symptom,meal_before_drug_then_symptom,side_effect,1,TRUE,high,source_rule=R011; rule_category=timing; clinical_strength=strong; confidence_base=0.9
N316,Empty stomach + NSAID = pain later,NSAID,nsaid,none,none_reported,stomach pain,skipped_meal|took_drug|felt_symptom,meal_before_drug_then_symptom,side_effect,1,TRUE,high,source_rule=R011; rule_category=timing; clinical_strength=strong; confidence_base=0.9
N317,Skipped food and took diabetes tablet… felt dizzy,antidiabetic,antidiabetic,none,none_reported,dizziness,skipped_meal|took_drug|felt_symptom,meal_before_drug_then_symptom,side_effect,1,TRUE,high,source_rule=R012; rule_category=timing; clinical_strength=strong; confidence_base=0.88
N318,No meal + diabetes meds = weakness?,antidiabetic,antidiabetic,none,none_reported,dizziness,skipped_meal|took_drug|felt_symptom,meal_before_drug_then_symptom,side_effect,1,TRUE,high,source_rule=R012; rule_category=timing; clinical_strength=strong; confidence_base=0.88
N319,Why do I feel nauseous after antibiotics?,antibiotic,antibiotic,none,none_reported,nausea,took_drug|felt_symptom,drug_then_symptom,side_effect,0,TRUE,medium,source_rule=R013; rule_category=timing; clinical_strength=moderate; confidence_base=0.7
N320,Antibiotics making me sick… normal?,antibiotic,antibiotic,none,none_reported,nausea,took_drug|felt_symptom,drug_then_symptom,side_effect,0,TRUE,medium,source_rule=R013; rule_category=timing; clinical_strength=moderate; confidence_base=0.7
N321,Took iron then ate immediately… okay?,iron,iron,food,general_food,none,took_drug|ate_food,drug_before_food,absorption_effect,1,TRUE,high,source_rule=R014; rule_category=timing; clinical_strength=strong; confidence_base=0.85
N322,Should I wait after iron tablets before eating?,iron,iron,food,general_food,none,took_drug|ate_food,drug_before_food,absorption_effect,1,TRUE,high,source_rule=R014; rule_category=timing; clinical_strength=strong; confidence_base=0.85
N323,I take vitamins with meals daily,vitamin,vitamin,food,general_food,none,took_drug|ate_food,drug_with_food,better_with_food,0,TRUE,medium,source_rule=R015; rule_category=timing; clinical_strength=strong; confidence_base=0.75
N324,Vitamins during lunch… that’s correct right?,vitamin,vitamin,food,general_food,none,took_drug|ate_food,drug_with_food,better_with_food,0,TRUE,medium,source_rule=R015; rule_category=timing; clinical_strength=strong; confidence_base=0.75
N325,Coffee after anxiety meds… not sure if okay,anxiety,anxiety,coffee,caffeine,none,took_drug|drank_food,drug_before_food,possible_interaction,1,TRUE,medium,source_rule=R019; rule_category=lifestyle; clinical_strength=moderate; confidence_base=0.75
N326,I mix coffee with my anxiety pills every morning,anxiety,anxiety,coffee,caffeine,none,took_drug|drank_food,drug_with_food,possible_interaction,1,TRUE,medium,source_rule=R019; rule_category=lifestyle; clinical_strength=moderate; confidence_base=0.75
N327,Alcohol + sedatives made me super sleepy,sedative,sedative,alcohol,alcohol,drowsiness,took_drug|drank_food|felt_symptom,drug_before_food_then_symptom,possible_interaction,2,TRUE,low,source_rule=R020; rule_category=lifestyle; clinical_strength=strong; confidence_base=0.92
N328,Why so drowsy after mixing alcohol and pills?,sedative,sedative,alcohol,alcohol,drowsiness,took_drug|drank_food|felt_symptom,drug_before_food_then_symptom,possible_interaction,2,TRUE,low,source_rule=R020; rule_category=lifestyle; clinical_strength=strong; confidence_base=0.92
N329,Still eating sweets even with diabetes meds,diabetes,diabetes,sugar,high_sugar_or_high_carb,none,ate_food,food_only,possible_interaction,1,TRUE,medium,source_rule=R021; rule_category=lifestyle; clinical_strength=strong; confidence_base=0.8
N330,Sugar cravings after meds… I keep eating sweets,diabetes,diabetes,sugar,high_sugar_or_high_carb,none,ate_food,food_only,possible_interaction,1,TRUE,medium,source_rule=R021; rule_category=lifestyle; clinical_strength=strong; confidence_base=0.8
N331,High salt diet while on BP medicine… bad?,hypertension,hypertension,salt,high_sodium,none,ate_food,food_only,possible_interaction,1,TRUE,high,source_rule=R022; rule_category=lifestyle; clinical_strength=strong; confidence_base=0.9
N332,I eat salty snacks during hypertension treatment,hypertension,hypertension,salt,high_sodium,none,ate_food,food_only,possible_interaction,1,TRUE,high,source_rule=R022; rule_category=lifestyle; clinical_strength=strong; confidence_base=0.9
N333,Is grapefruit dangerous with statins?,statin,statin,grapefruit,grapefruit_or_citrus_interaction,none,ate_food,food_only,possible_interaction,2,TRUE,high,source_rule=R023; rule_category=lifestyle; clinical_strength=strong; confidence_base=0.9
N334,I drink grapefruit juice while on cholesterol meds,statin,statin,grapefruit,grapefruit_or_citrus_interaction,none,drank_food,food_only,possible_interaction,2,TRUE,high,source_rule=R023; rule_category=lifestyle; clinical_strength=strong; confidence_base=0.9
N335,Alcohol with antidepressants… is that safe?,antidepressant,antidepressant,alcohol,alcohol,none,took_drug|drank_food,drug_with_food,possible_interaction,2,TRUE,high,source_rule=R024; rule_category=lifestyle; clinical_strength=strong; confidence_base=0.9
N336,I still drink alcohol while on antidepressants,antidepressant,antidepressant,alcohol,alcohol,none,took_drug|drank_food,drug_with_food,possible_interaction,2,TRUE,high,source_rule=R024; rule_category=lifestyle; clinical_strength=strong; confidence_base=0.9
N337,I smoke even though I have asthma,asthma,asthma,smoking,smoking_lifestyle,none,habit,habit,possible_interaction,2,TRUE,high,source_rule=R025; rule_category=lifestyle; clinical_strength=strong; confidence_base=0.95
N338,Asthma patient but still smoking… bad habit,asthma,asthma,smoking,smoking_lifestyle,none,habit,habit,possible_interaction,2,TRUE,high,source_rule=R025; rule_category=lifestyle; clinical_strength=strong; confidence_base=0.95
N339,Milk + antibiotics made me feel uneasy,antibiotic,antibiotic,milk,dairy_or_calcium,nausea,took_drug|drank_food|felt_symptom,drug_before_food_then_symptom,possible_interaction,0,TRUE,medium,source_rule=R026; rule_category=symptom_based; clinical_strength=moderate; confidence_base=0.75
N340,"After antibiotics with milk, I felt weird",antibiotic,antibiotic,milk,dairy_or_calcium,nausea,took_drug|drank_food|felt_symptom,drug_before_food_then_symptom,possible_interaction,0,TRUE,medium,source_rule=R026; rule_category=symptom_based; clinical_strength=moderate; confidence_base=0.75
N341,Painkillers without food = stomach pain,NSAID,nsaid,none,none_reported,stomach pain,skipped_meal|took_drug|felt_symptom,meal_before_drug_then_symptom,side_effect,1,TRUE,high,source_rule=R027; rule_category=symptom_based; clinical_strength=strong; confidence_base=0.9
N342,Skipping meals and taking meds made me dizzy,antidiabetic,antidiabetic,none,none_reported,dizziness,skipped_meal|took_drug|felt_symptom,meal_before_drug_then_symptom,side_effect,1,TRUE,high,source_rule=R028; rule_category=symptom_based; clinical_strength=strong; confidence_base=0.88
N343,Alcohol + sedatives = heavy drowsiness,sedative,sedative,alcohol,alcohol,drowsiness,took_drug|drank_food|felt_symptom,drug_before_food_then_symptom,possible_interaction,2,TRUE,low,source_rule=R029; rule_category=symptom_based; clinical_strength=strong; confidence_base=0.92
N344,Warfarin + leafy greens regularly… concern?,warfarin,warfarin,leafy greens,leafy_green_high_vitk,none,ate_food,food_only,possible_interaction,1,TRUE,high,source_rule=R030; rule_category=symptom_based; clinical_strength=strong; confidence_base=0.85
N345,I drink alcohol often while on meds,unknown,unknown,alcohol,alcohol,none,habit,habit,possible_interaction,1,TRUE,medium,source_rule=R031; rule_category=general; clinical_strength=moderate; confidence_base=0.7
N346,High fat meals with medication daily,unknown,unknown,high_fat,high_fat,none,ate_food,food_only,absorption_effect,0,TRUE,medium,source_rule=R032; rule_category=general; clinical_strength=heuristic; confidence_base=0.65
N347,Fiber-rich food always with tablets,unknown,unknown,high_fiber,high_fiber,none,ate_food,food_only,absorption_effect,0,TRUE,medium,source_rule=R033; rule_category=general; clinical_strength=heuristic; confidence_base=0.65
N348,Missed my medicine yesterday… what now?,unknown,unknown,none,none_reported,none,missed_dose,missed_dose,missed_dose,1,TRUE,high,source_rule=R034; rule_category=general; clinical_strength=strong; confidence_base=0.95
N349,Oops I took double dose accidentally,unknown,unknown,none,none_reported,none,double_dose,double_dose,overdose,2,TRUE,high,source_rule=R035; rule_category=general; clinical_strength=strong; confidence_base=0.95
N350,Ate immediately after thyroid pill… mistake?,levothyroxine,levothyroxine,food,general_food,none,took_drug|ate_food,drug_before_food,absorption_effect,1,TRUE,high,source_rule=R004; rule_category=food_drug; clinical_strength=strong; confidence_base=0.92
N351,I forgot and drank milk right after my antibiotic dose,antibiotic,antibiotic,milk,dairy_or_calcium,none,took_drug|drank_food,drug_before_food,absorption_effect,1,TRUE,medium,source_rule=R002; rule_category=food_drug; clinical_strength=strong; confidence_base=0.82
N352,Took amoxicillin in the morning and had milk tea soon after,amoxicillin,amoxicillin,milk,dairy_or_calcium,none,took_drug|drank_food,drug_before_food,absorption_effect,1,TRUE,medium,source_rule=R002; rule_category=food_drug; clinical_strength=strong; confidence_base=0.82
N353,I had yogurt not long after taking antibiotics,antibiotic,antibiotic,yogurt,dairy_or_calcium,none,took_drug|ate_food,drug_before_food,absorption_effect,1,TRUE,medium,source_rule=R001; rule_category=food_drug; clinical_strength=strong; confidence_base=0.8
N354,"After my antibiotic, I casually ate some curd",antibiotic,antibiotic,curd,dairy_or_calcium,none,took_drug|ate_food,drug_before_food,absorption_effect,1,TRUE,medium,source_rule=R001; rule_category=food_drug; clinical_strength=strong; confidence_base=0.8
N355,I took my thyroid tablet and later ate iron-rich vegetables,levothyroxine,levothyroxine,iron,iron_rich,none,took_drug|ate_food,drug_before_food,absorption_effect,1,TRUE,high,source_rule=R003; rule_category=food_drug; clinical_strength=strong; confidence_base=0.9
N356,Didn’t realize… I ate iron food after thyroid medicine,levothyroxine,levothyroxine,iron,iron_rich,none,took_drug|ate_food,drug_before_food,absorption_effect,1,TRUE,high,source_rule=R003; rule_category=food_drug; clinical_strength=strong; confidence_base=0.9
N357,I took levothyroxine and didn’t wait before eating,levothyroxine,levothyroxine,food,general_food,none,took_drug|ate_food,drug_before_food,absorption_effect,1,TRUE,high,source_rule=R004; rule_category=food_drug; clinical_strength=strong; confidence_base=0.92
N358,Immediately ate breakfast after my thyroid pill,levothyroxine,levothyroxine,food,general_food,none,took_drug|ate_food,drug_before_food,absorption_effect,1,TRUE,high,source_rule=R004; rule_category=food_drug; clinical_strength=strong; confidence_base=0.92
N359,I keep eating greens daily while on warfarin therapy,warfarin,warfarin,leafy greens,leafy_green_high_vitk,none,ate_food,food_only,possible_interaction,1,TRUE,high,source_rule=R005; rule_category=food_drug; clinical_strength=strong; confidence_base=0.88
N360,Spinach is part of my diet even during warfarin use,warfarin,warfarin,spinach,leafy_green_high_vitk,none,ate_food,food_only,possible_interaction,1,TRUE,high,source_rule=R005; rule_category=food_drug; clinical_strength=strong; confidence_base=0.88
N361,I mixed alcohol with my sedative and felt extremely sleepy,sedative,sedative,alcohol,alcohol,drowsiness,took_drug|drank_food|felt_symptom,drug_before_food_then_symptom,possible_interaction,2,TRUE,low,source_rule=R007; rule_category=food_drug; clinical_strength=strong; confidence_base=0.92
N362,"After taking sleeping pills, I drank alcohol unknowingly",sedative,sedative,alcohol,alcohol,none,took_drug|drank_food,drug_before_food,possible_interaction,2,TRUE,low,source_rule=R007; rule_category=food_drug; clinical_strength=strong; confidence_base=0.92
N363,"Even after taking metformin, I ate a sugary snack",metformin,metformin,high_carb,high_sugar_or_high_carb,none,took_drug|ate_food,drug_before_food,possible_interaction,1,TRUE,medium,source_rule=R010; rule_category=food_drug; clinical_strength=moderate; confidence_base=0.7
N364,I took my diabetes medicine but still had dessert,antidiabetic,antidiabetic,high_carb,high_sugar_or_high_carb,none,took_drug|ate_food,drug_before_food,possible_interaction,1,TRUE,medium,source_rule=R010; rule_category=food_drug; clinical_strength=moderate; confidence_base=0.7
N365,Took a painkiller without food and got stomach pain later,NSAID,nsaid,none,none_reported,stomach pain,skipped_meal|took_drug|felt_symptom,meal_before_drug_then_symptom,side_effect,1,TRUE,high,source_rule=R011; rule_category=timing; clinical_strength=strong; confidence_base=0.9
N366,I didn’t eat before taking NSAIDs and felt discomfort,NSAID,nsaid,none,none_reported,stomach pain,skipped_meal|took_drug|felt_symptom,meal_before_drug_then_symptom,side_effect,1,TRUE,high,source_rule=R011; rule_category=timing; clinical_strength=strong; confidence_base=0.9
N367,Skipped meals and took diabetes meds… I felt weak,antidiabetic,antidiabetic,none,none_reported,dizziness,skipped_meal|took_drug|felt_symptom,meal_before_drug_then_symptom,side_effect,1,TRUE,high,source_rule=R012; rule_category=timing; clinical_strength=strong; confidence_base=0.88
N368,I felt dizzy after taking my tablet without food,antidiabetic,antidiabetic,none,none_reported,dizziness,skipped_meal|took_drug|felt_symptom,meal_before_drug_then_symptom,side_effect,1,TRUE,high,source_rule=R012; rule_category=timing; clinical_strength=strong; confidence_base=0.88
N369,I started feeling nausea after taking antibiotics,antibiotic,antibiotic,none,none_reported,nausea,took_drug|felt_symptom,drug_then_symptom,side_effect,0,TRUE,medium,source_rule=R013; rule_category=timing; clinical_strength=moderate; confidence_base=0.7
N370,Antibiotics seem to upset my stomach every time,antibiotic,antibiotic,none,none_reported,nausea,took_drug|felt_symptom,drug_then_symptom,side_effect,0,TRUE,medium,source_rule=R013; rule_category=timing; clinical_strength=moderate; confidence_base=0.7
N371,I took iron supplements and ate right after,iron,iron,food,general_food,none,took_drug|ate_food,drug_before_food,absorption_effect,1,TRUE,high,source_rule=R014; rule_category=timing; clinical_strength=strong; confidence_base=0.85
N372,Should I avoid eating immediately after iron tablets?,iron,iron,food,general_food,none,took_drug|ate_food,drug_before_food,absorption_effect,1,TRUE,high,source_rule=R014; rule_category=timing; clinical_strength=strong; confidence_base=0.85
N373,I always take my vitamins together with meals,vitamin,vitamin,food,general_food,none,took_drug|ate_food,drug_with_food,better_with_food,0,TRUE,medium,source_rule=R015; rule_category=timing; clinical_strength=strong; confidence_base=0.75
N374,Taking vitamins while eating feels normal for me,vitamin,vitamin,food,general_food,none,took_drug|ate_food,drug_with_food,better_with_food,0,TRUE,medium,source_rule=R015; rule_category=timing; clinical_strength=strong; confidence_base=0.75
N375,Coffee right after anxiety meds… is that okay?,anxiety,anxiety,coffee,caffeine,none,took_drug|drank_food,drug_before_food,possible_interaction,1,TRUE,medium,source_rule=R019; rule_category=lifestyle; clinical_strength=moderate; confidence_base=0.75
N376,I usually drink coffee with my anxiety medication,anxiety,anxiety,coffee,caffeine,none,took_drug|drank_food,drug_with_food,possible_interaction,1,TRUE,medium,source_rule=R019; rule_category=lifestyle; clinical_strength=moderate; confidence_base=0.75
N377,Alcohol combined with sedatives made me very sleepy,sedative,sedative,alcohol,alcohol,drowsiness,took_drug|drank_food|felt_symptom,drug_before_food_then_symptom,possible_interaction,2,TRUE,low,source_rule=R020; rule_category=lifestyle; clinical_strength=strong; confidence_base=0.92
N378,I felt heavy drowsiness after mixing pills and alcohol,sedative,sedative,alcohol,alcohol,drowsiness,took_drug|drank_food|felt_symptom,drug_before_food_then_symptom,possible_interaction,2,TRUE,low,source_rule=R020; rule_category=lifestyle; clinical_strength=strong; confidence_base=0.92
N379,"Even on diabetes treatment, I eat sugary snacks",diabetes,diabetes,sugar,high_sugar_or_high_carb,none,ate_food,food_only,possible_interaction,1,TRUE,medium,source_rule=R021; rule_category=lifestyle; clinical_strength=strong; confidence_base=0.8
N380,"After my medication, I couldn’t resist sweets",diabetes,diabetes,sugar,high_sugar_or_high_carb,none,took_drug|ate_food,drug_before_food,possible_interaction,1,TRUE,medium,source_rule=R021; rule_category=lifestyle; clinical_strength=strong; confidence_base=0.8
N381,I still consume salty foods while on BP meds,hypertension,hypertension,salt,high_sodium,none,ate_food,food_only,possible_interaction,1,TRUE,high,source_rule=R022; rule_category=lifestyle; clinical_strength=strong; confidence_base=0.9
N382,High salt intake during hypertension treatment worries me,hypertension,hypertension,salt,high_sodium,none,ate_food,food_only,possible_interaction,1,TRUE,high,source_rule=R022; rule_category=lifestyle; clinical_strength=strong; confidence_base=0.9
N383,I accidentally had grapefruit while on statins,statin,statin,grapefruit,grapefruit_or_citrus_interaction,none,ate_food,food_only,possible_interaction,2,TRUE,high,source_rule=R023; rule_category=lifestyle; clinical_strength=strong; confidence_base=0.9
N384,Drinking grapefruit juice during cholesterol treatment,statin,statin,grapefruit,grapefruit_or_citrus_interaction,none,drank_food,food_only,possible_interaction,2,TRUE,high,source_rule=R023; rule_category=lifestyle; clinical_strength=strong; confidence_base=0.9
N385,I drank alcohol after taking antidepressants,antidepressant,antidepressant,alcohol,alcohol,none,took_drug|drank_food,drug_before_food,possible_interaction,2,TRUE,high,source_rule=R024; rule_category=lifestyle; clinical_strength=strong; confidence_base=0.9
N386,Mixing alcohol with antidepressants regularly,antidepressant,antidepressant,alcohol,alcohol,none,took_drug|drank_food,drug_with_food,possible_interaction,2,TRUE,high,source_rule=R024; rule_category=lifestyle; clinical_strength=strong; confidence_base=0.9
N387,I still haven’t stopped smoking even with asthma,asthma,asthma,smoking,smoking_lifestyle,none,habit,habit,possible_interaction,2,TRUE,high,source_rule=R025; rule_category=lifestyle; clinical_strength=strong; confidence_base=0.95
N388,Asthma doesn’t stop me from smoking daily,asthma,asthma,smoking,smoking_lifestyle,none,habit,habit,possible_interaction,2,TRUE,high,source_rule=R025; rule_category=lifestyle; clinical_strength=strong; confidence_base=0.95
N389,Milk and antibiotics together made me feel sick,antibiotic,antibiotic,milk,dairy_or_calcium,nausea,took_drug|drank_food|felt_symptom,drug_before_food_then_symptom,possible_interaction,0,TRUE,medium,source_rule=R026; rule_category=symptom_based; clinical_strength=moderate; confidence_base=0.75
N390,"After combining milk with antibiotics, I felt uneasy",antibiotic,antibiotic,milk,dairy_or_calcium,nausea,took_drug|drank_food|felt_symptom,drug_before_food_then_symptom,possible_interaction,0,TRUE,medium,source_rule=R026; rule_category=symptom_based; clinical_strength=moderate; confidence_base=0.75
N391,Taking painkillers on an empty stomach caused pain,NSAID,nsaid,none,none_reported,stomach pain,skipped_meal|took_drug|felt_symptom,meal_before_drug_then_symptom,side_effect,1,TRUE,high,source_rule=R027; rule_category=symptom_based; clinical_strength=strong; confidence_base=0.9
N392,Skipping meals before meds made me feel dizzy,antidiabetic,antidiabetic,none,none_reported,dizziness,skipped_meal|took_drug|felt_symptom,meal_before_drug_then_symptom,side_effect,1,TRUE,high,source_rule=R028; rule_category=symptom_based; clinical_strength=strong; confidence_base=0.88
N393,Alcohol and sedatives together made me very sleepy,sedative,sedative,alcohol,alcohol,drowsiness,took_drug|drank_food|felt_symptom,drug_before_food_then_symptom,possible_interaction,2,TRUE,low,source_rule=R029; rule_category=symptom_based; clinical_strength=strong; confidence_base=0.92
N394,Eating greens daily while on warfarin treatment,warfarin,warfarin,leafy greens,leafy_green_high_vitk,none,ate_food,food_only,possible_interaction,1,TRUE,high,source_rule=R030; rule_category=symptom_based; clinical_strength=strong; confidence_base=0.85
N395,I regularly drink alcohol while on medication,unknown,unknown,alcohol,alcohol,none,habit,habit,possible_interaction,1,TRUE,medium,source_rule=R031; rule_category=general; clinical_strength=moderate; confidence_base=0.7
N396,I eat fatty meals along with my tablets often,unknown,unknown,high_fat,high_fat,none,ate_food,food_only,absorption_effect,0,TRUE,medium,source_rule=R032; rule_category=general; clinical_strength=heuristic; confidence_base=0.65
N397,I consume fiber-rich food together with medicine,unknown,unknown,high_fiber,high_fiber,none,ate_food,food_only,absorption_effect,0,TRUE,medium,source_rule=R033; rule_category=general; clinical_strength=heuristic; confidence_base=0.65
N398,I missed my dose and didn’t realize until later,unknown,unknown,none,none_reported,none,missed_dose,missed_dose,missed_dose,1,TRUE,high,source_rule=R034; rule_category=general; clinical_strength=strong; confidence_base=0.95
N399,I accidentally took more than the prescribed dose,unknown,unknown,none,none_reported,none,double_dose,double_dose,overdose,2,TRUE,high,source_rule=R035; rule_category=general; clinical_strength=strong; confidence_base=0.95
N400,I ate food right after taking my thyroid medicine,levothyroxine,levothyroxine,food,general_food,none,took_drug|ate_food,drug_before_food,absorption_effect,1,TRUE,high,source_rule=R004; rule_category=food_drug; clinical_strength=strong; confidence_base=0.92
N400,I forgot to take my medicine this morning,unknown,medicine,none,none,none,none,none,missed_dose,1,TRUE,high,source_rule=R_MISS_01; rule_category=adherence; clinical_strength=strong; confidence_base=0.95
N401,I missed my tablet last night,unknown,medicine,none,none,none,none,none,missed_dose,1,TRUE,high,source_rule=R_MISS_01; rule_category=adherence; clinical_strength=strong; confidence_base=0.95
N402,I did not take my prescribed dose today,unknown,medicine,none,none,none,none,none,missed_dose,1,TRUE,high,source_rule=R_MISS_01; rule_category=adherence; clinical_strength=strong; confidence_base=0.95
N403,I skipped one dose of my medication,unknown,medicine,none,none,none,none,none,missed_dose,1,TRUE,high,source_rule=R_MISS_01; rule_category=adherence; clinical_strength=strong; confidence_base=0.95
N404,I forgot my blood pressure tablet,unknown,medicine,none,none,none,none,none,missed_dose,1,TRUE,high,source_rule=R_MISS_01; rule_category=adherence; clinical_strength=strong; confidence_base=0.95
N405,I forgot my diabetes medicine yesterday,antidiabetic,antidiabetic,none,none,none,none,none,missed_dose,1,TRUE,high,source_rule=R_MISS_01; rule_category=adherence; clinical_strength=strong; confidence_base=0.95
N406,I did not take my medication on time,unknown,medicine,none,none,none,none,none,missed_dose,1,TRUE,high,source_rule=R_MISS_01; rule_category=adherence; clinical_strength=strong; confidence_base=0.95
N407,I accidentally skipped my dose,unknown,medicine,none,none,none,none,none,missed_dose,1,TRUE,high,source_rule=R_MISS_01; rule_category=adherence; clinical_strength=strong; confidence_base=0.95
N408,I forgot to take my medicine before sleep,unknown,medicine,none,none,none,none,none,missed_dose,1,TRUE,high,source_rule=R_MISS_01; rule_category=adherence; clinical_strength=strong; confidence_base=0.95
N409,I missed taking my daily tablet,unknown,medicine,none,none,none,none,none,missed_dose,1,TRUE,high,source_rule=R_MISS_01; rule_category=adherence; clinical_strength=strong; confidence_base=0.954
N410,I took my medicine twice by mistake,unknown,medicine,none,none,none,took_drug|took_drug,double_dose,overdose,2,TRUE,high,source_rule=R_OVER_01; rule_category=overdose; clinical_strength=strong; confidence_base=0.95
N411,I accidentally took an extra tablet,unknown,medicine,none,none,none,took_drug|extra_dose,double_dose,overdose,2,TRUE,high,source_rule=R_OVER_01; rule_category=overdose; clinical_strength=strong; confidence_base=0.95
N412,I double dosed my medication,unknown,medicine,none,none,none,took_drug|took_drug,double_dose,overdose,2,TRUE,high,source_rule=R_OVER_01; rule_category=overdose; clinical_strength=strong; confidence_base=0.95
N413,I took two pills instead of one,unknown,medicine,none,none,none,took_drug|extra_dose,double_dose,overdose,2,TRUE,high,source_rule=R_OVER_01; rule_category=overdose; clinical_strength=strong; confidence_base=0.95
N414,I may have taken too much medicine,unknown,medicine,none,none,none,none,unknown,overdose,2,TRUE,high,source_rule=R_OVER_01; rule_category=overdose; clinical_strength=strong; confidence_base=0.95
N415,I took more than the prescribed dose,unknown,medicine,none,none,none,none,unknown,overdose,2,TRUE,high,source_rule=R_OVER_01; rule_category=overdose; clinical_strength=strong; confidence_base=0.95
N416,I accidentally overdosed my medication,unknown,medicine,none,none,none,none,unknown,overdose,2,TRUE,high,source_rule=R_OVER_01; rule_category=overdose; clinical_strength=strong; confidence_base=0.95
N417,I took an extra dose this morning,unknown,medicine,none,none,none,took_drug|extra_dose,double_dose,overdose,2,TRUE,high,source_rule=R_OVER_01; rule_category=overdose; clinical_strength=strong; confidence_base=0.95
N418,I think I took my medicine twice,unknown,medicine,none,none,none,took_drug|took_drug,double_dose,overdose,2,TRUE,high,source_rule=R_OVER_01; rule_category=overdose; clinical_strength=strong; confidence_base=0.95
N419,I mistakenly took double dose,unknown,medicine,none,none,none,took_drug|extra_dose,double_dose,overdose,2,TRUE,high,source_rule=R_OVER_01; rule_category=overdose; clinical_strength=strong; confidence_base=0.95