Drug_Ingredient,Food,label,Calories,Protein,Fat,Carbs,Herbal_Risk,Alcohol_Risk,Iron_Rich,High_Fat,High_Protein,Therapeutic_Class,Action_Class
Lepirudin,Ginger Finger Biscuit,1,18.0,0.2,0.5,2.8,True,False,False,False,False,Unknown,Unknown
Lepirudin,Garlic Murukku,1,500.0,8.0,25.0,55.0,True,False,False,True,False,Unknown,Unknown
Bivalirudin,Ginger Finger Biscuit,1,18.0,0.2,0.5,2.8,True,False,False,False,False,  CARDIAC ,  Direct thrombin inhibitor- parentera
Bivalirudin,Garlic Murukku,1,500.0,8.0,25.0,55.0,True,False,False,True,False,  CARDIAC ,  Direct thrombin inhibitor- parentera
Bivalirudin,Ginger Finger Biscuit,1,18.0,0.2,0.5,2.8,True,False,False,False,False,  CARDIAC ,  Direct thrombin inhibitor- parentera
Bivalirudin,Garlic Murukku,1,500.0,8.0,25.0,55.0,True,False,False,True,False,  CARDIAC ,  Direct thrombin inhibitor- parentera
Bivalirudin,Ginger Finger Biscuit,1,18.0,0.2,0.5,2.8,True,False,False,False,False,  CARDIAC ,  Direct thrombin inhibitor- parentera
Bivalirudin,Garlic Murukku,1,500.0,8.0,25.0,55.0,True,False,False,True,False,  CARDIAC ,  Direct thrombin inhibitor- parentera
Bivalirudin,Ginger Finger Biscuit,1,18.0,0.2,0.5,2.8,True,False,False,False,False,  CARDIAC ,  Direct thrombin inhibitor- parentera
Bivalirudin,Garlic Murukku,1,500.0,8.0,25.0,55.0,True,False,False,True,False,  CARDIAC ,  Direct thrombin inhibitor- parentera
Bivalirudin,Ginger Finger Biscuit,1,18.0,0.2,0.5,2.8,True,False,False,False,False,  CARDIAC ,  Direct thrombin inhibitor- parentera
Bivalirudin,Garlic Murukku,1,500.0,8.0,25.0,55.0,True,False,False,True,False,  CARDIAC ,  Direct thrombin inhibitor- parentera
Alteplase,Ginger Finger Biscuit,1,18.0,0.2,0.5,2.8,True,False,False,False,False,  CARDIAC ,  Plasminogen Activators- Thrombolytic
Alteplase,Garlic Murukku,1,500.0,8.0,25.0,55.0,True,False,False,True,False,  CARDIAC ,  Plasminogen Activators- Thrombolytic
Alteplase,Ginger Finger Biscuit,1,18.0,0.2,0.5,2.8,True,False,False,False,False,  CARDIAC ,  Plasminogen Activators- Thrombolytic
Alteplase,Garlic Murukku,1,500.0,8.0,25.0,55.0,True,False,False,True,False,  CARDIAC ,  Plasminogen Activators- Thrombolytic
Urokinase,Ginger Finger Biscuit,1,18.0,0.2,0.5,2.8,True,False,False,False,False,  CARDIAC ,  First Generation Thrombolytic
Urokinase,Garlic Murukku,1,500.0,8.0,25.0,55.0,True,False,False,True,False,  CARDIAC ,  First Generation Thrombolytic
Urokinase,Ginger Finger Biscuit,1,18.0,0.2,0.5,2.8,True,False,False,False,False,  CARDIAC ,  First Generation Thrombolytic
Urokinase,Garlic Murukku,1,500.0,8.0,25.0,55.0,True,False,False,True,False,  CARDIAC ,  First Generation Thrombolytic
Urokinase,Ginger Finger Biscuit,1,18.0,0.2,0.5,2.8,True,False,False,False,False,  CARDIAC ,  First Generation Thrombolytic
Urokinase,Garlic Murukku,1,500.0,8.0,25.0,55.0,True,False,False,True,False,  CARDIAC ,  First Generation Thrombolytic
Urokinase,Ginger Finger Biscuit,1,18.0,0.2,0.5,2.8,True,False,False,False,False,  CARDIAC ,  First Generation Thrombolytic
Urokinase,Garlic Murukku,1,500.0,8.0,25.0,55.0,True,False,False,True,False,  CARDIAC ,  First Generation Thrombolytic
Urokinase,Ginger Finger Biscuit,1,18.0,0.2,0.5,2.8,True,False,False,False,False,  CARDIAC ,  First Generation Thrombolytic
Urokinase,Garlic Murukku,1,500.0,8.0,25.0,55.0,True,False,False,True,False,  CARDIAC ,  First Generation Thrombolytic
Urokinase,Ginger Finger Biscuit,1,18.0,0.2,0.5,2.8,True,False,False,False,False,  CARDIAC ,  First Generation Thrombolytic
Urokinase,Garlic Murukku,1,500.0,8.0,25.0,55.0,True,False,False,True,False,  CARDIAC ,  First Generation Thrombolytic
Urokinase,Ginger Finger Biscuit,1,18.0,0.2,0.5,2.8,True,False,False,False,False,  CARDIAC ,  First Generation Thrombolytic
Urokinase,Garlic Murukku,1,500.0,8.0,25.0,55.0,True,False,False,True,False,  CARDIAC ,  First Generation Thrombolytic
Urokinase,Ginger Finger Biscuit,1,18.0,0.2,0.5,2.8,True,False,False,False,False,  CARDIAC ,  First Generation Thrombolytic
Urokinase,Garlic Murukku,1,500.0,8.0,25.0,55.0,True,False,False,True,False,  CARDIAC ,  First Generation Thrombolytic
Urokinase,Ginger Finger Biscuit,1,18.0,0.2,0.5,2.8,True,False,False,False,False,  CARDIAC ,  First Generation Thrombolytic
Urokinase,Garlic Murukku,1,500.0,8.0,25.0,55.0,True,False,False,True,False,  CARDIAC ,  First Generation Thrombolytic
Urokinase,Ginger Finger Biscuit,1,18.0,0.2,0.5,2.8,True,False,False,False,False,  CARDIAC ,  First Generation Thrombolytic
Urokinase,Garlic Murukku,1,500.0,8.0,25.0,55.0,True,False,False,True,False,  CARDIAC ,  First Generation Thrombolytic
Urokinase,Ginger Finger Biscuit,1,18.0,0.2,0.5,2.8,True,False,False,False,False,  CARDIAC ,  First Generation Thrombolytic
Urokinase,Garlic Murukku,1,500.0,8.0,25.0,55.0,True,False,False,True,False,  CARDIAC ,  First Generation Thrombolytic
Urokinase,Ginger Finger Biscuit,1,18.0,0.2,0.5,2.8,True,False,False,False,False,  CARDIAC ,  First Generation Thrombolytic
Urokinase,Garlic Murukku,1,500.0,8.0,25.0,55.0,True,False,False,True,False,  CARDIAC ,  First Generation Thrombolytic
Urokinase,Ginger Finger Biscuit,1,18.0,0.2,0.5,2.8,True,False,False,False,False,  CARDIAC ,  First Generation Thrombolytic
Urokinase,Garlic Murukku,1,500.0,8.0,25.0,55.0,True,False,False,True,False,  CARDIAC ,  First Generation Thrombolytic
Urokinase,Ginger Finger Biscuit,1,18.0,0.2,0.5,2.8,True,False,False,False,False,  CARDIAC ,  First Generation Thrombolytic
Urokinase,Garlic Murukku,1,500.0,8.0,25.0,55.0,True,False,False,True,False,  CARDIAC ,  First Generation Thrombolytic
Reteplase,Ginger Finger Biscuit,1,18.0,0.2,0.5,2.8,True,False,False,False,False,  CARDIAC ,  Plasminogen Activators- Thrombolytic
Reteplase,Garlic Murukku,1,500.0,8.0,25.0,55.0,True,False,False,True,False,  CARDIAC ,  Plasminogen Activators- Thrombolytic
Reteplase,Ginger Finger Biscuit,1,18.0,0.2,0.5,2.8,True,False,False,False,False,  CARDIAC ,  Plasminogen Activators- Thrombolytic
Reteplase,Garlic Murukku,1,500.0,8.0,25.0,55.0,True,False,False,True,False,  CARDIAC ,  Plasminogen Activators- Thrombolytic
Reteplase,Ginger Finger Biscuit,1,18.0,0.2,0.5,2.8,True,False,False,False,False,  CARDIAC ,  Plasminogen Activators- Thrombolytic
Reteplase,Garlic Murukku,1,500.0,8.0,25.0,55.0,True,False,False,True,False,  CARDIAC ,  Plasminogen Activators- Thrombolytic
Reteplase,Ginger Finger Biscuit,1,18.0,0.2,0.5,2.8,True,False,False,False,False,  CARDIAC ,  Plasminogen Activators- Thrombolytic
Reteplase,Garlic Murukku,1,500.0,8.0,25.0,55.0,True,False,False,True,False,  CARDIAC ,  Plasminogen Activators- Thrombolytic
Reteplase,Ginger Finger Biscuit,1,18.0,0.2,0.5,2.8,True,False,False,False,False,  CARDIAC ,  Plasminogen Activators- Thrombolytic
Reteplase,Garlic Murukku,1,500.0,8.0,25.0,55.0,True,False,False,True,False,  CARDIAC ,  Plasminogen Activators- Thrombolytic
Anistreplase,Ginger Finger Biscuit,1,18.0,0.2,0.5,2.8,True,False,False,False,False,Unknown,Unknown
Anistreplase,Garlic Murukku,1,500.0,8.0,25.0,55.0,True,False,False,True,False,Unknown,Unknown
Tenecteplase,Ginger Finger Biscuit,1,18.0,0.2,0.5,2.8,True,False,False,False,False,  CARDIAC ,  Plasminogen Activators- Thrombolytic
Tenecteplase,Garlic Murukku,1,500.0,8.0,25.0,55.0,True,False,False,True,False,  CARDIAC ,  Plasminogen Activators- Thrombolytic
Tenecteplase,Ginger Finger Biscuit,1,18.0,0.2,0.5,2.8,True,False,False,False,False,  CARDIAC ,  Plasminogen Activators- Thrombolytic
Tenecteplase,Garlic Murukku,1,500.0,8.0,25.0,55.0,True,False,False,True,False,  CARDIAC ,  Plasminogen Activators- Thrombolytic
Tenecteplase,Ginger Finger Biscuit,1,18.0,0.2,0.5,2.8,True,False,False,False,False,  CARDIAC ,  Plasminogen Activators- Thrombolytic
Tenecteplase,Garlic Murukku,1,500.0,8.0,25.0,55.0,True,False,False,True,False,  CARDIAC ,  Plasminogen Activators- Thrombolytic
Tenecteplase,Ginger Finger Biscuit,1,18.0,0.2,0.5,2.8,True,False,False,False,False,  CARDIAC ,  Plasminogen Activators- Thrombolytic
Tenecteplase,Garlic Murukku,1,500.0,8.0,25.0,55.0,True,False,False,True,False,  CARDIAC ,  Plasminogen Activators- Thrombolytic
Tenecteplase,Ginger Finger Biscuit,1,18.0,0.2,0.5,2.8,True,False,False,False,False,  CARDIAC ,  Plasminogen Activators- Thrombolytic
Tenecteplase,Garlic Murukku,1,500.0,8.0,25.0,55.0,True,False,False,True,False,  CARDIAC ,  Plasminogen Activators- Thrombolytic
Tenecteplase,Ginger Finger Biscuit,1,18.0,0.2,0.5,2.8,True,False,False,False,False,  CARDIAC ,  Plasminogen Activators- Thrombolytic
Tenecteplase,Garlic Murukku,1,500.0,8.0,25.0,55.0,True,False,False,True,False,  CARDIAC ,  Plasminogen Activators- Thrombolytic
Tenecteplase,Ginger Finger Biscuit,1,18.0,0.2,0.5,2.8,True,False,False,False,False,  CARDIAC ,  Plasminogen Activators- Thrombolytic
Tenecteplase,Garlic Murukku,1,500.0,8.0,25.0,55.0,True,False,False,True,False,  CARDIAC ,  Plasminogen Activators- Thrombolytic
Tenecteplase,Ginger Finger Biscuit,1,18.0,0.2,0.5,2.8,True,False,False,False,False,  CARDIAC ,  Plasminogen Activators- Thrombolytic
Tenecteplase,Garlic Murukku,1,500.0,8.0,25.0,55.0,True,False,False,True,False,  CARDIAC ,  Plasminogen Activators- Thrombolytic
Tenecteplase,Ginger Finger Biscuit,1,18.0,0.2,0.5,2.8,True,False,False,False,False,  CARDIAC ,  Plasminogen Activators- Thrombolytic
Tenecteplase,Garlic Murukku,1,500.0,8.0,25.0,55.0,True,False,False,True,False,  CARDIAC ,  Plasminogen Activators- Thrombolytic
Tenecteplase,Ginger Finger Biscuit,1,18.0,0.2,0.5,2.8,True,False,False,False,False,  CARDIAC ,  Plasminogen Activators- Thrombolytic
Tenecteplase,Garlic Murukku,1,500.0,8.0,25.0,55.0,True,False,False,True,False,  CARDIAC ,  Plasminogen Activators- Thrombolytic
Tenecteplase,Ginger Finger Biscuit,1,18.0,0.2,0.5,2.8,True,False,False,False,False,  CARDIAC ,  Plasminogen Activators- Thrombolytic
Tenecteplase,Garlic Murukku,1,500.0,8.0,25.0,55.0,True,False,False,True,False,  CARDIAC ,  Plasminogen Activators- Thrombolytic
Tenecteplase,Ginger Finger Biscuit,1,18.0,0.2,0.5,2.8,True,False,False,False,False,  CARDIAC ,  Plasminogen Activators- Thrombolytic
Tenecteplase,Garlic Murukku,1,500.0,8.0,25.0,55.0,True,False,False,True,False,  CARDIAC ,  Plasminogen Activators- Thrombolytic
Tenecteplase,Ginger Finger Biscuit,1,18.0,0.2,0.5,2.8,True,False,False,False,False,  CARDIAC ,  Plasminogen Activators- Thrombolytic
Tenecteplase,Garlic Murukku,1,500.0,8.0,25.0,55.0,True,False,False,True,False,  CARDIAC ,  Plasminogen Activators- Thrombolytic
Tenecteplase,Ginger Finger Biscuit,1,18.0,0.2,0.5,2.8,True,False,False,False,False,  CARDIAC ,  Plasminogen Activators- Thrombolytic
Tenecteplase,Garlic Murukku,1,500.0,8.0,25.0,55.0,True,False,False,True,False,  CARDIAC ,  Plasminogen Activators- Thrombolytic
Tenecteplase,Ginger Finger Biscuit,1,18.0,0.2,0.5,2.8,True,False,False,False,False,  CARDIAC ,  Plasminogen Activators- Thrombolytic
Tenecteplase,Garlic Murukku,1,500.0,8.0,25.0,55.0,True,False,False,True,False,  CARDIAC ,  Plasminogen Activators- Thrombolytic
Abciximab,Ginger Finger Biscuit,1,18.0,0.2,0.5,2.8,True,False,False,False,False,  BLOOD RELATED ,  Glycoprotein IIb/IIIa inhibitor
Abciximab,Garlic Murukku,1,500.0,8.0,25.0,55.0,True,False,False,True,False,  BLOOD RELATED ,  Glycoprotein IIb/IIIa inhibitor
Abciximab,Ginger Finger Biscuit,1,18.0,0.2,0.5,2.8,True,False,False,False,False,  BLOOD RELATED ,  Glycoprotein IIb/IIIa inhibitor
Abciximab,Garlic Murukku,1,500.0,8.0,25.0,55.0,True,False,False,True,False,  BLOOD RELATED ,  Glycoprotein IIb/IIIa inhibitor
Abciximab,Ginger Finger Biscuit,1,18.0,0.2,0.5,2.8,True,False,False,False,False,  BLOOD RELATED ,  Glycoprotein IIb/IIIa inhibitor
Abciximab,Garlic Murukku,1,500.0,8.0,25.0,55.0,True,False,False,True,False,  BLOOD RELATED ,  Glycoprotein IIb/IIIa inhibitor
Drotrecogin alfa,Ginger Finger Biscuit,1,18.0,0.2,0.5,2.8,True,False,False,False,False,Unknown,Unknown
Drotrecogin alfa,Garlic Murukku,1,500.0,8.0,25.0,55.0,True,False,False,True,False,Unknown,Unknown
Eptifibatide,Ginger Finger Biscuit,1,18.0,0.2,0.5,2.8,True,False,False,False,False,  BLOOD RELATED ,  Glycoprotein IIb/IIIa inhibitor
Eptifibatide,Garlic Murukku,1,500.0,8.0,25.0,55.0,True,False,False,True,False,  BLOOD RELATED ,  Glycoprotein IIb/IIIa inhibitor
Eptifibatide,Ginger Finger Biscuit,1,18.0,0.2,0.5,2.8,True,False,False,False,False,  BLOOD RELATED ,  Glycoprotein IIb/IIIa inhibitor
Eptifibatide,Garlic Murukku,1,500.0,8.0,25.0,55.0,True,False,False,True,False,  BLOOD RELATED ,  Glycoprotein IIb/IIIa inhibitor
Eptifibatide,Ginger Finger Biscuit,1,18.0,0.2,0.5,2.8,True,False,False,False,False,  BLOOD RELATED ,  Glycoprotein IIb/IIIa inhibitor
Eptifibatide,Garlic Murukku,1,500.0,8.0,25.0,55.0,True,False,False,True,False,  BLOOD RELATED ,  Glycoprotein IIb/IIIa inhibitor
Eptifibatide,Ginger Finger Biscuit,1,18.0,0.2,0.5,2.8,True,False,False,False,False,  BLOOD RELATED ,  Glycoprotein IIb/IIIa inhibitor
Eptifibatide,Garlic Murukku,1,500.0,8.0,25.0,55.0,True,False,False,True,False,  BLOOD RELATED ,  Glycoprotein IIb/IIIa inhibitor
Eptifibatide,Ginger Finger Biscuit,1,18.0,0.2,0.5,2.8,True,False,False,False,False,  BLOOD RELATED ,  Glycoprotein IIb/IIIa inhibitor
Eptifibatide,Garlic Murukku,1,500.0,8.0,25.0,55.0,True,False,False,True,False,  BLOOD RELATED ,  Glycoprotein IIb/IIIa inhibitor
Eptifibatide,Ginger Finger Biscuit,1,18.0,0.2,0.5,2.8,True,False,False,False,False,  BLOOD RELATED ,  Glycoprotein IIb/IIIa inhibitor
Eptifibatide,Garlic Murukku,1,500.0,8.0,25.0,55.0,True,False,False,True,False,  BLOOD RELATED ,  Glycoprotein IIb/IIIa inhibitor
Eptifibatide,Ginger Finger Biscuit,1,18.0,0.2,0.5,2.8,True,False,False,False,False,  BLOOD RELATED ,  Glycoprotein IIb/IIIa inhibitor
Eptifibatide,Garlic Murukku,1,500.0,8.0,25.0,55.0,True,False,False,True,False,  BLOOD RELATED ,  Glycoprotein IIb/IIIa inhibitor
Eptifibatide,Ginger Finger Biscuit,1,18.0,0.2,0.5,2.8,True,False,False,False,False,  BLOOD RELATED ,  Glycoprotein IIb/IIIa inhibitor
Eptifibatide,Garlic Murukku,1,500.0,8.0,25.0,55.0,True,False,False,True,False,  BLOOD RELATED ,  Glycoprotein IIb/IIIa inhibitor
Eptifibatide,Ginger Finger Biscuit,1,18.0,0.2,0.5,2.8,True,False,False,False,False,  BLOOD RELATED ,  Glycoprotein IIb/IIIa inhibitor
Eptifibatide,Garlic Murukku,1,500.0,8.0,25.0,55.0,True,False,False,True,False,  BLOOD RELATED ,  Glycoprotein IIb/IIIa inhibitor
Eptifibatide,Ginger Finger Biscuit,1,18.0,0.2,0.5,2.8,True,False,False,False,False,  BLOOD RELATED ,  Glycoprotein IIb/IIIa inhibitor
Eptifibatide,Garlic Murukku,1,500.0,8.0,25.0,55.0,True,False,False,True,False,  BLOOD RELATED ,  Glycoprotein IIb/IIIa inhibitor
Eptifibatide,Ginger Finger Biscuit,1,18.0,0.2,0.5,2.8,True,False,False,False,False,  BLOOD RELATED ,  Glycoprotein IIb/IIIa inhibitor
Eptifibatide,Garlic Murukku,1,500.0,8.0,25.0,55.0,True,False,False,True,False,  BLOOD RELATED ,  Glycoprotein IIb/IIIa inhibitor
Eptifibatide,Ginger Finger Biscuit,1,18.0,0.2,0.5,2.8,True,False,False,False,False,  BLOOD RELATED ,  Glycoprotein IIb/IIIa inhibitor
Eptifibatide,Garlic Murukku,1,500.0,8.0,25.0,55.0,True,False,False,True,False,  BLOOD RELATED ,  Glycoprotein IIb/IIIa inhibitor
Eptifibatide,Ginger Finger Biscuit,1,18.0,0.2,0.5,2.8,True,False,False,False,False,  BLOOD RELATED ,  Glycoprotein IIb/IIIa inhibitor
Eptifibatide,Garlic Murukku,1,500.0,8.0,25.0,55.0,True,False,False,True,False,  BLOOD RELATED ,  Glycoprotein IIb/IIIa inhibitor
Eptifibatide,Ginger Finger Biscuit,1,18.0,0.2,0.5,2.8,True,False,False,False,False,  BLOOD RELATED ,  Glycoprotein IIb/IIIa inhibitor
Eptifibatide,Garlic Murukku,1,500.0,8.0,25.0,55.0,True,False,False,True,False,  BLOOD RELATED ,  Glycoprotein IIb/IIIa inhibitor
Ibritumomab tiuxetan,Ginger Finger Biscuit,1,18.0,0.2,0.5,2.8,True,False,False,False,False,Unknown,Unknown
Ibritumomab tiuxetan,Garlic Murukku,1,500.0,8.0,25.0,55.0,True,False,False,True,False,Unknown,Unknown
Streptokinase,Ginger Finger Biscuit,1,18.0,0.2,0.5,2.8,True,False,False,False,False,  CARDIAC ,  First Generation Thrombolytic
Streptokinase,Garlic Murukku,1,500.0,8.0,25.0,55.0,True,False,False,True,False,  CARDIAC ,  First Generation Thrombolytic
Streptokinase,Ginger Finger Biscuit,1,18.0,0.2,0.5,2.8,True,False,False,False,False,  CARDIAC ,  First Generation Thrombolytic
Streptokinase,Garlic Murukku,1,500.0,8.0,25.0,55.0,True,False,False,True,False,  CARDIAC ,  First Generation Thrombolytic
Streptokinase,Ginger Finger Biscuit,1,18.0,0.2,0.5,2.8,True,False,False,False,False,  CARDIAC ,  First Generation Thrombolytic
Streptokinase,Garlic Murukku,1,500.0,8.0,25.0,55.0,True,False,False,True,False,  CARDIAC ,  First Generation Thrombolytic
Streptokinase,Ginger Finger Biscuit,1,18.0,0.2,0.5,2.8,True,False,False,False,False,  CARDIAC ,  First Generation Thrombolytic
Streptokinase,Garlic Murukku,1,500.0,8.0,25.0,55.0,True,False,False,True,False,  CARDIAC ,  First Generation Thrombolytic
Streptokinase,Ginger Finger Biscuit,1,18.0,0.2,0.5,2.8,True,False,False,False,False,  CARDIAC ,  First Generation Thrombolytic
Streptokinase,Garlic Murukku,1,500.0,8.0,25.0,55.0,True,False,False,True,False,  CARDIAC ,  First Generation Thrombolytic
Streptokinase,Ginger Finger Biscuit,1,18.0,0.2,0.5,2.8,True,False,False,False,False,  CARDIAC ,  First Generation Thrombolytic
Streptokinase,Garlic Murukku,1,500.0,8.0,25.0,55.0,True,False,False,True,False,  CARDIAC ,  First Generation Thrombolytic
Streptokinase,Ginger Finger Biscuit,1,18.0,0.2,0.5,2.8,True,False,False,False,False,  CARDIAC ,  First Generation Thrombolytic
Streptokinase,Garlic Murukku,1,500.0,8.0,25.0,55.0,True,False,False,True,False,  CARDIAC ,  First Generation Thrombolytic
Streptokinase,Ginger Finger Biscuit,1,18.0,0.2,0.5,2.8,True,False,False,False,False,  CARDIAC ,  First Generation Thrombolytic
Streptokinase,Garlic Murukku,1,500.0,8.0,25.0,55.0,True,False,False,True,False,  CARDIAC ,  First Generation Thrombolytic
Streptokinase,Ginger Finger Biscuit,1,18.0,0.2,0.5,2.8,True,False,False,False,False,  CARDIAC ,  First Generation Thrombolytic
Streptokinase,Garlic Murukku,1,500.0,8.0,25.0,55.0,True,False,False,True,False,  CARDIAC ,  First Generation Thrombolytic
Streptokinase,Ginger Finger Biscuit,1,18.0,0.2,0.5,2.8,True,False,False,False,False,  CARDIAC ,  First Generation Thrombolytic
Streptokinase,Garlic Murukku,1,500.0,8.0,25.0,55.0,True,False,False,True,False,  CARDIAC ,  First Generation Thrombolytic
Dicoumarol,Ginger Finger Biscuit,1,18.0,0.2,0.5,2.8,True,False,False,False,False,Unknown,Unknown
Dicoumarol,Garlic Murukku,1,500.0,8.0,25.0,55.0,True,False,False,True,False,Unknown,Unknown
Argatroban,Ginger Finger Biscuit,1,18.0,0.2,0.5,2.8,True,False,False,False,False,Unknown,Unknown
Argatroban,Garlic Murukku,1,500.0,8.0,25.0,55.0,True,False,False,True,False,Unknown,Unknown
Ardeparin,Ginger Finger Biscuit,1,18.0,0.2,0.5,2.8,True,False,False,False,False,Unknown,Unknown
Ardeparin,Garlic Murukku,1,500.0,8.0,25.0,55.0,True,False,False,True,False,Unknown,Unknown
Phenindione,Ginger Finger Biscuit,1,18.0,0.2,0.5,2.8,True,False,False,False,False,  BLOOD RELATED ,  Vitamin K antagonist
Phenindione,Garlic Murukku,1,500.0,8.0,25.0,55.0,True,False,False,True,False,  BLOOD RELATED ,  Vitamin K antagonist
Fondaparinux,Ginger Finger Biscuit,1,18.0,0.2,0.5,2.8,True,False,False,False,False,  CARDIAC ,  Selective inhibitor of activated Factor 
Fondaparinux,Garlic Murukku,1,500.0,8.0,25.0,55.0,True,False,False,True,False,  CARDIAC ,  Selective inhibitor of activated Factor 
Fondaparinux,Ginger Finger Biscuit,1,18.0,0.2,0.5,2.8,True,False,False,False,False,  CARDIAC ,  Selective inhibitor of activated Factor 
Fondaparinux,Garlic Murukku,1,500.0,8.0,25.0,55.0,True,False,False,True,False,  CARDIAC ,  Selective inhibitor of activated Factor 
Fondaparinux,Ginger Finger Biscuit,1,18.0,0.2,0.5,2.8,True,False,False,False,False,  CARDIAC ,  Selective inhibitor of activated Factor 
Fondaparinux,Garlic Murukku,1,500.0,8.0,25.0,55.0,True,False,False,True,False,  CARDIAC ,  Selective inhibitor of activated Factor 
Fondaparinux,Ginger Finger Biscuit,1,18.0,0.2,0.5,2.8,True,False,False,False,False,  CARDIAC ,  Selective inhibitor of activated Factor 
Fondaparinux,Garlic Murukku,1,500.0,8.0,25.0,55.0,True,False,False,True,False,  CARDIAC ,  Selective inhibitor of activated Factor 
Fondaparinux,Ginger Finger Biscuit,1,18.0,0.2,0.5,2.8,True,False,False,False,False,  CARDIAC ,  Selective inhibitor of activated Factor 
Fondaparinux,Garlic Murukku,1,500.0,8.0,25.0,55.0,True,False,False,True,False,  CARDIAC ,  Selective inhibitor of activated Factor 
Fondaparinux,Ginger Finger Biscuit,1,18.0,0.2,0.5,2.8,True,False,False,False,False,  CARDIAC ,  Selective inhibitor of activated Factor 
Fondaparinux,Garlic Murukku,1,500.0,8.0,25.0,55.0,True,False,False,True,False,  CARDIAC ,  Selective inhibitor of activated Factor 
Fondaparinux,Ginger Finger Biscuit,1,18.0,0.2,0.5,2.8,True,False,False,False,False,  CARDIAC ,  Selective inhibitor of activated Factor 
Fondaparinux,Garlic Murukku,1,500.0,8.0,25.0,55.0,True,False,False,True,False,  CARDIAC ,  Selective inhibitor of activated Factor 
Fondaparinux,Ginger Finger Biscuit,1,18.0,0.2,0.5,2.8,True,False,False,False,False,  CARDIAC ,  Selective inhibitor of activated Factor 
Fondaparinux,Garlic Murukku,1,500.0,8.0,25.0,55.0,True,False,False,True,False,  CARDIAC ,  Selective inhibitor of activated Factor 
Fondaparinux,Ginger Finger Biscuit,1,18.0,0.2,0.5,2.8,True,False,False,False,False,  CARDIAC ,  Selective inhibitor of activated Factor 
Fondaparinux,Garlic Murukku,1,500.0,8.0,25.0,55.0,True,False,False,True,False,  CARDIAC ,  Selective inhibitor of activated Factor 
Fondaparinux,Ginger Finger Biscuit,1,18.0,0.2,0.5,2.8,True,False,False,False,False,  CARDIAC ,  Selective inhibitor of activated Factor 
Fondaparinux,Garlic Murukku,1,500.0,8.0,25.0,55.0,True,False,False,True,False,  CARDIAC ,  Selective inhibitor of activated Factor 
Fondaparinux,Ginger Finger Biscuit,1,18.0,0.2,0.5,2.8,True,False,False,False,False,  CARDIAC ,  Selective inhibitor of activated Factor 
Fondaparinux,Garlic Murukku,1,500.0,8.0,25.0,55.0,True,False,False,True,False,  CARDIAC ,  Selective inhibitor of activated Factor 
Fondaparinux,Ginger Finger Biscuit,1,18.0,0.2,0.5,2.8,True,False,False,False,False,  CARDIAC ,  Selective inhibitor of activated Factor 
Fondaparinux,Garlic Murukku,1,500.0,8.0,25.0,55.0,True,False,False,True,False,  CARDIAC ,  Selective inhibitor of activated Factor 
Fondaparinux,Ginger Finger Biscuit,1,18.0,0.2,0.5,2.8,True,False,False,False,False,  CARDIAC ,  Selective inhibitor of activated Factor 
Fondaparinux,Garlic Murukku,1,500.0,8.0,25.0,55.0,True,False,False,True,False,  CARDIAC ,  Selective inhibitor of activated Factor 
Fondaparinux,Ginger Finger Biscuit,1,18.0,0.2,0.5,2.8,True,False,False,False,False,  CARDIAC ,  Selective inhibitor of activated Factor 
Fondaparinux,Garlic Murukku,1,500.0,8.0,25.0,55.0,True,False,False,True,False,  CARDIAC ,  Selective inhibitor of activated Factor 
Warfarin,Ginger Finger Biscuit,1,18.0,0.2,0.5,2.8,True,False,False,False,False,  CARDIAC ,  Vitamin K antagonist
Warfarin,Garlic Murukku,1,500.0,8.0,25.0,55.0,True,False,False,True,False,  CARDIAC ,  Vitamin K antagonist
Warfarin,Ginger Finger Biscuit,1,18.0,0.2,0.5,2.8,True,False,False,False,False,  CARDIAC ,  Vitamin K antagonist
Warfarin,Garlic Murukku,1,500.0,8.0,25.0,55.0,True,False,False,True,False,  CARDIAC ,  Vitamin K antagonist
Warfarin,Ginger Finger Biscuit,1,18.0,0.2,0.5,2.8,True,False,False,False,False,  CARDIAC ,  Vitamin K antagonist
Warfarin,Garlic Murukku,1,500.0,8.0,25.0,55.0,True,False,False,True,False,  CARDIAC ,  Vitamin K antagonist
Warfarin,Ginger Finger Biscuit,1,18.0,0.2,0.5,2.8,True,False,False,False,False,  CARDIAC ,  Vitamin K antagonist
Warfarin,Garlic Murukku,1,500.0,8.0,25.0,55.0,True,False,False,True,False,  CARDIAC ,  Vitamin K antagonist
Warfarin,Ginger Finger Biscuit,1,18.0,0.2,0.5,2.8,True,False,False,False,False,  CARDIAC ,  Vitamin K antagonist
Warfarin,Garlic Murukku,1,500.0,8.0,25.0,55.0,True,False,False,True,False,  CARDIAC ,  Vitamin K antagonist
Warfarin,Ginger Finger Biscuit,1,18.0,0.2,0.5,2.8,True,False,False,False,False,  CARDIAC ,  Vitamin K antagonist
Warfarin,Garlic Murukku,1,500.0,8.0,25.0,55.0,True,False,False,True,False,  CARDIAC ,  Vitamin K antagonist
Warfarin,Ginger Finger Biscuit,1,18.0,0.2,0.5,2.8,True,False,False,False,False,  CARDIAC ,  Vitamin K antagonist
Warfarin,Garlic Murukku,1,500.0,8.0,25.0,55.0,True,False,False,True,False,  CARDIAC ,  Vitamin K antagonist
Warfarin,Ginger Finger Biscuit,1,18.0,0.2,0.5,2.8,True,False,False,False,False,  CARDIAC ,  Vitamin K antagonist
Warfarin,Garlic Murukku,1,500.0,8.0,25.0,55.0,True,False,False,True,False,  CARDIAC ,  Vitamin K antagonist
Warfarin,Ginger Finger Biscuit,1,18.0,0.2,0.5,2.8,True,False,False,False,False,  CARDIAC ,  Vitamin K antagonist
Warfarin,Garlic Murukku,1,500.0,8.0,25.0,55.0,True,False,False,True,False,  CARDIAC ,  Vitamin K antagonist
Pentosan polysulfate,Ginger Finger Biscuit,1,18.0,0.2,0.5,2.8,True,False,False,False,False,Unknown,Unknown
Pentosan polysulfate,Garlic Murukku,1,500.0,8.0,25.0,55.0,True,False,False,True,False,Unknown,Unknown
Acetylsalicylic acid,Ginger Finger Biscuit,1,18.0,0.2,0.5,2.8,True,False,False,False,False,Unknown,Unknown
Acetylsalicylic acid,Garlic Murukku,1,500.0,8.0,25.0,55.0,True,False,False,True,False,Unknown,Unknown
Phenprocoumon,Ginger Finger Biscuit,1,18.0,0.2,0.5,2.8,True,False,False,False,False,Unknown,Unknown
Phenprocoumon,Garlic Murukku,1,500.0,8.0,25.0,55.0,True,False,False,True,False,Unknown,Unknown
Edetic acid,Ginger Finger Biscuit,1,18.0,0.2,0.5,2.8,True,False,False,False,False,Unknown,Unknown
Edetic acid,Garlic Murukku,1,500.0,8.0,25.0,55.0,True,False,False,True,False,Unknown,Unknown
Dipyridamole,Ginger Finger Biscuit,1,18.0,0.2,0.5,2.8,True,False,False,False,False,  BLOOD RELATED ,  Phosphodiesterase III inhibitors (anti-thrombotic
Dipyridamole,Garlic Murukku,1,500.0,8.0,25.0,55.0,True,False,False,True,False,  BLOOD RELATED ,  Phosphodiesterase III inhibitors (anti-thrombotic
Dipyridamole,Ginger Finger Biscuit,1,18.0,0.2,0.5,2.8,True,False,False,False,False,  BLOOD RELATED ,  Phosphodiesterase III inhibitors (anti-thrombotic
Dipyridamole,Garlic Murukku,1,500.0,8.0,25.0,55.0,True,False,False,True,False,  BLOOD RELATED ,  Phosphodiesterase III inhibitors (anti-thrombotic
Dipyridamole,Ginger Finger Biscuit,1,18.0,0.2,0.5,2.8,True,False,False,False,False,  BLOOD RELATED ,  Phosphodiesterase III inhibitors (anti-thrombotic
Dipyridamole,Garlic Murukku,1,500.0,8.0,25.0,55.0,True,False,False,True,False,  BLOOD RELATED ,  Phosphodiesterase III inhibitors (anti-thrombotic
Dipyridamole,Ginger Finger Biscuit,1,18.0,0.2,0.5,2.8,True,False,False,False,False,  BLOOD RELATED ,  Phosphodiesterase III inhibitors (anti-thrombotic
Dipyridamole,Garlic Murukku,1,500.0,8.0,25.0,55.0,True,False,False,True,False,  BLOOD RELATED ,  Phosphodiesterase III inhibitors (anti-thrombotic
Dipyridamole,Ginger Finger Biscuit,1,18.0,0.2,0.5,2.8,True,False,False,False,False,  BLOOD RELATED ,  Phosphodiesterase III inhibitors (anti-thrombotic
Dipyridamole,Garlic Murukku,1,500.0,8.0,25.0,55.0,True,False,False,True,False,  BLOOD RELATED ,  Phosphodiesterase III inhibitors (anti-thrombotic
Dipyridamole,Ginger Finger Biscuit,1,18.0,0.2,0.5,2.8,True,False,False,False,False,  BLOOD RELATED ,  Phosphodiesterase III inhibitors (anti-thrombotic
Dipyridamole,Garlic Murukku,1,500.0,8.0,25.0,55.0,True,False,False,True,False,  BLOOD RELATED ,  Phosphodiesterase III inhibitors (anti-thrombotic
Iloprost,Ginger Finger Biscuit,1,18.0,0.2,0.5,2.8,True,False,False,False,False,Unknown,Unknown
Iloprost,Garlic Murukku,1,500.0,8.0,25.0,55.0,True,False,False,True,False,Unknown,Unknown
Heparin,Ginger Finger Biscuit,1,18.0,0.2,0.5,2.8,True,False,False,False,False,  BLOOD RELATED ,  Unfractionated Heparin (UFH
Heparin,Garlic Murukku,1,500.0,8.0,25.0,55.0,True,False,False,True,False,  BLOOD RELATED ,  Unfractionated Heparin (UFH
Heparin,Ginger Finger Biscuit,1,18.0,0.2,0.5,2.8,True,False,False,False,False,  BLOOD RELATED ,  Unfractionated Heparin (UFH
Heparin,Garlic Murukku,1,500.0,8.0,25.0,55.0,True,False,False,True,False,  BLOOD RELATED ,  Unfractionated Heparin (UFH
Heparin,Ginger Finger Biscuit,1,18.0,0.2,0.5,2.8,True,False,False,False,False,  BLOOD RELATED ,  Unfractionated Heparin (UFH
Heparin,Garlic Murukku,1,500.0,8.0,25.0,55.0,True,False,False,True,False,  BLOOD RELATED ,  Unfractionated Heparin (UFH
Heparin,Ginger Finger Biscuit,1,18.0,0.2,0.5,2.8,True,False,False,False,False,  BLOOD RELATED ,  Unfractionated Heparin (UFH
Heparin,Garlic Murukku,1,500.0,8.0,25.0,55.0,True,False,False,True,False,  BLOOD RELATED ,  Unfractionated Heparin (UFH
Heparin,Ginger Finger Biscuit,1,18.0,0.2,0.5,2.8,True,False,False,False,False,  BLOOD RELATED ,  Unfractionated Heparin (UFH
Heparin,Garlic Murukku,1,500.0,8.0,25.0,55.0,True,False,False,True,False,  BLOOD RELATED ,  Unfractionated Heparin (UFH
Heparin,Ginger Finger Biscuit,1,18.0,0.2,0.5,2.8,True,False,False,False,False,  BLOOD RELATED ,  Unfractionated Heparin (UFH
Heparin,Garlic Murukku,1,500.0,8.0,25.0,55.0,True,False,False,True,False,  BLOOD RELATED ,  Unfractionated Heparin (UFH
Heparin,Ginger Finger Biscuit,1,18.0,0.2,0.5,2.8,True,False,False,False,False,  BLOOD RELATED ,  Unfractionated Heparin (UFH
Heparin,Garlic Murukku,1,500.0,8.0,25.0,55.0,True,False,False,True,False,  BLOOD RELATED ,  Unfractionated Heparin (UFH
Heparin,Ginger Finger Biscuit,1,18.0,0.2,0.5,2.8,True,False,False,False,False,  BLOOD RELATED ,  Unfractionated Heparin (UFH
Heparin,Garlic Murukku,1,500.0,8.0,25.0,55.0,True,False,False,True,False,  BLOOD RELATED ,  Unfractionated Heparin (UFH
Heparin,Ginger Finger Biscuit,1,18.0,0.2,0.5,2.8,True,False,False,False,False,  BLOOD RELATED ,  Unfractionated Heparin (UFH
Heparin,Garlic Murukku,1,500.0,8.0,25.0,55.0,True,False,False,True,False,  BLOOD RELATED ,  Unfractionated Heparin (UFH
Heparin,Ginger Finger Biscuit,1,18.0,0.2,0.5,2.8,True,False,False,False,False,  BLOOD RELATED ,  Unfractionated Heparin (UFH
Heparin,Garlic Murukku,1,500.0,8.0,25.0,55.0,True,False,False,True,False,  BLOOD RELATED ,  Unfractionated Heparin (UFH
Heparin,Ginger Finger Biscuit,1,18.0,0.2,0.5,2.8,True,False,False,False,False,  BLOOD RELATED ,  Unfractionated Heparin (UFH
Heparin,Garlic Murukku,1,500.0,8.0,25.0,55.0,True,False,False,True,False,  BLOOD RELATED ,  Unfractionated Heparin (UFH
Heparin,Ginger Finger Biscuit,1,18.0,0.2,0.5,2.8,True,False,False,False,False,  BLOOD RELATED ,  Unfractionated Heparin (UFH
Heparin,Garlic Murukku,1,500.0,8.0,25.0,55.0,True,False,False,True,False,  BLOOD RELATED ,  Unfractionated Heparin (UFH
Heparin,Ginger Finger Biscuit,1,18.0,0.2,0.5,2.8,True,False,False,False,False,  BLOOD RELATED ,  Unfractionated Heparin (UFH
Heparin,Garlic Murukku,1,500.0,8.0,25.0,55.0,True,False,False,True,False,  BLOOD RELATED ,  Unfractionated Heparin (UFH
Heparin,Ginger Finger Biscuit,1,18.0,0.2,0.5,2.8,True,False,False,False,False,  BLOOD RELATED ,  Unfractionated Heparin (UFH
Heparin,Garlic Murukku,1,500.0,8.0,25.0,55.0,True,False,False,True,False,  BLOOD RELATED ,  Unfractionated Heparin (UFH
Heparin,Ginger Finger Biscuit,1,18.0,0.2,0.5,2.8,True,False,False,False,False,  BLOOD RELATED ,  Unfractionated Heparin (UFH
Heparin,Garlic Murukku,1,500.0,8.0,25.0,55.0,True,False,False,True,False,  BLOOD RELATED ,  Unfractionated Heparin (UFH
Heparin,Ginger Finger Biscuit,1,18.0,0.2,0.5,2.8,True,False,False,False,False,  BLOOD RELATED ,  Unfractionated Heparin (UFH
Heparin,Garlic Murukku,1,500.0,8.0,25.0,55.0,True,False,False,True,False,  BLOOD RELATED ,  Unfractionated Heparin (UFH
Heparin,Ginger Finger Biscuit,1,18.0,0.2,0.5,2.8,True,False,False,False,False,  BLOOD RELATED ,  Unfractionated Heparin (UFH
Heparin,Garlic Murukku,1,500.0,8.0,25.0,55.0,True,False,False,True,False,  BLOOD RELATED ,  Unfractionated Heparin (UFH
Heparin,Ginger Finger Biscuit,1,18.0,0.2,0.5,2.8,True,False,False,False,False,  BLOOD RELATED ,  Unfractionated Heparin (UFH
Heparin,Garlic Murukku,1,500.0,8.0,25.0,55.0,True,False,False,True,False,  BLOOD RELATED ,  Unfractionated Heparin (UFH
Heparin,Ginger Finger Biscuit,1,18.0,0.2,0.5,2.8,True,False,False,False,False,  BLOOD RELATED ,  Unfractionated Heparin (UFH
Heparin,Garlic Murukku,1,500.0,8.0,25.0,55.0,True,False,False,True,False,  BLOOD RELATED ,  Unfractionated Heparin (UFH
Heparin,Ginger Finger Biscuit,1,18.0,0.2,0.5,2.8,True,False,False,False,False,  BLOOD RELATED ,  Unfractionated Heparin (UFH
Heparin,Garlic Murukku,1,500.0,8.0,25.0,55.0,True,False,False,True,False,  BLOOD RELATED ,  Unfractionated Heparin (UFH
Heparin,Ginger Finger Biscuit,1,18.0,0.2,0.5,2.8,True,False,False,False,False,  BLOOD RELATED ,  Unfractionated Heparin (UFH
Heparin,Garlic Murukku,1,500.0,8.0,25.0,55.0,True,False,False,True,False,  BLOOD RELATED ,  Unfractionated Heparin (UFH
Heparin,Ginger Finger Biscuit,1,18.0,0.2,0.5,2.8,True,False,False,False,False,  BLOOD RELATED ,  Unfractionated Heparin (UFH
Heparin,Garlic Murukku,1,500.0,8.0,25.0,55.0,True,False,False,True,False,  BLOOD RELATED ,  Unfractionated Heparin (UFH
Heparin,Ginger Finger Biscuit,1,18.0,0.2,0.5,2.8,True,False,False,False,False,  BLOOD RELATED ,  Unfractionated Heparin (UFH
Heparin,Garlic Murukku,1,500.0,8.0,25.0,55.0,True,False,False,True,False,  BLOOD RELATED ,  Unfractionated Heparin (UFH
Heparin,Ginger Finger Biscuit,1,18.0,0.2,0.5,2.8,True,False,False,False,False,  BLOOD RELATED ,  Unfractionated Heparin (UFH
Heparin,Garlic Murukku,1,500.0,8.0,25.0,55.0,True,False,False,True,False,  BLOOD RELATED ,  Unfractionated Heparin (UFH
Heparin,Ginger Finger Biscuit,1,18.0,0.2,0.5,2.8,True,False,False,False,False,  BLOOD RELATED ,  Unfractionated Heparin (UFH
Heparin,Garlic Murukku,1,500.0,8.0,25.0,55.0,True,False,False,True,False,  BLOOD RELATED ,  Unfractionated Heparin (UFH
Heparin,Ginger Finger Biscuit,1,18.0,0.2,0.5,2.8,True,False,False,False,False,  BLOOD RELATED ,  Unfractionated Heparin (UFH
Heparin,Garlic Murukku,1,500.0,8.0,25.0,55.0,True,False,False,True,False,  BLOOD RELATED ,  Unfractionated Heparin (UFH
Heparin,Ginger Finger Biscuit,1,18.0,0.2,0.5,2.8,True,False,False,False,False,  BLOOD RELATED ,  Unfractionated Heparin (UFH
Heparin,Garlic Murukku,1,500.0,8.0,25.0,55.0,True,False,False,True,False,  BLOOD RELATED ,  Unfractionated Heparin (UFH
Heparin,Ginger Finger Biscuit,1,18.0,0.2,0.5,2.8,True,False,False,False,False,  BLOOD RELATED ,  Unfractionated Heparin (UFH
Heparin,Garlic Murukku,1,500.0,8.0,25.0,55.0,True,False,False,True,False,  BLOOD RELATED ,  Unfractionated Heparin (UFH
Heparin,Ginger Finger Biscuit,1,18.0,0.2,0.5,2.8,True,False,False,False,False,  BLOOD RELATED ,  Unfractionated Heparin (UFH
Heparin,Garlic Murukku,1,500.0,8.0,25.0,55.0,True,False,False,True,False,  BLOOD RELATED ,  Unfractionated Heparin (UFH
Heparin,Ginger Finger Biscuit,1,18.0,0.2,0.5,2.8,True,False,False,False,False,  BLOOD RELATED ,  Unfractionated Heparin (UFH
Heparin,Garlic Murukku,1,500.0,8.0,25.0,55.0,True,False,False,True,False,  BLOOD RELATED ,  Unfractionated Heparin (UFH
Heparin,Ginger Finger Biscuit,1,18.0,0.2,0.5,2.8,True,False,False,False,False,  BLOOD RELATED ,  Unfractionated Heparin (UFH
Heparin,Garlic Murukku,1,500.0,8.0,25.0,55.0,True,False,False,True,False,  BLOOD RELATED ,  Unfractionated Heparin (UFH
Heparin,Ginger Finger Biscuit,1,18.0,0.2,0.5,2.8,True,False,False,False,False,  BLOOD RELATED ,  Unfractionated Heparin (UFH
Heparin,Garlic Murukku,1,500.0,8.0,25.0,55.0,True,False,False,True,False,  BLOOD RELATED ,  Unfractionated Heparin (UFH
Heparin,Ginger Finger Biscuit,1,18.0,0.2,0.5,2.8,True,False,False,False,False,  BLOOD RELATED ,  Unfractionated Heparin (UFH
Heparin,Garlic Murukku,1,500.0,8.0,25.0,55.0,True,False,False,True,False,  BLOOD RELATED ,  Unfractionated Heparin (UFH
Heparin,Ginger Finger Biscuit,1,18.0,0.2,0.5,2.8,True,False,False,False,False,  BLOOD RELATED ,  Unfractionated Heparin (UFH
Heparin,Garlic Murukku,1,500.0,8.0,25.0,55.0,True,False,False,True,False,  BLOOD RELATED ,  Unfractionated Heparin (UFH
Heparin,Ginger Finger Biscuit,1,18.0,0.2,0.5,2.8,True,False,False,False,False,  BLOOD RELATED ,  Unfractionated Heparin (UFH
Heparin,Garlic Murukku,1,500.0,8.0,25.0,55.0,True,False,False,True,False,  BLOOD RELATED ,  Unfractionated Heparin (UFH
Heparin,Ginger Finger Biscuit,1,18.0,0.2,0.5,2.8,True,False,False,False,False,  BLOOD RELATED ,  Unfractionated Heparin (UFH
Heparin,Garlic Murukku,1,500.0,8.0,25.0,55.0,True,False,False,True,False,  BLOOD RELATED ,  Unfractionated Heparin (UFH
Heparin,Ginger Finger Biscuit,1,18.0,0.2,0.5,2.8,True,False,False,False,False,  BLOOD RELATED ,  Unfractionated Heparin (UFH
Heparin,Garlic Murukku,1,500.0,8.0,25.0,55.0,True,False,False,True,False,  BLOOD RELATED ,  Unfractionated Heparin (UFH
Heparin,Ginger Finger Biscuit,1,18.0,0.2,0.5,2.8,True,False,False,False,False,  BLOOD RELATED ,  Unfractionated Heparin (UFH
Heparin,Garlic Murukku,1,500.0,8.0,25.0,55.0,True,False,False,True,False,  BLOOD RELATED ,  Unfractionated Heparin (UFH
Heparin,Ginger Finger Biscuit,1,18.0,0.2,0.5,2.8,True,False,False,False,False,  BLOOD RELATED ,  Unfractionated Heparin (UFH
Heparin,Garlic Murukku,1,500.0,8.0,25.0,55.0,True,False,False,True,False,  BLOOD RELATED ,  Unfractionated Heparin (UFH
Heparin,Ginger Finger Biscuit,1,18.0,0.2,0.5,2.8,True,False,False,False,False,  BLOOD RELATED ,  Unfractionated Heparin (UFH
Heparin,Garlic Murukku,1,500.0,8.0,25.0,55.0,True,False,False,True,False,  BLOOD RELATED ,  Unfractionated Heparin (UFH
Heparin,Ginger Finger Biscuit,1,18.0,0.2,0.5,2.8,True,False,False,False,False,  BLOOD RELATED ,  Unfractionated Heparin (UFH
Heparin,Garlic Murukku,1,500.0,8.0,25.0,55.0,True,False,False,True,False,  BLOOD RELATED ,  Unfractionated Heparin (UFH
Heparin,Ginger Finger Biscuit,1,18.0,0.2,0.5,2.8,True,False,False,False,False,  BLOOD RELATED ,  Unfractionated Heparin (UFH
Heparin,Garlic Murukku,1,500.0,8.0,25.0,55.0,True,False,False,True,False,  BLOOD RELATED ,  Unfractionated Heparin (UFH
Heparin,Ginger Finger Biscuit,1,18.0,0.2,0.5,2.8,True,False,False,False,False,  BLOOD RELATED ,  Unfractionated Heparin (UFH
Heparin,Garlic Murukku,1,500.0,8.0,25.0,55.0,True,False,False,True,False,  BLOOD RELATED ,  Unfractionated Heparin (UFH
Heparin,Ginger Finger Biscuit,1,18.0,0.2,0.5,2.8,True,False,False,False,False,  BLOOD RELATED ,  Unfractionated Heparin (UFH
Heparin,Garlic Murukku,1,500.0,8.0,25.0,55.0,True,False,False,True,False,  BLOOD RELATED ,  Unfractionated Heparin (UFH
Heparin,Ginger Finger Biscuit,1,18.0,0.2,0.5,2.8,True,False,False,False,False,  BLOOD RELATED ,  Unfractionated Heparin (UFH
Heparin,Garlic Murukku,1,500.0,8.0,25.0,55.0,True,False,False,True,False,  BLOOD RELATED ,  Unfractionated Heparin (UFH
Heparin,Ginger Finger Biscuit,1,18.0,0.2,0.5,2.8,True,False,False,False,False,  BLOOD RELATED ,  Unfractionated Heparin (UFH
Heparin,Garlic Murukku,1,500.0,8.0,25.0,55.0,True,False,False,True,False,  BLOOD RELATED ,  Unfractionated Heparin (UFH
Heparin,Ginger Finger Biscuit,1,18.0,0.2,0.5,2.8,True,False,False,False,False,  BLOOD RELATED ,  Unfractionated Heparin (UFH
Heparin,Garlic Murukku,1,500.0,8.0,25.0,55.0,True,False,False,True,False,  BLOOD RELATED ,  Unfractionated Heparin (UFH
Heparin,Ginger Finger Biscuit,1,18.0,0.2,0.5,2.8,True,False,False,False,False,  BLOOD RELATED ,  Unfractionated Heparin (UFH
Heparin,Garlic Murukku,1,500.0,8.0,25.0,55.0,True,False,False,True,False,  BLOOD RELATED ,  Unfractionated Heparin (UFH
Heparin,Ginger Finger Biscuit,1,18.0,0.2,0.5,2.8,True,False,False,False,False,  BLOOD RELATED ,  Unfractionated Heparin (UFH
Heparin,Garlic Murukku,1,500.0,8.0,25.0,55.0,True,False,False,True,False,  BLOOD RELATED ,  Unfractionated Heparin (UFH
Heparin,Ginger Finger Biscuit,1,18.0,0.2,0.5,2.8,True,False,False,False,False,  BLOOD RELATED ,  Unfractionated Heparin (UFH
Heparin,Garlic Murukku,1,500.0,8.0,25.0,55.0,True,False,False,True,False,  BLOOD RELATED ,  Unfractionated Heparin (UFH
Heparin,Ginger Finger Biscuit,1,18.0,0.2,0.5,2.8,True,False,False,False,False,  BLOOD RELATED ,  Unfractionated Heparin (UFH
Heparin,Garlic Murukku,1,500.0,8.0,25.0,55.0,True,False,False,True,False,  BLOOD RELATED ,  Unfractionated Heparin (UFH
Heparin,Ginger Finger Biscuit,1,18.0,0.2,0.5,2.8,True,False,False,False,False,  BLOOD RELATED ,  Unfractionated Heparin (UFH
Heparin,Garlic Murukku,1,500.0,8.0,25.0,55.0,True,False,False,True,False,  BLOOD RELATED ,  Unfractionated Heparin (UFH
Heparin,Ginger Finger Biscuit,1,18.0,0.2,0.5,2.8,True,False,False,False,False,  BLOOD RELATED ,  Unfractionated Heparin (UFH
Heparin,Garlic Murukku,1,500.0,8.0,25.0,55.0,True,False,False,True,False,  BLOOD RELATED ,  Unfractionated Heparin (UFH
Heparin,Ginger Finger Biscuit,1,18.0,0.2,0.5,2.8,True,False,False,False,False,  BLOOD RELATED ,  Unfractionated Heparin (UFH
Heparin,Garlic Murukku,1,500.0,8.0,25.0,55.0,True,False,False,True,False,  BLOOD RELATED ,  Unfractionated Heparin (UFH
Heparin,Ginger Finger Biscuit,1,18.0,0.2,0.5,2.8,True,False,False,False,False,  BLOOD RELATED ,  Unfractionated Heparin (UFH
Heparin,Garlic Murukku,1,500.0,8.0,25.0,55.0,True,False,False,True,False,  BLOOD RELATED ,  Unfractionated Heparin (UFH
Heparin,Ginger Finger Biscuit,1,18.0,0.2,0.5,2.8,True,False,False,False,False,  BLOOD RELATED ,  Unfractionated Heparin (UFH
Heparin,Garlic Murukku,1,500.0,8.0,25.0,55.0,True,False,False,True,False,  BLOOD RELATED ,  Unfractionated Heparin (UFH
Heparin,Ginger Finger Biscuit,1,18.0,0.2,0.5,2.8,True,False,False,False,False,  BLOOD RELATED ,  Unfractionated Heparin (UFH
Heparin,Garlic Murukku,1,500.0,8.0,25.0,55.0,True,False,False,True,False,  BLOOD RELATED ,  Unfractionated Heparin (UFH
Heparin,Ginger Finger Biscuit,1,18.0,0.2,0.5,2.8,True,False,False,False,False,  BLOOD RELATED ,  Unfractionated Heparin (UFH
Heparin,Garlic Murukku,1,500.0,8.0,25.0,55.0,True,False,False,True,False,  BLOOD RELATED ,  Unfractionated Heparin (UFH
Heparin,Ginger Finger Biscuit,1,18.0,0.2,0.5,2.8,True,False,False,False,False,  BLOOD RELATED ,  Unfractionated Heparin (UFH
Heparin,Garlic Murukku,1,500.0,8.0,25.0,55.0,True,False,False,True,False,  BLOOD RELATED ,  Unfractionated Heparin (UFH
Heparin,Ginger Finger Biscuit,1,18.0,0.2,0.5,2.8,True,False,False,False,False,  BLOOD RELATED ,  Unfractionated Heparin (UFH
Heparin,Garlic Murukku,1,500.0,8.0,25.0,55.0,True,False,False,True,False,  BLOOD RELATED ,  Unfractionated Heparin (UFH
Heparin,Ginger Finger Biscuit,1,18.0,0.2,0.5,2.8,True,False,False,False,False,  BLOOD RELATED ,  Unfractionated Heparin (UFH
Heparin,Garlic Murukku,1,500.0,8.0,25.0,55.0,True,False,False,True,False,  BLOOD RELATED ,  Unfractionated Heparin (UFH
Heparin,Ginger Finger Biscuit,1,18.0,0.2,0.5,2.8,True,False,False,False,False,  BLOOD RELATED ,  Unfractionated Heparin (UFH
Heparin,Garlic Murukku,1,500.0,8.0,25.0,55.0,True,False,False,True,False,  BLOOD RELATED ,  Unfractionated Heparin (UFH
Heparin,Ginger Finger Biscuit,1,18.0,0.2,0.5,2.8,True,False,False,False,False,  BLOOD RELATED ,  Unfractionated Heparin (UFH
Heparin,Garlic Murukku,1,500.0,8.0,25.0,55.0,True,False,False,True,False,  BLOOD RELATED ,  Unfractionated Heparin (UFH
Heparin,Ginger Finger Biscuit,1,18.0,0.2,0.5,2.8,True,False,False,False,False,  BLOOD RELATED ,  Unfractionated Heparin (UFH
Heparin,Garlic Murukku,1,500.0,8.0,25.0,55.0,True,False,False,True,False,  BLOOD RELATED ,  Unfractionated Heparin (UFH
Heparin,Ginger Finger Biscuit,1,18.0,0.2,0.5,2.8,True,False,False,False,False,  BLOOD RELATED ,  Unfractionated Heparin (UFH
Heparin,Garlic Murukku,1,500.0,8.0,25.0,55.0,True,False,False,True,False,  BLOOD RELATED ,  Unfractionated Heparin (UFH
Heparin,Ginger Finger Biscuit,1,18.0,0.2,0.5,2.8,True,False,False,False,False,  BLOOD RELATED ,  Unfractionated Heparin (UFH
Heparin,Garlic Murukku,1,500.0,8.0,25.0,55.0,True,False,False,True,False,  BLOOD RELATED ,  Unfractionated Heparin (UFH
Heparin,Ginger Finger Biscuit,1,18.0,0.2,0.5,2.8,True,False,False,False,False,  BLOOD RELATED ,  Unfractionated Heparin (UFH
Heparin,Garlic Murukku,1,500.0,8.0,25.0,55.0,True,False,False,True,False,  BLOOD RELATED ,  Unfractionated Heparin (UFH
Heparin,Ginger Finger Biscuit,1,18.0,0.2,0.5,2.8,True,False,False,False,False,  BLOOD RELATED ,  Unfractionated Heparin (UFH
Heparin,Garlic Murukku,1,500.0,8.0,25.0,55.0,True,False,False,True,False,  BLOOD RELATED ,  Unfractionated Heparin (UFH
Heparin,Ginger Finger Biscuit,1,18.0,0.2,0.5,2.8,True,False,False,False,False,  BLOOD RELATED ,  Unfractionated Heparin (UFH
Heparin,Garlic Murukku,1,500.0,8.0,25.0,55.0,True,False,False,True,False,  BLOOD RELATED ,  Unfractionated Heparin (UFH
Heparin,Ginger Finger Biscuit,1,18.0,0.2,0.5,2.8,True,False,False,False,False,  BLOOD RELATED ,  Unfractionated Heparin (UFH
Heparin,Garlic Murukku,1,500.0,8.0,25.0,55.0,True,False,False,True,False,  BLOOD RELATED ,  Unfractionated Heparin (UFH
Heparin,Ginger Finger Biscuit,1,18.0,0.2,0.5,2.8,True,False,False,False,False,  BLOOD RELATED ,  Unfractionated Heparin (UFH
Heparin,Garlic Murukku,1,500.0,8.0,25.0,55.0,True,False,False,True,False,  BLOOD RELATED ,  Unfractionated Heparin (UFH
Heparin,Ginger Finger Biscuit,1,18.0,0.2,0.5,2.8,True,False,False,False,False,  BLOOD RELATED ,  Unfractionated Heparin (UFH
Heparin,Garlic Murukku,1,500.0,8.0,25.0,55.0,True,False,False,True,False,  BLOOD RELATED ,  Unfractionated Heparin (UFH
Heparin,Ginger Finger Biscuit,1,18.0,0.2,0.5,2.8,True,False,False,False,False,  BLOOD RELATED ,  Unfractionated Heparin (UFH
Heparin,Garlic Murukku,1,500.0,8.0,25.0,55.0,True,False,False,True,False,  BLOOD RELATED ,  Unfractionated Heparin (UFH
Heparin,Ginger Finger Biscuit,1,18.0,0.2,0.5,2.8,True,False,False,False,False,  BLOOD RELATED ,  Unfractionated Heparin (UFH
Heparin,Garlic Murukku,1,500.0,8.0,25.0,55.0,True,False,False,True,False,  BLOOD RELATED ,  Unfractionated Heparin (UFH
Heparin,Ginger Finger Biscuit,1,18.0,0.2,0.5,2.8,True,False,False,False,False,  BLOOD RELATED ,  Unfractionated Heparin (UFH
Heparin,Garlic Murukku,1,500.0,8.0,25.0,55.0,True,False,False,True,False,  BLOOD RELATED ,  Unfractionated Heparin (UFH
Enoxaparin,Ginger Finger Biscuit,1,18.0,0.2,0.5,2.8,True,False,False,False,False,  BLOOD RELATED ,  Low molecular weight Heparin (LMWH
Enoxaparin,Garlic Murukku,1,500.0,8.0,25.0,55.0,True,False,False,True,False,  BLOOD RELATED ,  Low molecular weight Heparin (LMWH
Enoxaparin,Ginger Finger Biscuit,1,18.0,0.2,0.5,2.8,True,False,False,False,False,  BLOOD RELATED ,  Low molecular weight Heparin (LMWH
Enoxaparin,Garlic Murukku,1,500.0,8.0,25.0,55.0,True,False,False,True,False,  BLOOD RELATED ,  Low molecular weight Heparin (LMWH
Enoxaparin,Ginger Finger Biscuit,1,18.0,0.2,0.5,2.8,True,False,False,False,False,  BLOOD RELATED ,  Low molecular weight Heparin (LMWH
Enoxaparin,Garlic Murukku,1,500.0,8.0,25.0,55.0,True,False,False,True,False,  BLOOD RELATED ,  Low molecular weight Heparin (LMWH
Enoxaparin,Ginger Finger Biscuit,1,18.0,0.2,0.5,2.8,True,False,False,False,False,  BLOOD RELATED ,  Low molecular weight Heparin (LMWH
Enoxaparin,Garlic Murukku,1,500.0,8.0,25.0,55.0,True,False,False,True,False,  BLOOD RELATED ,  Low molecular weight Heparin (LMWH
Enoxaparin,Ginger Finger Biscuit,1,18.0,0.2,0.5,2.8,True,False,False,False,False,  BLOOD RELATED ,  Low molecular weight Heparin (LMWH
Enoxaparin,Garlic Murukku,1,500.0,8.0,25.0,55.0,True,False,False,True,False,  BLOOD RELATED ,  Low molecular weight Heparin (LMWH
Enoxaparin,Ginger Finger Biscuit,1,18.0,0.2,0.5,2.8,True,False,False,False,False,  BLOOD RELATED ,  Low molecular weight Heparin (LMWH
Enoxaparin,Garlic Murukku,1,500.0,8.0,25.0,55.0,True,False,False,True,False,  BLOOD RELATED ,  Low molecular weight Heparin (LMWH
Enoxaparin,Ginger Finger Biscuit,1,18.0,0.2,0.5,2.8,True,False,False,False,False,  BLOOD RELATED ,  Low molecular weight Heparin (LMWH
Enoxaparin,Garlic Murukku,1,500.0,8.0,25.0,55.0,True,False,False,True,False,  BLOOD RELATED ,  Low molecular weight Heparin (LMWH
Enoxaparin,Ginger Finger Biscuit,1,18.0,0.2,0.5,2.8,True,False,False,False,False,  BLOOD RELATED ,  Low molecular weight Heparin (LMWH
Enoxaparin,Garlic Murukku,1,500.0,8.0,25.0,55.0,True,False,False,True,False,  BLOOD RELATED ,  Low molecular weight Heparin (LMWH
Enoxaparin,Ginger Finger Biscuit,1,18.0,0.2,0.5,2.8,True,False,False,False,False,  BLOOD RELATED ,  Low molecular weight Heparin (LMWH
Enoxaparin,Garlic Murukku,1,500.0,8.0,25.0,55.0,True,False,False,True,False,  BLOOD RELATED ,  Low molecular weight Heparin (LMWH
Enoxaparin,Ginger Finger Biscuit,1,18.0,0.2,0.5,2.8,True,False,False,False,False,  BLOOD RELATED ,  Low molecular weight Heparin (LMWH
Enoxaparin,Garlic Murukku,1,500.0,8.0,25.0,55.0,True,False,False,True,False,  BLOOD RELATED ,  Low molecular weight Heparin (LMWH
Enoxaparin,Ginger Finger Biscuit,1,18.0,0.2,0.5,2.8,True,False,False,False,False,  BLOOD RELATED ,  Low molecular weight Heparin (LMWH
Enoxaparin,Garlic Murukku,1,500.0,8.0,25.0,55.0,True,False,False,True,False,  BLOOD RELATED ,  Low molecular weight Heparin (LMWH
Enoxaparin,Ginger Finger Biscuit,1,18.0,0.2,0.5,2.8,True,False,False,False,False,  BLOOD RELATED ,  Low molecular weight Heparin (LMWH
Enoxaparin,Garlic Murukku,1,500.0,8.0,25.0,55.0,True,False,False,True,False,  BLOOD RELATED ,  Low molecular weight Heparin (LMWH
Enoxaparin,Ginger Finger Biscuit,1,18.0,0.2,0.5,2.8,True,False,False,False,False,  BLOOD RELATED ,  Low molecular weight Heparin (LMWH
Enoxaparin,Garlic Murukku,1,500.0,8.0,25.0,55.0,True,False,False,True,False,  BLOOD RELATED ,  Low molecular weight Heparin (LMWH
Enoxaparin,Ginger Finger Biscuit,1,18.0,0.2,0.5,2.8,True,False,False,False,False,  BLOOD RELATED ,  Low molecular weight Heparin (LMWH
Enoxaparin,Garlic Murukku,1,500.0,8.0,25.0,55.0,True,False,False,True,False,  BLOOD RELATED ,  Low molecular weight Heparin (LMWH
Enoxaparin,Ginger Finger Biscuit,1,18.0,0.2,0.5,2.8,True,False,False,False,False,  BLOOD RELATED ,  Low molecular weight Heparin (LMWH
Enoxaparin,Garlic Murukku,1,500.0,8.0,25.0,55.0,True,False,False,True,False,  BLOOD RELATED ,  Low molecular weight Heparin (LMWH
Enoxaparin,Ginger Finger Biscuit,1,18.0,0.2,0.5,2.8,True,False,False,False,False,  BLOOD RELATED ,  Low molecular weight Heparin (LMWH
Enoxaparin,Garlic Murukku,1,500.0,8.0,25.0,55.0,True,False,False,True,False,  BLOOD RELATED ,  Low molecular weight Heparin (LMWH
Enoxaparin,Ginger Finger Biscuit,1,18.0,0.2,0.5,2.8,True,False,False,False,False,  BLOOD RELATED ,  Low molecular weight Heparin (LMWH
Enoxaparin,Garlic Murukku,1,500.0,8.0,25.0,55.0,True,False,False,True,False,  BLOOD RELATED ,  Low molecular weight Heparin (LMWH
Enoxaparin,Ginger Finger Biscuit,1,18.0,0.2,0.5,2.8,True,False,False,False,False,  BLOOD RELATED ,  Low molecular weight Heparin (LMWH
Enoxaparin,Garlic Murukku,1,500.0,8.0,25.0,55.0,True,False,False,True,False,  BLOOD RELATED ,  Low molecular weight Heparin (LMWH
Enoxaparin,Ginger Finger Biscuit,1,18.0,0.2,0.5,2.8,True,False,False,False,False,  BLOOD RELATED ,  Low molecular weight Heparin (LMWH
Enoxaparin,Garlic Murukku,1,500.0,8.0,25.0,55.0,True,False,False,True,False,  BLOOD RELATED ,  Low molecular weight Heparin (LMWH
Enoxaparin,Ginger Finger Biscuit,1,18.0,0.2,0.5,2.8,True,False,False,False,False,  BLOOD RELATED ,  Low molecular weight Heparin (LMWH
Enoxaparin,Garlic Murukku,1,500.0,8.0,25.0,55.0,True,False,False,True,False,  BLOOD RELATED ,  Low molecular weight Heparin (LMWH
Enoxaparin,Ginger Finger Biscuit,1,18.0,0.2,0.5,2.8,True,False,False,False,False,  BLOOD RELATED ,  Low molecular weight Heparin (LMWH
Enoxaparin,Garlic Murukku,1,500.0,8.0,25.0,55.0,True,False,False,True,False,  BLOOD RELATED ,  Low molecular weight Heparin (LMWH
Enoxaparin,Ginger Finger Biscuit,1,18.0,0.2,0.5,2.8,True,False,False,False,False,  BLOOD RELATED ,  Low molecular weight Heparin (LMWH
Enoxaparin,Garlic Murukku,1,500.0,8.0,25.0,55.0,True,False,False,True,False,  BLOOD RELATED ,  Low molecular weight Heparin (LMWH
Enoxaparin,Ginger Finger Biscuit,1,18.0,0.2,0.5,2.8,True,False,False,False,False,  BLOOD RELATED ,  Low molecular weight Heparin (LMWH
Enoxaparin,Garlic Murukku,1,500.0,8.0,25.0,55.0,True,False,False,True,False,  BLOOD RELATED ,  Low molecular weight Heparin (LMWH
Enoxaparin,Ginger Finger Biscuit,1,18.0,0.2,0.5,2.8,True,False,False,False,False,  BLOOD RELATED ,  Low molecular weight Heparin (LMWH
Enoxaparin,Garlic Murukku,1,500.0,8.0,25.0,55.0,True,False,False,True,False,  BLOOD RELATED ,  Low molecular weight Heparin (LMWH
Enoxaparin,Ginger Finger Biscuit,1,18.0,0.2,0.5,2.8,True,False,False,False,False,  BLOOD RELATED ,  Low molecular weight Heparin (LMWH
Enoxaparin,Garlic Murukku,1,500.0,8.0,25.0,55.0,True,False,False,True,False,  BLOOD RELATED ,  Low molecular weight Heparin (LMWH
Enoxaparin,Ginger Finger Biscuit,1,18.0,0.2,0.5,2.8,True,False,False,False,False,  BLOOD RELATED ,  Low molecular weight Heparin (LMWH
Enoxaparin,Garlic Murukku,1,500.0,8.0,25.0,55.0,True,False,False,True,False,  BLOOD RELATED ,  Low molecular weight Heparin (LMWH
Enoxaparin,Ginger Finger Biscuit,1,18.0,0.2,0.5,2.8,True,False,False,False,False,  BLOOD RELATED ,  Low molecular weight Heparin (LMWH
Enoxaparin,Garlic Murukku,1,500.0,8.0,25.0,55.0,True,False,False,True,False,  BLOOD RELATED ,  Low molecular weight Heparin (LMWH
Enoxaparin,Ginger Finger Biscuit,1,18.0,0.2,0.5,2.8,True,False,False,False,False,  BLOOD RELATED ,  Low molecular weight Heparin (LMWH
Enoxaparin,Garlic Murukku,1,500.0,8.0,25.0,55.0,True,False,False,True,False,  BLOOD RELATED ,  Low molecular weight Heparin (LMWH
Enoxaparin,Ginger Finger Biscuit,1,18.0,0.2,0.5,2.8,True,False,False,False,False,  BLOOD RELATED ,  Low molecular weight Heparin (LMWH
Enoxaparin,Garlic Murukku,1,500.0,8.0,25.0,55.0,True,False,False,True,False,  BLOOD RELATED ,  Low molecular weight Heparin (LMWH
Enoxaparin,Ginger Finger Biscuit,1,18.0,0.2,0.5,2.8,True,False,False,False,False,  BLOOD RELATED ,  Low molecular weight Heparin (LMWH
Enoxaparin,Garlic Murukku,1,500.0,8.0,25.0,55.0,True,False,False,True,False,  BLOOD RELATED ,  Low molecular weight Heparin (LMWH
Enoxaparin,Ginger Finger Biscuit,1,18.0,0.2,0.5,2.8,True,False,False,False,False,  BLOOD RELATED ,  Low molecular weight Heparin (LMWH
Enoxaparin,Garlic Murukku,1,500.0,8.0,25.0,55.0,True,False,False,True,False,  BLOOD RELATED ,  Low molecular weight Heparin (LMWH
Enoxaparin,Ginger Finger Biscuit,1,18.0,0.2,0.5,2.8,True,False,False,False,False,  BLOOD RELATED ,  Low molecular weight Heparin (LMWH
Enoxaparin,Garlic Murukku,1,500.0,8.0,25.0,55.0,True,False,False,True,False,  BLOOD RELATED ,  Low molecular weight Heparin (LMWH
Enoxaparin,Ginger Finger Biscuit,1,18.0,0.2,0.5,2.8,True,False,False,False,False,  BLOOD RELATED ,  Low molecular weight Heparin (LMWH
Enoxaparin,Garlic Murukku,1,500.0,8.0,25.0,55.0,True,False,False,True,False,  BLOOD RELATED ,  Low molecular weight Heparin (LMWH
Enoxaparin,Ginger Finger Biscuit,1,18.0,0.2,0.5,2.8,True,False,False,False,False,  BLOOD RELATED ,  Low molecular weight Heparin (LMWH
Enoxaparin,Garlic Murukku,1,500.0,8.0,25.0,55.0,True,False,False,True,False,  BLOOD RELATED ,  Low molecular weight Heparin (LMWH
Enoxaparin,Ginger Finger Biscuit,1,18.0,0.2,0.5,2.8,True,False,False,False,False,  BLOOD RELATED ,  Low molecular weight Heparin (LMWH
Enoxaparin,Garlic Murukku,1,500.0,8.0,25.0,55.0,True,False,False,True,False,  BLOOD RELATED ,  Low molecular weight Heparin (LMWH
Enoxaparin,Ginger Finger Biscuit,1,18.0,0.2,0.5,2.8,True,False,False,False,False,  BLOOD RELATED ,  Low molecular weight Heparin (LMWH
Enoxaparin,Garlic Murukku,1,500.0,8.0,25.0,55.0,True,False,False,True,False,  BLOOD RELATED ,  Low molecular weight Heparin (LMWH
Enoxaparin,Ginger Finger Biscuit,1,18.0,0.2,0.5,2.8,True,False,False,False,False,  BLOOD RELATED ,  Low molecular weight Heparin (LMWH
Enoxaparin,Garlic Murukku,1,500.0,8.0,25.0,55.0,True,False,False,True,False,  BLOOD RELATED ,  Low molecular weight Heparin (LMWH
Enoxaparin,Ginger Finger Biscuit,1,18.0,0.2,0.5,2.8,True,False,False,False,False,  BLOOD RELATED ,  Low molecular weight Heparin (LMWH
Enoxaparin,Garlic Murukku,1,500.0,8.0,25.0,55.0,True,False,False,True,False,  BLOOD RELATED ,  Low molecular weight Heparin (LMWH
Enoxaparin,Ginger Finger Biscuit,1,18.0,0.2,0.5,2.8,True,False,False,False,False,  BLOOD RELATED ,  Low molecular weight Heparin (LMWH
Enoxaparin,Garlic Murukku,1,500.0,8.0,25.0,55.0,True,False,False,True,False,  BLOOD RELATED ,  Low molecular weight Heparin (LMWH
Enoxaparin,Ginger Finger Biscuit,1,18.0,0.2,0.5,2.8,True,False,False,False,False,  BLOOD RELATED ,  Low molecular weight Heparin (LMWH
Enoxaparin,Garlic Murukku,1,500.0,8.0,25.0,55.0,True,False,False,True,False,  BLOOD RELATED ,  Low molecular weight Heparin (LMWH
Enoxaparin,Ginger Finger Biscuit,1,18.0,0.2,0.5,2.8,True,False,False,False,False,  BLOOD RELATED ,  Low molecular weight Heparin (LMWH
Enoxaparin,Garlic Murukku,1,500.0,8.0,25.0,55.0,True,False,False,True,False,  BLOOD RELATED ,  Low molecular weight Heparin (LMWH
Enoxaparin,Ginger Finger Biscuit,1,18.0,0.2,0.5,2.8,True,False,False,False,False,  BLOOD RELATED ,  Low molecular weight Heparin (LMWH
Enoxaparin,Garlic Murukku,1,500.0,8.0,25.0,55.0,True,False,False,True,False,  BLOOD RELATED ,  Low molecular weight Heparin (LMWH
Enoxaparin,Ginger Finger Biscuit,1,18.0,0.2,0.5,2.8,True,False,False,False,False,  BLOOD RELATED ,  Low molecular weight Heparin (LMWH
Enoxaparin,Garlic Murukku,1,500.0,8.0,25.0,55.0,True,False,False,True,False,  BLOOD RELATED ,  Low molecular weight Heparin (LMWH
Enoxaparin,Ginger Finger Biscuit,1,18.0,0.2,0.5,2.8,True,False,False,False,False,  BLOOD RELATED ,  Low molecular weight Heparin (LMWH
Enoxaparin,Garlic Murukku,1,500.0,8.0,25.0,55.0,True,False,False,True,False,  BLOOD RELATED ,  Low molecular weight Heparin (LMWH
Enoxaparin,Ginger Finger Biscuit,1,18.0,0.2,0.5,2.8,True,False,False,False,False,  BLOOD RELATED ,  Low molecular weight Heparin (LMWH
Enoxaparin,Garlic Murukku,1,500.0,8.0,25.0,55.0,True,False,False,True,False,  BLOOD RELATED ,  Low molecular weight Heparin (LMWH
Enoxaparin,Ginger Finger Biscuit,1,18.0,0.2,0.5,2.8,True,False,False,False,False,  BLOOD RELATED ,  Low molecular weight Heparin (LMWH
Enoxaparin,Garlic Murukku,1,500.0,8.0,25.0,55.0,True,False,False,True,False,  BLOOD RELATED ,  Low molecular weight Heparin (LMWH
Enoxaparin,Ginger Finger Biscuit,1,18.0,0.2,0.5,2.8,True,False,False,False,False,  BLOOD RELATED ,  Low molecular weight Heparin (LMWH
Enoxaparin,Garlic Murukku,1,500.0,8.0,25.0,55.0,True,False,False,True,False,  BLOOD RELATED ,  Low molecular weight Heparin (LMWH
Enoxaparin,Ginger Finger Biscuit,1,18.0,0.2,0.5,2.8,True,False,False,False,False,  BLOOD RELATED ,  Low molecular weight Heparin (LMWH
Enoxaparin,Garlic Murukku,1,500.0,8.0,25.0,55.0,True,False,False,True,False,  BLOOD RELATED ,  Low molecular weight Heparin (LMWH
Enoxaparin,Ginger Finger Biscuit,1,18.0,0.2,0.5,2.8,True,False,False,False,False,  BLOOD RELATED ,  Low molecular weight Heparin (LMWH
Enoxaparin,Garlic Murukku,1,500.0,8.0,25.0,55.0,True,False,False,True,False,  BLOOD RELATED ,  Low molecular weight Heparin (LMWH
Enoxaparin,Ginger Finger Biscuit,1,18.0,0.2,0.5,2.8,True,False,False,False,False,  BLOOD RELATED ,  Low molecular weight Heparin (LMWH
Enoxaparin,Garlic Murukku,1,500.0,8.0,25.0,55.0,True,False,False,True,False,  BLOOD RELATED ,  Low molecular weight Heparin (LMWH
Enoxaparin,Ginger Finger Biscuit,1,18.0,0.2,0.5,2.8,True,False,False,False,False,  BLOOD RELATED ,  Low molecular weight Heparin (LMWH
Enoxaparin,Garlic Murukku,1,500.0,8.0,25.0,55.0,True,False,False,True,False,  BLOOD RELATED ,  Low molecular weight Heparin (LMWH
Enoxaparin,Ginger Finger Biscuit,1,18.0,0.2,0.5,2.8,True,False,False,False,False,  BLOOD RELATED ,  Low molecular weight Heparin (LMWH
Enoxaparin,Garlic Murukku,1,500.0,8.0,25.0,55.0,True,False,False,True,False,  BLOOD RELATED ,  Low molecular weight Heparin (LMWH
Enoxaparin,Ginger Finger Biscuit,1,18.0,0.2,0.5,2.8,True,False,False,False,False,  BLOOD RELATED ,  Low molecular weight Heparin (LMWH
Enoxaparin,Garlic Murukku,1,500.0,8.0,25.0,55.0,True,False,False,True,False,  BLOOD RELATED ,  Low molecular weight Heparin (LMWH
Enoxaparin,Ginger Finger Biscuit,1,18.0,0.2,0.5,2.8,True,False,False,False,False,  BLOOD RELATED ,  Low molecular weight Heparin (LMWH
Enoxaparin,Garlic Murukku,1,500.0,8.0,25.0,55.0,True,False,False,True,False,  BLOOD RELATED ,  Low molecular weight Heparin (LMWH
Enoxaparin,Ginger Finger Biscuit,1,18.0,0.2,0.5,2.8,True,False,False,False,False,  BLOOD RELATED ,  Low molecular weight Heparin (LMWH
Enoxaparin,Garlic Murukku,1,500.0,8.0,25.0,55.0,True,False,False,True,False,  BLOOD RELATED ,  Low molecular weight Heparin (LMWH
Enoxaparin,Ginger Finger Biscuit,1,18.0,0.2,0.5,2.8,True,False,False,False,False,  BLOOD RELATED ,  Low molecular weight Heparin (LMWH
Enoxaparin,Garlic Murukku,1,500.0,8.0,25.0,55.0,True,False,False,True,False,  BLOOD RELATED ,  Low molecular weight Heparin (LMWH
Enoxaparin,Ginger Finger Biscuit,1,18.0,0.2,0.5,2.8,True,False,False,False,False,  BLOOD RELATED ,  Low molecular weight Heparin (LMWH
Enoxaparin,Garlic Murukku,1,500.0,8.0,25.0,55.0,True,False,False,True,False,  BLOOD RELATED ,  Low molecular weight Heparin (LMWH
Enoxaparin,Ginger Finger Biscuit,1,18.0,0.2,0.5,2.8,True,False,False,False,False,  BLOOD RELATED ,  Low molecular weight Heparin (LMWH
Enoxaparin,Garlic Murukku,1,500.0,8.0,25.0,55.0,True,False,False,True,False,  BLOOD RELATED ,  Low molecular weight Heparin (LMWH
Enoxaparin,Ginger Finger Biscuit,1,18.0,0.2,0.5,2.8,True,False,False,False,False,  BLOOD RELATED ,  Low molecular weight Heparin (LMWH
Enoxaparin,Garlic Murukku,1,500.0,8.0,25.0,55.0,True,False,False,True,False,  BLOOD RELATED ,  Low molecular weight Heparin (LMWH
Enoxaparin,Ginger Finger Biscuit,1,18.0,0.2,0.5,2.8,True,False,False,False,False,  BLOOD RELATED ,  Low molecular weight Heparin (LMWH
Enoxaparin,Garlic Murukku,1,500.0,8.0,25.0,55.0,True,False,False,True,False,  BLOOD RELATED ,  Low molecular weight Heparin (LMWH
Enoxaparin,Ginger Finger Biscuit,1,18.0,0.2,0.5,2.8,True,False,False,False,False,  BLOOD RELATED ,  Low molecular weight Heparin (LMWH
Enoxaparin,Garlic Murukku,1,500.0,8.0,25.0,55.0,True,False,False,True,False,  BLOOD RELATED ,  Low molecular weight Heparin (LMWH
Enoxaparin,Ginger Finger Biscuit,1,18.0,0.2,0.5,2.8,True,False,False,False,False,  BLOOD RELATED ,  Low molecular weight Heparin (LMWH
Enoxaparin,Garlic Murukku,1,500.0,8.0,25.0,55.0,True,False,False,True,False,  BLOOD RELATED ,  Low molecular weight Heparin (LMWH
Enoxaparin,Ginger Finger Biscuit,1,18.0,0.2,0.5,2.8,True,False,False,False,False,  BLOOD RELATED ,  Low molecular weight Heparin (LMWH
Enoxaparin,Garlic Murukku,1,500.0,8.0,25.0,55.0,True,False,False,True,False,  BLOOD RELATED ,  Low molecular weight Heparin (LMWH
Enoxaparin,Ginger Finger Biscuit,1,18.0,0.2,0.5,2.8,True,False,False,False,False,  BLOOD RELATED ,  Low molecular weight Heparin (LMWH
Enoxaparin,Garlic Murukku,1,500.0,8.0,25.0,55.0,True,False,False,True,False,  BLOOD RELATED ,  Low molecular weight Heparin (LMWH
Enoxaparin,Ginger Finger Biscuit,1,18.0,0.2,0.5,2.8,True,False,False,False,False,  BLOOD RELATED ,  Low molecular weight Heparin (LMWH
Enoxaparin,Garlic Murukku,1,500.0,8.0,25.0,55.0,True,False,False,True,False,  BLOOD RELATED ,  Low molecular weight Heparin (LMWH
Enoxaparin,Ginger Finger Biscuit,1,18.0,0.2,0.5,2.8,True,False,False,False,False,  BLOOD RELATED ,  Low molecular weight Heparin (LMWH
Enoxaparin,Garlic Murukku,1,500.0,8.0,25.0,55.0,True,False,False,True,False,  BLOOD RELATED ,  Low molecular weight Heparin (LMWH
Enoxaparin,Ginger Finger Biscuit,1,18.0,0.2,0.5,2.8,True,False,False,False,False,  BLOOD RELATED ,  Low molecular weight Heparin (LMWH
Enoxaparin,Garlic Murukku,1,500.0,8.0,25.0,55.0,True,False,False,True,False,  BLOOD RELATED ,  Low molecular weight Heparin (LMWH
Enoxaparin,Ginger Finger Biscuit,1,18.0,0.2,0.5,2.8,True,False,False,False,False,  BLOOD RELATED ,  Low molecular weight Heparin (LMWH
Enoxaparin,Garlic Murukku,1,500.0,8.0,25.0,55.0,True,False,False,True,False,  BLOOD RELATED ,  Low molecular weight Heparin (LMWH
Enoxaparin,Ginger Finger Biscuit,1,18.0,0.2,0.5,2.8,True,False,False,False,False,  BLOOD RELATED ,  Low molecular weight Heparin (LMWH
Enoxaparin,Garlic Murukku,1,500.0,8.0,25.0,55.0,True,False,False,True,False,  BLOOD RELATED ,  Low molecular weight Heparin (LMWH
Enoxaparin,Ginger Finger Biscuit,1,18.0,0.2,0.5,2.8,True,False,False,False,False,  BLOOD RELATED ,  Low molecular weight Heparin (LMWH
Enoxaparin,Garlic Murukku,1,500.0,8.0,25.0,55.0,True,False,False,True,False,  BLOOD RELATED ,  Low molecular weight Heparin (LMWH
Enoxaparin,Ginger Finger Biscuit,1,18.0,0.2,0.5,2.8,True,False,False,False,False,  BLOOD RELATED ,  Low molecular weight Heparin (LMWH
Enoxaparin,Garlic Murukku,1,500.0,8.0,25.0,55.0,True,False,False,True,False,  BLOOD RELATED ,  Low molecular weight Heparin (LMWH
Enoxaparin,Ginger Finger Biscuit,1,18.0,0.2,0.5,2.8,True,False,False,False,False,  BLOOD RELATED ,  Low molecular weight Heparin (LMWH
Enoxaparin,Garlic Murukku,1,500.0,8.0,25.0,55.0,True,False,False,True,False,  BLOOD RELATED ,  Low molecular weight Heparin (LMWH
Enoxaparin,Ginger Finger Biscuit,1,18.0,0.2,0.5,2.8,True,False,False,False,False,  BLOOD RELATED ,  Low molecular weight Heparin (LMWH
Enoxaparin,Garlic Murukku,1,500.0,8.0,25.0,55.0,True,False,False,True,False,  BLOOD RELATED ,  Low molecular weight Heparin (LMWH
Enoxaparin,Ginger Finger Biscuit,1,18.0,0.2,0.5,2.8,True,False,False,False,False,  BLOOD RELATED ,  Low molecular weight Heparin (LMWH
Enoxaparin,Garlic Murukku,1,500.0,8.0,25.0,55.0,True,False,False,True,False,  BLOOD RELATED ,  Low molecular weight Heparin (LMWH
Enoxaparin,Ginger Finger Biscuit,1,18.0,0.2,0.5,2.8,True,False,False,False,False,  BLOOD RELATED ,  Low molecular weight Heparin (LMWH
Enoxaparin,Garlic Murukku,1,500.0,8.0,25.0,55.0,True,False,False,True,False,  BLOOD RELATED ,  Low molecular weight Heparin (LMWH
Epoprostenol,Ginger Finger Biscuit,1,18.0,0.2,0.5,2.8,True,False,False,False,False,Unknown,Unknown
Epoprostenol,Garlic Murukku,1,500.0,8.0,25.0,55.0,True,False,False,True,False,Unknown,Unknown
Ginkgo biloba,Ginger Finger Biscuit,1,18.0,0.2,0.5,2.8,True,False,False,False,False,Unknown,Unknown
Ginkgo biloba,Garlic Murukku,1,500.0,8.0,25.0,55.0,True,False,False,True,False,Unknown,Unknown
Acenocoumarol,Ginger Finger Biscuit,1,18.0,0.2,0.5,2.8,True,False,False,False,False,  BLOOD RELATED ,  Vitamin K antagonist
Acenocoumarol,Garlic Murukku,1,500.0,8.0,25.0,55.0,True,False,False,True,False,  BLOOD RELATED ,  Vitamin K antagonist
Acenocoumarol,Ginger Finger Biscuit,1,18.0,0.2,0.5,2.8,True,False,False,False,False,  BLOOD RELATED ,  Vitamin K antagonist
Acenocoumarol,Garlic Murukku,1,500.0,8.0,25.0,55.0,True,False,False,True,False,  BLOOD RELATED ,  Vitamin K antagonist
Acenocoumarol,Ginger Finger Biscuit,1,18.0,0.2,0.5,2.8,True,False,False,False,False,  BLOOD RELATED ,  Vitamin K antagonist
Acenocoumarol,Garlic Murukku,1,500.0,8.0,25.0,55.0,True,False,False,True,False,  BLOOD RELATED ,  Vitamin K antagonist
Acenocoumarol,Ginger Finger Biscuit,1,18.0,0.2,0.5,2.8,True,False,False,False,False,  BLOOD RELATED ,  Vitamin K antagonist
Acenocoumarol,Garlic Murukku,1,500.0,8.0,25.0,55.0,True,False,False,True,False,  BLOOD RELATED ,  Vitamin K antagonist
Acenocoumarol,Ginger Finger Biscuit,1,18.0,0.2,0.5,2.8,True,False,False,False,False,  BLOOD RELATED ,  Vitamin K antagonist
Acenocoumarol,Garlic Murukku,1,500.0,8.0,25.0,55.0,True,False,False,True,False,  BLOOD RELATED ,  Vitamin K antagonist
Acenocoumarol,Ginger Finger Biscuit,1,18.0,0.2,0.5,2.8,True,False,False,False,False,  BLOOD RELATED ,  Vitamin K antagonist
Acenocoumarol,Garlic Murukku,1,500.0,8.0,25.0,55.0,True,False,False,True,False,  BLOOD RELATED ,  Vitamin K antagonist
Acenocoumarol,Ginger Finger Biscuit,1,18.0,0.2,0.5,2.8,True,False,False,False,False,  BLOOD RELATED ,  Vitamin K antagonist
Acenocoumarol,Garlic Murukku,1,500.0,8.0,25.0,55.0,True,False,False,True,False,  BLOOD RELATED ,  Vitamin K antagonist
Acenocoumarol,Ginger Finger Biscuit,1,18.0,0.2,0.5,2.8,True,False,False,False,False,  BLOOD RELATED ,  Vitamin K antagonist
Acenocoumarol,Garlic Murukku,1,500.0,8.0,25.0,55.0,True,False,False,True,False,  BLOOD RELATED ,  Vitamin K antagonist
Acenocoumarol,Ginger Finger Biscuit,1,18.0,0.2,0.5,2.8,True,False,False,False,False,  BLOOD RELATED ,  Vitamin K antagonist
Acenocoumarol,Garlic Murukku,1,500.0,8.0,25.0,55.0,True,False,False,True,False,  BLOOD RELATED ,  Vitamin K antagonist
Acenocoumarol,Ginger Finger Biscuit,1,18.0,0.2,0.5,2.8,True,False,False,False,False,  BLOOD RELATED ,  Vitamin K antagonist
Acenocoumarol,Garlic Murukku,1,500.0,8.0,25.0,55.0,True,False,False,True,False,  BLOOD RELATED ,  Vitamin K antagonist
Acenocoumarol,Ginger Finger Biscuit,1,18.0,0.2,0.5,2.8,True,False,False,False,False,  BLOOD RELATED ,  Vitamin K antagonist
Acenocoumarol,Garlic Murukku,1,500.0,8.0,25.0,55.0,True,False,False,True,False,  BLOOD RELATED ,  Vitamin K antagonist
Acenocoumarol,Ginger Finger Biscuit,1,18.0,0.2,0.5,2.8,True,False,False,False,False,  BLOOD RELATED ,  Vitamin K antagonist
Acenocoumarol,Garlic Murukku,1,500.0,8.0,25.0,55.0,True,False,False,True,False,  BLOOD RELATED ,  Vitamin K antagonist
Acenocoumarol,Ginger Finger Biscuit,1,18.0,0.2,0.5,2.8,True,False,False,False,False,  BLOOD RELATED ,  Vitamin K antagonist
Acenocoumarol,Garlic Murukku,1,500.0,8.0,25.0,55.0,True,False,False,True,False,  BLOOD RELATED ,  Vitamin K antagonist
Acenocoumarol,Ginger Finger Biscuit,1,18.0,0.2,0.5,2.8,True,False,False,False,False,  BLOOD RELATED ,  Vitamin K antagonist
Acenocoumarol,Garlic Murukku,1,500.0,8.0,25.0,55.0,True,False,False,True,False,  BLOOD RELATED ,  Vitamin K antagonist
Acenocoumarol,Ginger Finger Biscuit,1,18.0,0.2,0.5,2.8,True,False,False,False,False,  BLOOD RELATED ,  Vitamin K antagonist
Acenocoumarol,Garlic Murukku,1,500.0,8.0,25.0,55.0,True,False,False,True,False,  BLOOD RELATED ,  Vitamin K antagonist
Acenocoumarol,Ginger Finger Biscuit,1,18.0,0.2,0.5,2.8,True,False,False,False,False,  BLOOD RELATED ,  Vitamin K antagonist
Acenocoumarol,Garlic Murukku,1,500.0,8.0,25.0,55.0,True,False,False,True,False,  BLOOD RELATED ,  Vitamin K antagonist
Acenocoumarol,Ginger Finger Biscuit,1,18.0,0.2,0.5,2.8,True,False,False,False,False,  BLOOD RELATED ,  Vitamin K antagonist
Acenocoumarol,Garlic Murukku,1,500.0,8.0,25.0,55.0,True,False,False,True,False,  BLOOD RELATED ,  Vitamin K antagonist
Acenocoumarol,Ginger Finger Biscuit,1,18.0,0.2,0.5,2.8,True,False,False,False,False,  BLOOD RELATED ,  Vitamin K antagonist
Acenocoumarol,Garlic Murukku,1,500.0,8.0,25.0,55.0,True,False,False,True,False,  BLOOD RELATED ,  Vitamin K antagonist
Acenocoumarol,Ginger Finger Biscuit,1,18.0,0.2,0.5,2.8,True,False,False,False,False,  BLOOD RELATED ,  Vitamin K antagonist
Acenocoumarol,Garlic Murukku,1,500.0,8.0,25.0,55.0,True,False,False,True,False,  BLOOD RELATED ,  Vitamin K antagonist
Acenocoumarol,Ginger Finger Biscuit,1,18.0,0.2,0.5,2.8,True,False,False,False,False,  BLOOD RELATED ,  Vitamin K antagonist
Acenocoumarol,Garlic Murukku,1,500.0,8.0,25.0,55.0,True,False,False,True,False,  BLOOD RELATED ,  Vitamin K antagonist
Acenocoumarol,Ginger Finger Biscuit,1,18.0,0.2,0.5,2.8,True,False,False,False,False,  BLOOD RELATED ,  Vitamin K antagonist
Acenocoumarol,Garlic Murukku,1,500.0,8.0,25.0,55.0,True,False,False,True,False,  BLOOD RELATED ,  Vitamin K antagonist
Acenocoumarol,Ginger Finger Biscuit,1,18.0,0.2,0.5,2.8,True,False,False,False,False,  BLOOD RELATED ,  Vitamin K antagonist
Acenocoumarol,Garlic Murukku,1,500.0,8.0,25.0,55.0,True,False,False,True,False,  BLOOD RELATED ,  Vitamin K antagonist
Acenocoumarol,Ginger Finger Biscuit,1,18.0,0.2,0.5,2.8,True,False,False,False,False,  BLOOD RELATED ,  Vitamin K antagonist
Acenocoumarol,Garlic Murukku,1,500.0,8.0,25.0,55.0,True,False,False,True,False,  BLOOD RELATED ,  Vitamin K antagonist
Acenocoumarol,Ginger Finger Biscuit,1,18.0,0.2,0.5,2.8,True,False,False,False,False,  BLOOD RELATED ,  Vitamin K antagonist
Acenocoumarol,Garlic Murukku,1,500.0,8.0,25.0,55.0,True,False,False,True,False,  BLOOD RELATED ,  Vitamin K antagonist
Acenocoumarol,Ginger Finger Biscuit,1,18.0,0.2,0.5,2.8,True,False,False,False,False,  BLOOD RELATED ,  Vitamin K antagonist
Acenocoumarol,Garlic Murukku,1,500.0,8.0,25.0,55.0,True,False,False,True,False,  BLOOD RELATED ,  Vitamin K antagonist
Acenocoumarol,Ginger Finger Biscuit,1,18.0,0.2,0.5,2.8,True,False,False,False,False,  BLOOD RELATED ,  Vitamin K antagonist
Acenocoumarol,Garlic Murukku,1,500.0,8.0,25.0,55.0,True,False,False,True,False,  BLOOD RELATED ,  Vitamin K antagonist
Acenocoumarol,Ginger Finger Biscuit,1,18.0,0.2,0.5,2.8,True,False,False,False,False,  BLOOD RELATED ,  Vitamin K antagonist
Acenocoumarol,Garlic Murukku,1,500.0,8.0,25.0,55.0,True,False,False,True,False,  BLOOD RELATED ,  Vitamin K antagonist
Acenocoumarol,Ginger Finger Biscuit,1,18.0,0.2,0.5,2.8,True,False,False,False,False,  BLOOD RELATED ,  Vitamin K antagonist
Acenocoumarol,Garlic Murukku,1,500.0,8.0,25.0,55.0,True,False,False,True,False,  BLOOD RELATED ,  Vitamin K antagonist
Acenocoumarol,Ginger Finger Biscuit,1,18.0,0.2,0.5,2.8,True,False,False,False,False,  BLOOD RELATED ,  Vitamin K antagonist
Acenocoumarol,Garlic Murukku,1,500.0,8.0,25.0,55.0,True,False,False,True,False,  BLOOD RELATED ,  Vitamin K antagonist
Acenocoumarol,Ginger Finger Biscuit,1,18.0,0.2,0.5,2.8,True,False,False,False,False,  BLOOD RELATED ,  Vitamin K antagonist
Acenocoumarol,Garlic Murukku,1,500.0,8.0,25.0,55.0,True,False,False,True,False,  BLOOD RELATED ,  Vitamin K antagonist
Acenocoumarol,Ginger Finger Biscuit,1,18.0,0.2,0.5,2.8,True,False,False,False,False,  BLOOD RELATED ,  Vitamin K antagonist
Acenocoumarol,Garlic Murukku,1,500.0,8.0,25.0,55.0,True,False,False,True,False,  BLOOD RELATED ,  Vitamin K antagonist
Acenocoumarol,Ginger Finger Biscuit,1,18.0,0.2,0.5,2.8,True,False,False,False,False,  BLOOD RELATED ,  Vitamin K antagonist
Acenocoumarol,Garlic Murukku,1,500.0,8.0,25.0,55.0,True,False,False,True,False,  BLOOD RELATED ,  Vitamin K antagonist
Acenocoumarol,Ginger Finger Biscuit,1,18.0,0.2,0.5,2.8,True,False,False,False,False,  BLOOD RELATED ,  Vitamin K antagonist
Acenocoumarol,Garlic Murukku,1,500.0,8.0,25.0,55.0,True,False,False,True,False,  BLOOD RELATED ,  Vitamin K antagonist
Acenocoumarol,Ginger Finger Biscuit,1,18.0,0.2,0.5,2.8,True,False,False,False,False,  BLOOD RELATED ,  Vitamin K antagonist
Acenocoumarol,Garlic Murukku,1,500.0,8.0,25.0,55.0,True,False,False,True,False,  BLOOD RELATED ,  Vitamin K antagonist
Acenocoumarol,Ginger Finger Biscuit,1,18.0,0.2,0.5,2.8,True,False,False,False,False,  BLOOD RELATED ,  Vitamin K antagonist
Acenocoumarol,Garlic Murukku,1,500.0,8.0,25.0,55.0,True,False,False,True,False,  BLOOD RELATED ,  Vitamin K antagonist
Acenocoumarol,Ginger Finger Biscuit,1,18.0,0.2,0.5,2.8,True,False,False,False,False,  BLOOD RELATED ,  Vitamin K antagonist
Acenocoumarol,Garlic Murukku,1,500.0,8.0,25.0,55.0,True,False,False,True,False,  BLOOD RELATED ,  Vitamin K antagonist
Acenocoumarol,Ginger Finger Biscuit,1,18.0,0.2,0.5,2.8,True,False,False,False,False,  BLOOD RELATED ,  Vitamin K antagonist
Acenocoumarol,Garlic Murukku,1,500.0,8.0,25.0,55.0,True,False,False,True,False,  BLOOD RELATED ,  Vitamin K antagonist
Acenocoumarol,Ginger Finger Biscuit,1,18.0,0.2,0.5,2.8,True,False,False,False,False,  BLOOD RELATED ,  Vitamin K antagonist
Acenocoumarol,Garlic Murukku,1,500.0,8.0,25.0,55.0,True,False,False,True,False,  BLOOD RELATED ,  Vitamin K antagonist
Acenocoumarol,Ginger Finger Biscuit,1,18.0,0.2,0.5,2.8,True,False,False,False,False,  BLOOD RELATED ,  Vitamin K antagonist
Acenocoumarol,Garlic Murukku,1,500.0,8.0,25.0,55.0,True,False,False,True,False,  BLOOD RELATED ,  Vitamin K antagonist
Acenocoumarol,Ginger Finger Biscuit,1,18.0,0.2,0.5,2.8,True,False,False,False,False,  BLOOD RELATED ,  Vitamin K antagonist
Acenocoumarol,Garlic Murukku,1,500.0,8.0,25.0,55.0,True,False,False,True,False,  BLOOD RELATED ,  Vitamin K antagonist
Coumarin,Ginger Finger Biscuit,1,18.0,0.2,0.5,2.8,True,False,False,False,False,Unknown,Unknown
Coumarin,Garlic Murukku,1,500.0,8.0,25.0,55.0,True,False,False,True,False,Unknown,Unknown
Ximelagatran,Ginger Finger Biscuit,1,18.0,0.2,0.5,2.8,True,False,False,False,False,Unknown,Unknown
Ximelagatran,Garlic Murukku,1,500.0,8.0,25.0,55.0,True,False,False,True,False,Unknown,Unknown
Desmoteplase,Ginger Finger Biscuit,1,18.0,0.2,0.5,2.8,True,False,False,False,False,Unknown,Unknown
Desmoteplase,Garlic Murukku,1,500.0,8.0,25.0,55.0,True,False,False,True,False,Unknown,Unknown
Defibrotide,Ginger Finger Biscuit,1,18.0,0.2,0.5,2.8,True,False,False,False,False,Unknown,Unknown
Defibrotide,Garlic Murukku,1,500.0,8.0,25.0,55.0,True,False,False,True,False,Unknown,Unknown
Ancrod,Ginger Finger Biscuit,1,18.0,0.2,0.5,2.8,True,False,False,False,False,Unknown,Unknown
Ancrod,Garlic Murukku,1,500.0,8.0,25.0,55.0,True,False,False,True,False,Unknown,Unknown
Beraprost,Ginger Finger Biscuit,1,18.0,0.2,0.5,2.8,True,False,False,False,False,Unknown,Unknown
Beraprost,Garlic Murukku,1,500.0,8.0,25.0,55.0,True,False,False,True,False,Unknown,Unknown
Prasugrel,Ginger Finger Biscuit,1,18.0,0.2,0.5,2.8,True,False,False,False,False,  BLOOD RELATED ,  P2Y12 inhibitors (ADP receptor
Prasugrel,Garlic Murukku,1,500.0,8.0,25.0,55.0,True,False,False,True,False,  BLOOD RELATED ,  P2Y12 inhibitors (ADP receptor
Prasugrel,Ginger Finger Biscuit,1,18.0,0.2,0.5,2.8,True,False,False,False,False,  BLOOD RELATED ,  P2Y12 inhibitors (ADP receptor
Prasugrel,Garlic Murukku,1,500.0,8.0,25.0,55.0,True,False,False,True,False,  BLOOD RELATED ,  P2Y12 inhibitors (ADP receptor
Prasugrel,Ginger Finger Biscuit,1,18.0,0.2,0.5,2.8,True,False,False,False,False,  BLOOD RELATED ,  P2Y12 inhibitors (ADP receptor
Prasugrel,Garlic Murukku,1,500.0,8.0,25.0,55.0,True,False,False,True,False,  BLOOD RELATED ,  P2Y12 inhibitors (ADP receptor
Prasugrel,Ginger Finger Biscuit,1,18.0,0.2,0.5,2.8,True,False,False,False,False,  BLOOD RELATED ,  P2Y12 inhibitors (ADP receptor
Prasugrel,Garlic Murukku,1,500.0,8.0,25.0,55.0,True,False,False,True,False,  BLOOD RELATED ,  P2Y12 inhibitors (ADP receptor
Prasugrel,Ginger Finger Biscuit,1,18.0,0.2,0.5,2.8,True,False,False,False,False,  BLOOD RELATED ,  P2Y12 inhibitors (ADP receptor
Prasugrel,Garlic Murukku,1,500.0,8.0,25.0,55.0,True,False,False,True,False,  BLOOD RELATED ,  P2Y12 inhibitors (ADP receptor
Prasugrel,Ginger Finger Biscuit,1,18.0,0.2,0.5,2.8,True,False,False,False,False,  BLOOD RELATED ,  P2Y12 inhibitors (ADP receptor
Prasugrel,Garlic Murukku,1,500.0,8.0,25.0,55.0,True,False,False,True,False,  BLOOD RELATED ,  P2Y12 inhibitors (ADP receptor
Prasugrel,Ginger Finger Biscuit,1,18.0,0.2,0.5,2.8,True,False,False,False,False,  BLOOD RELATED ,  P2Y12 inhibitors (ADP receptor
Prasugrel,Garlic Murukku,1,500.0,8.0,25.0,55.0,True,False,False,True,False,  BLOOD RELATED ,  P2Y12 inhibitors (ADP receptor
Prasugrel,Ginger Finger Biscuit,1,18.0,0.2,0.5,2.8,True,False,False,False,False,  BLOOD RELATED ,  P2Y12 inhibitors (ADP receptor
Prasugrel,Garlic Murukku,1,500.0,8.0,25.0,55.0,True,False,False,True,False,  BLOOD RELATED ,  P2Y12 inhibitors (ADP receptor
Prasugrel,Ginger Finger Biscuit,1,18.0,0.2,0.5,2.8,True,False,False,False,False,  BLOOD RELATED ,  P2Y12 inhibitors (ADP receptor
Prasugrel,Garlic Murukku,1,500.0,8.0,25.0,55.0,True,False,False,True,False,  BLOOD RELATED ,  P2Y12 inhibitors (ADP receptor
Prasugrel,Ginger Finger Biscuit,1,18.0,0.2,0.5,2.8,True,False,False,False,False,  BLOOD RELATED ,  P2Y12 inhibitors (ADP receptor
Prasugrel,Garlic Murukku,1,500.0,8.0,25.0,55.0,True,False,False,True,False,  BLOOD RELATED ,  P2Y12 inhibitors (ADP receptor
Prasugrel,Ginger Finger Biscuit,1,18.0,0.2,0.5,2.8,True,False,False,False,False,  BLOOD RELATED ,  P2Y12 inhibitors (ADP receptor
Prasugrel,Garlic Murukku,1,500.0,8.0,25.0,55.0,True,False,False,True,False,  BLOOD RELATED ,  P2Y12 inhibitors (ADP receptor
Prasugrel,Ginger Finger Biscuit,1,18.0,0.2,0.5,2.8,True,False,False,False,False,  BLOOD RELATED ,  P2Y12 inhibitors (ADP receptor
Prasugrel,Garlic Murukku,1,500.0,8.0,25.0,55.0,True,False,False,True,False,  BLOOD RELATED ,  P2Y12 inhibitors (ADP receptor
Prasugrel,Ginger Finger Biscuit,1,18.0,0.2,0.5,2.8,True,False,False,False,False,  BLOOD RELATED ,  P2Y12 inhibitors (ADP receptor
Prasugrel,Garlic Murukku,1,500.0,8.0,25.0,55.0,True,False,False,True,False,  BLOOD RELATED ,  P2Y12 inhibitors (ADP receptor
Prasugrel,Ginger Finger Biscuit,1,18.0,0.2,0.5,2.8,True,False,False,False,False,  BLOOD RELATED ,  P2Y12 inhibitors (ADP receptor
Prasugrel,Garlic Murukku,1,500.0,8.0,25.0,55.0,True,False,False,True,False,  BLOOD RELATED ,  P2Y12 inhibitors (ADP receptor
Prasugrel,Ginger Finger Biscuit,1,18.0,0.2,0.5,2.8,True,False,False,False,False,  BLOOD RELATED ,  P2Y12 inhibitors (ADP receptor
Prasugrel,Garlic Murukku,1,500.0,8.0,25.0,55.0,True,False,False,True,False,  BLOOD RELATED ,  P2Y12 inhibitors (ADP receptor
Prasugrel,Ginger Finger Biscuit,1,18.0,0.2,0.5,2.8,True,False,False,False,False,  BLOOD RELATED ,  P2Y12 inhibitors (ADP receptor
Prasugrel,Garlic Murukku,1,500.0,8.0,25.0,55.0,True,False,False,True,False,  BLOOD RELATED ,  P2Y12 inhibitors (ADP receptor
Prasugrel,Ginger Finger Biscuit,1,18.0,0.2,0.5,2.8,True,False,False,False,False,  BLOOD RELATED ,  P2Y12 inhibitors (ADP receptor
Prasugrel,Garlic Murukku,1,500.0,8.0,25.0,55.0,True,False,False,True,False,  BLOOD RELATED ,  P2Y12 inhibitors (ADP receptor
Prasugrel,Ginger Finger Biscuit,1,18.0,0.2,0.5,2.8,True,False,False,False,False,  BLOOD RELATED ,  P2Y12 inhibitors (ADP receptor
Prasugrel,Garlic Murukku,1,500.0,8.0,25.0,55.0,True,False,False,True,False,  BLOOD RELATED ,  P2Y12 inhibitors (ADP receptor
Prasugrel,Ginger Finger Biscuit,1,18.0,0.2,0.5,2.8,True,False,False,False,False,  BLOOD RELATED ,  P2Y12 inhibitors (ADP receptor
Prasugrel,Garlic Murukku,1,500.0,8.0,25.0,55.0,True,False,False,True,False,  BLOOD RELATED ,  P2Y12 inhibitors (ADP receptor
Prasugrel,Ginger Finger Biscuit,1,18.0,0.2,0.5,2.8,True,False,False,False,False,  BLOOD RELATED ,  P2Y12 inhibitors (ADP receptor
Prasugrel,Garlic Murukku,1,500.0,8.0,25.0,55.0,True,False,False,True,False,  BLOOD RELATED ,  P2Y12 inhibitors (ADP receptor
Prasugrel,Ginger Finger Biscuit,1,18.0,0.2,0.5,2.8,True,False,False,False,False,  BLOOD RELATED ,  P2Y12 inhibitors (ADP receptor
Prasugrel,Garlic Murukku,1,500.0,8.0,25.0,55.0,True,False,False,True,False,  BLOOD RELATED ,  P2Y12 inhibitors (ADP receptor
Prasugrel,Ginger Finger Biscuit,1,18.0,0.2,0.5,2.8,True,False,False,False,False,  BLOOD RELATED ,  P2Y12 inhibitors (ADP receptor
Prasugrel,Garlic Murukku,1,500.0,8.0,25.0,55.0,True,False,False,True,False,  BLOOD RELATED ,  P2Y12 inhibitors (ADP receptor
Prasugrel,Ginger Finger Biscuit,1,18.0,0.2,0.5,2.8,True,False,False,False,False,  BLOOD RELATED ,  P2Y12 inhibitors (ADP receptor
Prasugrel,Garlic Murukku,1,500.0,8.0,25.0,55.0,True,False,False,True,False,  BLOOD RELATED ,  P2Y12 inhibitors (ADP receptor
Prasugrel,Ginger Finger Biscuit,1,18.0,0.2,0.5,2.8,True,False,False,False,False,  BLOOD RELATED ,  P2Y12 inhibitors (ADP receptor
Prasugrel,Garlic Murukku,1,500.0,8.0,25.0,55.0,True,False,False,True,False,  BLOOD RELATED ,  P2Y12 inhibitors (ADP receptor
Prasugrel,Ginger Finger Biscuit,1,18.0,0.2,0.5,2.8,True,False,False,False,False,  BLOOD RELATED ,  P2Y12 inhibitors (ADP receptor
Prasugrel,Garlic Murukku,1,500.0,8.0,25.0,55.0,True,False,False,True,False,  BLOOD RELATED ,  P2Y12 inhibitors (ADP receptor
Prasugrel,Ginger Finger Biscuit,1,18.0,0.2,0.5,2.8,True,False,False,False,False,  BLOOD RELATED ,  P2Y12 inhibitors (ADP receptor
Prasugrel,Garlic Murukku,1,500.0,8.0,25.0,55.0,True,False,False,True,False,  BLOOD RELATED ,  P2Y12 inhibitors (ADP receptor
Prasugrel,Ginger Finger Biscuit,1,18.0,0.2,0.5,2.8,True,False,False,False,False,  BLOOD RELATED ,  P2Y12 inhibitors (ADP receptor
Prasugrel,Garlic Murukku,1,500.0,8.0,25.0,55.0,True,False,False,True,False,  BLOOD RELATED ,  P2Y12 inhibitors (ADP receptor
Prasugrel,Ginger Finger Biscuit,1,18.0,0.2,0.5,2.8,True,False,False,False,False,  BLOOD RELATED ,  P2Y12 inhibitors (ADP receptor
Prasugrel,Garlic Murukku,1,500.0,8.0,25.0,55.0,True,False,False,True,False,  BLOOD RELATED ,  P2Y12 inhibitors (ADP receptor
Prasugrel,Ginger Finger Biscuit,1,18.0,0.2,0.5,2.8,True,False,False,False,False,  BLOOD RELATED ,  P2Y12 inhibitors (ADP receptor
Prasugrel,Garlic Murukku,1,500.0,8.0,25.0,55.0,True,False,False,True,False,  BLOOD RELATED ,  P2Y12 inhibitors (ADP receptor
Prasugrel,Ginger Finger Biscuit,1,18.0,0.2,0.5,2.8,True,False,False,False,False,  BLOOD RELATED ,  P2Y12 inhibitors (ADP receptor
Prasugrel,Garlic Murukku,1,500.0,8.0,25.0,55.0,True,False,False,True,False,  BLOOD RELATED ,  P2Y12 inhibitors (ADP receptor
Prasugrel,Ginger Finger Biscuit,1,18.0,0.2,0.5,2.8,True,False,False,False,False,  BLOOD RELATED ,  P2Y12 inhibitors (ADP receptor
Prasugrel,Garlic Murukku,1,500.0,8.0,25.0,55.0,True,False,False,True,False,  BLOOD RELATED ,  P2Y12 inhibitors (ADP receptor
Prasugrel,Ginger Finger Biscuit,1,18.0,0.2,0.5,2.8,True,False,False,False,False,  BLOOD RELATED ,  P2Y12 inhibitors (ADP receptor
Prasugrel,Garlic Murukku,1,500.0,8.0,25.0,55.0,True,False,False,True,False,  BLOOD RELATED ,  P2Y12 inhibitors (ADP receptor
Rivaroxaban,Ginger Finger Biscuit,1,18.0,0.2,0.5,2.8,True,False,False,False,False,  BLOOD RELATED ,  Oral Factor Xa Inhibitor
Rivaroxaban,Garlic Murukku,1,500.0,8.0,25.0,55.0,True,False,False,True,False,  BLOOD RELATED ,  Oral Factor Xa Inhibitor
Rivaroxaban,Ginger Finger Biscuit,1,18.0,0.2,0.5,2.8,True,False,False,False,False,  BLOOD RELATED ,  Oral Factor Xa Inhibitor
Rivaroxaban,Garlic Murukku,1,500.0,8.0,25.0,55.0,True,False,False,True,False,  BLOOD RELATED ,  Oral Factor Xa Inhibitor
Rivaroxaban,Ginger Finger Biscuit,1,18.0,0.2,0.5,2.8,True,False,False,False,False,  BLOOD RELATED ,  Oral Factor Xa Inhibitor
Rivaroxaban,Garlic Murukku,1,500.0,8.0,25.0,55.0,True,False,False,True,False,  BLOOD RELATED ,  Oral Factor Xa Inhibitor
Rivaroxaban,Ginger Finger Biscuit,1,18.0,0.2,0.5,2.8,True,False,False,False,False,  BLOOD RELATED ,  Oral Factor Xa Inhibitor
Rivaroxaban,Garlic Murukku,1,500.0,8.0,25.0,55.0,True,False,False,True,False,  BLOOD RELATED ,  Oral Factor Xa Inhibitor
Rivaroxaban,Ginger Finger Biscuit,1,18.0,0.2,0.5,2.8,True,False,False,False,False,  BLOOD RELATED ,  Oral Factor Xa Inhibitor
Rivaroxaban,Garlic Murukku,1,500.0,8.0,25.0,55.0,True,False,False,True,False,  BLOOD RELATED ,  Oral Factor Xa Inhibitor
Rivaroxaban,Ginger Finger Biscuit,1,18.0,0.2,0.5,2.8,True,False,False,False,False,  BLOOD RELATED ,  Oral Factor Xa Inhibitor
Rivaroxaban,Garlic Murukku,1,500.0,8.0,25.0,55.0,True,False,False,True,False,  BLOOD RELATED ,  Oral Factor Xa Inhibitor
Rivaroxaban,Ginger Finger Biscuit,1,18.0,0.2,0.5,2.8,True,False,False,False,False,  BLOOD RELATED ,  Oral Factor Xa Inhibitor
Rivaroxaban,Garlic Murukku,1,500.0,8.0,25.0,55.0,True,False,False,True,False,  BLOOD RELATED ,  Oral Factor Xa Inhibitor
Rivaroxaban,Ginger Finger Biscuit,1,18.0,0.2,0.5,2.8,True,False,False,False,False,  BLOOD RELATED ,  Oral Factor Xa Inhibitor
Rivaroxaban,Garlic Murukku,1,500.0,8.0,25.0,55.0,True,False,False,True,False,  BLOOD RELATED ,  Oral Factor Xa Inhibitor
Rivaroxaban,Ginger Finger Biscuit,1,18.0,0.2,0.5,2.8,True,False,False,False,False,  BLOOD RELATED ,  Oral Factor Xa Inhibitor
Rivaroxaban,Garlic Murukku,1,500.0,8.0,25.0,55.0,True,False,False,True,False,  BLOOD RELATED ,  Oral Factor Xa Inhibitor
Rivaroxaban,Ginger Finger Biscuit,1,18.0,0.2,0.5,2.8,True,False,False,False,False,  BLOOD RELATED ,  Oral Factor Xa Inhibitor
Rivaroxaban,Garlic Murukku,1,500.0,8.0,25.0,55.0,True,False,False,True,False,  BLOOD RELATED ,  Oral Factor Xa Inhibitor
Rivaroxaban,Ginger Finger Biscuit,1,18.0,0.2,0.5,2.8,True,False,False,False,False,  BLOOD RELATED ,  Oral Factor Xa Inhibitor
Rivaroxaban,Garlic Murukku,1,500.0,8.0,25.0,55.0,True,False,False,True,False,  BLOOD RELATED ,  Oral Factor Xa Inhibitor
Rivaroxaban,Ginger Finger Biscuit,1,18.0,0.2,0.5,2.8,True,False,False,False,False,  BLOOD RELATED ,  Oral Factor Xa Inhibitor
Rivaroxaban,Garlic Murukku,1,500.0,8.0,25.0,55.0,True,False,False,True,False,  BLOOD RELATED ,  Oral Factor Xa Inhibitor
Rivaroxaban,Ginger Finger Biscuit,1,18.0,0.2,0.5,2.8,True,False,False,False,False,  BLOOD RELATED ,  Oral Factor Xa Inhibitor
Rivaroxaban,Garlic Murukku,1,500.0,8.0,25.0,55.0,True,False,False,True,False,  BLOOD RELATED ,  Oral Factor Xa Inhibitor
Rivaroxaban,Ginger Finger Biscuit,1,18.0,0.2,0.5,2.8,True,False,False,False,False,  BLOOD RELATED ,  Oral Factor Xa Inhibitor
Rivaroxaban,Garlic Murukku,1,500.0,8.0,25.0,55.0,True,False,False,True,False,  BLOOD RELATED ,  Oral Factor Xa Inhibitor
Rivaroxaban,Ginger Finger Biscuit,1,18.0,0.2,0.5,2.8,True,False,False,False,False,  BLOOD RELATED ,  Oral Factor Xa Inhibitor
Rivaroxaban,Garlic Murukku,1,500.0,8.0,25.0,55.0,True,False,False,True,False,  BLOOD RELATED ,  Oral Factor Xa Inhibitor
Rivaroxaban,Ginger Finger Biscuit,1,18.0,0.2,0.5,2.8,True,False,False,False,False,  BLOOD RELATED ,  Oral Factor Xa Inhibitor
Rivaroxaban,Garlic Murukku,1,500.0,8.0,25.0,55.0,True,False,False,True,False,  BLOOD RELATED ,  Oral Factor Xa Inhibitor
Rivaroxaban,Ginger Finger Biscuit,1,18.0,0.2,0.5,2.8,True,False,False,False,False,  BLOOD RELATED ,  Oral Factor Xa Inhibitor
Rivaroxaban,Garlic Murukku,1,500.0,8.0,25.0,55.0,True,False,False,True,False,  BLOOD RELATED ,  Oral Factor Xa Inhibitor
Rivaroxaban,Ginger Finger Biscuit,1,18.0,0.2,0.5,2.8,True,False,False,False,False,  BLOOD RELATED ,  Oral Factor Xa Inhibitor
Rivaroxaban,Garlic Murukku,1,500.0,8.0,25.0,55.0,True,False,False,True,False,  BLOOD RELATED ,  Oral Factor Xa Inhibitor
Rivaroxaban,Ginger Finger Biscuit,1,18.0,0.2,0.5,2.8,True,False,False,False,False,  BLOOD RELATED ,  Oral Factor Xa Inhibitor
Rivaroxaban,Garlic Murukku,1,500.0,8.0,25.0,55.0,True,False,False,True,False,  BLOOD RELATED ,  Oral Factor Xa Inhibitor
Rivaroxaban,Ginger Finger Biscuit,1,18.0,0.2,0.5,2.8,True,False,False,False,False,  BLOOD RELATED ,  Oral Factor Xa Inhibitor
Rivaroxaban,Garlic Murukku,1,500.0,8.0,25.0,55.0,True,False,False,True,False,  BLOOD RELATED ,  Oral Factor Xa Inhibitor
Rivaroxaban,Ginger Finger Biscuit,1,18.0,0.2,0.5,2.8,True,False,False,False,False,  BLOOD RELATED ,  Oral Factor Xa Inhibitor
Rivaroxaban,Garlic Murukku,1,500.0,8.0,25.0,55.0,True,False,False,True,False,  BLOOD RELATED ,  Oral Factor Xa Inhibitor
Rivaroxaban,Ginger Finger Biscuit,1,18.0,0.2,0.5,2.8,True,False,False,False,False,  BLOOD RELATED ,  Oral Factor Xa Inhibitor
Rivaroxaban,Garlic Murukku,1,500.0,8.0,25.0,55.0,True,False,False,True,False,  BLOOD RELATED ,  Oral Factor Xa Inhibitor
Rivaroxaban,Ginger Finger Biscuit,1,18.0,0.2,0.5,2.8,True,False,False,False,False,  BLOOD RELATED ,  Oral Factor Xa Inhibitor
Rivaroxaban,Garlic Murukku,1,500.0,8.0,25.0,55.0,True,False,False,True,False,  BLOOD RELATED ,  Oral Factor Xa Inhibitor
Rivaroxaban,Ginger Finger Biscuit,1,18.0,0.2,0.5,2.8,True,False,False,False,False,  BLOOD RELATED ,  Oral Factor Xa Inhibitor
Rivaroxaban,Garlic Murukku,1,500.0,8.0,25.0,55.0,True,False,False,True,False,  BLOOD RELATED ,  Oral Factor Xa Inhibitor
Rivaroxaban,Ginger Finger Biscuit,1,18.0,0.2,0.5,2.8,True,False,False,False,False,  BLOOD RELATED ,  Oral Factor Xa Inhibitor
Rivaroxaban,Garlic Murukku,1,500.0,8.0,25.0,55.0,True,False,False,True,False,  BLOOD RELATED ,  Oral Factor Xa Inhibitor
Rivaroxaban,Ginger Finger Biscuit,1,18.0,0.2,0.5,2.8,True,False,False,False,False,  BLOOD RELATED ,  Oral Factor Xa Inhibitor
Rivaroxaban,Garlic Murukku,1,500.0,8.0,25.0,55.0,True,False,False,True,False,  BLOOD RELATED ,  Oral Factor Xa Inhibitor
Rivaroxaban,Ginger Finger Biscuit,1,18.0,0.2,0.5,2.8,True,False,False,False,False,  BLOOD RELATED ,  Oral Factor Xa Inhibitor
Rivaroxaban,Garlic Murukku,1,500.0,8.0,25.0,55.0,True,False,False,True,False,  BLOOD RELATED ,  Oral Factor Xa Inhibitor
Rivaroxaban,Ginger Finger Biscuit,1,18.0,0.2,0.5,2.8,True,False,False,False,False,  BLOOD RELATED ,  Oral Factor Xa Inhibitor
Rivaroxaban,Garlic Murukku,1,500.0,8.0,25.0,55.0,True,False,False,True,False,  BLOOD RELATED ,  Oral Factor Xa Inhibitor
Rivaroxaban,Ginger Finger Biscuit,1,18.0,0.2,0.5,2.8,True,False,False,False,False,  BLOOD RELATED ,  Oral Factor Xa Inhibitor
Rivaroxaban,Garlic Murukku,1,500.0,8.0,25.0,55.0,True,False,False,True,False,  BLOOD RELATED ,  Oral Factor Xa Inhibitor
Rivaroxaban,Ginger Finger Biscuit,1,18.0,0.2,0.5,2.8,True,False,False,False,False,  BLOOD RELATED ,  Oral Factor Xa Inhibitor
Rivaroxaban,Garlic Murukku,1,500.0,8.0,25.0,55.0,True,False,False,True,False,  BLOOD RELATED ,  Oral Factor Xa Inhibitor
Rivaroxaban,Ginger Finger Biscuit,1,18.0,0.2,0.5,2.8,True,False,False,False,False,  BLOOD RELATED ,  Oral Factor Xa Inhibitor
Rivaroxaban,Garlic Murukku,1,500.0,8.0,25.0,55.0,True,False,False,True,False,  BLOOD RELATED ,  Oral Factor Xa Inhibitor
Rivaroxaban,Ginger Finger Biscuit,1,18.0,0.2,0.5,2.8,True,False,False,False,False,  BLOOD RELATED ,  Oral Factor Xa Inhibitor
Rivaroxaban,Garlic Murukku,1,500.0,8.0,25.0,55.0,True,False,False,True,False,  BLOOD RELATED ,  Oral Factor Xa Inhibitor
Rivaroxaban,Ginger Finger Biscuit,1,18.0,0.2,0.5,2.8,True,False,False,False,False,  BLOOD RELATED ,  Oral Factor Xa Inhibitor
Rivaroxaban,Garlic Murukku,1,500.0,8.0,25.0,55.0,True,False,False,True,False,  BLOOD RELATED ,  Oral Factor Xa Inhibitor
Rivaroxaban,Ginger Finger Biscuit,1,18.0,0.2,0.5,2.8,True,False,False,False,False,  BLOOD RELATED ,  Oral Factor Xa Inhibitor
Rivaroxaban,Garlic Murukku,1,500.0,8.0,25.0,55.0,True,False,False,True,False,  BLOOD RELATED ,  Oral Factor Xa Inhibitor
Rivaroxaban,Ginger Finger Biscuit,1,18.0,0.2,0.5,2.8,True,False,False,False,False,  BLOOD RELATED ,  Oral Factor Xa Inhibitor
Rivaroxaban,Garlic Murukku,1,500.0,8.0,25.0,55.0,True,False,False,True,False,  BLOOD RELATED ,  Oral Factor Xa Inhibitor
Rivaroxaban,Ginger Finger Biscuit,1,18.0,0.2,0.5,2.8,True,False,False,False,False,  BLOOD RELATED ,  Oral Factor Xa Inhibitor
Rivaroxaban,Garlic Murukku,1,500.0,8.0,25.0,55.0,True,False,False,True,False,  BLOOD RELATED ,  Oral Factor Xa Inhibitor
Rivaroxaban,Ginger Finger Biscuit,1,18.0,0.2,0.5,2.8,True,False,False,False,False,  BLOOD RELATED ,  Oral Factor Xa Inhibitor
Rivaroxaban,Garlic Murukku,1,500.0,8.0,25.0,55.0,True,False,False,True,False,  BLOOD RELATED ,  Oral Factor Xa Inhibitor
Rivaroxaban,Ginger Finger Biscuit,1,18.0,0.2,0.5,2.8,True,False,False,False,False,  BLOOD RELATED ,  Oral Factor Xa Inhibitor
Rivaroxaban,Garlic Murukku,1,500.0,8.0,25.0,55.0,True,False,False,True,False,  BLOOD RELATED ,  Oral Factor Xa Inhibitor
Rivaroxaban,Ginger Finger Biscuit,1,18.0,0.2,0.5,2.8,True,False,False,False,False,  BLOOD RELATED ,  Oral Factor Xa Inhibitor
Rivaroxaban,Garlic Murukku,1,500.0,8.0,25.0,55.0,True,False,False,True,False,  BLOOD RELATED ,  Oral Factor Xa Inhibitor
Rivaroxaban,Ginger Finger Biscuit,1,18.0,0.2,0.5,2.8,True,False,False,False,False,  BLOOD RELATED ,  Oral Factor Xa Inhibitor
Rivaroxaban,Garlic Murukku,1,500.0,8.0,25.0,55.0,True,False,False,True,False,  BLOOD RELATED ,  Oral Factor Xa Inhibitor
Rivaroxaban,Ginger Finger Biscuit,1,18.0,0.2,0.5,2.8,True,False,False,False,False,  BLOOD RELATED ,  Oral Factor Xa Inhibitor
Rivaroxaban,Garlic Murukku,1,500.0,8.0,25.0,55.0,True,False,False,True,False,  BLOOD RELATED ,  Oral Factor Xa Inhibitor
Rivaroxaban,Ginger Finger Biscuit,1,18.0,0.2,0.5,2.8,True,False,False,False,False,  BLOOD RELATED ,  Oral Factor Xa Inhibitor
Rivaroxaban,Garlic Murukku,1,500.0,8.0,25.0,55.0,True,False,False,True,False,  BLOOD RELATED ,  Oral Factor Xa Inhibitor
Rivaroxaban,Ginger Finger Biscuit,1,18.0,0.2,0.5,2.8,True,False,False,False,False,  BLOOD RELATED ,  Oral Factor Xa Inhibitor
Rivaroxaban,Garlic Murukku,1,500.0,8.0,25.0,55.0,True,False,False,True,False,  BLOOD RELATED ,  Oral Factor Xa Inhibitor
Rivaroxaban,Ginger Finger Biscuit,1,18.0,0.2,0.5,2.8,True,False,False,False,False,  BLOOD RELATED ,  Oral Factor Xa Inhibitor
Rivaroxaban,Garlic Murukku,1,500.0,8.0,25.0,55.0,True,False,False,True,False,  BLOOD RELATED ,  Oral Factor Xa Inhibitor
Rivaroxaban,Ginger Finger Biscuit,1,18.0,0.2,0.5,2.8,True,False,False,False,False,  BLOOD RELATED ,  Oral Factor Xa Inhibitor
Rivaroxaban,Garlic Murukku,1,500.0,8.0,25.0,55.0,True,False,False,True,False,  BLOOD RELATED ,  Oral Factor Xa Inhibitor
Rivaroxaban,Ginger Finger Biscuit,1,18.0,0.2,0.5,2.8,True,False,False,False,False,  BLOOD RELATED ,  Oral Factor Xa Inhibitor
Rivaroxaban,Garlic Murukku,1,500.0,8.0,25.0,55.0,True,False,False,True,False,  BLOOD RELATED ,  Oral Factor Xa Inhibitor
Rivaroxaban,Ginger Finger Biscuit,1,18.0,0.2,0.5,2.8,True,False,False,False,False,  BLOOD RELATED ,  Oral Factor Xa Inhibitor
Rivaroxaban,Garlic Murukku,1,500.0,8.0,25.0,55.0,True,False,False,True,False,  BLOOD RELATED ,  Oral Factor Xa Inhibitor
Rivaroxaban,Ginger Finger Biscuit,1,18.0,0.2,0.5,2.8,True,False,False,False,False,  BLOOD RELATED ,  Oral Factor Xa Inhibitor
Rivaroxaban,Garlic Murukku,1,500.0,8.0,25.0,55.0,True,False,False,True,False,  BLOOD RELATED ,  Oral Factor Xa Inhibitor
Rivaroxaban,Ginger Finger Biscuit,1,18.0,0.2,0.5,2.8,True,False,False,False,False,  BLOOD RELATED ,  Oral Factor Xa Inhibitor
Rivaroxaban,Garlic Murukku,1,500.0,8.0,25.0,55.0,True,False,False,True,False,  BLOOD RELATED ,  Oral Factor Xa Inhibitor
Rivaroxaban,Ginger Finger Biscuit,1,18.0,0.2,0.5,2.8,True,False,False,False,False,  BLOOD RELATED ,  Oral Factor Xa Inhibitor
Rivaroxaban,Garlic Murukku,1,500.0,8.0,25.0,55.0,True,False,False,True,False,  BLOOD RELATED ,  Oral Factor Xa Inhibitor
Rivaroxaban,Ginger Finger Biscuit,1,18.0,0.2,0.5,2.8,True,False,False,False,False,  BLOOD RELATED ,  Oral Factor Xa Inhibitor
Rivaroxaban,Garlic Murukku,1,500.0,8.0,25.0,55.0,True,False,False,True,False,  BLOOD RELATED ,  Oral Factor Xa Inhibitor
Rivaroxaban,Ginger Finger Biscuit,1,18.0,0.2,0.5,2.8,True,False,False,False,False,  BLOOD RELATED ,  Oral Factor Xa Inhibitor
Rivaroxaban,Garlic Murukku,1,500.0,8.0,25.0,55.0,True,False,False,True,False,  BLOOD RELATED ,  Oral Factor Xa Inhibitor
Rivaroxaban,Ginger Finger Biscuit,1,18.0,0.2,0.5,2.8,True,False,False,False,False,  BLOOD RELATED ,  Oral Factor Xa Inhibitor
Rivaroxaban,Garlic Murukku,1,500.0,8.0,25.0,55.0,True,False,False,True,False,  BLOOD RELATED ,  Oral Factor Xa Inhibitor
Rivaroxaban,Ginger Finger Biscuit,1,18.0,0.2,0.5,2.8,True,False,False,False,False,  BLOOD RELATED ,  Oral Factor Xa Inhibitor
Rivaroxaban,Garlic Murukku,1,500.0,8.0,25.0,55.0,True,False,False,True,False,  BLOOD RELATED ,  Oral Factor Xa Inhibitor
Rivaroxaban,Ginger Finger Biscuit,1,18.0,0.2,0.5,2.8,True,False,False,False,False,  BLOOD RELATED ,  Oral Factor Xa Inhibitor
Rivaroxaban,Garlic Murukku,1,500.0,8.0,25.0,55.0,True,False,False,True,False,  BLOOD RELATED ,  Oral Factor Xa Inhibitor
Rivaroxaban,Ginger Finger Biscuit,1,18.0,0.2,0.5,2.8,True,False,False,False,False,  BLOOD RELATED ,  Oral Factor Xa Inhibitor
Rivaroxaban,Garlic Murukku,1,500.0,8.0,25.0,55.0,True,False,False,True,False,  BLOOD RELATED ,  Oral Factor Xa Inhibitor
Rivaroxaban,Ginger Finger Biscuit,1,18.0,0.2,0.5,2.8,True,False,False,False,False,  BLOOD RELATED ,  Oral Factor Xa Inhibitor
Rivaroxaban,Garlic Murukku,1,500.0,8.0,25.0,55.0,True,False,False,True,False,  BLOOD RELATED ,  Oral Factor Xa Inhibitor
Rivaroxaban,Ginger Finger Biscuit,1,18.0,0.2,0.5,2.8,True,False,False,False,False,  BLOOD RELATED ,  Oral Factor Xa Inhibitor
Rivaroxaban,Garlic Murukku,1,500.0,8.0,25.0,55.0,True,False,False,True,False,  BLOOD RELATED ,  Oral Factor Xa Inhibitor
Rivaroxaban,Ginger Finger Biscuit,1,18.0,0.2,0.5,2.8,True,False,False,False,False,  BLOOD RELATED ,  Oral Factor Xa Inhibitor
Rivaroxaban,Garlic Murukku,1,500.0,8.0,25.0,55.0,True,False,False,True,False,  BLOOD RELATED ,  Oral Factor Xa Inhibitor
Rivaroxaban,Ginger Finger Biscuit,1,18.0,0.2,0.5,2.8,True,False,False,False,False,  BLOOD RELATED ,  Oral Factor Xa Inhibitor
Rivaroxaban,Garlic Murukku,1,500.0,8.0,25.0,55.0,True,False,False,True,False,  BLOOD RELATED ,  Oral Factor Xa Inhibitor
Rivaroxaban,Ginger Finger Biscuit,1,18.0,0.2,0.5,2.8,True,False,False,False,False,  BLOOD RELATED ,  Oral Factor Xa Inhibitor
Rivaroxaban,Garlic Murukku,1,500.0,8.0,25.0,55.0,True,False,False,True,False,  BLOOD RELATED ,  Oral Factor Xa Inhibitor
Rivaroxaban,Ginger Finger Biscuit,1,18.0,0.2,0.5,2.8,True,False,False,False,False,  BLOOD RELATED ,  Oral Factor Xa Inhibitor
Rivaroxaban,Garlic Murukku,1,500.0,8.0,25.0,55.0,True,False,False,True,False,  BLOOD RELATED ,  Oral Factor Xa Inhibitor
Rivaroxaban,Ginger Finger Biscuit,1,18.0,0.2,0.5,2.8,True,False,False,False,False,  BLOOD RELATED ,  Oral Factor Xa Inhibitor
Rivaroxaban,Garlic Murukku,1,500.0,8.0,25.0,55.0,True,False,False,True,False,  BLOOD RELATED ,  Oral Factor Xa Inhibitor
Rivaroxaban,Ginger Finger Biscuit,1,18.0,0.2,0.5,2.8,True,False,False,False,False,  BLOOD RELATED ,  Oral Factor Xa Inhibitor
Rivaroxaban,Garlic Murukku,1,500.0,8.0,25.0,55.0,True,False,False,True,False,  BLOOD RELATED ,  Oral Factor Xa Inhibitor
Rivaroxaban,Ginger Finger Biscuit,1,18.0,0.2,0.5,2.8,True,False,False,False,False,  BLOOD RELATED ,  Oral Factor Xa Inhibitor
Rivaroxaban,Garlic Murukku,1,500.0,8.0,25.0,55.0,True,False,False,True,False,  BLOOD RELATED ,  Oral Factor Xa Inhibitor
Rivaroxaban,Ginger Finger Biscuit,1,18.0,0.2,0.5,2.8,True,False,False,False,False,  BLOOD RELATED ,  Oral Factor Xa Inhibitor
Rivaroxaban,Garlic Murukku,1,500.0,8.0,25.0,55.0,True,False,False,True,False,  BLOOD RELATED ,  Oral Factor Xa Inhibitor
Rivaroxaban,Ginger Finger Biscuit,1,18.0,0.2,0.5,2.8,True,False,False,False,False,  BLOOD RELATED ,  Oral Factor Xa Inhibitor
Rivaroxaban,Garlic Murukku,1,500.0,8.0,25.0,55.0,True,False,False,True,False,  BLOOD RELATED ,  Oral Factor Xa Inhibitor
Rivaroxaban,Ginger Finger Biscuit,1,18.0,0.2,0.5,2.8,True,False,False,False,False,  BLOOD RELATED ,  Oral Factor Xa Inhibitor
Rivaroxaban,Garlic Murukku,1,500.0,8.0,25.0,55.0,True,False,False,True,False,  BLOOD RELATED ,  Oral Factor Xa Inhibitor
Rivaroxaban,Ginger Finger Biscuit,1,18.0,0.2,0.5,2.8,True,False,False,False,False,  BLOOD RELATED ,  Oral Factor Xa Inhibitor
Rivaroxaban,Garlic Murukku,1,500.0,8.0,25.0,55.0,True,False,False,True,False,  BLOOD RELATED ,  Oral Factor Xa Inhibitor
Rivaroxaban,Ginger Finger Biscuit,1,18.0,0.2,0.5,2.8,True,False,False,False,False,  BLOOD RELATED ,  Oral Factor Xa Inhibitor
Rivaroxaban,Garlic Murukku,1,500.0,8.0,25.0,55.0,True,False,False,True,False,  BLOOD RELATED ,  Oral Factor Xa Inhibitor
Rivaroxaban,Ginger Finger Biscuit,1,18.0,0.2,0.5,2.8,True,False,False,False,False,  BLOOD RELATED ,  Oral Factor Xa Inhibitor
Rivaroxaban,Garlic Murukku,1,500.0,8.0,25.0,55.0,True,False,False,True,False,  BLOOD RELATED ,  Oral Factor Xa Inhibitor
Rivaroxaban,Ginger Finger Biscuit,1,18.0,0.2,0.5,2.8,True,False,False,False,False,  BLOOD RELATED ,  Oral Factor Xa Inhibitor
Rivaroxaban,Garlic Murukku,1,500.0,8.0,25.0,55.0,True,False,False,True,False,  BLOOD RELATED ,  Oral Factor Xa Inhibitor
Rivaroxaban,Ginger Finger Biscuit,1,18.0,0.2,0.5,2.8,True,False,False,False,False,  BLOOD RELATED ,  Oral Factor Xa Inhibitor
Rivaroxaban,Garlic Murukku,1,500.0,8.0,25.0,55.0,True,False,False,True,False,  BLOOD RELATED ,  Oral Factor Xa Inhibitor
Rivaroxaban,Ginger Finger Biscuit,1,18.0,0.2,0.5,2.8,True,False,False,False,False,  BLOOD RELATED ,  Oral Factor Xa Inhibitor
Rivaroxaban,Garlic Murukku,1,500.0,8.0,25.0,55.0,True,False,False,True,False,  BLOOD RELATED ,  Oral Factor Xa Inhibitor
Rivaroxaban,Ginger Finger Biscuit,1,18.0,0.2,0.5,2.8,True,False,False,False,False,  BLOOD RELATED ,  Oral Factor Xa Inhibitor
Rivaroxaban,Garlic Murukku,1,500.0,8.0,25.0,55.0,True,False,False,True,False,  BLOOD RELATED ,  Oral Factor Xa Inhibitor
Rivaroxaban,Ginger Finger Biscuit,1,18.0,0.2,0.5,2.8,True,False,False,False,False,  BLOOD RELATED ,  Oral Factor Xa Inhibitor
Rivaroxaban,Garlic Murukku,1,500.0,8.0,25.0,55.0,True,False,False,True,False,  BLOOD RELATED ,  Oral Factor Xa Inhibitor
Rivaroxaban,Ginger Finger Biscuit,1,18.0,0.2,0.5,2.8,True,False,False,False,False,  BLOOD RELATED ,  Oral Factor Xa Inhibitor
Rivaroxaban,Garlic Murukku,1,500.0,8.0,25.0,55.0,True,False,False,True,False,  BLOOD RELATED ,  Oral Factor Xa Inhibitor
Rivaroxaban,Ginger Finger Biscuit,1,18.0,0.2,0.5,2.8,True,False,False,False,False,  BLOOD RELATED ,  Oral Factor Xa Inhibitor
Rivaroxaban,Garlic Murukku,1,500.0,8.0,25.0,55.0,True,False,False,True,False,  BLOOD RELATED ,  Oral Factor Xa Inhibitor
Rivaroxaban,Ginger Finger Biscuit,1,18.0,0.2,0.5,2.8,True,False,False,False,False,  BLOOD RELATED ,  Oral Factor Xa Inhibitor
Rivaroxaban,Garlic Murukku,1,500.0,8.0,25.0,55.0,True,False,False,True,False,  BLOOD RELATED ,  Oral Factor Xa Inhibitor
Rivaroxaban,Ginger Finger Biscuit,1,18.0,0.2,0.5,2.8,True,False,False,False,False,  BLOOD RELATED ,  Oral Factor Xa Inhibitor
Rivaroxaban,Garlic Murukku,1,500.0,8.0,25.0,55.0,True,False,False,True,False,  BLOOD RELATED ,  Oral Factor Xa Inhibitor
Rivaroxaban,Ginger Finger Biscuit,1,18.0,0.2,0.5,2.8,True,False,False,False,False,  BLOOD RELATED ,  Oral Factor Xa Inhibitor
Rivaroxaban,Garlic Murukku,1,500.0,8.0,25.0,55.0,True,False,False,True,False,  BLOOD RELATED ,  Oral Factor Xa Inhibitor
Rivaroxaban,Ginger Finger Biscuit,1,18.0,0.2,0.5,2.8,True,False,False,False,False,  BLOOD RELATED ,  Oral Factor Xa Inhibitor
Rivaroxaban,Garlic Murukku,1,500.0,8.0,25.0,55.0,True,False,False,True,False,  BLOOD RELATED ,  Oral Factor Xa Inhibitor
Rivaroxaban,Ginger Finger Biscuit,1,18.0,0.2,0.5,2.8,True,False,False,False,False,  BLOOD RELATED ,  Oral Factor Xa Inhibitor
Rivaroxaban,Garlic Murukku,1,500.0,8.0,25.0,55.0,True,False,False,True,False,  BLOOD RELATED ,  Oral Factor Xa Inhibitor
Rivaroxaban,Ginger Finger Biscuit,1,18.0,0.2,0.5,2.8,True,False,False,False,False,  BLOOD RELATED ,  Oral Factor Xa Inhibitor
Rivaroxaban,Garlic Murukku,1,500.0,8.0,25.0,55.0,True,False,False,True,False,  BLOOD RELATED ,  Oral Factor Xa Inhibitor
Rivaroxaban,Ginger Finger Biscuit,1,18.0,0.2,0.5,2.8,True,False,False,False,False,  BLOOD RELATED ,  Oral Factor Xa Inhibitor
Rivaroxaban,Garlic Murukku,1,500.0,8.0,25.0,55.0,True,False,False,True,False,  BLOOD RELATED ,  Oral Factor Xa Inhibitor
Rivaroxaban,Ginger Finger Biscuit,1,18.0,0.2,0.5,2.8,True,False,False,False,False,  BLOOD RELATED ,  Oral Factor Xa Inhibitor
Rivaroxaban,Garlic Murukku,1,500.0,8.0,25.0,55.0,True,False,False,True,False,  BLOOD RELATED ,  Oral Factor Xa Inhibitor
Rivaroxaban,Ginger Finger Biscuit,1,18.0,0.2,0.5,2.8,True,False,False,False,False,  BLOOD RELATED ,  Oral Factor Xa Inhibitor
Rivaroxaban,Garlic Murukku,1,500.0,8.0,25.0,55.0,True,False,False,True,False,  BLOOD RELATED ,  Oral Factor Xa Inhibitor
Rivaroxaban,Ginger Finger Biscuit,1,18.0,0.2,0.5,2.8,True,False,False,False,False,  BLOOD RELATED ,  Oral Factor Xa Inhibitor
Rivaroxaban,Garlic Murukku,1,500.0,8.0,25.0,55.0,True,False,False,True,False,  BLOOD RELATED ,  Oral Factor Xa Inhibitor
Rivaroxaban,Ginger Finger Biscuit,1,18.0,0.2,0.5,2.8,True,False,False,False,False,  BLOOD RELATED ,  Oral Factor Xa Inhibitor
Rivaroxaban,Garlic Murukku,1,500.0,8.0,25.0,55.0,True,False,False,True,False,  BLOOD RELATED ,  Oral Factor Xa Inhibitor
Rivaroxaban,Ginger Finger Biscuit,1,18.0,0.2,0.5,2.8,True,False,False,False,False,  BLOOD RELATED ,  Oral Factor Xa Inhibitor
Rivaroxaban,Garlic Murukku,1,500.0,8.0,25.0,55.0,True,False,False,True,False,  BLOOD RELATED ,  Oral Factor Xa Inhibitor
Rivaroxaban,Ginger Finger Biscuit,1,18.0,0.2,0.5,2.8,True,False,False,False,False,  BLOOD RELATED ,  Oral Factor Xa Inhibitor
Rivaroxaban,Garlic Murukku,1,500.0,8.0,25.0,55.0,True,False,False,True,False,  BLOOD RELATED ,  Oral Factor Xa Inhibitor
Rivaroxaban,Ginger Finger Biscuit,1,18.0,0.2,0.5,2.8,True,False,False,False,False,  BLOOD RELATED ,  Oral Factor Xa Inhibitor
Rivaroxaban,Garlic Murukku,1,500.0,8.0,25.0,55.0,True,False,False,True,False,  BLOOD RELATED ,  Oral Factor Xa Inhibitor
Rivaroxaban,Ginger Finger Biscuit,1,18.0,0.2,0.5,2.8,True,False,False,False,False,  BLOOD RELATED ,  Oral Factor Xa Inhibitor
Rivaroxaban,Garlic Murukku,1,500.0,8.0,25.0,55.0,True,False,False,True,False,  BLOOD RELATED ,  Oral Factor Xa Inhibitor
Rivaroxaban,Ginger Finger Biscuit,1,18.0,0.2,0.5,2.8,True,False,False,False,False,  BLOOD RELATED ,  Oral Factor Xa Inhibitor
Rivaroxaban,Garlic Murukku,1,500.0,8.0,25.0,55.0,True,False,False,True,False,  BLOOD RELATED ,  Oral Factor Xa Inhibitor
Rivaroxaban,Ginger Finger Biscuit,1,18.0,0.2,0.5,2.8,True,False,False,False,False,  BLOOD RELATED ,  Oral Factor Xa Inhibitor
Rivaroxaban,Garlic Murukku,1,500.0,8.0,25.0,55.0,True,False,False,True,False,  BLOOD RELATED ,  Oral Factor Xa Inhibitor
Rivaroxaban,Ginger Finger Biscuit,1,18.0,0.2,0.5,2.8,True,False,False,False,False,  BLOOD RELATED ,  Oral Factor Xa Inhibitor
Rivaroxaban,Garlic Murukku,1,500.0,8.0,25.0,55.0,True,False,False,True,False,  BLOOD RELATED ,  Oral Factor Xa Inhibitor
Rivaroxaban,Ginger Finger Biscuit,1,18.0,0.2,0.5,2.8,True,False,False,False,False,  BLOOD RELATED ,  Oral Factor Xa Inhibitor
Rivaroxaban,Garlic Murukku,1,500.0,8.0,25.0,55.0,True,False,False,True,False,  BLOOD RELATED ,  Oral Factor Xa Inhibitor
Rivaroxaban,Ginger Finger Biscuit,1,18.0,0.2,0.5,2.8,True,False,False,False,False,  BLOOD RELATED ,  Oral Factor Xa Inhibitor
Rivaroxaban,Garlic Murukku,1,500.0,8.0,25.0,55.0,True,False,False,True,False,  BLOOD RELATED ,  Oral Factor Xa Inhibitor
Rivaroxaban,Ginger Finger Biscuit,1,18.0,0.2,0.5,2.8,True,False,False,False,False,  BLOOD RELATED ,  Oral Factor Xa Inhibitor
Rivaroxaban,Garlic Murukku,1,500.0,8.0,25.0,55.0,True,False,False,True,False,  BLOOD RELATED ,  Oral Factor Xa Inhibitor
Rivaroxaban,Ginger Finger Biscuit,1,18.0,0.2,0.5,2.8,True,False,False,False,False,  BLOOD RELATED ,  Oral Factor Xa Inhibitor
Rivaroxaban,Garlic Murukku,1,500.0,8.0,25.0,55.0,True,False,False,True,False,  BLOOD RELATED ,  Oral Factor Xa Inhibitor
Rivaroxaban,Ginger Finger Biscuit,1,18.0,0.2,0.5,2.8,True,False,False,False,False,  BLOOD RELATED ,  Oral Factor Xa Inhibitor
Rivaroxaban,Garlic Murukku,1,500.0,8.0,25.0,55.0,True,False,False,True,False,  BLOOD RELATED ,  Oral Factor Xa Inhibitor
Rivaroxaban,Ginger Finger Biscuit,1,18.0,0.2,0.5,2.8,True,False,False,False,False,  BLOOD RELATED ,  Oral Factor Xa Inhibitor
Rivaroxaban,Garlic Murukku,1,500.0,8.0,25.0,55.0,True,False,False,True,False,  BLOOD RELATED ,  Oral Factor Xa Inhibitor
Rivaroxaban,Ginger Finger Biscuit,1,18.0,0.2,0.5,2.8,True,False,False,False,False,  BLOOD RELATED ,  Oral Factor Xa Inhibitor
Rivaroxaban,Garlic Murukku,1,500.0,8.0,25.0,55.0,True,False,False,True,False,  BLOOD RELATED ,  Oral Factor Xa Inhibitor
Rivaroxaban,Ginger Finger Biscuit,1,18.0,0.2,0.5,2.8,True,False,False,False,False,  BLOOD RELATED ,  Oral Factor Xa Inhibitor
Rivaroxaban,Garlic Murukku,1,500.0,8.0,25.0,55.0,True,False,False,True,False,  BLOOD RELATED ,  Oral Factor Xa Inhibitor
Rivaroxaban,Ginger Finger Biscuit,1,18.0,0.2,0.5,2.8,True,False,False,False,False,  BLOOD RELATED ,  Oral Factor Xa Inhibitor
Rivaroxaban,Garlic Murukku,1,500.0,8.0,25.0,55.0,True,False,False,True,False,  BLOOD RELATED ,  Oral Factor Xa Inhibitor
Rivaroxaban,Ginger Finger Biscuit,1,18.0,0.2,0.5,2.8,True,False,False,False,False,  BLOOD RELATED ,  Oral Factor Xa Inhibitor
Rivaroxaban,Garlic Murukku,1,500.0,8.0,25.0,55.0,True,False,False,True,False,  BLOOD RELATED ,  Oral Factor Xa Inhibitor
Rivaroxaban,Ginger Finger Biscuit,1,18.0,0.2,0.5,2.8,True,False,False,False,False,  BLOOD RELATED ,  Oral Factor Xa Inhibitor
Rivaroxaban,Garlic Murukku,1,500.0,8.0,25.0,55.0,True,False,False,True,False,  BLOOD RELATED ,  Oral Factor Xa Inhibitor
Rivaroxaban,Ginger Finger Biscuit,1,18.0,0.2,0.5,2.8,True,False,False,False,False,  BLOOD RELATED ,  Oral Factor Xa Inhibitor
Rivaroxaban,Garlic Murukku,1,500.0,8.0,25.0,55.0,True,False,False,True,False,  BLOOD RELATED ,  Oral Factor Xa Inhibitor
Rivaroxaban,Ginger Finger Biscuit,1,18.0,0.2,0.5,2.8,True,False,False,False,False,  BLOOD RELATED ,  Oral Factor Xa Inhibitor
Rivaroxaban,Garlic Murukku,1,500.0,8.0,25.0,55.0,True,False,False,True,False,  BLOOD RELATED ,  Oral Factor Xa Inhibitor
Rivaroxaban,Ginger Finger Biscuit,1,18.0,0.2,0.5,2.8,True,False,False,False,False,  BLOOD RELATED ,  Oral Factor Xa Inhibitor
Rivaroxaban,Garlic Murukku,1,500.0,8.0,25.0,55.0,True,False,False,True,False,  BLOOD RELATED ,  Oral Factor Xa Inhibitor
Rivaroxaban,Ginger Finger Biscuit,1,18.0,0.2,0.5,2.8,True,False,False,False,False,  BLOOD RELATED ,  Oral Factor Xa Inhibitor
Rivaroxaban,Garlic Murukku,1,500.0,8.0,25.0,55.0,True,False,False,True,False,  BLOOD RELATED ,  Oral Factor Xa Inhibitor
Rivaroxaban,Ginger Finger Biscuit,1,18.0,0.2,0.5,2.8,True,False,False,False,False,  BLOOD RELATED ,  Oral Factor Xa Inhibitor
Rivaroxaban,Garlic Murukku,1,500.0,8.0,25.0,55.0,True,False,False,True,False,  BLOOD RELATED ,  Oral Factor Xa Inhibitor
Rivaroxaban,Ginger Finger Biscuit,1,18.0,0.2,0.5,2.8,True,False,False,False,False,  BLOOD RELATED ,  Oral Factor Xa Inhibitor
Rivaroxaban,Garlic Murukku,1,500.0,8.0,25.0,55.0,True,False,False,True,False,  BLOOD RELATED ,  Oral Factor Xa Inhibitor
Rivaroxaban,Ginger Finger Biscuit,1,18.0,0.2,0.5,2.8,True,False,False,False,False,  BLOOD RELATED ,  Oral Factor Xa Inhibitor
Rivaroxaban,Garlic Murukku,1,500.0,8.0,25.0,55.0,True,False,False,True,False,  BLOOD RELATED ,  Oral Factor Xa Inhibitor
Rivaroxaban,Ginger Finger Biscuit,1,18.0,0.2,0.5,2.8,True,False,False,False,False,  BLOOD RELATED ,  Oral Factor Xa Inhibitor
Rivaroxaban,Garlic Murukku,1,500.0,8.0,25.0,55.0,True,False,False,True,False,  BLOOD RELATED ,  Oral Factor Xa Inhibitor
Rivaroxaban,Ginger Finger Biscuit,1,18.0,0.2,0.5,2.8,True,False,False,False,False,  BLOOD RELATED ,  Oral Factor Xa Inhibitor
Rivaroxaban,Garlic Murukku,1,500.0,8.0,25.0,55.0,True,False,False,True,False,  BLOOD RELATED ,  Oral Factor Xa Inhibitor
Rivaroxaban,Ginger Finger Biscuit,1,18.0,0.2,0.5,2.8,True,False,False,False,False,  BLOOD RELATED ,  Oral Factor Xa Inhibitor
Rivaroxaban,Garlic Murukku,1,500.0,8.0,25.0,55.0,True,False,False,True,False,  BLOOD RELATED ,  Oral Factor Xa Inhibitor
Rivaroxaban,Ginger Finger Biscuit,1,18.0,0.2,0.5,2.8,True,False,False,False,False,  BLOOD RELATED ,  Oral Factor Xa Inhibitor
Rivaroxaban,Garlic Murukku,1,500.0,8.0,25.0,55.0,True,False,False,True,False,  BLOOD RELATED ,  Oral Factor Xa Inhibitor
Rivaroxaban,Ginger Finger Biscuit,1,18.0,0.2,0.5,2.8,True,False,False,False,False,  BLOOD RELATED ,  Oral Factor Xa Inhibitor
Rivaroxaban,Garlic Murukku,1,500.0,8.0,25.0,55.0,True,False,False,True,False,  BLOOD RELATED ,  Oral Factor Xa Inhibitor
Rivaroxaban,Ginger Finger Biscuit,1,18.0,0.2,0.5,2.8,True,False,False,False,False,  BLOOD RELATED ,  Oral Factor Xa Inhibitor
Rivaroxaban,Garlic Murukku,1,500.0,8.0,25.0,55.0,True,False,False,True,False,  BLOOD RELATED ,  Oral Factor Xa Inhibitor
Rivaroxaban,Ginger Finger Biscuit,1,18.0,0.2,0.5,2.8,True,False,False,False,False,  BLOOD RELATED ,  Oral Factor Xa Inhibitor
Rivaroxaban,Garlic Murukku,1,500.0,8.0,25.0,55.0,True,False,False,True,False,  BLOOD RELATED ,  Oral Factor Xa Inhibitor
Rivaroxaban,Ginger Finger Biscuit,1,18.0,0.2,0.5,2.8,True,False,False,False,False,  BLOOD RELATED ,  Oral Factor Xa Inhibitor
Rivaroxaban,Garlic Murukku,1,500.0,8.0,25.0,55.0,True,False,False,True,False,  BLOOD RELATED ,  Oral Factor Xa Inhibitor
Rivaroxaban,Ginger Finger Biscuit,1,18.0,0.2,0.5,2.8,True,False,False,False,False,  BLOOD RELATED ,  Oral Factor Xa Inhibitor
Rivaroxaban,Garlic Murukku,1,500.0,8.0,25.0,55.0,True,False,False,True,False,  BLOOD RELATED ,  Oral Factor Xa Inhibitor
Rivaroxaban,Ginger Finger Biscuit,1,18.0,0.2,0.5,2.8,True,False,False,False,False,  BLOOD RELATED ,  Oral Factor Xa Inhibitor
Rivaroxaban,Garlic Murukku,1,500.0,8.0,25.0,55.0,True,False,False,True,False,  BLOOD RELATED ,  Oral Factor Xa Inhibitor
Rivaroxaban,Ginger Finger Biscuit,1,18.0,0.2,0.5,2.8,True,False,False,False,False,  BLOOD RELATED ,  Oral Factor Xa Inhibitor
Rivaroxaban,Garlic Murukku,1,500.0,8.0,25.0,55.0,True,False,False,True,False,  BLOOD RELATED ,  Oral Factor Xa Inhibitor
Rivaroxaban,Ginger Finger Biscuit,1,18.0,0.2,0.5,2.8,True,False,False,False,False,  BLOOD RELATED ,  Oral Factor Xa Inhibitor
Rivaroxaban,Garlic Murukku,1,500.0,8.0,25.0,55.0,True,False,False,True,False,  BLOOD RELATED ,  Oral Factor Xa Inhibitor
Rivaroxaban,Ginger Finger Biscuit,1,18.0,0.2,0.5,2.8,True,False,False,False,False,  BLOOD RELATED ,  Oral Factor Xa Inhibitor
Rivaroxaban,Garlic Murukku,1,500.0,8.0,25.0,55.0,True,False,False,True,False,  BLOOD RELATED ,  Oral Factor Xa Inhibitor
Rivaroxaban,Ginger Finger Biscuit,1,18.0,0.2,0.5,2.8,True,False,False,False,False,  BLOOD RELATED ,  Oral Factor Xa Inhibitor
Rivaroxaban,Garlic Murukku,1,500.0,8.0,25.0,55.0,True,False,False,True,False,  BLOOD RELATED ,  Oral Factor Xa Inhibitor
Rivaroxaban,Ginger Finger Biscuit,1,18.0,0.2,0.5,2.8,True,False,False,False,False,  BLOOD RELATED ,  Oral Factor Xa Inhibitor
Rivaroxaban,Garlic Murukku,1,500.0,8.0,25.0,55.0,True,False,False,True,False,  BLOOD RELATED ,  Oral Factor Xa Inhibitor
Rivaroxaban,Ginger Finger Biscuit,1,18.0,0.2,0.5,2.8,True,False,False,False,False,  BLOOD RELATED ,  Oral Factor Xa Inhibitor
Rivaroxaban,Garlic Murukku,1,500.0,8.0,25.0,55.0,True,False,False,True,False,  BLOOD RELATED ,  Oral Factor Xa Inhibitor
Rivaroxaban,Ginger Finger Biscuit,1,18.0,0.2,0.5,2.8,True,False,False,False,False,  BLOOD RELATED ,  Oral Factor Xa Inhibitor
Rivaroxaban,Garlic Murukku,1,500.0,8.0,25.0,55.0,True,False,False,True,False,  BLOOD RELATED ,  Oral Factor Xa Inhibitor
Rivaroxaban,Ginger Finger Biscuit,1,18.0,0.2,0.5,2.8,True,False,False,False,False,  BLOOD RELATED ,  Oral Factor Xa Inhibitor
Rivaroxaban,Garlic Murukku,1,500.0,8.0,25.0,55.0,True,False,False,True,False,  BLOOD RELATED ,  Oral Factor Xa Inhibitor
Rivaroxaban,Ginger Finger Biscuit,1,18.0,0.2,0.5,2.8,True,False,False,False,False,  BLOOD RELATED ,  Oral Factor Xa Inhibitor
Rivaroxaban,Garlic Murukku,1,500.0,8.0,25.0,55.0,True,False,False,True,False,  BLOOD RELATED ,  Oral Factor Xa Inhibitor
Rivaroxaban,Ginger Finger Biscuit,1,18.0,0.2,0.5,2.8,True,False,False,False,False,  BLOOD RELATED ,  Oral Factor Xa Inhibitor
Rivaroxaban,Garlic Murukku,1,500.0,8.0,25.0,55.0,True,False,False,True,False,  BLOOD RELATED ,  Oral Factor Xa Inhibitor
Rivaroxaban,Ginger Finger Biscuit,1,18.0,0.2,0.5,2.8,True,False,False,False,False,  BLOOD RELATED ,  Oral Factor Xa Inhibitor
Rivaroxaban,Garlic Murukku,1,500.0,8.0,25.0,55.0,True,False,False,True,False,  BLOOD RELATED ,  Oral Factor Xa Inhibitor
Sulodexide,Ginger Finger Biscuit,1,18.0,0.2,0.5,2.8,True,False,False,False,False,Unknown,Unknown
Sulodexide,Garlic Murukku,1,500.0,8.0,25.0,55.0,True,False,False,True,False,Unknown,Unknown
Semuloparin,Ginger Finger Biscuit,1,18.0,0.2,0.5,2.8,True,False,False,False,False,Unknown,Unknown
Semuloparin,Garlic Murukku,1,500.0,8.0,25.0,55.0,True,False,False,True,False,Unknown,Unknown
Idraparinux,Ginger Finger Biscuit,1,18.0,0.2,0.5,2.8,True,False,False,False,False,Unknown,Unknown
Idraparinux,Garlic Murukku,1,500.0,8.0,25.0,55.0,True,False,False,True,False,Unknown,Unknown
Cangrelor,Ginger Finger Biscuit,1,18.0,0.2,0.5,2.8,True,False,False,False,False,Unknown,Unknown
Cangrelor,Garlic Murukku,1,500.0,8.0,25.0,55.0,True,False,False,True,False,Unknown,Unknown
Apixaban,Ginger Finger Biscuit,1,18.0,0.2,0.5,2.8,True,False,False,False,False,  BLOOD RELATE,Unknown
Apixaban,Garlic Murukku,1,500.0,8.0,25.0,55.0,True,False,False,True,False,  BLOOD RELATE,Unknown
Apixaban,Ginger Finger Biscuit,1,18.0,0.2,0.5,2.8,True,False,False,False,False,  BLOOD RELATE,Unknown
Apixaban,Garlic Murukku,1,500.0,8.0,25.0,55.0,True,False,False,True,False,  BLOOD RELATE,Unknown
Apixaban,Ginger Finger Biscuit,1,18.0,0.2,0.5,2.8,True,False,False,False,False,  BLOOD RELATE,Unknown
Apixaban,Garlic Murukku,1,500.0,8.0,25.0,55.0,True,False,False,True,False,  BLOOD RELATE,Unknown
Apixaban,Ginger Finger Biscuit,1,18.0,0.2,0.5,2.8,True,False,False,False,False,  BLOOD RELATE,Unknown
Apixaban,Garlic Murukku,1,500.0,8.0,25.0,55.0,True,False,False,True,False,  BLOOD RELATE,Unknown
Apixaban,Ginger Finger Biscuit,1,18.0,0.2,0.5,2.8,True,False,False,False,False,  BLOOD RELATE,Unknown
Apixaban,Garlic Murukku,1,500.0,8.0,25.0,55.0,True,False,False,True,False,  BLOOD RELATE,Unknown
Apixaban,Ginger Finger Biscuit,1,18.0,0.2,0.5,2.8,True,False,False,False,False,  BLOOD RELATE,Unknown
Apixaban,Garlic Murukku,1,500.0,8.0,25.0,55.0,True,False,False,True,False,  BLOOD RELATE,Unknown
Apixaban,Ginger Finger Biscuit,1,18.0,0.2,0.5,2.8,True,False,False,False,False,  BLOOD RELATE,Unknown
Apixaban,Garlic Murukku,1,500.0,8.0,25.0,55.0,True,False,False,True,False,  BLOOD RELATE,Unknown
Apixaban,Ginger Finger Biscuit,1,18.0,0.2,0.5,2.8,True,False,False,False,False,  BLOOD RELATE,Unknown
Apixaban,Garlic Murukku,1,500.0,8.0,25.0,55.0,True,False,False,True,False,  BLOOD RELATE,Unknown
Apixaban,Ginger Finger Biscuit,1,18.0,0.2,0.5,2.8,True,False,False,False,False,  BLOOD RELATE,Unknown
Apixaban,Garlic Murukku,1,500.0,8.0,25.0,55.0,True,False,False,True,False,  BLOOD RELATE,Unknown
Apixaban,Ginger Finger Biscuit,1,18.0,0.2,0.5,2.8,True,False,False,False,False,  BLOOD RELATE,Unknown
Apixaban,Garlic Murukku,1,500.0,8.0,25.0,55.0,True,False,False,True,False,  BLOOD RELATE,Unknown
Apixaban,Ginger Finger Biscuit,1,18.0,0.2,0.5,2.8,True,False,False,False,False,  BLOOD RELATE,Unknown
Apixaban,Garlic Murukku,1,500.0,8.0,25.0,55.0,True,False,False,True,False,  BLOOD RELATE,Unknown
Apixaban,Ginger Finger Biscuit,1,18.0,0.2,0.5,2.8,True,False,False,False,False,  BLOOD RELATE,Unknown
Apixaban,Garlic Murukku,1,500.0,8.0,25.0,55.0,True,False,False,True,False,  BLOOD RELATE,Unknown
Apixaban,Ginger Finger Biscuit,1,18.0,0.2,0.5,2.8,True,False,False,False,False,  BLOOD RELATE,Unknown
Apixaban,Garlic Murukku,1,500.0,8.0,25.0,55.0,True,False,False,True,False,  BLOOD RELATE,Unknown
Apixaban,Ginger Finger Biscuit,1,18.0,0.2,0.5,2.8,True,False,False,False,False,  BLOOD RELATE,Unknown
Apixaban,Garlic Murukku,1,500.0,8.0,25.0,55.0,True,False,False,True,False,  BLOOD RELATE,Unknown
Apixaban,Ginger Finger Biscuit,1,18.0,0.2,0.5,2.8,True,False,False,False,False,  BLOOD RELATE,Unknown
Apixaban,Garlic Murukku,1,500.0,8.0,25.0,55.0,True,False,False,True,False,  BLOOD RELATE,Unknown
Apixaban,Ginger Finger Biscuit,1,18.0,0.2,0.5,2.8,True,False,False,False,False,  BLOOD RELATE,Unknown
Apixaban,Garlic Murukku,1,500.0,8.0,25.0,55.0,True,False,False,True,False,  BLOOD RELATE,Unknown
Apixaban,Ginger Finger Biscuit,1,18.0,0.2,0.5,2.8,True,False,False,False,False,  BLOOD RELATE,Unknown
Apixaban,Garlic Murukku,1,500.0,8.0,25.0,55.0,True,False,False,True,False,  BLOOD RELATE,Unknown
Apixaban,Ginger Finger Biscuit,1,18.0,0.2,0.5,2.8,True,False,False,False,False,  BLOOD RELATE,Unknown
Apixaban,Garlic Murukku,1,500.0,8.0,25.0,55.0,True,False,False,True,False,  BLOOD RELATE,Unknown
Apixaban,Ginger Finger Biscuit,1,18.0,0.2,0.5,2.8,True,False,False,False,False,  BLOOD RELATE,Unknown
Apixaban,Garlic Murukku,1,500.0,8.0,25.0,55.0,True,False,False,True,False,  BLOOD RELATE,Unknown
Apixaban,Ginger Finger Biscuit,1,18.0,0.2,0.5,2.8,True,False,False,False,False,  BLOOD RELATE,Unknown
Apixaban,Garlic Murukku,1,500.0,8.0,25.0,55.0,True,False,False,True,False,  BLOOD RELATE,Unknown
Apixaban,Ginger Finger Biscuit,1,18.0,0.2,0.5,2.8,True,False,False,False,False,  BLOOD RELATE,Unknown
Apixaban,Garlic Murukku,1,500.0,8.0,25.0,55.0,True,False,False,True,False,  BLOOD RELATE,Unknown
Apixaban,Ginger Finger Biscuit,1,18.0,0.2,0.5,2.8,True,False,False,False,False,  BLOOD RELATE,Unknown
Apixaban,Garlic Murukku,1,500.0,8.0,25.0,55.0,True,False,False,True,False,  BLOOD RELATE,Unknown
Apixaban,Ginger Finger Biscuit,1,18.0,0.2,0.5,2.8,True,False,False,False,False,  BLOOD RELATE,Unknown
Apixaban,Garlic Murukku,1,500.0,8.0,25.0,55.0,True,False,False,True,False,  BLOOD RELATE,Unknown
Apixaban,Ginger Finger Biscuit,1,18.0,0.2,0.5,2.8,True,False,False,False,False,  BLOOD RELATE,Unknown
Apixaban,Garlic Murukku,1,500.0,8.0,25.0,55.0,True,False,False,True,False,  BLOOD RELATE,Unknown
Apixaban,Ginger Finger Biscuit,1,18.0,0.2,0.5,2.8,True,False,False,False,False,  BLOOD RELATE,Unknown
Apixaban,Garlic Murukku,1,500.0,8.0,25.0,55.0,True,False,False,True,False,  BLOOD RELATE,Unknown
Apixaban,Ginger Finger Biscuit,1,18.0,0.2,0.5,2.8,True,False,False,False,False,  BLOOD RELATE,Unknown
Apixaban,Garlic Murukku,1,500.0,8.0,25.0,55.0,True,False,False,True,False,  BLOOD RELATE,Unknown
Apixaban,Ginger Finger Biscuit,1,18.0,0.2,0.5,2.8,True,False,False,False,False,  BLOOD RELATE,Unknown
Apixaban,Garlic Murukku,1,500.0,8.0,25.0,55.0,True,False,False,True,False,  BLOOD RELATE,Unknown
Apixaban,Ginger Finger Biscuit,1,18.0,0.2,0.5,2.8,True,False,False,False,False,  BLOOD RELATE,Unknown
Apixaban,Garlic Murukku,1,500.0,8.0,25.0,55.0,True,False,False,True,False,  BLOOD RELATE,Unknown
Apixaban,Ginger Finger Biscuit,1,18.0,0.2,0.5,2.8,True,False,False,False,False,  BLOOD RELATE,Unknown
Apixaban,Garlic Murukku,1,500.0,8.0,25.0,55.0,True,False,False,True,False,  BLOOD RELATE,Unknown
Apixaban,Ginger Finger Biscuit,1,18.0,0.2,0.5,2.8,True,False,False,False,False,  BLOOD RELATE,Unknown
Apixaban,Garlic Murukku,1,500.0,8.0,25.0,55.0,True,False,False,True,False,  BLOOD RELATE,Unknown
Apixaban,Ginger Finger Biscuit,1,18.0,0.2,0.5,2.8,True,False,False,False,False,  BLOOD RELATE,Unknown
Apixaban,Garlic Murukku,1,500.0,8.0,25.0,55.0,True,False,False,True,False,  BLOOD RELATE,Unknown
Apixaban,Ginger Finger Biscuit,1,18.0,0.2,0.5,2.8,True,False,False,False,False,  BLOOD RELATE,Unknown
Apixaban,Garlic Murukku,1,500.0,8.0,25.0,55.0,True,False,False,True,False,  BLOOD RELATE,Unknown
Apixaban,Ginger Finger Biscuit,1,18.0,0.2,0.5,2.8,True,False,False,False,False,  BLOOD RELATE,Unknown
Apixaban,Garlic Murukku,1,500.0,8.0,25.0,55.0,True,False,False,True,False,  BLOOD RELATE,Unknown
Apixaban,Ginger Finger Biscuit,1,18.0,0.2,0.5,2.8,True,False,False,False,False,  BLOOD RELATE,Unknown
Apixaban,Garlic Murukku,1,500.0,8.0,25.0,55.0,True,False,False,True,False,  BLOOD RELATE,Unknown
Apixaban,Ginger Finger Biscuit,1,18.0,0.2,0.5,2.8,True,False,False,False,False,  BLOOD RELATE,Unknown
Apixaban,Garlic Murukku,1,500.0,8.0,25.0,55.0,True,False,False,True,False,  BLOOD RELATE,Unknown
Apixaban,Ginger Finger Biscuit,1,18.0,0.2,0.5,2.8,True,False,False,False,False,  BLOOD RELATE,Unknown
Apixaban,Garlic Murukku,1,500.0,8.0,25.0,55.0,True,False,False,True,False,  BLOOD RELATE,Unknown
Apixaban,Ginger Finger Biscuit,1,18.0,0.2,0.5,2.8,True,False,False,False,False,  BLOOD RELATE,Unknown
Apixaban,Garlic Murukku,1,500.0,8.0,25.0,55.0,True,False,False,True,False,  BLOOD RELATE,Unknown
Apixaban,Ginger Finger Biscuit,1,18.0,0.2,0.5,2.8,True,False,False,False,False,  BLOOD RELATE,Unknown
Apixaban,Garlic Murukku,1,500.0,8.0,25.0,55.0,True,False,False,True,False,  BLOOD RELATE,Unknown
Apixaban,Ginger Finger Biscuit,1,18.0,0.2,0.5,2.8,True,False,False,False,False,  BLOOD RELATE,Unknown
Apixaban,Garlic Murukku,1,500.0,8.0,25.0,55.0,True,False,False,True,False,  BLOOD RELATE,Unknown
Apixaban,Ginger Finger Biscuit,1,18.0,0.2,0.5,2.8,True,False,False,False,False,  BLOOD RELATE,Unknown
Apixaban,Garlic Murukku,1,500.0,8.0,25.0,55.0,True,False,False,True,False,  BLOOD RELATE,Unknown
Apixaban,Ginger Finger Biscuit,1,18.0,0.2,0.5,2.8,True,False,False,False,False,  BLOOD RELATE,Unknown
Apixaban,Garlic Murukku,1,500.0,8.0,25.0,55.0,True,False,False,True,False,  BLOOD RELATE,Unknown
Apixaban,Ginger Finger Biscuit,1,18.0,0.2,0.5,2.8,True,False,False,False,False,  BLOOD RELATE,Unknown
Apixaban,Garlic Murukku,1,500.0,8.0,25.0,55.0,True,False,False,True,False,  BLOOD RELATE,Unknown
Apixaban,Ginger Finger Biscuit,1,18.0,0.2,0.5,2.8,True,False,False,False,False,  BLOOD RELATE,Unknown
Apixaban,Garlic Murukku,1,500.0,8.0,25.0,55.0,True,False,False,True,False,  BLOOD RELATE,Unknown
Apixaban,Ginger Finger Biscuit,1,18.0,0.2,0.5,2.8,True,False,False,False,False,  BLOOD RELATE,Unknown
Apixaban,Garlic Murukku,1,500.0,8.0,25.0,55.0,True,False,False,True,False,  BLOOD RELATE,Unknown
Apixaban,Ginger Finger Biscuit,1,18.0,0.2,0.5,2.8,True,False,False,False,False,  BLOOD RELATE,Unknown
Apixaban,Garlic Murukku,1,500.0,8.0,25.0,55.0,True,False,False,True,False,  BLOOD RELATE,Unknown
Apixaban,Ginger Finger Biscuit,1,18.0,0.2,0.5,2.8,True,False,False,False,False,  BLOOD RELATE,Unknown
Apixaban,Garlic Murukku,1,500.0,8.0,25.0,55.0,True,False,False,True,False,  BLOOD RELATE,Unknown
Otamixaban,Ginger Finger Biscuit,1,18.0,0.2,0.5,2.8,True,False,False,False,False,Unknown,Unknown
Otamixaban,Garlic Murukku,1,500.0,8.0,25.0,55.0,True,False,False,True,False,Unknown,Unknown
Amediplase,Ginger Finger Biscuit,1,18.0,0.2,0.5,2.8,True,False,False,False,False,Unknown,Unknown
Amediplase,Garlic Murukku,1,500.0,8.0,25.0,55.0,True,False,False,True,False,Unknown,Unknown
Dabigatran etexilate,Ginger Finger Biscuit,1,18.0,0.2,0.5,2.8,True,False,False,False,False,Unknown,Unknown
Dabigatran etexilate,Garlic Murukku,1,500.0,8.0,25.0,55.0,True,False,False,True,False,Unknown,Unknown
Danaparoid,Ginger Finger Biscuit,1,18.0,0.2,0.5,2.8,True,False,False,False,False,Unknown,Unknown
Danaparoid,Garlic Murukku,1,500.0,8.0,25.0,55.0,True,False,False,True,False,Unknown,Unknown
Dalteparin,Ginger Finger Biscuit,1,18.0,0.2,0.5,2.8,True,False,False,False,False,  BLOOD RELATED ,  Low molecular weight Heparin (LMWH
Dalteparin,Garlic Murukku,1,500.0,8.0,25.0,55.0,True,False,False,True,False,  BLOOD RELATED ,  Low molecular weight Heparin (LMWH
Dalteparin,Ginger Finger Biscuit,1,18.0,0.2,0.5,2.8,True,False,False,False,False,  BLOOD RELATED ,  Low molecular weight Heparin (LMWH
Dalteparin,Garlic Murukku,1,500.0,8.0,25.0,55.0,True,False,False,True,False,  BLOOD RELATED ,  Low molecular weight Heparin (LMWH
Dalteparin,Ginger Finger Biscuit,1,18.0,0.2,0.5,2.8,True,False,False,False,False,  BLOOD RELATED ,  Low molecular weight Heparin (LMWH
Dalteparin,Garlic Murukku,1,500.0,8.0,25.0,55.0,True,False,False,True,False,  BLOOD RELATED ,  Low molecular weight Heparin (LMWH
Dalteparin,Ginger Finger Biscuit,1,18.0,0.2,0.5,2.8,True,False,False,False,False,  BLOOD RELATED ,  Low molecular weight Heparin (LMWH
Dalteparin,Garlic Murukku,1,500.0,8.0,25.0,55.0,True,False,False,True,False,  BLOOD RELATED ,  Low molecular weight Heparin (LMWH
Dalteparin,Ginger Finger Biscuit,1,18.0,0.2,0.5,2.8,True,False,False,False,False,  BLOOD RELATED ,  Low molecular weight Heparin (LMWH
Dalteparin,Garlic Murukku,1,500.0,8.0,25.0,55.0,True,False,False,True,False,  BLOOD RELATED ,  Low molecular weight Heparin (LMWH
Tinzaparin,Ginger Finger Biscuit,1,18.0,0.2,0.5,2.8,True,False,False,False,False,  BLOOD RELATED ,  Low molecular weight Heparin (LMWH
Tinzaparin,Garlic Murukku,1,500.0,8.0,25.0,55.0,True,False,False,True,False,  BLOOD RELATED ,  Low molecular weight Heparin (LMWH
Tinzaparin,Ginger Finger Biscuit,1,18.0,0.2,0.5,2.8,True,False,False,False,False,  BLOOD RELATED ,  Low molecular weight Heparin (LMWH
Tinzaparin,Garlic Murukku,1,500.0,8.0,25.0,55.0,True,False,False,True,False,  BLOOD RELATED ,  Low molecular weight Heparin (LMWH
Tinzaparin,Ginger Finger Biscuit,1,18.0,0.2,0.5,2.8,True,False,False,False,False,  BLOOD RELATED ,  Low molecular weight Heparin (LMWH
Tinzaparin,Garlic Murukku,1,500.0,8.0,25.0,55.0,True,False,False,True,False,  BLOOD RELATED ,  Low molecular weight Heparin (LMWH
Tinzaparin,Ginger Finger Biscuit,1,18.0,0.2,0.5,2.8,True,False,False,False,False,  BLOOD RELATED ,  Low molecular weight Heparin (LMWH
Tinzaparin,Garlic Murukku,1,500.0,8.0,25.0,55.0,True,False,False,True,False,  BLOOD RELATED ,  Low molecular weight Heparin (LMWH
Tinzaparin,Ginger Finger Biscuit,1,18.0,0.2,0.5,2.8,True,False,False,False,False,  BLOOD RELATED ,  Low molecular weight Heparin (LMWH
Tinzaparin,Garlic Murukku,1,500.0,8.0,25.0,55.0,True,False,False,True,False,  BLOOD RELATED ,  Low molecular weight Heparin (LMWH
Tinzaparin,Ginger Finger Biscuit,1,18.0,0.2,0.5,2.8,True,False,False,False,False,  BLOOD RELATED ,  Low molecular weight Heparin (LMWH
Tinzaparin,Garlic Murukku,1,500.0,8.0,25.0,55.0,True,False,False,True,False,  BLOOD RELATED ,  Low molecular weight Heparin (LMWH
GW-813893,Ginger Finger Biscuit,1,18.0,0.2,0.5,2.8,True,False,False,False,False,Unknown,Unknown
GW-813893,Garlic Murukku,1,500.0,8.0,25.0,55.0,True,False,False,True,False,Unknown,Unknown
Ferulic acid,Ginger Finger Biscuit,1,18.0,0.2,0.5,2.8,True,False,False,False,False,Unknown,Unknown
Ferulic acid,Garlic Murukku,1,500.0,8.0,25.0,55.0,True,False,False,True,False,Unknown,Unknown
(R)-warfarin,Ginger Finger Biscuit,1,18.0,0.2,0.5,2.8,True,False,False,False,False,Unknown,Unknown
(R)-warfarin,Garlic Murukku,1,500.0,8.0,25.0,55.0,True,False,False,True,False,Unknown,Unknown
Ethyl biscoumacetate,Ginger Finger Biscuit,1,18.0,0.2,0.5,2.8,True,False,False,False,False,Unknown,Unknown
Ethyl biscoumacetate,Garlic Murukku,1,500.0,8.0,25.0,55.0,True,False,False,True,False,Unknown,Unknown
Nadroparin,Ginger Finger Biscuit,1,18.0,0.2,0.5,2.8,True,False,False,False,False,  BLOOD RELATED ,  Low molecular weight Heparin (LMWH
Nadroparin,Garlic Murukku,1,500.0,8.0,25.0,55.0,True,False,False,True,False,  BLOOD RELATED ,  Low molecular weight Heparin (LMWH
Nadroparin,Ginger Finger Biscuit,1,18.0,0.2,0.5,2.8,True,False,False,False,False,  BLOOD RELATED ,  Low molecular weight Heparin (LMWH
Nadroparin,Garlic Murukku,1,500.0,8.0,25.0,55.0,True,False,False,True,False,  BLOOD RELATED ,  Low molecular weight Heparin (LMWH
Nadroparin,Ginger Finger Biscuit,1,18.0,0.2,0.5,2.8,True,False,False,False,False,  BLOOD RELATED ,  Low molecular weight Heparin (LMWH
Nadroparin,Garlic Murukku,1,500.0,8.0,25.0,55.0,True,False,False,True,False,  BLOOD RELATED ,  Low molecular weight Heparin (LMWH
Nadroparin,Ginger Finger Biscuit,1,18.0,0.2,0.5,2.8,True,False,False,False,False,  BLOOD RELATED ,  Low molecular weight Heparin (LMWH
Nadroparin,Garlic Murukku,1,500.0,8.0,25.0,55.0,True,False,False,True,False,  BLOOD RELATED ,  Low molecular weight Heparin (LMWH
Nadroparin,Ginger Finger Biscuit,1,18.0,0.2,0.5,2.8,True,False,False,False,False,  BLOOD RELATED ,  Low molecular weight Heparin (LMWH
Nadroparin,Garlic Murukku,1,500.0,8.0,25.0,55.0,True,False,False,True,False,  BLOOD RELATED ,  Low molecular weight Heparin (LMWH
Nadroparin,Ginger Finger Biscuit,1,18.0,0.2,0.5,2.8,True,False,False,False,False,  BLOOD RELATED ,  Low molecular weight Heparin (LMWH
Nadroparin,Garlic Murukku,1,500.0,8.0,25.0,55.0,True,False,False,True,False,  BLOOD RELATED ,  Low molecular weight Heparin (LMWH
Triflusal,Ginger Finger Biscuit,1,18.0,0.2,0.5,2.8,True,False,False,False,False,Unknown,Unknown
Triflusal,Garlic Murukku,1,500.0,8.0,25.0,55.0,True,False,False,True,False,Unknown,Unknown
Ticagrelor,Ginger Finger Biscuit,1,18.0,0.2,0.5,2.8,True,False,False,False,False,  BLOOD RELATED ,  P2Y12 inhibitors (ADP receptor
Ticagrelor,Garlic Murukku,1,500.0,8.0,25.0,55.0,True,False,False,True,False,  BLOOD RELATED ,  P2Y12 inhibitors (ADP receptor
Ticagrelor,Ginger Finger Biscuit,1,18.0,0.2,0.5,2.8,True,False,False,False,False,  BLOOD RELATED ,  P2Y12 inhibitors (ADP receptor
Ticagrelor,Garlic Murukku,1,500.0,8.0,25.0,55.0,True,False,False,True,False,  BLOOD RELATED ,  P2Y12 inhibitors (ADP receptor
Ticagrelor,Ginger Finger Biscuit,1,18.0,0.2,0.5,2.8,True,False,False,False,False,  BLOOD RELATED ,  P2Y12 inhibitors (ADP receptor
Ticagrelor,Garlic Murukku,1,500.0,8.0,25.0,55.0,True,False,False,True,False,  BLOOD RELATED ,  P2Y12 inhibitors (ADP receptor
Ticagrelor,Ginger Finger Biscuit,1,18.0,0.2,0.5,2.8,True,False,False,False,False,  BLOOD RELATED ,  P2Y12 inhibitors (ADP receptor
Ticagrelor,Garlic Murukku,1,500.0,8.0,25.0,55.0,True,False,False,True,False,  BLOOD RELATED ,  P2Y12 inhibitors (ADP receptor
Ticagrelor,Ginger Finger Biscuit,1,18.0,0.2,0.5,2.8,True,False,False,False,False,  BLOOD RELATED ,  P2Y12 inhibitors (ADP receptor
Ticagrelor,Garlic Murukku,1,500.0,8.0,25.0,55.0,True,False,False,True,False,  BLOOD RELATED ,  P2Y12 inhibitors (ADP receptor
Ticagrelor,Ginger Finger Biscuit,1,18.0,0.2,0.5,2.8,True,False,False,False,False,  BLOOD RELATED ,  P2Y12 inhibitors (ADP receptor
Ticagrelor,Garlic Murukku,1,500.0,8.0,25.0,55.0,True,False,False,True,False,  BLOOD RELATED ,  P2Y12 inhibitors (ADP receptor
Ticagrelor,Ginger Finger Biscuit,1,18.0,0.2,0.5,2.8,True,False,False,False,False,  BLOOD RELATED ,  P2Y12 inhibitors (ADP receptor
Ticagrelor,Garlic Murukku,1,500.0,8.0,25.0,55.0,True,False,False,True,False,  BLOOD RELATED ,  P2Y12 inhibitors (ADP receptor
Ticagrelor,Ginger Finger Biscuit,1,18.0,0.2,0.5,2.8,True,False,False,False,False,  BLOOD RELATED ,  P2Y12 inhibitors (ADP receptor
Ticagrelor,Garlic Murukku,1,500.0,8.0,25.0,55.0,True,False,False,True,False,  BLOOD RELATED ,  P2Y12 inhibitors (ADP receptor
Ticagrelor,Ginger Finger Biscuit,1,18.0,0.2,0.5,2.8,True,False,False,False,False,  BLOOD RELATED ,  P2Y12 inhibitors (ADP receptor
Ticagrelor,Garlic Murukku,1,500.0,8.0,25.0,55.0,True,False,False,True,False,  BLOOD RELATED ,  P2Y12 inhibitors (ADP receptor
Ticagrelor,Ginger Finger Biscuit,1,18.0,0.2,0.5,2.8,True,False,False,False,False,  BLOOD RELATED ,  P2Y12 inhibitors (ADP receptor
Ticagrelor,Garlic Murukku,1,500.0,8.0,25.0,55.0,True,False,False,True,False,  BLOOD RELATED ,  P2Y12 inhibitors (ADP receptor
Ticagrelor,Ginger Finger Biscuit,1,18.0,0.2,0.5,2.8,True,False,False,False,False,  BLOOD RELATED ,  P2Y12 inhibitors (ADP receptor
Ticagrelor,Garlic Murukku,1,500.0,8.0,25.0,55.0,True,False,False,True,False,  BLOOD RELATED ,  P2Y12 inhibitors (ADP receptor
Ticagrelor,Ginger Finger Biscuit,1,18.0,0.2,0.5,2.8,True,False,False,False,False,  BLOOD RELATED ,  P2Y12 inhibitors (ADP receptor
Ticagrelor,Garlic Murukku,1,500.0,8.0,25.0,55.0,True,False,False,True,False,  BLOOD RELATED ,  P2Y12 inhibitors (ADP receptor
Ticagrelor,Ginger Finger Biscuit,1,18.0,0.2,0.5,2.8,True,False,False,False,False,  BLOOD RELATED ,  P2Y12 inhibitors (ADP receptor
Ticagrelor,Garlic Murukku,1,500.0,8.0,25.0,55.0,True,False,False,True,False,  BLOOD RELATED ,  P2Y12 inhibitors (ADP receptor
Ticagrelor,Ginger Finger Biscuit,1,18.0,0.2,0.5,2.8,True,False,False,False,False,  BLOOD RELATED ,  P2Y12 inhibitors (ADP receptor
Ticagrelor,Garlic Murukku,1,500.0,8.0,25.0,55.0,True,False,False,True,False,  BLOOD RELATED ,  P2Y12 inhibitors (ADP receptor
Ticagrelor,Ginger Finger Biscuit,1,18.0,0.2,0.5,2.8,True,False,False,False,False,  BLOOD RELATED ,  P2Y12 inhibitors (ADP receptor
Ticagrelor,Garlic Murukku,1,500.0,8.0,25.0,55.0,True,False,False,True,False,  BLOOD RELATED ,  P2Y12 inhibitors (ADP receptor
Ticagrelor,Ginger Finger Biscuit,1,18.0,0.2,0.5,2.8,True,False,False,False,False,  BLOOD RELATED ,  P2Y12 inhibitors (ADP receptor
Ticagrelor,Garlic Murukku,1,500.0,8.0,25.0,55.0,True,False,False,True,False,  BLOOD RELATED ,  P2Y12 inhibitors (ADP receptor
Ticagrelor,Ginger Finger Biscuit,1,18.0,0.2,0.5,2.8,True,False,False,False,False,  BLOOD RELATED ,  P2Y12 inhibitors (ADP receptor
Ticagrelor,Garlic Murukku,1,500.0,8.0,25.0,55.0,True,False,False,True,False,  BLOOD RELATED ,  P2Y12 inhibitors (ADP receptor
Ticagrelor,Ginger Finger Biscuit,1,18.0,0.2,0.5,2.8,True,False,False,False,False,  BLOOD RELATED ,  P2Y12 inhibitors (ADP receptor
Ticagrelor,Garlic Murukku,1,500.0,8.0,25.0,55.0,True,False,False,True,False,  BLOOD RELATED ,  P2Y12 inhibitors (ADP receptor
Ticagrelor,Ginger Finger Biscuit,1,18.0,0.2,0.5,2.8,True,False,False,False,False,  BLOOD RELATED ,  P2Y12 inhibitors (ADP receptor
Ticagrelor,Garlic Murukku,1,500.0,8.0,25.0,55.0,True,False,False,True,False,  BLOOD RELATED ,  P2Y12 inhibitors (ADP receptor
Ticagrelor,Ginger Finger Biscuit,1,18.0,0.2,0.5,2.8,True,False,False,False,False,  BLOOD RELATED ,  P2Y12 inhibitors (ADP receptor
Ticagrelor,Garlic Murukku,1,500.0,8.0,25.0,55.0,True,False,False,True,False,  BLOOD RELATED ,  P2Y12 inhibitors (ADP receptor
Ticagrelor,Ginger Finger Biscuit,1,18.0,0.2,0.5,2.8,True,False,False,False,False,  BLOOD RELATED ,  P2Y12 inhibitors (ADP receptor
Ticagrelor,Garlic Murukku,1,500.0,8.0,25.0,55.0,True,False,False,True,False,  BLOOD RELATED ,  P2Y12 inhibitors (ADP receptor
Ticagrelor,Ginger Finger Biscuit,1,18.0,0.2,0.5,2.8,True,False,False,False,False,  BLOOD RELATED ,  P2Y12 inhibitors (ADP receptor
Ticagrelor,Garlic Murukku,1,500.0,8.0,25.0,55.0,True,False,False,True,False,  BLOOD RELATED ,  P2Y12 inhibitors (ADP receptor
Ticagrelor,Ginger Finger Biscuit,1,18.0,0.2,0.5,2.8,True,False,False,False,False,  BLOOD RELATED ,  P2Y12 inhibitors (ADP receptor
Ticagrelor,Garlic Murukku,1,500.0,8.0,25.0,55.0,True,False,False,True,False,  BLOOD RELATED ,  P2Y12 inhibitors (ADP receptor
Ticagrelor,Ginger Finger Biscuit,1,18.0,0.2,0.5,2.8,True,False,False,False,False,  BLOOD RELATED ,  P2Y12 inhibitors (ADP receptor
Ticagrelor,Garlic Murukku,1,500.0,8.0,25.0,55.0,True,False,False,True,False,  BLOOD RELATED ,  P2Y12 inhibitors (ADP receptor
Ticagrelor,Ginger Finger Biscuit,1,18.0,0.2,0.5,2.8,True,False,False,False,False,  BLOOD RELATED ,  P2Y12 inhibitors (ADP receptor
Ticagrelor,Garlic Murukku,1,500.0,8.0,25.0,55.0,True,False,False,True,False,  BLOOD RELATED ,  P2Y12 inhibitors (ADP receptor
Ticagrelor,Ginger Finger Biscuit,1,18.0,0.2,0.5,2.8,True,False,False,False,False,  BLOOD RELATED ,  P2Y12 inhibitors (ADP receptor
Ticagrelor,Garlic Murukku,1,500.0,8.0,25.0,55.0,True,False,False,True,False,  BLOOD RELATED ,  P2Y12 inhibitors (ADP receptor
Ticagrelor,Ginger Finger Biscuit,1,18.0,0.2,0.5,2.8,True,False,False,False,False,  BLOOD RELATED ,  P2Y12 inhibitors (ADP receptor
Ticagrelor,Garlic Murukku,1,500.0,8.0,25.0,55.0,True,False,False,True,False,  BLOOD RELATED ,  P2Y12 inhibitors (ADP receptor
Ticagrelor,Ginger Finger Biscuit,1,18.0,0.2,0.5,2.8,True,False,False,False,False,  BLOOD RELATED ,  P2Y12 inhibitors (ADP receptor
Ticagrelor,Garlic Murukku,1,500.0,8.0,25.0,55.0,True,False,False,True,False,  BLOOD RELATED ,  P2Y12 inhibitors (ADP receptor
Ticagrelor,Ginger Finger Biscuit,1,18.0,0.2,0.5,2.8,True,False,False,False,False,  BLOOD RELATED ,  P2Y12 inhibitors (ADP receptor
Ticagrelor,Garlic Murukku,1,500.0,8.0,25.0,55.0,True,False,False,True,False,  BLOOD RELATED ,  P2Y12 inhibitors (ADP receptor
Ticagrelor,Ginger Finger Biscuit,1,18.0,0.2,0.5,2.8,True,False,False,False,False,  BLOOD RELATED ,  P2Y12 inhibitors (ADP receptor
Ticagrelor,Garlic Murukku,1,500.0,8.0,25.0,55.0,True,False,False,True,False,  BLOOD RELATED ,  P2Y12 inhibitors (ADP receptor
Ticagrelor,Ginger Finger Biscuit,1,18.0,0.2,0.5,2.8,True,False,False,False,False,  BLOOD RELATED ,  P2Y12 inhibitors (ADP receptor
Ticagrelor,Garlic Murukku,1,500.0,8.0,25.0,55.0,True,False,False,True,False,  BLOOD RELATED ,  P2Y12 inhibitors (ADP receptor
Ticagrelor,Ginger Finger Biscuit,1,18.0,0.2,0.5,2.8,True,False,False,False,False,  BLOOD RELATED ,  P2Y12 inhibitors (ADP receptor
Ticagrelor,Garlic Murukku,1,500.0,8.0,25.0,55.0,True,False,False,True,False,  BLOOD RELATED ,  P2Y12 inhibitors (ADP receptor
Ticagrelor,Ginger Finger Biscuit,1,18.0,0.2,0.5,2.8,True,False,False,False,False,  BLOOD RELATED ,  P2Y12 inhibitors (ADP receptor
Ticagrelor,Garlic Murukku,1,500.0,8.0,25.0,55.0,True,False,False,True,False,  BLOOD RELATED ,  P2Y12 inhibitors (ADP receptor
Ticagrelor,Ginger Finger Biscuit,1,18.0,0.2,0.5,2.8,True,False,False,False,False,  BLOOD RELATED ,  P2Y12 inhibitors (ADP receptor
Ticagrelor,Garlic Murukku,1,500.0,8.0,25.0,55.0,True,False,False,True,False,  BLOOD RELATED ,  P2Y12 inhibitors (ADP receptor
Ticagrelor,Ginger Finger Biscuit,1,18.0,0.2,0.5,2.8,True,False,False,False,False,  BLOOD RELATED ,  P2Y12 inhibitors (ADP receptor
Ticagrelor,Garlic Murukku,1,500.0,8.0,25.0,55.0,True,False,False,True,False,  BLOOD RELATED ,  P2Y12 inhibitors (ADP receptor
Ticagrelor,Ginger Finger Biscuit,1,18.0,0.2,0.5,2.8,True,False,False,False,False,  BLOOD RELATED ,  P2Y12 inhibitors (ADP receptor
Ticagrelor,Garlic Murukku,1,500.0,8.0,25.0,55.0,True,False,False,True,False,  BLOOD RELATED ,  P2Y12 inhibitors (ADP receptor
Ticagrelor,Ginger Finger Biscuit,1,18.0,0.2,0.5,2.8,True,False,False,False,False,  BLOOD RELATED ,  P2Y12 inhibitors (ADP receptor
Ticagrelor,Garlic Murukku,1,500.0,8.0,25.0,55.0,True,False,False,True,False,  BLOOD RELATED ,  P2Y12 inhibitors (ADP receptor
Ticagrelor,Ginger Finger Biscuit,1,18.0,0.2,0.5,2.8,True,False,False,False,False,  BLOOD RELATED ,  P2Y12 inhibitors (ADP receptor
Ticagrelor,Garlic Murukku,1,500.0,8.0,25.0,55.0,True,False,False,True,False,  BLOOD RELATED ,  P2Y12 inhibitors (ADP receptor
Ticagrelor,Ginger Finger Biscuit,1,18.0,0.2,0.5,2.8,True,False,False,False,False,  BLOOD RELATED ,  P2Y12 inhibitors (ADP receptor
Ticagrelor,Garlic Murukku,1,500.0,8.0,25.0,55.0,True,False,False,True,False,  BLOOD RELATED ,  P2Y12 inhibitors (ADP receptor
Ticagrelor,Ginger Finger Biscuit,1,18.0,0.2,0.5,2.8,True,False,False,False,False,  BLOOD RELATED ,  P2Y12 inhibitors (ADP receptor
Ticagrelor,Garlic Murukku,1,500.0,8.0,25.0,55.0,True,False,False,True,False,  BLOOD RELATED ,  P2Y12 inhibitors (ADP receptor
Ticagrelor,Ginger Finger Biscuit,1,18.0,0.2,0.5,2.8,True,False,False,False,False,  BLOOD RELATED ,  P2Y12 inhibitors (ADP receptor
Ticagrelor,Garlic Murukku,1,500.0,8.0,25.0,55.0,True,False,False,True,False,  BLOOD RELATED ,  P2Y12 inhibitors (ADP receptor
Ticagrelor,Ginger Finger Biscuit,1,18.0,0.2,0.5,2.8,True,False,False,False,False,  BLOOD RELATED ,  P2Y12 inhibitors (ADP receptor
Ticagrelor,Garlic Murukku,1,500.0,8.0,25.0,55.0,True,False,False,True,False,  BLOOD RELATED ,  P2Y12 inhibitors (ADP receptor
Ticagrelor,Ginger Finger Biscuit,1,18.0,0.2,0.5,2.8,True,False,False,False,False,  BLOOD RELATED ,  P2Y12 inhibitors (ADP receptor
Ticagrelor,Garlic Murukku,1,500.0,8.0,25.0,55.0,True,False,False,True,False,  BLOOD RELATED ,  P2Y12 inhibitors (ADP receptor
Ticagrelor,Ginger Finger Biscuit,1,18.0,0.2,0.5,2.8,True,False,False,False,False,  BLOOD RELATED ,  P2Y12 inhibitors (ADP receptor
Ticagrelor,Garlic Murukku,1,500.0,8.0,25.0,55.0,True,False,False,True,False,  BLOOD RELATED ,  P2Y12 inhibitors (ADP receptor
Ticagrelor,Ginger Finger Biscuit,1,18.0,0.2,0.5,2.8,True,False,False,False,False,  BLOOD RELATED ,  P2Y12 inhibitors (ADP receptor
Ticagrelor,Garlic Murukku,1,500.0,8.0,25.0,55.0,True,False,False,True,False,  BLOOD RELATED ,  P2Y12 inhibitors (ADP receptor
Ticagrelor,Ginger Finger Biscuit,1,18.0,0.2,0.5,2.8,True,False,False,False,False,  BLOOD RELATED ,  P2Y12 inhibitors (ADP receptor
Ticagrelor,Garlic Murukku,1,500.0,8.0,25.0,55.0,True,False,False,True,False,  BLOOD RELATED ,  P2Y12 inhibitors (ADP receptor
Ticagrelor,Ginger Finger Biscuit,1,18.0,0.2,0.5,2.8,True,False,False,False,False,  BLOOD RELATED ,  P2Y12 inhibitors (ADP receptor
Ticagrelor,Garlic Murukku,1,500.0,8.0,25.0,55.0,True,False,False,True,False,  BLOOD RELATED ,  P2Y12 inhibitors (ADP receptor
Ticagrelor,Ginger Finger Biscuit,1,18.0,0.2,0.5,2.8,True,False,False,False,False,  BLOOD RELATED ,  P2Y12 inhibitors (ADP receptor
Ticagrelor,Garlic Murukku,1,500.0,8.0,25.0,55.0,True,False,False,True,False,  BLOOD RELATED ,  P2Y12 inhibitors (ADP receptor
Ticagrelor,Ginger Finger Biscuit,1,18.0,0.2,0.5,2.8,True,False,False,False,False,  BLOOD RELATED ,  P2Y12 inhibitors (ADP receptor
Ticagrelor,Garlic Murukku,1,500.0,8.0,25.0,55.0,True,False,False,True,False,  BLOOD RELATED ,  P2Y12 inhibitors (ADP receptor
Ticagrelor,Ginger Finger Biscuit,1,18.0,0.2,0.5,2.8,True,False,False,False,False,  BLOOD RELATED ,  P2Y12 inhibitors (ADP receptor
Ticagrelor,Garlic Murukku,1,500.0,8.0,25.0,55.0,True,False,False,True,False,  BLOOD RELATED ,  P2Y12 inhibitors (ADP receptor
Ticagrelor,Ginger Finger Biscuit,1,18.0,0.2,0.5,2.8,True,False,False,False,False,  BLOOD RELATED ,  P2Y12 inhibitors (ADP receptor
Ticagrelor,Garlic Murukku,1,500.0,8.0,25.0,55.0,True,False,False,True,False,  BLOOD RELATED ,  P2Y12 inhibitors (ADP receptor
Ticagrelor,Ginger Finger Biscuit,1,18.0,0.2,0.5,2.8,True,False,False,False,False,  BLOOD RELATED ,  P2Y12 inhibitors (ADP receptor
Ticagrelor,Garlic Murukku,1,500.0,8.0,25.0,55.0,True,False,False,True,False,  BLOOD RELATED ,  P2Y12 inhibitors (ADP receptor
Ticagrelor,Ginger Finger Biscuit,1,18.0,0.2,0.5,2.8,True,False,False,False,False,  BLOOD RELATED ,  P2Y12 inhibitors (ADP receptor
Ticagrelor,Garlic Murukku,1,500.0,8.0,25.0,55.0,True,False,False,True,False,  BLOOD RELATED ,  P2Y12 inhibitors (ADP receptor
Ticagrelor,Ginger Finger Biscuit,1,18.0,0.2,0.5,2.8,True,False,False,False,False,  BLOOD RELATED ,  P2Y12 inhibitors (ADP receptor
Ticagrelor,Garlic Murukku,1,500.0,8.0,25.0,55.0,True,False,False,True,False,  BLOOD RELATED ,  P2Y12 inhibitors (ADP receptor
Ticagrelor,Ginger Finger Biscuit,1,18.0,0.2,0.5,2.8,True,False,False,False,False,  BLOOD RELATED ,  P2Y12 inhibitors (ADP receptor
Ticagrelor,Garlic Murukku,1,500.0,8.0,25.0,55.0,True,False,False,True,False,  BLOOD RELATED ,  P2Y12 inhibitors (ADP receptor
Ticagrelor,Ginger Finger Biscuit,1,18.0,0.2,0.5,2.8,True,False,False,False,False,  BLOOD RELATED ,  P2Y12 inhibitors (ADP receptor
Ticagrelor,Garlic Murukku,1,500.0,8.0,25.0,55.0,True,False,False,True,False,  BLOOD RELATED ,  P2Y12 inhibitors (ADP receptor
Ticagrelor,Ginger Finger Biscuit,1,18.0,0.2,0.5,2.8,True,False,False,False,False,  BLOOD RELATED ,  P2Y12 inhibitors (ADP receptor
Ticagrelor,Garlic Murukku,1,500.0,8.0,25.0,55.0,True,False,False,True,False,  BLOOD RELATED ,  P2Y12 inhibitors (ADP receptor
Ticagrelor,Ginger Finger Biscuit,1,18.0,0.2,0.5,2.8,True,False,False,False,False,  BLOOD RELATED ,  P2Y12 inhibitors (ADP receptor
Ticagrelor,Garlic Murukku,1,500.0,8.0,25.0,55.0,True,False,False,True,False,  BLOOD RELATED ,  P2Y12 inhibitors (ADP receptor
Ticagrelor,Ginger Finger Biscuit,1,18.0,0.2,0.5,2.8,True,False,False,False,False,  BLOOD RELATED ,  P2Y12 inhibitors (ADP receptor
Ticagrelor,Garlic Murukku,1,500.0,8.0,25.0,55.0,True,False,False,True,False,  BLOOD RELATED ,  P2Y12 inhibitors (ADP receptor
Ticagrelor,Ginger Finger Biscuit,1,18.0,0.2,0.5,2.8,True,False,False,False,False,  BLOOD RELATED ,  P2Y12 inhibitors (ADP receptor
Ticagrelor,Garlic Murukku,1,500.0,8.0,25.0,55.0,True,False,False,True,False,  BLOOD RELATED ,  P2Y12 inhibitors (ADP receptor
Ticagrelor,Ginger Finger Biscuit,1,18.0,0.2,0.5,2.8,True,False,False,False,False,  BLOOD RELATED ,  P2Y12 inhibitors (ADP receptor
Ticagrelor,Garlic Murukku,1,500.0,8.0,25.0,55.0,True,False,False,True,False,  BLOOD RELATED ,  P2Y12 inhibitors (ADP receptor
Ticagrelor,Ginger Finger Biscuit,1,18.0,0.2,0.5,2.8,True,False,False,False,False,  BLOOD RELATED ,  P2Y12 inhibitors (ADP receptor
Ticagrelor,Garlic Murukku,1,500.0,8.0,25.0,55.0,True,False,False,True,False,  BLOOD RELATED ,  P2Y12 inhibitors (ADP receptor
Levomilnacipran,Ginger Finger Biscuit,1,18.0,0.2,0.5,2.8,True,False,False,False,False,  NEURO CNS ,  Serotonin-norepinephrine reuptake inhibitors (SNRIs
Levomilnacipran,Garlic Murukku,1,500.0,8.0,25.0,55.0,True,False,False,True,False,  NEURO CNS ,  Serotonin-norepinephrine reuptake inhibitors (SNRIs
Levomilnacipran,Ginger Finger Biscuit,1,18.0,0.2,0.5,2.8,True,False,False,False,False,  NEURO CNS ,  Serotonin-norepinephrine reuptake inhibitors (SNRIs
Levomilnacipran,Garlic Murukku,1,500.0,8.0,25.0,55.0,True,False,False,True,False,  NEURO CNS ,  Serotonin-norepinephrine reuptake inhibitors (SNRIs
Floctafenine,Ginger Finger Biscuit,1,18.0,0.2,0.5,2.8,True,False,False,False,False,Unknown,Unknown
Floctafenine,Garlic Murukku,1,500.0,8.0,25.0,55.0,True,False,False,True,False,Unknown,Unknown
Ditazole,Ginger Finger Biscuit,1,18.0,0.2,0.5,2.8,True,False,False,False,False,Unknown,Unknown
Ditazole,Garlic Murukku,1,500.0,8.0,25.0,55.0,True,False,False,True,False,Unknown,Unknown
Vorapaxar,Ginger Finger Biscuit,1,18.0,0.2,0.5,2.8,True,False,False,False,False,Unknown,Unknown
Vorapaxar,Garlic Murukku,1,500.0,8.0,25.0,55.0,True,False,False,True,False,Unknown,Unknown
Edoxaban,Ginger Finger Biscuit,1,18.0,0.2,0.5,2.8,True,False,False,False,False,Unknown,Unknown
Edoxaban,Garlic Murukku,1,500.0,8.0,25.0,55.0,True,False,False,True,False,Unknown,Unknown
Dextran,Ginger Finger Biscuit,1,18.0,0.2,0.5,2.8,True,False,False,False,False,Unknown,Unknown
Dextran,Garlic Murukku,1,500.0,8.0,25.0,55.0,True,False,False,True,False,Unknown,Unknown
Bemiparin,Ginger Finger Biscuit,1,18.0,0.2,0.5,2.8,True,False,False,False,False,  BLOOD RELATED ,  Low molecular weight Heparin (LMWH
Bemiparin,Garlic Murukku,1,500.0,8.0,25.0,55.0,True,False,False,True,False,  BLOOD RELATED ,  Low molecular weight Heparin (LMWH
Bemiparin,Ginger Finger Biscuit,1,18.0,0.2,0.5,2.8,True,False,False,False,False,  BLOOD RELATED ,  Low molecular weight Heparin (LMWH
Bemiparin,Garlic Murukku,1,500.0,8.0,25.0,55.0,True,False,False,True,False,  BLOOD RELATED ,  Low molecular weight Heparin (LMWH
Bemiparin,Ginger Finger Biscuit,1,18.0,0.2,0.5,2.8,True,False,False,False,False,  BLOOD RELATED ,  Low molecular weight Heparin (LMWH
Bemiparin,Garlic Murukku,1,500.0,8.0,25.0,55.0,True,False,False,True,False,  BLOOD RELATED ,  Low molecular weight Heparin (LMWH
Reviparin,Ginger Finger Biscuit,1,18.0,0.2,0.5,2.8,True,False,False,False,False,  BLOOD RELATED ,  Low molecular weight Heparin (LMWH
Reviparin,Garlic Murukku,1,500.0,8.0,25.0,55.0,True,False,False,True,False,  BLOOD RELATED ,  Low molecular weight Heparin (LMWH
Parnaparin,Ginger Finger Biscuit,1,18.0,0.2,0.5,2.8,True,False,False,False,False,  BLOOD RELATED ,  Low molecular weight Heparin (LMWH
Parnaparin,Garlic Murukku,1,500.0,8.0,25.0,55.0,True,False,False,True,False,  BLOOD RELATED ,  Low molecular weight Heparin (LMWH
Parnaparin,Ginger Finger Biscuit,1,18.0,0.2,0.5,2.8,True,False,False,False,False,  BLOOD RELATED ,  Low molecular weight Heparin (LMWH
Parnaparin,Garlic Murukku,1,500.0,8.0,25.0,55.0,True,False,False,True,False,  BLOOD RELATED ,  Low molecular weight Heparin (LMWH
Certoparin,Ginger Finger Biscuit,1,18.0,0.2,0.5,2.8,True,False,False,False,False,Unknown,Unknown
Certoparin,Garlic Murukku,1,500.0,8.0,25.0,55.0,True,False,False,True,False,Unknown,Unknown
Desirudin,Ginger Finger Biscuit,1,18.0,0.2,0.5,2.8,True,False,False,False,False,Unknown,Unknown
Desirudin,Garlic Murukku,1,500.0,8.0,25.0,55.0,True,False,False,True,False,Unknown,Unknown
Antithrombin Alfa,Ginger Finger Biscuit,1,18.0,0.2,0.5,2.8,True,False,False,False,False,Unknown,Unknown
Antithrombin Alfa,Garlic Murukku,1,500.0,8.0,25.0,55.0,True,False,False,True,False,Unknown,Unknown
Protein C,Ginger Finger Biscuit,1,18.0,0.2,0.5,2.8,True,False,False,False,False,Unknown,Unknown
Protein C,Garlic Murukku,1,500.0,8.0,25.0,55.0,True,False,False,True,False,Unknown,Unknown
Antithrombin III human,Ginger Finger Biscuit,1,18.0,0.2,0.5,2.8,True,False,False,False,False,Unknown,Unknown
Antithrombin III human,Garlic Murukku,1,500.0,8.0,25.0,55.0,True,False,False,True,False,Unknown,Unknown
Letaxaban,Ginger Finger Biscuit,1,18.0,0.2,0.5,2.8,True,False,False,False,False,Unknown,Unknown
Letaxaban,Garlic Murukku,1,500.0,8.0,25.0,55.0,True,False,False,True,False,Unknown,Unknown
Darexaban,Ginger Finger Biscuit,1,18.0,0.2,0.5,2.8,True,False,False,False,False,Unknown,Unknown
Darexaban,Garlic Murukku,1,500.0,8.0,25.0,55.0,True,False,False,True,False,Unknown,Unknown
Betrixaban,Ginger Finger Biscuit,1,18.0,0.2,0.5,2.8,True,False,False,False,False,Unknown,Unknown
Betrixaban,Garlic Murukku,1,500.0,8.0,25.0,55.0,True,False,False,True,False,Unknown,Unknown
Nafamostat,Ginger Finger Biscuit,1,18.0,0.2,0.5,2.8,True,False,False,False,False,Unknown,Unknown
Nafamostat,Garlic Murukku,1,500.0,8.0,25.0,55.0,True,False,False,True,False,Unknown,Unknown
Monteplase,Ginger Finger Biscuit,1,18.0,0.2,0.5,2.8,True,False,False,False,False,Unknown,Unknown
Monteplase,Garlic Murukku,1,500.0,8.0,25.0,55.0,True,False,False,True,False,Unknown,Unknown
Gabexate,Ginger Finger Biscuit,1,18.0,0.2,0.5,2.8,True,False,False,False,False,Unknown,Unknown
Gabexate,Garlic Murukku,1,500.0,8.0,25.0,55.0,True,False,False,True,False,Unknown,Unknown
Fluindione,Ginger Finger Biscuit,1,18.0,0.2,0.5,2.8,True,False,False,False,False,Unknown,Unknown
Fluindione,Garlic Murukku,1,500.0,8.0,25.0,55.0,True,False,False,True,False,Unknown,Unknown
Protein S human,Ginger Finger Biscuit,1,18.0,0.2,0.5,2.8,True,False,False,False,False,Unknown,Unknown
Protein S human,Garlic Murukku,1,500.0,8.0,25.0,55.0,True,False,False,True,False,Unknown,Unknown
Clorindione,Ginger Finger Biscuit,1,18.0,0.2,0.5,2.8,True,False,False,False,False,Unknown,Unknown
Clorindione,Garlic Murukku,1,500.0,8.0,25.0,55.0,True,False,False,True,False,Unknown,Unknown
Diphenadione,Ginger Finger Biscuit,1,18.0,0.2,0.5,2.8,True,False,False,False,False,Unknown,Unknown
Diphenadione,Garlic Murukku,1,500.0,8.0,25.0,55.0,True,False,False,True,False,Unknown,Unknown
Tioclomarol,Ginger Finger Biscuit,1,18.0,0.2,0.5,2.8,True,False,False,False,False,Unknown,Unknown
Tioclomarol,Garlic Murukku,1,500.0,8.0,25.0,55.0,True,False,False,True,False,Unknown,Unknown
Melagatran,Ginger Finger Biscuit,1,18.0,0.2,0.5,2.8,True,False,False,False,False,Unknown,Unknown
Melagatran,Garlic Murukku,1,500.0,8.0,25.0,55.0,True,False,False,True,False,Unknown,Unknown
Saruplase,Ginger Finger Biscuit,1,18.0,0.2,0.5,2.8,True,False,False,False,False,Unknown,Unknown
Saruplase,Garlic Murukku,1,500.0,8.0,25.0,55.0,True,False,False,True,False,Unknown,Unknown
(S)-Warfarin,Ginger Finger Biscuit,1,18.0,0.2,0.5,2.8,True,False,False,False,False,Unknown,Unknown
(S)-Warfarin,Garlic Murukku,1,500.0,8.0,25.0,55.0,True,False,False,True,False,Unknown,Unknown
Tocopherylquinone,Ginger Finger Biscuit,1,18.0,0.2,0.5,2.8,True,False,False,False,False,Unknown,Unknown
Tocopherylquinone,Garlic Murukku,1,500.0,8.0,25.0,55.0,True,False,False,True,False,Unknown,Unknown
Dabigatran,Ginger Finger Biscuit,1,18.0,0.2,0.5,2.8,True,False,False,False,False,Unknown,Unknown
Dabigatran,Garlic Murukku,1,500.0,8.0,25.0,55.0,True,False,False,True,False,Unknown,Unknown
Metaxalone,Aluwa,0,400.0,3.0,8.0,85.0,False,False,False,False,False,  PAIN ANALGESICS ,  Skeletal muscle relaxant- Centrally actin
Pneumococcal Polysaccharide Conjugate Vaccine,Boondi,0,240.0,3.0,10.0,38.0,False,False,False,False,False,  VACCINES ,  Subunit (Purified antigen
Magnesium Bisglycinate,Roast Green Pea,0,190.0,14.0,4.5,32.0,False,False,False,False,True,  VITAMINS MINERALS NUTRIENTS ,  Mineral
Cabazitaxel,Boondi,0,240.0,3.0,10.0,38.0,False,False,False,False,False,  ANTI NEOPLASTICS ,  Alkaloids-cytotoxic agent
Pirfenidone,Whole Milk,0,130.0,7.0,7.0,10.0,False,False,False,False,False,  RESPIRATORY ,  Idiopathic pulmonary fibrosis (IPF
Eszopiclone,Mango Chutney,0,60.0,0.5,0.0,15.0,False,False,False,False,False,  NEURO CNS ,  Non-benzodiazepine hypnotics (Z Compounds
Insulin Lispro,Fruit & Nut ice cream,0,230.0,3.9,9.0,34.0,False,False,False,False,False,  ANTI DIABETIC ,  Insulin analogues- rapid actin
Desonide,Skim Milk,0,80.0,8.0,0.0,12.0,False,False,False,False,False,  DERMA ,  Glucocorticoid
Faropenem,Thala Bola,0,26.0,0.6,1.6,3.2,False,False,False,False,False,  ANTI INFECTIVES ,  Pene
Inactivated Hepatitis A Vaccine,Custard cream biscuit,0,54.0,0.6,2.0,9.0,False,False,False,False,False,  VACCINE,Unknown
Deflazacort,Cucumber Salad,0,35.0,1.0,0.0,7.0,False,False,False,False,False,  HORMONE,Unknown
ANTI-PSORIATIC,Kola Mallum,0,80.0,1.0,5.0,5.0,False,False,False,False,False,  DERM,Unknown
Ursodeoxycholic Acid,Dodol,0,380.0,2.0,12.0,75.0,False,False,False,True,False,  GASTRO INTESTINAL ,  Hepatoprotective
Nicotinic acid,Custard cream biscuit,0,54.0,0.6,2.0,9.0,False,False,False,False,False,  VITAMINS MINERALS NUTRIENTS ,  Vitamin
Fluorouracil,Mango Chutney with Sugar,0,200.0,0.5,0.0,50.0,False,False,False,False,False,  ANTI NEOPLASTICS ,  Antimetabolite
Magnesium Citrate,Kiribath,0,150.0,1.9,7.0,16.0,False,False,False,False,False,  VITAMINS MINERALS NUTRIENT,Unknown
Methylphenidate,Skim Milk,0,80.0,8.0,0.0,12.0,False,False,False,False,False,  NEURO CNS ,  Sympthatomimmetics-ADH
Proguanil,Banana,0,90.0,1.0,0.0,23.0,False,False,False,False,False,  ANTI MALARIALS ,  Antimalarial- other
Calcium Chloride,Lunu Miris,0,12.0,0.87,0.04,1.43,False,False,False,False,False,  DERM,Unknown
Phenylpropanolamine,Kola Mallum,0,80.0,1.0,5.0,5.0,False,False,False,False,False,  RESPIRATOR,Unknown
Framycetin,Chocolate Cream Biscuit,0,53.0,1.0,2.0,8.0,False,False,False,False,False,  DERMA ,  Aminoglycoside
Desidustat,Boondi,0,240.0,3.0,10.0,38.0,False,False,False,False,False,  BLOOD RELATE,Unknown
Urofollitropin,Kotmale Vanilla milk,0,124.0,3.4,3.0,21.0,False,False,False,False,False,  GYNAECOLOGICAL ,  Gonadotropin
Paroxetine,Soya meat curry,0,84.0,6.0,4.0,8.0,False,False,False,False,False,  NEURO CNS ,  Selective Seretonin Reuptake inhibitors (SSRIs
Trazodone,Egg,0,70.0,6.0,5.0,0.4,False,False,False,False,False,  NEURO CNS ,  Serotonin antagonist and reuptake inhibitors (SARIs
Lactase,Skim Milk,0,80.0,8.0,0.0,12.0,False,False,False,False,False,  GASTRO INTESTINAL ,  Digestive enzyme
Allylestrenol,Dodol,0,380.0,2.0,12.0,75.0,False,False,False,True,False,  GYNAECOLOGICAL ,  Progestins- Other
Itopride,Wonder choc ice cream,0,206.0,2.4,14.0,18.0,False,False,False,True,False,  GASTRO INTESTINAL ,  Dopamine (D2) receptor antagonist-Prokinetic agen
Ciclesonide,Whole Milk,0,130.0,7.0,7.0,10.0,False,False,False,False,False,  RESPIRATOR,Unknown
Lacidipine,Chocolate Cream Biscuit,0,53.0,1.0,2.0,8.0,False,False,False,False,False,  CARDIAC ,  Calcium channel blockers- Dihydropyridines (DHP
Disodium Hydrogen Citrate,Lemon puff,0,59.0,0.7,2.3,8.7,False,False,False,False,False,  UROLOGY ,  Uricosuric agent-gou
Tofacitinib,Lunu Miris,0,12.0,0.87,0.04,1.43,False,False,False,False,False,  PAIN ANALGESICS ,  Janus kinase inhibitor
Exenatide,Jackfruit,0,33.0,0.6,0.2,8.2,False,False,False,False,False,  ANTI DIABETIC ,  Insulin Secretogogues   GLP-1 agonist
Clofazimine,Dhal Curry,0,100.0,7.0,2.0,14.0,False,False,False,False,False,  ANTI INFECTIVES ,  Anti leproti
Tiagabine,Roast Green Pea,0,190.0,14.0,4.5,32.0,False,False,False,False,True,  NEURO CNS ,  GABA reuptake inhibitors (AED
Arteether,Jelly Jujub,0,14.0,0.0,0.0,3.4,False,False,False,False,False,  ANTI MALARIALS ,  Antimalarial- Artemisinin and derivative
Secnidazole,Kiribath,0,150.0,1.9,7.0,16.0,False,False,False,False,False,  ANTI INFECTIVES ,  5-Nitroimidazole (Antiprotozoal & Antibacterial
Mupirocin,Watermelon,0,30.0,0.6,0.2,7.6,False,False,False,False,False,  DERMA ,  Cell membrane active agen
Ripasudil,Kotmale Vanilla milk,0,124.0,3.4,3.0,21.0,False,False,False,False,False,  OPHTHA,Unknown
Besifloxacin,Dhal Curry,0,100.0,7.0,2.0,14.0,False,False,False,False,False,  OPHTHAL ,  Quinolones/ Fluroquinolone
Dopamine,Coconut Cake,0,250.0,3.0,14.0,30.0,False,False,False,True,False,  CARDIAC ,  Sympathomimetics agonist-Inotrope
Pregabalin,White Noodles,0,140.0,4.0,1.0,30.0,False,False,False,False,False,  NEURO CN,Unknown
Carbenicillin,Saw Kanji,0,250.0,6.0,5.0,50.0,False,False,False,False,False,  ANTI INFECTIVES ,  Cell wall active agent -Extended spectrum Penicilli
Trifluoperazine,Beetroot curry with coconut milk,0,89.0,2.0,4.7,11.0,False,False,False,False,False,  NEURO CN,Unknown
Carbenicillin,Chocolate Cake,0,250.0,3.0,12.0,35.0,False,False,False,True,False,  ANTI INFECTIVES ,  Cell wall active agent -Extended spectrum Penicilli
Pentazocine,Ginger Finger Biscuit,0,18.0,0.2,0.5,2.8,True,False,False,False,False,  PAIN ANALGESICS ,  Opioid
Udenafil,Guava,0,37.0,1.0,0.2,9.2,False,False,False,False,False,  SEX STIMULANTS REJUVENATORS ,  Phosphodiesterase-V inhibitor
Dexketoprofen,Chocolate ice cream,0,154.0,2.6,10.0,14.0,False,False,False,False,False,  PAIN ANALGESIC,Unknown
Cabozantinib,Tuna,0,132.0,29.0,0.6,0.0,False,False,False,False,True,  ANTI NEOPLASTICS ,  Tyrosine kinase inhibitor
Selexipag,Papadam,0,21.0,1.0,1.0,3.7,False,False,False,False,False,  CARDIA,Unknown
Felbinac,Almonds,0,180.0,6.0,15.0,6.0,False,False,False,True,False,  PAIN ANALGESICS ,  NSAID
Idoxuridine,Cream Bun,0,300.0,4.0,15.0,40.0,False,False,False,True,False,  OPHTHAL ,  Antiviral (Non-HIV) drug
Bimatoprost,Boondi,0,240.0,3.0,10.0,38.0,False,False,False,False,False,  OPHTHAL ,  PG F2 Alpha analogu
Promethazine,Kiribath,0,150.0,1.9,7.0,16.0,False,False,False,False,False,  GASTRO INTESTINAL ,  H1 Antihistaminics (First Generation
Misoprostol,Vegetable curry with coconut milk,0,120.0,1.0,9.0,10.0,False,False,False,False,False,  GASTRO INTESTINAL ,  Prostaglandin E1 (PGE1) analogue-obstetric
Alpha Ketoanalogue,Guava,0,37.0,1.0,0.2,9.2,False,False,False,False,False,  UROLOGY ,  Amino acid
Lincomycin,Milk cream biscuit,0,56.0,0.6,2.5,8.5,False,False,False,False,False,  ANTI INFECTIVES ,  Lincosamide
Piperazine,Jelly Jujub,0,14.0,0.0,0.0,3.4,False,False,False,False,False,  ANTI INFECTIVES ,  Antiprotozoal agent
Olanzapine,Kurumba,0,75.0,2.2,4.1,8.9,False,False,False,False,False,  NEURO CNS ,  Atypical Antipsychotic
Cadexomer Iodine,Kola Mallum,0,80.0,1.0,5.0,5.0,False,False,False,False,False,  DERMA ,  Local antimicrobial antisepti
Ranitidine,Papadam,0,21.0,1.0,1.0,3.7,False,False,False,False,False,  GASTRO INTESTINAL ,  H2 Receptor Blocke
Amlexanox,Cavendish Banana,0,134.0,1.7,0.5,34.2,False,False,False,False,False,  GASTRO INTESTINAL ,  Aphthous ulcer
Cefaclor,Boiled Chickpeas,0,164.0,9.0,2.6,27.0,False,False,False,False,False,  ANTI INFECTIVES ,  Cephalosporins   2nd generatio
Cefprozil,Chicken Breast,0,165.0,31.0,3.6,0.0,False,False,False,False,True,  ANTI INFECTIVES ,  Cephalosporins   3 generatio
Rifaximin,Kurumba,0,75.0,2.2,4.1,8.9,False,False,False,False,False,  GASTRO INTESTINAL ,  RNA polymerase inhibitors- Rifamycin
Posaconazole,Cucumber Flesh,0,6.0,0.3,0.05,1.5,False,False,False,False,False,  ANTI INFECTIVES ,  Fungal ergosterol synthesis inhibito
Mitomycin,Raisins,0,299.0,3.1,0.5,79.2,False,False,False,False,False,  ANTI NEOPLASTICS ,  Alkaloids-cytotoxic agent
Apremilast,Boiled Chickpeas,0,164.0,9.0,2.6,27.0,False,False,False,False,False,  PAIN ANALGESIC,Unknown
Insulin Aspart ,Boiled Cowpea,0,116.0,7.7,0.5,21.0,False,False,False,False,False,  ANTI DIABETI,Unknown
Lactase,Ginger Finger Biscuit,0,18.0,0.2,0.5,2.8,True,False,False,False,False,  GASTRO INTESTINAL ,  Digestive enzyme
Prenoxdiazine,Pasta,0,393.0,14.0,1.7,79.0,False,False,False,False,True,  RESPIRATORY ,  Cough suppressant
Pertuzumab,Egg Yolk,0,52.0,2.5,4.2,0.55,False,False,False,False,False,  ANTI NEOPLASTICS ,  HER2/neu (ErbB2) Inhibitor- Monoclonal antibod
Serratiopeptidase,Marie biscuit,0,17.0,0.29,0.4,2.8,False,False,False,False,False,  PAIN ANALGESICS ,  Proteolytic Enzyme
Glipizide,Nice biscuit,0,42.0,0.63,1.6,6.6,False,False,False,False,False,  ANTI DIABETI,Unknown
Iron,Quinoa,0,120.0,4.0,2.0,21.0,False,False,False,False,False,  GYNAECOLOGICA,Unknown
Atracurium,Gal Banis,0,400.0,7.0,13.0,65.0,False,False,False,True,False,  PAIN ANALGESICS ,  Skeletal muscle relaxant- Peripherally actin
Streptokinase,Dhal Curry with coconut milk,0,80.0,5.0,3.5,12.0,False,False,False,False,False,  CARDIAC ,  First Generation Thrombolytic
Pethidine,Tuna,0,132.0,29.0,0.6,0.0,False,False,False,False,True,  PAIN ANALGESICS ,  Opioid
Nitroprusside,Coconut Cake,0,250.0,3.0,14.0,30.0,False,False,False,True,False,  CARDIAC ,  NO Donor
Etidronate,White Noodles,0,140.0,4.0,1.0,30.0,False,False,False,False,False,  PAIN ANALGESICS ,  Bone resorption inhibitor -Bisphosphonate
Adapting Electrolyte Solutions,Jam Paan,0,300.0,7.0,8.0,55.0,False,False,False,False,False,  BLOOD RELATED ,  Crystalloid
Varenicline,Raisins,0,299.0,3.1,0.5,79.2,False,False,False,False,False,  NEURO CNS ,  Cholinomimetic Alkaloids-Vareniclin
Bupropion,Oats,0,150.0,5.0,3.0,27.0,False,False,False,False,False,  NEURO CNS ,  Norepinephrine-dopamine reuptake inhibitor (NDRI
Arformoterol,Egg,0,70.0,6.0,5.0,0.4,False,False,False,False,False,  RESPIRATORY ,  Long acting β2-agonist
Ramelteon,Murukku,0,550.0,9.0,38.0,50.0,False,False,False,True,False,  NEURO CNS ,  Melatonin agonis
Curcuma Longa,Thati Paan,0,250.0,8.0,2.5,50.0,False,False,False,False,False,  VITAMINS MINERALS NUTRIENTS ,  Herba
Povidone Iodine,Coconut Milk 1st 2nd extractions,0,20.0,0.2,1.9,1.3,False,False,False,False,False,  OPHTHAL OTOLOGICALS ,  Antiseptics and disinfectant
Buserelin,Lunu Miris,0,12.0,0.87,0.04,1.43,False,False,False,False,False,  HORMONES ,  GNRH agonists/analogu
Fluconazole+Azithromycin,Boiled Mung,0,105.0,7.0,0.4,19.0,False,False,False,False,False,  GYNAECOLOGICA,Unknown
Imipramine,Cucumber Flesh,0,6.0,0.3,0.05,1.5,False,False,False,False,False,  NEURO CNS ,  Tricyclic antidepressant
Perampanel,White Noodles,0,140.0,4.0,1.0,30.0,False,False,False,False,False,  NEURO CNS ,  AMPA glutamate receptor antagonis
Mebendazole,Roasted Gram,0,200.0,12.0,2.0,30.0,False,False,False,False,True,  ANTI INFECTIVES ,  Antiprotozoal agent
Naproxen,Kiri Hodi,0,100.0,1.0,9.0,4.0,False,False,False,False,False,  PAIN ANALGESIC,Unknown
Vinpocetine,Wandu,0,205.0,2.0,1.0,46.0,False,False,False,False,False,  ANTI NEOPLASTICS ,  Nootropic agen
Cabazitaxel,Pasta,0,393.0,14.0,1.7,79.0,False,False,False,False,True,  ANTI NEOPLASTICS ,  Alkaloids-cytotoxic agent
charcoal,Soya meat curry with coconut milk,0,110.0,11.0,0.6,13.0,False,False,False,False,True,  GASTRO INTESTINAL ,  Anti-foaming agen
Estradiol Valerate,Mango Chutney with Sugar,0,200.0,0.5,0.0,50.0,False,False,False,False,False,  GYNAECOLOGICA,Unknown
Nalbuphine,Boiled Jackfruit Seed,0,13.0,0.6,0.1,2.5,False,False,False,False,False,  PAIN ANALGESICS ,  Opioid
Domperidone+Pantoprazole,Chocolate ice cream,0,154.0,2.6,10.0,14.0,False,False,False,False,False,  GASTRO INTESTINA,Unknown
Magaldrate,Coconut Roti,0,284.0,6.7,6.3,49.2,False,False,False,False,False,  GASTRO INTESTINA,Unknown
Bendamustine,Whole Milk,0,130.0,7.0,7.0,10.0,False,False,False,False,False,  ANTI NEOPLASTICS ,  Alkylating agen
Anidulafungin,Chicken Breast,0,165.0,31.0,3.6,0.0,False,False,False,False,True,  ANTI INFECTIVES ,  Fungal cell wall synthesis inhibitor (Echiocandins
Ethylmorphine,Helapa,0,440.0,11.0,17.0,80.0,False,False,False,True,True,  RESPIRATORY ,  Opioid
Eribulin Mesylate,Lemon puff,0,59.0,0.7,2.3,8.7,False,False,False,False,False,  ANTI NEOPLASTICS ,  Antimicrotubule agents- Non Taxane
Salicylic Acid,Olive Oil,0,120.0,0.0,14.0,0.0,False,False,False,True,False,  DERMA ,  Keratoplastic and keratolytic agent
Corticotropin,Egg,0,70.0,6.0,5.0,0.4,False,False,False,False,False,  HORMONES ,  Corticotropi
Balsalazide,Saw Kanji,0,250.0,6.0,5.0,50.0,False,False,False,False,False,  GASTRO INTESTINAL ,  5- Aminosalicylic acid (5-ASA
Torasemide,Chocolate Cream Biscuit,0,53.0,1.0,2.0,8.0,False,False,False,False,False,  CARDIA,Unknown
Bacillus Clausii,Coconut Milk 1st 2nd 3rd extractions,0,15.0,0.2,1.4,1.0,False,False,False,False,False,  GASTRO INTESTINAL ,  Probiotic
L-alanyl-L-glutamine,White Bread,0,270.0,9.0,3.0,50.0,False,False,False,False,False,  NEURO CNS ,  Amino acid
Ergotamine,Mango Chutney,0,60.0,0.5,0.0,15.0,False,False,False,False,False,  NEURO CNS ,  Ergot derivativ
Lomefloxacin,Kibula Banis,0,175.0,3.0,4.0,30.0,False,False,False,False,False,  GASTRO INTESTINAL ,  Quinolones/ Fluroquinolone
Phenylephrine,Boiled Potatoes,0,44.0,1.0,0.1,10.3,False,False,False,False,False,  RESPIRATOR,Unknown
Adrenaline,Dhal Curry,0,100.0,7.0,2.0,14.0,False,False,False,False,False,  CARDIAC ,  Sympathomimetics agonis
Permethrin,Watermelon,0,30.0,0.6,0.2,7.6,False,False,False,False,False,  DERMA ,  Ectoparasiticide
Magnesium Valproate,Oats,0,150.0,5.0,3.0,27.0,False,False,False,False,False,  NEURO CNS ,  Sodium channel modulators (AED
Mefloquine,Ambun Kesel,0,90.0,1.3,0.3,23.0,False,False,False,False,False,  ANTI MALARIALS ,  Antimalarial- other
Icosapent ethyl,Boiled Chickpeas,0,164.0,9.0,2.6,27.0,False,False,False,False,False,  CARDIA,Unknown
Methocarbamol,Gold Marie biscuit,0,17.0,0.29,0.4,2.8,False,False,False,False,False,  PAIN ANALGESICS ,  Skeletal muscle relaxant- Centrally actin
Roflumilast,Jam Paan,0,300.0,7.0,8.0,55.0,False,False,False,False,False,  RESPIRATORY ,  Phosphodiesterase-IV inhibitors (COPD
Tamsulosin+Finasteride,Orange cream biscuit,0,54.0,0.6,2.0,9.0,False,False,False,False,False,  UROLOG,Unknown
Tafluprost,Dhal Curry,0,100.0,7.0,2.0,14.0,False,False,False,False,False,  OPHTHAL ,  PG F2 Alpha analogu
Pantoprazole ,Boiled Chickpeas,0,164.0,9.0,2.6,27.0,False,False,False,False,False,  GASTRO INTESTINA,Unknown
Abciximab,Ada,0,280.0,5.0,2.0,61.0,False,False,False,False,False,  BLOOD RELATED ,  Glycoprotein IIb/IIIa inhibitor
Mometasone,Coconut Milk 1st 2nd 3rd extractions,0,15.0,0.2,1.4,1.0,False,False,False,False,False,  DERMA ,  Glucocorticoid
Calcium Citrate Malate,Lunu Miris,0,12.0,0.87,0.04,1.43,False,False,False,False,False,  VITAMINS MINERALS NUTRIENT,Unknown
Lurasidone,Greek Yogurt,0,100.0,10.0,5.0,4.0,False,False,False,False,False,  NEURO CNS ,  Atypical Antipsychotic
Formoterol+Fluticasone Propionate,Cream cracker biscuit,0,37.0,0.9,1.2,6.0,False,False,False,False,False,  RESPIRATOR,Unknown
Diltiazem,Raisins,0,299.0,3.1,0.5,79.2,False,False,False,False,False,  CARDIAC ,  Calcium channel blockers- Nondihydropyridine
Metolazone,Yellow Rice,0,469.0,16.9,18.8,75.0,False,False,False,True,True,  CARDIAC ,  Low-ceiling Diuretics (Inhibitors of Na+Cl symport
Isoniazid,Cream cracker biscuit,0,37.0,0.9,1.2,6.0,False,False,False,False,False,  ANTI INFECTIVE,Unknown
Pyritinol,Lavariya,0,310.0,4.0,10.0,65.0,False,False,False,False,False,  NEURO CNS ,  Nootropic agen
Choline Salicylate,Watermelon,0,30.0,0.6,0.2,7.6,False,False,False,False,False,  STOMATOLOGICAL,Unknown
Ethosuximide,Kotmale Vanilla milk,0,124.0,3.4,3.0,21.0,False,False,False,False,False,  NEURO CNS ,  Calcium channel inhibitor (AED
Levodopa,Boiled Chickpeas,0,164.0,9.0,2.6,27.0,False,False,False,False,False,  NEURO CNS ,  Dopamine precurso
Cefditoren,White Rice,0,110.0,2.0,0.0,24.0,False,False,False,False,False,  ANTI INFECTIVES ,  Cephalosporins   3 generatio
Ethionamide,Red Rice,0,112.0,2.4,0.8,23.0,False,False,False,False,False,  ANTI INFECTIVES ,  Mycobacterial cell wall inhibitors-Ethambuto
Levonorgestrel,Butter Cake,0,220.0,2.0,12.0,27.0,False,False,False,True,False,  GYNAECOLOGICAL ,  Progestins (Second generation
Entecavir,Cream cracker biscuit,0,37.0,0.9,1.2,6.0,False,False,False,False,False,  ANTI INFECTIVES ,  Nucleoside/nucleotide reverse transcriptase inhibitors (NRTIs)
Gatifloxacin,Dodol,0,380.0,2.0,12.0,75.0,False,False,False,True,False,  OPHTHAL OTOLOGICAL,Unknown
Ichthyol Pale,Mun Kawum,0,450.0,5.0,18.0,70.0,False,False,False,True,False,  DERMA ,"  Additives, preservative"
Chloroquine,Skim Milk,0,80.0,8.0,0.0,12.0,False,False,False,False,False,  OPHTHAL ,  Antimalarial- Aminoquinoline
Tramadol,Vegetable curry with coconut milk,0,120.0,1.0,9.0,10.0,False,False,False,False,False,  PAIN ANALGESIC,Unknown
Bacterial Lysate,Ambul Kesel,0,45.0,0.5,0.1,11.0,False,False,False,False,False,  ANTI INFECTIVES ,  Immunostimulant- Respiratory tract infections
Halobetasol,Chicken Gravy,0,25.0,3.5,1.5,0.0,False,False,False,False,False,  DERMA ,  Glucocorticoid
Tipiracil,Boiled Jackfruit Seed,0,13.0,0.6,0.1,2.5,False,False,False,False,False,  ANTI NEOPLASTIC,Unknown
Gadobenate dimeglumine,Almonds,0,180.0,6.0,15.0,6.0,False,False,False,True,False,  OTHER,Unknown
Cefotaxime,Roast Paan,0,280.0,8.0,3.0,55.0,False,False,False,False,False,  ANTI INFECTIVES ,  Cephalosporins   3 generatio
Estradiol Valerate,Raisins,0,299.0,3.1,0.5,79.2,False,False,False,False,False,  GYNAECOLOGICA,Unknown
Bosentan,White sugar,0,16.0,0.0,0.0,4.0,False,False,False,False,False,  CARDIAC ,  Endothelin receptor blocke
Valethamate,Coconut Milk 1st 2nd 3rd extractions,0,15.0,0.2,1.4,1.0,False,False,False,False,False,  PAIN ANALGESICS ,  Anticholinergic
Ribavirin,Chicken Curry,0,180.0,27.0,8.0,0.0,False,False,False,False,True,  ANTI INFECTIVES ,  Antiviral (Non-HIV) drug
Entecavir,Coconut Milk 1st 2nd 3rd extractions,0,15.0,0.2,1.4,1.0,False,False,False,False,False,  ANTI INFECTIVES ,  Nucleoside/nucleotide reverse transcriptase inhibitors (NRTIs)
Vi Capsular Polysaccharide Of Salmonella Typhi,Watermelon,0,30.0,0.6,0.2,7.6,False,False,False,False,False,  VACCINE,Unknown
L-Methyl Folate,Coconut Milk 1st extraction,0,30.0,0.3,2.7,1.5,False,False,False,False,False,  VITAMINS MINERALS NUTRIENT,Unknown
Carbetocin,Fried Halmesso,0,75.0,7.5,4.5,0.0,False,False,False,False,False,  GYNAECOLOGICAL ,  Oxytocin Receptor Antagonis
Cardioplegia,Dark chocolate,0,282.0,3.0,18.0,29.0,False,False,False,True,False,  CARDIA,Unknown
Adefovir,Walnuts,0,190.0,4.0,18.0,4.0,False,False,False,True,False,  ANTI INFECTIVES ,  Nucleoside/nucleotide reverse transcriptase inhibitors (NRTIs)
Amino Acids,Milk cream biscuit,0,56.0,0.6,2.5,8.5,False,False,False,False,False,  VITAMINS MINERALS NUTRIENTS ,  Amino acid
Tenecteplase,Gal Banis,0,400.0,7.0,13.0,65.0,False,False,False,True,False,  CARDIAC ,  Plasminogen Activators- Thrombolytic
Terizidone,Garlic Murukku,0,500.0,8.0,25.0,55.0,True,False,False,True,False,  ANTI INFECTIVES ,  Cell wall active agen
Coral calcium,Mango Chutney,0,60.0,0.5,0.0,15.0,False,False,False,False,False,  VITAMINS MINERALS NUTRIENT,Unknown
Liposomal Dithranol,Boondi,0,240.0,3.0,10.0,38.0,False,False,False,False,False,  DERMA ,  Keratoplastic and keratolytic agent
Pepsin,Dhal Curry,0,100.0,7.0,2.0,14.0,False,False,False,False,False,  GASTRO INTESTINA,Unknown
Zuclopenthixol,Yellow Rice,0,469.0,16.9,18.8,75.0,False,False,False,True,True,  NEURO CNS ,  Typical Antipsychotic
Haemophilus Type B Conjugate Vaccine,Cavendish Banana,0,134.0,1.7,0.5,34.2,False,False,False,False,False,  VACCINE,Unknown
Indacaterol,Dhal Curry with coconut milk,0,80.0,5.0,3.5,12.0,False,False,False,False,False,  RESPIRATOR,Unknown
Eflornithine,Coconut Milk 1st extraction,0,30.0,0.3,2.7,1.5,False,False,False,False,False,  DERMA ,  Ornithine decarboxylase inhibitors- Facial hirsutis
Univestin,Kotmale Vanilla milk,0,124.0,3.4,3.0,21.0,False,False,False,False,False,  PAIN ANALGESICS ,  Herba
Racecadotril,Roast Green Pea,0,190.0,14.0,4.5,32.0,False,False,False,False,True,  GASTRO INTESTINAL ,  Enkephalinase inhibito
Nicorandil,Boiled Cowpea,0,116.0,7.7,0.5,21.0,False,False,False,False,False,  CARDIAC ,  Potassium channel opene
Darolutamide,Coconut Sambal,0,157.0,2.0,13.7,6.4,False,False,False,True,False,  ANTI NEOPLASTIC,Unknown
Diltiazem,Boiled Potatoes,0,44.0,1.0,0.1,10.3,False,False,False,False,False,  CARDIAC ,  Calcium channel blockers- Nondihydropyridine
Elemental Iron,White Rice,0,110.0,2.0,0.0,24.0,False,False,False,False,False,  BLOOD RELATED ,  Haemopoetic agent
Glimepiride+Metformin+Voglibose,Almonds,0,180.0,6.0,15.0,6.0,False,False,False,True,False,  ANTI DIABETI,Unknown
Clindamycin+Niacinamide,Ambun Kesel,0,90.0,1.3,0.3,23.0,False,False,False,False,False,  DERM,Unknown
Benzoic Acid,Walnuts,0,190.0,4.0,18.0,4.0,False,False,False,True,False,  DERM,Unknown
Carisoprodol,Red Rice,0,112.0,2.4,0.8,23.0,False,False,False,False,False,  PAIN ANALGESICS ,  Skeletal muscle relaxant- Centrally actin
Obinutuzumab,Papadam,0,21.0,1.0,1.0,3.7,False,False,False,False,False,  ANTI NEOPLASTICS ,  Monoclonal antibodie
Infliximab,Marie biscuit,0,17.0,0.29,0.4,2.8,False,False,False,False,False,  PAIN ANALGESICS ,  Disease Modifying Anti-Rheumatoid Drugs (DMARDs)- Biologic
Loxapine,Cavendish Banana,0,134.0,1.7,0.5,34.2,False,False,False,False,False,  NEURO CNS ,  Typical Antipsychotic
Methotrexate,Gal Banis,0,400.0,7.0,13.0,65.0,False,False,False,True,False,  ANTI NEOPLASTICS ,  Antimetabolite- Methotrexat
Bifonazole,Kiribath,0,150.0,1.9,7.0,16.0,False,False,False,False,False,  DERMA ,  Fungal ergosterol synthesis inhibito
Lenvatinib,Jam Paan,0,300.0,7.0,8.0,55.0,False,False,False,False,False,  ANTI NEOPLASTICS ,  Tyrosine kinase inhibitor
Ichthyol Pale,Custard cream biscuit,0,54.0,0.6,2.0,9.0,False,False,False,False,False,  DERMA ,"  Additives, preservative"
Dacarbazine,Papadam,0,21.0,1.0,1.0,3.7,False,False,False,False,False,  ANTI NEOPLASTICS ,  Alkylating agen
Glycopyrrolate+Formoterol+Budesonide,Lavariya,0,310.0,4.0,10.0,65.0,False,False,False,False,False,  RESPIRATOR,Unknown
Enalapril,Murukku,0,550.0,9.0,38.0,50.0,False,False,False,True,False,  CARDIAC ,  Angiotensin-converting enzyme (ACE) inhibitor
Pyritinol,Coconut Cake,0,250.0,3.0,14.0,30.0,False,False,False,True,False,  NEURO CNS ,  Nootropic agen
Fluconazole+Azithromycin,Cucumber Salad,0,35.0,1.0,0.0,7.0,False,False,False,False,False,  GYNAECOLOGICA,Unknown
Mitomycin,Beetroot curry with coconut milk,0,89.0,2.0,4.7,11.0,False,False,False,False,False,  ANTI NEOPLASTICS ,  Alkaloids-cytotoxic agent
Macitentan,Almonds,0,180.0,6.0,15.0,6.0,False,False,False,True,False,  CARDIAC ,  Endothelin receptor blocke
Zinc,Coconut Roti,0,284.0,6.7,6.3,49.2,False,False,False,False,False,  VITAMINS MINERALS NUTRIENTS ,  Mineral
Mesalamine,Cream cracker biscuit,0,37.0,0.9,1.2,6.0,False,False,False,False,False,  GASTRO INTESTINA,Unknown
Abemaciclib,Mango Chutney,0,60.0,0.5,0.0,15.0,False,False,False,False,False,  ANTI NEOPLASTIC,Unknown
Zaleplon,Orange cream biscuit,0,54.0,0.6,2.0,9.0,False,False,False,False,False,  NEURO CNS ,  Non-benzodiazepine hypnotics (Z Compounds
Pregabalin,Coconut Roti,0,284.0,6.7,6.3,49.2,False,False,False,False,False,  NEURO CN,Unknown
Protamine sulfate,Raisins,0,299.0,3.1,0.5,79.2,False,False,False,False,False,  OTHERS ,  Heparin Antagonis
Norethisterone enanthate,Avocado,0,80.0,1.0,7.4,4.3,False,False,False,False,False,  GYNAECOLOGICAL ,  Progestins (First generation
Liver Extract,Roasted Gram,0,200.0,12.0,2.0,30.0,False,False,False,False,True,  BLOOD RELATE,Unknown
Dicloxacillin,Beetroot curry with coconut milk,0,89.0,2.0,4.7,11.0,False,False,False,False,False,  ANTI INFECTIVES ,  Cell wall active agent- Penicillinase resistant Penicilli
Teriparatide,Cream cracker biscuit,0,37.0,0.9,1.2,6.0,False,False,False,False,False,  HORMONES ,  Bone formation stimulator -PTH analogu
Baclofen,Garlic Murukku,0,500.0,8.0,25.0,55.0,True,False,False,True,False,  PAIN ANALGESICS ,  Skeletal muscle relaxant- Centrally actin
Dorzolamide,Boiled Sweet Potato,0,90.0,1.6,0.1,20.0,False,False,False,False,False,  OPHTHAL ,  Carbonic anhydrase inhibito
Electrolytes,Jelly Jujub,0,14.0,0.0,0.0,3.4,False,False,False,False,False,  BLOOD RELATE,Unknown
Suxamethonium,Aluwa,0,400.0,3.0,8.0,85.0,False,False,False,False,False,  PAIN ANALGESICS ,  Skeletal muscle relaxant- Peripherally actin
Silver Sulfadiazine,Kiri Hodi,0,100.0,1.0,9.0,4.0,False,False,False,False,False,  DERM,Unknown
Pazufloxazin,Walnuts,0,190.0,4.0,18.0,4.0,False,False,False,True,False,  ANTI INFECTIVES ,  Quinolones/ Fluroquinolone
Succinyl Choline Chloride,Mun Kawum,0,450.0,5.0,18.0,70.0,False,False,False,True,False,  PAIN ANALGESICS ,  Skeletal muscle relaxant- Peripherally actin
Colloidal bismuth subcitrate,Egg,0,70.0,6.0,5.0,0.4,False,False,False,False,False,  GASTRO INTESTINA,Unknown
Methylcobalamin+Alpha Lipoic Acid+Vitamin B6,Vegetable Roll,0,120.0,3.0,4.0,18.0,False,False,False,False,False,  VITAMINS MINERALS NUTRIENT,Unknown
Protamine sulfate,Chicken Gravy,0,25.0,3.5,1.5,0.0,False,False,False,False,False,  OTHERS ,  Heparin Antagonis
Inotuzumab Ozogamacin,Almonds,0,180.0,6.0,15.0,6.0,False,False,False,True,False,  ANTI NEOPLASTIC,Unknown
Bacterial Lysate,Wonder choc ice cream,0,206.0,2.4,14.0,18.0,False,False,False,True,False,  ANTI INFECTIVES ,  Immunostimulant- Respiratory tract infections
Olaparib,Butter Cake,0,220.0,2.0,12.0,27.0,False,False,False,True,False,  ANTI NEOPLASTIC,Unknown
Pramoxine,Cream cracker biscuit,0,37.0,0.9,1.2,6.0,False,False,False,False,False,  PAIN ANALGESIC,Unknown
Methocarbamol,Whole Milk,0,130.0,7.0,7.0,10.0,False,False,False,False,False,  PAIN ANALGESICS ,  Skeletal muscle relaxant- Centrally actin
Durvalumab,Soya meat curry with coconut milk,0,110.0,11.0,0.6,13.0,False,False,False,False,True,  ANTI NEOPLASTICS ,  Monoclonal antibodie
L-Carnitine L-Tartrate,Lunu Miris,0,12.0,0.87,0.04,1.43,False,False,False,False,False,  VITAMINS MINERALS NUTRIENT,Unknown
Sotalol,Coconut Milk 1st 2nd extractions,0,20.0,0.2,1.9,1.3,False,False,False,False,False,  CARDIAC ,  Class III Agents- anti arrhythmi
Diphenhydramine,Egg Yolk,0,52.0,2.5,4.2,0.55,False,False,False,False,False,  RESPIRATORY ,  H1 Antihistaminics (First Generation
Eflornithine,Roast Paan,0,280.0,8.0,3.0,55.0,False,False,False,False,False,  DERMA ,  Ornithine decarboxylase inhibitors- Facial hirsutis
Opipramol,Fruit & Nut ice cream,0,230.0,3.9,9.0,34.0,False,False,False,False,False,  NEURO CNS ,  Anxiety disorder- Opipramo
Selenium Sulphide,Apple,0,80.0,0.0,0.0,22.0,False,False,False,False,False,  DERMA ,  Antifungal Other
Recombinant Human Erythropoietin Beta,Cream Bun,0,300.0,4.0,15.0,40.0,False,False,False,True,False,  BLOOD RELATED ,  Erythropoiesis-stimulating agent (ESA
Naloxone,Coconut Milk 1st extraction,0,30.0,0.3,2.7,1.5,False,False,False,False,False,  NEURO CNS ,  Opioid Antagonis
L-Carnitine L-Tartrate,Vegetable curry with coconut milk,0,120.0,1.0,9.0,10.0,False,False,False,False,False,  VITAMINS MINERALS NUTRIENT,Unknown
Clebopride,Wandu,0,205.0,2.0,1.0,46.0,False,False,False,False,False,  GASTRO INTESTINAL ,  Dopamine (D2) receptor antagonist-Prokinetic agen
Streptokinase,Idiyappam,0,180.0,3.0,0.5,40.0,False,False,False,False,False,  CARDIAC ,  First Generation Thrombolytic
Purified Vi Polysaccharide Typhoid Vaccine,Ambul Kesel,0,45.0,0.5,0.1,11.0,False,False,False,False,False,  VACCINE,Unknown
Cilnidipine,Soya meat curry,0,84.0,6.0,4.0,8.0,False,False,False,False,False,  CARDIA,Unknown
Bevacizumab,Greek Yogurt,0,100.0,10.0,5.0,4.0,False,False,False,False,False,  ANTI NEOPLASTICS ,  Vascular endothelial growth factor (VEGF) inhibitor
Fusidic Acid,Chicken Breast,0,165.0,31.0,3.6,0.0,False,False,False,False,True,  DERMA ,  Protein synthesis inhibitor
Ceftriaxone,Pasta,0,393.0,14.0,1.7,79.0,False,False,False,False,True,  ANTI INFECTIVE,Unknown
Meglumine Diatrizoate,Peanut Butter,0,190.0,8.0,16.0,7.0,False,False,False,True,False,  OTHER,Unknown
Human Papillomavirus Quadrivalent,Chicken Gravy,0,25.0,3.5,1.5,0.0,False,False,False,False,False,  VACCINES ,  Human papilloma virus (HPV) vaccin
Protamine sulfate,Walnuts,0,190.0,4.0,18.0,4.0,False,False,False,True,False,  OTHERS ,  Heparin Antagonis
Seratrodast,Helapa,0,440.0,11.0,17.0,80.0,False,False,False,True,True,  RESPIRATORY ,  Thromboxane A2/prostaglandin endoperoxide receptor antagonist- Bronchial asthm
Metformin+Teneligliptin,Dhal Curry with coconut milk,0,80.0,5.0,3.5,12.0,False,False,False,False,False,  ANTI DIABETI,Unknown
Tenofovir disoproxil fumarate,Custard cream biscuit,0,54.0,0.6,2.0,9.0,False,False,False,False,False,  ANTI INFECTIVES ,  Nucleoside/nucleotide reverse transcriptase inhibitors (NRTIs)
Eribulin Mesylate,Tuna,0,132.0,29.0,0.6,0.0,False,False,False,False,True,  ANTI NEOPLASTICS ,  Antimicrotubule agents- Non Taxane
Buserelin,Roast Green Pea,0,190.0,14.0,4.5,32.0,False,False,False,False,True,  HORMONES ,  GNRH agonists/analogu
Bacillus Calmette-Guerin strain,Hoppers,0,120.0,3.0,4.0,20.0,False,False,False,False,False,  VACCINE,Unknown
Glycine,Milk cream biscuit,0,56.0,0.6,2.5,8.5,False,False,False,False,False,  VITAMINS MINERALS NUTRIENT,Unknown
Hydroxyurea,Vegetable curry with coconut oil,0,80.0,1.0,5.0,12.0,False,False,False,False,False,  ANTI NEOPLASTICS ,  Anticancer-other
Becaplermin,Mun Kawum,0,450.0,5.0,18.0,70.0,False,False,False,True,False,  DERMA ,  Recombinant human platelet-derived growth factor (rhPDGF)- Diabetic foot ulce
Levofloxacin,Chocolate Cream Biscuit,0,53.0,1.0,2.0,8.0,False,False,False,False,False,  OPHTHAL ,  Quinolones/ Fluroquinolone
Diacerein+Glucosamine+Methyl Sulfonyl Methane,Lemon puff,0,59.0,0.7,2.3,8.7,False,False,False,False,False,  PAIN ANALGESIC,Unknown
Carboxymethylcellulose,Jackfruit,0,33.0,0.6,0.2,8.2,False,False,False,False,False,  OPHTHAL ,  Tear substitue
Tiotropium,Kiri Hodi,0,100.0,1.0,9.0,4.0,False,False,False,False,False,  RESPIRATORY ,  Anticholinergic - COP
Vi Capsular Polysaccharide Of Salmonella Typhi,Roast Green Pea,0,190.0,14.0,4.5,32.0,False,False,False,False,True,  VACCINE,Unknown
Diphtheria Toxoid,Butter Cake,0,220.0,2.0,12.0,27.0,False,False,False,True,False,  VACCINE,Unknown
Dichlorobenzyl Alcohol,Chicken Gravy,0,25.0,3.5,1.5,0.0,False,False,False,False,False,  RESPIRATOR,Unknown
Allantoin,Pani Murukku,0,46.0,0.8,0.9,7.5,False,False,False,False,False,  DERM,Unknown
Alogliptin,Kotmale Vanilla milk,0,124.0,3.4,3.0,21.0,False,False,False,False,False,  ANTI DIABETI,Unknown
Tenofovir Alafenamide,Boondi,0,240.0,3.0,10.0,38.0,False,False,False,False,False,  ANTI INFECTIVES ,  Nucleoside/nucleotide reverse transcriptase inhibitors (NRTIs)
Stannous fluoride,White Rice,0,110.0,2.0,0.0,24.0,False,False,False,False,False,  STOMATOLOGICALS ,  Stomatological-Hypersensitivit
Cyproterone,Fried Halmesso,0,75.0,7.5,4.5,0.0,False,False,False,False,False,  GYNAECOLOGICA,Unknown
Cefixime,Whole Milk,0,130.0,7.0,7.0,10.0,False,False,False,False,False,  ANTI INFECTIVES ,  Cephalosporins   3 generatio
Potassium Nitrate,Banana,0,90.0,1.0,0.0,23.0,False,False,False,False,False,  STOMATOLOGICAL,Unknown
Polmacoxib,Roast Paan,0,280.0,8.0,3.0,55.0,False,False,False,False,False,  PAIN ANALGESIC,Unknown
Fimasartan,Cream cracker biscuit,0,37.0,0.9,1.2,6.0,False,False,False,False,False,  CARDIAC ,  Angiotensin receptor blockers(ARB
Timolol,Chocolate,0,104.4,0.6,5.5,12.9,False,False,False,False,False,  OPHTHA,Unknown
Mannitol,Cream Bun,0,300.0,4.0,15.0,40.0,False,False,False,True,False,  CARDIAC ,  Osmotic diuretic
Orlistat,Ginger Finger Biscuit,0,18.0,0.2,0.5,2.8,True,False,False,False,False,  OTHERS ,  Lipase inhibito
Milrinone,Pasta,0,393.0,14.0,1.7,79.0,False,False,False,False,True,  CARDIAC ,  Phosphodiesterase-III inhibitors (HF
Zinc Oxide,Murukku,0,550.0,9.0,38.0,50.0,False,False,False,True,False,  DERMA ,  Mineral
Balsalazide,Red Rice,0,112.0,2.4,0.8,23.0,False,False,False,False,False,  GASTRO INTESTINAL ,  5- Aminosalicylic acid (5-ASA
Gefitinib,Kurumba,0,75.0,2.2,4.1,8.9,False,False,False,False,False,  ANTI NEOPLASTICS ,  Tyrosine kinase inhibitor
Vitamin C,Kola Mallum,0,80.0,1.0,5.0,5.0,False,False,False,False,False,  VITAMINS MINERALS NUTRIENTS ,  Vitamin
Cefprozil,Garlic Murukku,0,500.0,8.0,25.0,55.0,True,False,False,True,False,  ANTI INFECTIVES ,  Cephalosporins   3 generatio
Stannous fluoride,Kurumba,0,75.0,2.2,4.1,8.9,False,False,False,False,False,  STOMATOLOGICALS ,  Stomatological-Hypersensitivit
Ornidazole,Mango Chutney with Sugar,0,200.0,0.5,0.0,50.0,False,False,False,False,False,  ANTI INFECTIVE,Unknown
Human coagulation factor VIII,Jam Paan,0,300.0,7.0,8.0,55.0,False,False,False,False,False,  CARDIA,Unknown
Zuclopenthixol,Jam Paan,0,300.0,7.0,8.0,55.0,False,False,False,False,False,  NEURO CNS ,  Typical Antipsychotic
Nizatidine,Chocolate ice cream,0,154.0,2.6,10.0,14.0,False,False,False,False,False,  GASTRO INTESTINAL ,  H2 Receptor Blocke
Beta-Cyclodextrin,Egg,0,70.0,6.0,5.0,0.4,False,False,False,False,False,  VITAMINS MINERALS NUTRIENT,Unknown
Mometasone+Fusidic Acid,Milk cream biscuit,0,56.0,0.6,2.5,8.5,False,False,False,False,False,  DERM,Unknown
Anidulafungin,Chocolate Cake,0,250.0,3.0,12.0,35.0,False,False,False,True,False,  ANTI INFECTIVES ,  Fungal cell wall synthesis inhibitor (Echiocandins
Magnesium Citrate,Vegetable Roll,0,120.0,3.0,4.0,18.0,False,False,False,False,False,  VITAMINS MINERALS NUTRIENT,Unknown
Trimethoprim,Salmon,0,208.0,20.0,13.0,0.0,False,False,False,True,True,  ANTI INFECTIVES ,  Sulphonamide
Cisatracurium,White Rice,0,110.0,2.0,0.0,24.0,False,False,False,False,False,  PAIN ANALGESICS ,  Skeletal muscle relaxant- Peripherally actin
Acitretin,Orange,0,62.0,1.2,0.2,15.4,False,False,False,False,False,  DERM,Unknown
Chromium,Coconut Milk 1st 2nd 3rd extractions,0,15.0,0.2,1.4,1.0,False,False,False,False,False,  VITAMINS MINERALS NUTRIENT,Unknown
Lorlatinib,Butter Cake,0,220.0,2.0,12.0,27.0,False,False,False,True,False,  ANTI NEOPLASTICS ,  Tyrosine kinase inhibitor
Travoprost,White Bread,0,270.0,9.0,3.0,50.0,False,False,False,False,False,  OPHTHAL ,  PG F2 Alpha analogu
Cefixime,Dodol,0,380.0,2.0,12.0,75.0,False,False,False,True,False,  ANTI INFECTIVES ,  Cephalosporins   3 generatio
Lamivudine,Helapa,0,440.0,11.0,17.0,80.0,False,False,False,True,True,  ANTI INFECTIVE,Unknown
Avelumab,Skim Milk,0,80.0,8.0,0.0,12.0,False,False,False,False,False,  ANTI NEOPLASTICS ,  Anticancer-other
Domperidone+Pantoprazole,Yogurt,0,90.0,5.0,3.0,10.0,False,False,False,False,False,  GASTRO INTESTINA,Unknown
Evogliptin,Chicken Curry,0,180.0,27.0,8.0,0.0,False,False,False,False,True,  ANTI DIABETI,Unknown
Potassium Iodide,Vegetable Soup,0,30.0,1.5,0.3,6.0,False,False,False,False,False,  OPHTHA,Unknown
Bevacizumab,Cream cracker biscuit,0,37.0,0.9,1.2,6.0,False,False,False,False,False,  ANTI NEOPLASTICS ,  Vascular endothelial growth factor (VEGF) inhibitor
Nicergoline,Ginger Finger Biscuit,0,18.0,0.2,0.5,2.8,True,False,False,False,False,  NEURO CNS ,  Ergot derivativ
Lercanidipine,Lavariya,0,310.0,4.0,10.0,65.0,False,False,False,False,False,  CARDIAC ,  Calcium channel blockers- Dihydropyridines (DHP
Sevelamer,Boiled Chickpeas,0,164.0,9.0,2.6,27.0,False,False,False,False,False,  BLOOD RELATE,Unknown
Allopurinol,Vegetable curry with coconut oil,0,80.0,1.0,5.0,12.0,False,False,False,False,False,  PAIN ANALGESIC,Unknown
Hydroxyethyl Starch(HES),Vegetable Soup,0,30.0,1.5,0.3,6.0,False,False,False,False,False,  BLOOD RELATED ,  Colloids (Plasma substitutes
Obinutuzumab,Ambun Kesel,0,90.0,1.3,0.3,23.0,False,False,False,False,False,  ANTI NEOPLASTICS ,  Monoclonal antibodie
Diflorasone Diacetate,Walnuts,0,190.0,4.0,18.0,4.0,False,False,False,True,False,  DERMA ,  Topical Glucocorticoid
Ambroxol,Red Rice,0,112.0,2.4,0.8,23.0,False,False,False,False,False,  RESPIRATOR,Unknown
Durvalumab,Roasted Gram,0,200.0,12.0,2.0,30.0,False,False,False,False,True,  ANTI NEOPLASTICS ,  Monoclonal antibodie
Live Freeze Dried Lactic Acid Bacteria and Bifidobacteria,Kiribath,0,150.0,1.9,7.0,16.0,False,False,False,False,False,  GASTRO INTESTINAL ,  Probiotic
Vinpocetine,Helapa,0,440.0,11.0,17.0,80.0,False,False,False,True,True,  ANTI NEOPLASTICS ,  Nootropic agen
Clonazepam,Ambun Kesel,0,90.0,1.3,0.3,23.0,False,False,False,False,False,  NEURO CNS ,  Benzodiazepine
Felbinac,Oats,0,150.0,5.0,3.0,27.0,False,False,False,False,False,  PAIN ANALGESICS ,  NSAID
Levo-carnitine,Pasta,0,393.0,14.0,1.7,79.0,False,False,False,False,True,  VITAMINS MINERALS NUTRIENTS ,  Amino acid
Dicyclomine,Hawaiian cookie,0,25.6,0.32,1.1,3.5,False,False,False,False,False,  PAIN ANALGESIC,Unknown
Fluticasone Propionate,Hawaiian cookie,0,25.6,0.32,1.1,3.5,False,False,False,False,False,  RESPIRATOR,Unknown
Ibutilide,Cavendish Banana,0,134.0,1.7,0.5,34.2,False,False,False,False,False,  CARDIAC ,  Class III Agents- anti arrhythmi
Baclofen,Egg,0,70.0,6.0,5.0,0.4,False,False,False,False,False,  PAIN ANALGESICS ,  Skeletal muscle relaxant- Centrally actin
Prasugrel,Whole Milk,0,130.0,7.0,7.0,10.0,False,False,False,False,False,  BLOOD RELATED ,  P2Y12 inhibitors (ADP receptor
Dexamethasone Intravitreal Implant,Coconut Milk 1st extraction,0,30.0,0.3,2.7,1.5,False,False,False,False,False,  RESPIRATORY ,  Intravitreal corticosteriod implant
Gadodiamide,Kola Mallum,0,80.0,1.0,5.0,5.0,False,False,False,False,False,  OTHERS ,  Radio contrast agent
Glycopyrrolate,Choco bar,0,60.0,0.5,4.0,6.0,False,False,False,False,False,  RESPIRATOR,Unknown
Sevelamer,Garlic Murukku,0,500.0,8.0,25.0,55.0,True,False,False,True,False,  BLOOD RELATE,Unknown
Hypromellose,Milk cream biscuit,0,56.0,0.6,2.5,8.5,False,False,False,False,False,  OPHTHAL ,  Tear substitue
Fingolimod,Boiled Cowpea,0,116.0,7.7,0.5,21.0,False,False,False,False,False,  ANTI NEOPLASTIC,Unknown
Leuprolide,Wandu,0,205.0,2.0,1.0,46.0,False,False,False,False,False,  GYNAECOLOGICA,Unknown
Abemaciclib,Gal Banis,0,400.0,7.0,13.0,65.0,False,False,False,True,False,  ANTI NEOPLASTIC,Unknown
Tramadol,Orange,0,62.0,1.2,0.2,15.4,False,False,False,False,False,  PAIN ANALGESIC,Unknown
Disulfiram,Thala Bola,0,26.0,0.6,1.6,3.2,False,False,False,False,False,  NEURO CNS ,  Alcohol deaddictio
Calamine,Boiled Jackfruit Seed,0,13.0,0.6,0.1,2.5,False,False,False,False,False,  DERM,Unknown
ChAdOx1 nCoV-19 Corona Virus Vaccine,Aluwa,0,400.0,3.0,8.0,85.0,False,False,False,False,False,  VACCINE,Unknown
Anidulafungin,Pani Murukku,0,46.0,0.8,0.9,7.5,False,False,False,False,False,  ANTI INFECTIVES ,  Fungal cell wall synthesis inhibitor (Echiocandins
Ibrutinib,Boiled Jackfruit Seed,0,13.0,0.6,0.1,2.5,False,False,False,False,False,  ANTI NEOPLASTICS ,  Bruton
Glucagon,Roasted Gram,0,200.0,12.0,2.0,30.0,False,False,False,False,True,  HORMONES ,   Anti-hypoglycemic agen
Plerixafor,Pani Murukku,0,46.0,0.8,0.9,7.5,False,False,False,False,False,  ANTI NEOPLASTICS ,  Hematopoietic stem cell mobilize
Eperisone,Fruit & Nut ice cream,0,230.0,3.9,9.0,34.0,False,False,False,False,False,  PAIN ANALGESIC,Unknown
Tetrahydrozoline,Soya meat curry,0,84.0,6.0,4.0,8.0,False,False,False,False,False,  OPHTHAL ,  Sympathomimetics agonis
Cefetamet,Choco bar,0,60.0,0.5,4.0,6.0,False,False,False,False,False,  ANTI INFECTIVES ,  Cephalosporins   3 generatio
L-Methyl Folate,Gold Marie biscuit,0,17.0,0.29,0.4,2.8,False,False,False,False,False,  VITAMINS MINERALS NUTRIENT,Unknown
Ado-trastuzumab emtansine,Orange,0,62.0,1.2,0.2,15.4,False,False,False,False,False,  ANTI NEOPLASTICS ,  HER2/neu (ErbB2) Inhibitor- Monoclonal antibod
Vinpocetine,Mun Kawum,0,450.0,5.0,18.0,70.0,False,False,False,True,False,  ANTI NEOPLASTICS ,  Nootropic agen
Fenoverine,Pani Murukku,0,46.0,0.8,0.9,7.5,False,False,False,False,False,  GASTRO INTESTINAL ,  Anticholinergic
Niclosamide,Guava,0,37.0,1.0,0.2,9.2,False,False,False,False,False,  ANTI INFECTIVES ,  Antiprotozoal agent
Trospium,Boiled Jackfruit Seed,0,13.0,0.6,0.1,2.5,False,False,False,False,False,  UROLOGY ,  Non selective Anticholinergic (Bladder
Mosapride,Batter Carol biscuit,0,26.0,0.4,0.75,4.2,False,False,False,False,False,  GASTRO INTESTINAL ,  Serotonin (5-HT4) receptor agonist-Prokinetic agen
Tiotropium,Chocolate Marie biscuit,0,15.0,0.3,0.4,2.8,False,False,False,False,False,  RESPIRATORY ,  Anticholinergic - COP
Bempedoic acid,Choco bar,0,60.0,0.5,4.0,6.0,False,False,False,False,False,  CARDIA,Unknown
Ethionamide,Soya meat curry,0,84.0,6.0,4.0,8.0,False,False,False,False,False,  ANTI INFECTIVES ,  Mycobacterial cell wall inhibitors-Ethambuto
Nimotuzumab,Peanut Butter,0,190.0,8.0,16.0,7.0,False,False,False,True,False,  ANTI NEOPLASTICS ,  EGFR (ErbB1 or HER1) inhibitors- Monoclonal antibod
Ciclesonide,Necto,0,30.0,0.0,0.0,7.3,False,False,False,False,False,  RESPIRATOR,Unknown
Gefitinib,Orange,0,62.0,1.2,0.2,15.4,False,False,False,False,False,  ANTI NEOPLASTICS ,  Tyrosine kinase inhibitor
Temozolomide,Chocolate,0,104.4,0.6,5.5,12.9,False,False,False,False,False,  ANTI NEOPLASTICS ,  Alkylating agen
Astaxanthin,Pasta,0,393.0,14.0,1.7,79.0,False,False,False,False,True,  VITAMINS MINERALS NUTRIENT,Unknown
Pimecrolimus,Soya meat curry with coconut milk,0,110.0,11.0,0.6,13.0,False,False,False,False,True,  DERM,Unknown
Dimercaprol,White Bread,0,270.0,9.0,3.0,50.0,False,False,False,False,False,  BLOOD RELATE,Unknown
Azelaic Acid,Idiyappam,0,180.0,3.0,0.5,40.0,False,False,False,False,False,  DERMA ,  Antimicrobials- Acn
Ademetionine,Ambul Kesel,0,45.0,0.5,0.1,11.0,False,False,False,False,False,  GASTRO INTESTINAL ,Unknown
Mepolizumab,Egg,0,70.0,6.0,5.0,0.4,False,False,False,False,False,  RESPIRATOR,Unknown
Pentazocine,Jam Paan,0,300.0,7.0,8.0,55.0,False,False,False,False,False,  PAIN ANALGESICS ,  Opioid
Letrozole,Egg,0,70.0,6.0,5.0,0.4,False,False,False,False,False,  ANTI NEOPLASTICS ,  Aromatase inhibito
Dicloxacillin,Wonder choc ice cream,0,206.0,2.4,14.0,18.0,False,False,False,True,False,  ANTI INFECTIVES ,  Cell wall active agent- Penicillinase resistant Penicilli
Aceclofenac,Chocolate Marie biscuit,0,15.0,0.3,0.4,2.8,False,False,False,False,False,  PAIN ANALGESIC,Unknown
Miconazole,Cream Bun,0,300.0,4.0,15.0,40.0,False,False,False,True,False,  DERM,Unknown
Ado-trastuzumab emtansine,Vegetable Soup,0,30.0,1.5,0.3,6.0,False,False,False,False,False,  ANTI NEOPLASTICS ,  HER2/neu (ErbB2) Inhibitor- Monoclonal antibod
Lactobacillus,Roast Paan,0,280.0,8.0,3.0,55.0,False,False,False,False,False,  GASTRO INTESTINA,Unknown
Ciclosporin,Kurumba,0,75.0,2.2,4.1,8.9,False,False,False,False,False,  PAIN ANALGESICS ,  Immunosuppressant- Calcineurin inhibitor
Ethylmorphine,Wandu,0,205.0,2.0,1.0,46.0,False,False,False,False,False,  RESPIRATORY ,  Opioid
Topiramate,Butter Cake,0,220.0,2.0,12.0,27.0,False,False,False,True,False,  NEURO CNS ,  Sodium channel modulators (AED
Testosterone Propionate,Quinoa,0,120.0,4.0,2.0,21.0,False,False,False,False,False,  GYNAECOLOGICA,Unknown
Allopurinol,Tomato sauce,0,41.0,0.37,0.45,8.75,False,False,False,False,False,  PAIN ANALGESIC,Unknown
Phenindione,Whole Milk,0,130.0,7.0,7.0,10.0,False,False,False,False,False,  BLOOD RELATED ,  Vitamin K antagonist
Vinpocetine,Gal Banis,0,400.0,7.0,13.0,65.0,False,False,False,True,False,  ANTI NEOPLASTICS ,  Nootropic agen
Balofloxacin,Apple,0,80.0,0.0,0.0,22.0,False,False,False,False,False,  ANTI INFECTIVES ,  Quinolones/ Fluroquinolone
Colfosceril Palmitate,Tuna,0,132.0,29.0,0.6,0.0,False,False,False,False,True,  RESPIRATORY ,  Pulmonary Surfactan
Meropenem,Kola Mallum,0,80.0,1.0,5.0,5.0,False,False,False,False,False,  ANTI INFECTIVES ,  Cell wall active agent -Carbapenem
Trazodone,Banana,0,90.0,1.0,0.0,23.0,False,False,False,False,False,  NEURO CNS ,  Serotonin antagonist and reuptake inhibitors (SARIs
Efavirenz,Dark chocolate,0,282.0,3.0,18.0,29.0,False,False,False,True,False,  ANTI INFECTIVES ,  Non-Nucleoside reverse transcriptase inhibitors (NNRTIs
Trimipramine,Ginger Finger Biscuit,0,18.0,0.2,0.5,2.8,True,False,False,False,False,  NEURO CNS ,  Tricyclic antidepressant
Hydroxyzine,Gal Banis,0,400.0,7.0,13.0,65.0,False,False,False,True,False,  RESPIRATORY ,  H1 Antihistaminics (First Generation
Isopropamide,Walnuts,0,190.0,4.0,18.0,4.0,False,False,False,True,False,  GASTRO INTESTINA,Unknown
Epsilon Aminocaproic Acid,Papadam,0,21.0,1.0,1.0,3.7,False,False,False,False,False,  BLOOD RELATED ,  Antifibrinolyti
Azilsartan medoxomil,Coconut Roti,0,284.0,6.7,6.3,49.2,False,False,False,False,False,  CARDIAC ,  Angiotensin receptor blockers(ARB
Silymarin,White Bread,0,270.0,9.0,3.0,50.0,False,False,False,False,False,  GASTRO INTESTINAL ,  Hepatoprotective
Epinastine,Yogurt,0,90.0,5.0,3.0,10.0,False,False,False,False,False,  OPHTHAL ,  H1 Antihistaminics (second Generation
Nicotinic acid,White Bread,0,270.0,9.0,3.0,50.0,False,False,False,False,False,  VITAMINS MINERALS NUTRIENTS ,  Vitamin
Famciclovir,Ambul Kesel,0,45.0,0.5,0.1,11.0,False,False,False,False,False,  ANTI INFECTIVES ,  Antiviral (Non-HIV) drug
Tramadol,Vegetable curry with coconut milk,0,120.0,1.0,9.0,10.0,False,False,False,False,False,  PAIN ANALGESIC,Unknown
Hydroxyethyl Starch(HES),Ada,0,280.0,5.0,2.0,61.0,False,False,False,False,False,  BLOOD RELATED ,  Colloids (Plasma substitutes
Dichlorobenzyl Alcohol,Custard cream biscuit,0,54.0,0.6,2.0,9.0,False,False,False,False,False,  RESPIRATOR,Unknown
Milrinone,Ada,0,280.0,5.0,2.0,61.0,False,False,False,False,False,  CARDIAC ,  Phosphodiesterase-III inhibitors (HF
Oxaliplatin,Kiri Hodi,0,100.0,1.0,9.0,4.0,False,False,False,False,False,  ANTI NEOPLASTICS ,  Platinum compounds-Anticance
Glucosamine,Nice biscuit,0,42.0,0.63,1.6,6.6,False,False,False,False,False,  PAIN ANALGESIC,Unknown
Etizolam,Chicken Curry,0,180.0,27.0,8.0,0.0,False,False,False,False,True,  NEURO CN,Unknown
Rosiglitazone,Roasted Gram,0,200.0,12.0,2.0,30.0,False,False,False,False,True,  ANTI DIABETIC ,  Thiazolidinedione(PPAR gamma agonist
Live Freeze Dried Lactic Acid Bacteria and Bifidobacteria,Watermelon,0,30.0,0.6,0.2,7.6,False,False,False,False,False,  GASTRO INTESTINAL ,  Probiotic
Besifloxacin,Orange,0,62.0,1.2,0.2,15.4,False,False,False,False,False,  OPHTHAL ,  Quinolones/ Fluroquinolone
Deferoxamine,Dhal Curry,0,100.0,7.0,2.0,14.0,False,False,False,False,False,  BLOOD RELATED ,  Iron chelating agent
Oxyphenbutazone,Fried Halmesso,0,75.0,7.5,4.5,0.0,False,False,False,False,False,  PAIN ANALGESICS ,  NSAID
Armodafinil,Pasta,0,393.0,14.0,1.7,79.0,False,False,False,False,True,  NEURO CNS ,  Stimulant/ Drug for excessive sleepines
Tofacitinib,Fruit & Nut ice cream,0,230.0,3.9,9.0,34.0,False,False,False,False,False,  PAIN ANALGESICS ,  Janus kinase inhibitor
Papain,Cream cracker biscuit,0,37.0,0.9,1.2,6.0,False,False,False,False,False,  DERM,Unknown
Dexlansoprazole,Cucumber Flesh,0,6.0,0.3,0.05,1.5,False,False,False,False,False,  GASTRO INTESTINAL ,  Proton pump inhibitor
Itopride,Watermelon,0,30.0,0.6,0.2,7.6,False,False,False,False,False,  GASTRO INTESTINAL ,  Dopamine (D2) receptor antagonist-Prokinetic agen
HUMAN PREMIX,Fried Karawala,0,85.0,9.0,5.0,0.0,False,False,False,False,False,  ANTI DIABETIC ,  Insulin analogues- rapid actin
Trametinib,Fried Halmesso,0,75.0,7.5,4.5,0.0,False,False,False,False,False,  ANTI NEOPLASTICS ,  MEK inhibito
Ivermectin ,Kibula Banis,0,175.0,3.0,4.0,30.0,False,False,False,False,False,  ANTI INFECTIVE,Unknown
Lorazepam,White Rice,0,110.0,2.0,0.0,24.0,False,False,False,False,False,  NEURO CNS ,  Benzodiazepine
Bupropion,Pasta,0,393.0,14.0,1.7,79.0,False,False,False,False,True,  NEURO CNS ,  Norepinephrine-dopamine reuptake inhibitor (NDRI
Benazepril,Kotmale Vanilla milk,0,124.0,3.4,3.0,21.0,False,False,False,False,False,  CARDIAC ,  Angiotensin-converting enzyme (ACE) inhibitor
Trametinib,Kiribath,0,150.0,1.9,7.0,16.0,False,False,False,False,False,  ANTI NEOPLASTICS ,  MEK inhibito
Piperacillin,Orange cream biscuit,0,54.0,0.6,2.0,9.0,False,False,False,False,False,  ANTI INFECTIVE,Unknown
Saroglitazar,Coconut Milk 1st 2nd extractions,0,20.0,0.2,1.9,1.3,False,False,False,False,False,  ANTI DIABETIC ,  PPAR alpha / gamma agonis
Nilotinib,Vegetable Soup,0,30.0,1.5,0.3,6.0,False,False,False,False,False,  ANTI NEOPLASTICS ,  Tyrosine kinase inhibitor
Voglibose+Metformin+Gliclazide,Roast Green Pea,0,190.0,14.0,4.5,32.0,False,False,False,False,True,  ANTI DIABETI,Unknown
Phytomenadione,Chocolate Cake,0,250.0,3.0,12.0,35.0,False,False,False,True,False,  BLOOD RELATED ,  Vitamin
Silodosin,Orange cream biscuit,0,54.0,0.6,2.0,9.0,False,False,False,False,False,  UROLOGY ,  Uroselective adrenergic receptor(α1a) antagonis
Fluphenazine,Coconut Milk 1st 2nd 3rd extractions,0,15.0,0.2,1.4,1.0,False,False,False,False,False,  NEURO CNS ,  Typical Antipsychotic
Recombinant Human Erythropoietin Beta,Kiri Hodi,0,100.0,1.0,9.0,4.0,False,False,False,False,False,  BLOOD RELATED ,  Erythropoiesis-stimulating agent (ESA
Carvedilol,Vegetable Roll,0,120.0,3.0,4.0,18.0,False,False,False,False,False,  CARDIAC ,  Alpha & beta blocke
Triticum Vulgare extract,Vegetable curry with coconut oil,0,80.0,1.0,5.0,12.0,False,False,False,False,False,  DERM,Unknown
Mitoxantrone,Coconut Milk 1st extraction,0,30.0,0.3,2.7,1.5,False,False,False,False,False,  ANTI NEOPLASTICS ,  Alkaloids-cytotoxic agent
Nandrolone Decanoate,Lemon puff,0,59.0,0.7,2.3,8.7,False,False,False,False,False,  HORMONE,Unknown
Gliclazide ,Tuna,0,132.0,29.0,0.6,0.0,False,False,False,False,True,  ANTI DIABETI,Unknown
Esmolol,Ambul Kesel,0,45.0,0.5,0.1,11.0,False,False,False,False,False,  CARDIAC ,  Beta blocker- Cardioselectiv
Ramelteon,Hawaiian cookie,0,25.6,0.32,1.1,3.5,False,False,False,False,False,  NEURO CNS ,  Melatonin agonis
Cerebroprotein Hydrolysate,Quinoa,0,120.0,4.0,2.0,21.0,False,False,False,False,False,  NEURO CN,Unknown
Esomeprazole,Mun Kawum,0,450.0,5.0,18.0,70.0,False,False,False,True,False,  GASTRO INTESTINAL ,  Proton pump inhibitor
Ganciclovir,Roast Peanut,0,300.0,13.0,26.0,10.0,False,False,False,True,True,  OPHTHAL ,  Antiviral (Non-HIV) drug
Pegaspargase,Watermelon,0,30.0,0.6,0.2,7.6,False,False,False,False,False,  ANTI NEOPLASTICS ,  Anticancer-other
Carisoprodol,Chocolate,0,104.4,0.6,5.5,12.9,False,False,False,False,False,  PAIN ANALGESICS ,  Skeletal muscle relaxant- Centrally actin
Gemcitabine,Vegetable curry with coconut oil,0,80.0,1.0,5.0,12.0,False,False,False,False,False,  ANTI NEOPLASTICS ,  Antimetabolite
Zinc,Mango Chutney,0,60.0,0.5,0.0,15.0,False,False,False,False,False,  VITAMINS MINERALS NUTRIENTS ,  Mineral
Iohexol,White Rice,0,110.0,2.0,0.0,24.0,False,False,False,False,False,  OTHERS ,  X ray contrast media (Diagnostic agents
Lidocaine,Coconut Roti,0,284.0,6.7,6.3,49.2,False,False,False,False,False,  PAIN ANALGESIC,Unknown
Benzydamine,Skim Milk,0,80.0,8.0,0.0,12.0,False,False,False,False,False,  PAIN ANALGESICS ,  NSAID
Anastrozole,Boondi,0,240.0,3.0,10.0,38.0,False,False,False,False,False,  ANTI NEOPLASTICS ,  Aromatase inhibito
Oxiconazole,Guava,0,37.0,1.0,0.2,9.2,False,False,False,False,False,  DERMA ,  Fungal ergosterol synthesis inhibito
Ranolazine,Choco bar,0,60.0,0.5,4.0,6.0,False,False,False,False,False,  CARDIAC ,  Late Sodium channel blocker- angin
Sulbactam,Coconut Milk 1st extraction,0,30.0,0.3,2.7,1.5,False,False,False,False,False,  ANTI INFECTIVES ,  Cell wall active agent - Penicillin  Beta-lactamase inhibitor
Bromocriptine,Ambul Kesel,0,45.0,0.5,0.1,11.0,False,False,False,False,False,  NEURO CNS ,  Dopamine agonists-Hyperprolactinemi
Drotaverine+Paracetamol,Lemon puff,0,59.0,0.7,2.3,8.7,False,False,False,False,False,  GASTRO INTESTINA,Unknown
Coenzyme Q10,Boiled Cowpea,0,116.0,7.7,0.5,21.0,False,False,False,False,False,  VITAMINS MINERALS NUTRIENT,Unknown
Ifosfamide,Orange cream biscuit,0,54.0,0.6,2.0,9.0,False,False,False,False,False,  ANTI NEOPLASTICS ,  Alkylating agen
Benralizumab,Beetroot curry with coconut milk,0,89.0,2.0,4.7,11.0,False,False,False,False,False,  RESPIRATORY ,  Monoclonal antibodie
Methylpolysiloxane,Marie biscuit,0,17.0,0.29,0.4,2.8,False,False,False,False,False,  VITAMINS MINERALS NUTRIENTS ,  Mineral
Irinotecan,Chocolate Cake,0,250.0,3.0,12.0,35.0,False,False,False,True,False,  ANTI NEOPLASTICS ,  Topoisomerase Inhibito
Calcium Dobesilate,Chocolate Marie biscuit,0,15.0,0.3,0.4,2.8,False,False,False,False,False,  CARDIAC ,  Capillary permeability reduce
Voglibose+Metformin+Gliclazide,Brown Rice,0,90.0,2.0,1.0,19.0,False,False,False,False,False,  ANTI DIABETI,Unknown
Azathioprine,Chicken Breast,0,165.0,31.0,3.6,0.0,False,False,False,False,True,  ANTI NEOPLASTICS ,  Immunosuppressant- Purine analog
Caspofungin,Vegetable curry with coconut oil,0,80.0,1.0,5.0,12.0,False,False,False,False,False,  ANTI INFECTIVE,Unknown
Zileuton,Boiled Cowpea,0,116.0,7.7,0.5,21.0,False,False,False,False,False,  RESPIRATORY ,  5LOX inhibito
Iron Polysaccharide Complex,Jackfruit,0,33.0,0.6,0.2,8.2,False,False,False,False,False,  BLOOD RELATE,Unknown
Streptomycin,Ambul Kesel,0,45.0,0.5,0.1,11.0,False,False,False,False,False,  ANTI INFECTIVES ,  Aminoglycoside
Ketamine,Apple,0,80.0,0.0,0.0,22.0,False,False,False,False,False,  PAIN ANALGESICS ,  General anaesthetic agent
Benazepril,Thati Paan,0,250.0,8.0,2.5,50.0,False,False,False,False,False,  CARDIAC ,  Angiotensin-converting enzyme (ACE) inhibitor
Phenylalanine,Red Rice,0,112.0,2.4,0.8,23.0,False,False,False,False,False,  VITAMINS MINERALS NUTRIENTS ,  Amino acid
Ginkgo Biloba,Tuna,0,132.0,29.0,0.6,0.0,False,False,False,False,True,  VITAMINS MINERALS NUTRIENT,Unknown
Bifonazole,Kola Mallum,0,80.0,1.0,5.0,5.0,False,False,False,False,False,  DERMA ,  Fungal ergosterol synthesis inhibito
Tamoxifen,Salmon,0,208.0,20.0,13.0,0.0,False,False,False,True,True,  ANTI NEOPLASTICS ,  Selective estrogen receptor modulators (SERM)- Breast C
Lacosamide,Quinoa,0,120.0,4.0,2.0,21.0,False,False,False,False,False,  NEURO CNS ,  Sodium channel modulators (AED
Tolterodine,Tuna,0,132.0,29.0,0.6,0.0,False,False,False,False,True,  UROLOGY ,  Non selective Anticholinergic (Bladder
Dexchlorpheniramine,Chicken Breast,0,165.0,31.0,3.6,0.0,False,False,False,False,True,  RESPIRATORY ,  H1 Antihistaminics (First Generation
Cefotaxime,Dhal Curry with coconut milk,0,80.0,5.0,3.5,12.0,False,False,False,False,False,  ANTI INFECTIVES ,  Cephalosporins   3 generatio
Deferoxamine,Boiled Jackfruit Seed,0,13.0,0.6,0.1,2.5,False,False,False,False,False,  BLOOD RELATED ,  Iron chelating agent
Naltrexone,Boondi,0,240.0,3.0,10.0,38.0,False,False,False,False,False,  NEURO CN,Unknown
Eribulin Mesylate,Apple,0,80.0,0.0,0.0,22.0,False,False,False,False,False,  ANTI NEOPLASTICS ,  Antimicrotubule agents- Non Taxane
Evogliptin,Coconut Sambal,0,157.0,2.0,13.7,6.4,False,False,False,True,False,  ANTI DIABETI,Unknown
Dapagliflozin+Metformin,Aluwa,0,400.0,3.0,8.0,85.0,False,False,False,False,False,  ANTI DIABETI,Unknown
Azacitidine,Chocolate Cream Biscuit,0,53.0,1.0,2.0,8.0,False,False,False,False,False,  ANTI NEOPLASTICS ,  Antimetabolite
Metaxalone,Peanut Butter,0,190.0,8.0,16.0,7.0,False,False,False,True,False,  PAIN ANALGESICS ,  Skeletal muscle relaxant- Centrally actin
Benzalkonium Chloride,Garlic Murukku,0,500.0,8.0,25.0,55.0,True,False,False,True,False,  DERM,Unknown
Collagen Peptide,Beetroot curry with coconut milk,0,89.0,2.0,4.7,11.0,False,False,False,False,False,  PAIN ANALGESICS ,  Proteoglycan synthesis Stimulato
Clemastine,Jam Paan,0,300.0,7.0,8.0,55.0,False,False,False,False,False,  RESPIRATORY ,  H1 Antihistaminics (First Generation
Sodium Fluoride,Boiled Chickpeas,0,164.0,9.0,2.6,27.0,False,False,False,False,False,  OPHTHAL ,  Stomatological-Hypersensitivit
Allantoin,Cavendish Banana,0,134.0,1.7,0.5,34.2,False,False,False,False,False,  DERM,Unknown
Mesterolone,Egg,0,70.0,6.0,5.0,0.4,False,False,False,False,False,  GYNAECOLOGICAL ,  Androgen
Chlorpheniramine Maleate,Thala Bola,0,26.0,0.6,1.6,3.2,False,False,False,False,False,  RESPIRATOR,Unknown
Prucalopride,Lemon puff,0,59.0,0.7,2.3,8.7,False,False,False,False,False,  GASTRO INTESTINAL ,  Serotonin (5-HT4) receptor agonist-Prokinetic agen
Linagliptin,Orange cream biscuit,0,54.0,0.6,2.0,9.0,False,False,False,False,False,  ANTI DIABETIC ,  DPP-4 inhibitor
Colostrum,White sugar,0,16.0,0.0,0.0,4.0,False,False,False,False,False,  VITAMINS MINERALS NUTRIENT,Unknown
Human Rabies Immunoglobulin,Vegetable curry with coconut milk,0,120.0,1.0,9.0,10.0,False,False,False,False,False,  VACCINE,Unknown
Ibuprofen,Egg,0,70.0,6.0,5.0,0.4,False,False,False,False,False,  PAIN ANALGESIC,Unknown
Bisoprolol,Lunu Miris,0,12.0,0.87,0.04,1.43,False,False,False,False,False,  CARDIAC ,  Beta blocker- Cardioselectiv
Human Normal Immunoglobulin,Wonder choc ice cream,0,206.0,2.4,14.0,18.0,False,False,False,True,False,  VACCINE,Unknown
Arformoterol,Vegetable curry with coconut milk,0,120.0,1.0,9.0,10.0,False,False,False,False,False,  RESPIRATORY ,  Long acting β2-agonist
Hepatitis B Vaccine,Samaposha Aggala,0,326.0,9.8,10.4,49.0,False,False,False,True,False,  VACCINE,Unknown
Loteprednol etabonate,Idiyappam,0,180.0,3.0,0.5,40.0,False,False,False,False,False,  OPHTHAL OTOLOGICAL,Unknown
Isavuconazole,Ada,0,280.0,5.0,2.0,61.0,False,False,False,False,False,  ANTI INFECTIVE,Unknown
Phenyramidol,Kotmale Vanilla milk,0,124.0,3.4,3.0,21.0,False,False,False,False,False,  PAIN ANALGESICS ,  Skeletal muscle relaxant- Centrally actin
Cefprozil,Chicken Breast,0,165.0,31.0,3.6,0.0,False,False,False,False,True,  ANTI INFECTIVES ,  Cephalosporins   3 generatio
Phenoxybenzamine,Dhal Curry with coconut milk,0,80.0,5.0,3.5,12.0,False,False,False,False,False,  CARDIAC ,  Adrenergic receptor antagonist - non selectiv
Riociguat,Tuna,0,132.0,29.0,0.6,0.0,False,False,False,False,True,  CARDIAC ,  Soluble guanylate cyclase (sGC) stimulato
Sodium Hyaluronate,Jelly Jujub,0,14.0,0.0,0.0,3.4,False,False,False,False,False,  OPHTHAL ,  Osteoarthritis- Hyaluronic aci
Nicotinamide,Tuna,0,132.0,29.0,0.6,0.0,False,False,False,False,True,  VITAMINS MINERALS NUTRIENTS ,  Vitamin
Sumatriptan,Lemon puff,0,59.0,0.7,2.3,8.7,False,False,False,False,False,  NEURO CN,Unknown
Mitoxantrone,Vegetable Soup,0,30.0,1.5,0.3,6.0,False,False,False,False,False,  ANTI NEOPLASTICS ,  Alkaloids-cytotoxic agent
Dacarbazine,Tuna,0,132.0,29.0,0.6,0.0,False,False,False,False,True,  ANTI NEOPLASTICS ,  Alkylating agen
Phenyramidol,Coconut Roti,0,284.0,6.7,6.3,49.2,False,False,False,False,False,  PAIN ANALGESICS ,  Skeletal muscle relaxant- Centrally actin
Benzonatate,Boiled Mung,0,105.0,7.0,0.4,19.0,False,False,False,False,False,  RESPIRATORY ,  Cough suppressant
Ticlopidine,Skim Milk,0,80.0,8.0,0.0,12.0,False,False,False,False,False,  CARDIA,Unknown
Vancomycin,Oats,0,150.0,5.0,3.0,27.0,False,False,False,False,False,  ANTI INFECTIVES ,  Glycopeptide
Fludrocortisone,Chocolate ice cream,0,154.0,2.6,10.0,14.0,False,False,False,False,False,  HORMONES ,  Mineralocorticoid
Fluvastatin,Cucumber Flesh,0,6.0,0.3,0.05,1.5,False,False,False,False,False,  CARDIAC ,  HMG CoA inhibitors (statins
Triamcinolone,Boiled Sweet Potato,0,90.0,1.6,0.1,20.0,False,False,False,False,False,  DERMA ,  Glucocorticoid
Paradichlorobenzene,Garlic Murukku,0,500.0,8.0,25.0,55.0,True,False,False,True,False,  OTOLOGICAL,Unknown
Ipratropium,Roast Paan,0,280.0,8.0,3.0,55.0,False,False,False,False,False,  RESPIRATORY ,  Anticholinergic - COP
Nicergoline,Guava,0,37.0,1.0,0.2,9.2,False,False,False,False,False,  NEURO CNS ,  Ergot derivativ
Bacitracin,Vegetable curry with coconut oil,0,80.0,1.0,5.0,12.0,False,False,False,False,False,  DERM,Unknown
Mesna,Aluwa,0,400.0,3.0,8.0,85.0,False,False,False,False,False,  BLOOD RELATED ,  Cytoprotective agents- Bladde
Mycophenolate sodium,Pani Murukku,0,46.0,0.8,0.9,7.5,False,False,False,False,False,  ANTI NEOPLASTICS ,  Immunosuppressant- Purine analog
Alpelisib,Jackfruit,0,33.0,0.6,0.2,8.2,False,False,False,False,False,  ANTI NEOPLASTIC,Unknown
Bicalutamide,Ambul Kesel,0,45.0,0.5,0.1,11.0,False,False,False,False,False,  ANTI NEOPLASTIC,Unknown
Teicoplanin,Jackfruit,0,33.0,0.6,0.2,8.2,False,False,False,False,False,  ANTI INFECTIVES ,  Glycopeptide
Magnesium Bisglycinate,Chicken Breast,0,165.0,31.0,3.6,0.0,False,False,False,False,True,  VITAMINS MINERALS NUTRIENTS ,  Mineral
Glycine,Kibula Banis,0,175.0,3.0,4.0,30.0,False,False,False,False,False,  VITAMINS MINERALS NUTRIENT,Unknown
Beclometasone+Clotrimazole+Chloramphenicol+Lignocaine,Garlic Murukku,0,500.0,8.0,25.0,55.0,True,False,False,True,False,  OTOLOGICAL,Unknown
Caffeine,Chicken Gravy,0,25.0,3.5,1.5,0.0,False,False,False,False,False,  PAIN ANALGESIC,Unknown
Propyl Thiouracil,Kurumba,0,75.0,2.2,4.1,8.9,False,False,False,False,False,  HORMONES ,  Antithyroid agents-Thyroid peroxidase inhibitor
Daclatasvir,Fried Karawala,0,85.0,9.0,5.0,0.0,False,False,False,False,False,  ANTI INFECTIVES ,  Direct acting hepatitis C agen
Loxapine,Fried Halmesso,0,75.0,7.5,4.5,0.0,False,False,False,False,False,  NEURO CNS ,  Typical Antipsychotic
Recombinant follicle stimulating hormone,Kibula Banis,0,175.0,3.0,4.0,30.0,False,False,False,False,False,  GYNAECOLOGICAL ,  Gonadotropin
Gramicidin,Kibula Banis,0,175.0,3.0,4.0,30.0,False,False,False,False,False,  OPHTHA,Unknown
Epsilon Aminocaproic Acid,Peanut Butter,0,190.0,8.0,16.0,7.0,False,False,False,True,False,  BLOOD RELATED ,  Antifibrinolyti
Estramustine,Whole Milk,0,130.0,7.0,7.0,10.0,False,False,False,False,False,  ANTI NEOPLASTICS ,  Anticancer-other
Lamotrigine,White Bread,0,270.0,9.0,3.0,50.0,False,False,False,False,False,  NEURO CNS ,  Sodium channel modulators (AED
Ramosetron,Hawaiian cookie,0,25.6,0.32,1.1,3.5,False,False,False,False,False,  GASTRO INTESTINA,Unknown
Chlorzoxazone,Gal Banis,0,400.0,7.0,13.0,65.0,False,False,False,True,False,  PAIN ANALGESIC,Unknown
Carbenicillin,Dodol,0,380.0,2.0,12.0,75.0,False,False,False,True,False,  ANTI INFECTIVES ,  Cell wall active agent -Extended spectrum Penicilli
Diclofenac+Linseed Oil+Methyl Salicylate+Menthol+Benzyl Alcohol,Dodol,0,380.0,2.0,12.0,75.0,False,False,False,True,False,  PAIN ANALGESIC,Unknown
Allopurinol,Hawaiian cookie,0,25.6,0.32,1.1,3.5,False,False,False,False,False,  PAIN ANALGESIC,Unknown
Phenyl Mercuric Nitrate,Ginger Finger Biscuit,0,18.0,0.2,0.5,2.8,True,False,False,False,False,  OPHTHA,Unknown
Lecithin,Cucumber Salad,0,35.0,1.0,0.0,7.0,False,False,False,False,False,  CARDIAC ,  Antioxidan
Ketotifen,Banana,0,90.0,1.0,0.0,23.0,False,False,False,False,False,  RESPIRATORY ,  Mast cell stabilizer
Piracetam,White Noodles,0,140.0,4.0,1.0,30.0,False,False,False,False,False,  NEURO CNS ,  Nootropic agen
Sparfloxacin,Peanut Butter,0,190.0,8.0,16.0,7.0,False,False,False,True,False,  OPHTHAL ,  Quinolones/ Fluroquinolone
Clopidogrel,Red Rice,0,112.0,2.4,0.8,23.0,False,False,False,False,False,  BLOOD RELATED ,  P2Y12 inhibitors (ADP receptor
Mometasone+Fusidic Acid,Apple,0,80.0,0.0,0.0,22.0,False,False,False,False,False,  DERM,Unknown
Polystyrene Sulfonate,Boiled Potatoes,0,44.0,1.0,0.1,10.3,False,False,False,False,False,  BLOOD RELATE,Unknown
Indinavir,Boiled Mung,0,105.0,7.0,0.4,19.0,False,False,False,False,False,  ANTI INFECTIVES ,  Protease (HIV) inhibitor
Octreotide acetate,Garlic Murukku,0,500.0,8.0,25.0,55.0,True,False,False,True,False,  HORMONES ,  Somatostatin analogue
Salbutamol,Mango Chutney,0,60.0,0.5,0.0,15.0,False,False,False,False,False,  RESPIRATORY ,  Short acting β2-agonist
Divalproex,Cucumber Salad,0,35.0,1.0,0.0,7.0,False,False,False,False,False,  NEURO CNS ,  Sodium channel modulators (AED
Fluorouracil,Ginger Finger Biscuit,0,18.0,0.2,0.5,2.8,True,False,False,False,False,  ANTI NEOPLASTICS ,  Antimetabolite
Vancomycin,Roast Paan,0,280.0,8.0,3.0,55.0,False,False,False,False,False,  ANTI INFECTIVES ,  Glycopeptide
Aspirin+Atorvastatin+Clopidogrel,Wandu,0,205.0,2.0,1.0,46.0,False,False,False,False,False,  CARDIA,Unknown
Sunitinib,Wonder choc ice cream,0,206.0,2.4,14.0,18.0,False,False,False,True,False,  ANTI NEOPLASTIC,Unknown
Boric Acid,Cream cracker biscuit,0,37.0,0.9,1.2,6.0,False,False,False,False,False,  OPHTHA,Unknown
Diphenhydramine,Gal Banis,0,400.0,7.0,13.0,65.0,False,False,False,True,False,  RESPIRATORY ,  H1 Antihistaminics (First Generation
Cinitapride,White Bread,0,270.0,9.0,3.0,50.0,False,False,False,False,False,  GASTRO INTESTINAL ,  Serotonin (5-HT4) receptor agonist-Prokinetic agen
Darunavir,Choco bar,0,60.0,0.5,4.0,6.0,False,False,False,False,False,  ANTI INFECTIVE,Unknown
S-Metoprolol Succinate,Roast Paan,0,280.0,8.0,3.0,55.0,False,False,False,False,False,  CARDIAC ,  Beta blocker- Cardioselectiv
Valproic Acid,Walnuts,0,190.0,4.0,18.0,4.0,False,False,False,True,False,  NEURO CNS ,  Sodium channel modulators (AED
Efonidipine,Skim Milk,0,80.0,8.0,0.0,12.0,False,False,False,False,False,  CARDIAC ,  Calcium channel blockers- Dihydropyridines (DHP
Salicylic Acid,Hawaiian cookie,0,25.6,0.32,1.1,3.5,False,False,False,False,False,  DERMA ,  Keratoplastic and keratolytic agent
Calcitriol,Murukku,0,550.0,9.0,38.0,50.0,False,False,False,True,False,  VITAMINS MINERALS NUTRIENT,Unknown
Formoterol+Budesonide,Orange,0,62.0,1.2,0.2,15.4,False,False,False,False,False,  RESPIRATOR,Unknown
Oxaliplatin,Dodol,0,380.0,2.0,12.0,75.0,False,False,False,True,False,  ANTI NEOPLASTICS ,  Platinum compounds-Anticance
Spiramycin,Cavendish Banana,0,134.0,1.7,0.5,34.2,False,False,False,False,False,  ANTI INFECTIVES ,  Macrolide
Ketoconazole,Wandu,0,205.0,2.0,1.0,46.0,False,False,False,False,False,  DERM,Unknown
Evolocumab,Choco bar,0,60.0,0.5,4.0,6.0,False,False,False,False,False,  ANTI NEOPLASTICS ,  Monoclonal antibodie
Cariprazine,Gal Banis,0,400.0,7.0,13.0,65.0,False,False,False,True,False,  NEURO CNS ,  Atypical Antipsychotic
Bifidobacterium longum,Coconut Roti,0,284.0,6.7,6.3,49.2,False,False,False,False,False,  GASTRO INTESTINA,Unknown
Bacillus Clausii,Vegetable curry with coconut oil,0,80.0,1.0,5.0,12.0,False,False,False,False,False,  GASTRO INTESTINAL ,  Probiotic
Thiotepa,Orange,0,62.0,1.2,0.2,15.4,False,False,False,False,False,  ANTI NEOPLASTICS ,  Alkylating agen
Plerixafor,Coconut Milk 1st 2nd 3rd extractions,0,15.0,0.2,1.4,1.0,False,False,False,False,False,  ANTI NEOPLASTICS ,  Hematopoietic stem cell mobilize
Enrofloxacin,White sugar,0,16.0,0.0,0.0,4.0,False,False,False,False,False,  ANTI INFECTIVES ,  Quinolones/ Fluroquinolone
Aflapin,Pasta,0,393.0,14.0,1.7,79.0,False,False,False,False,True,  PAIN ANALGESICS ,  5-lipoxygenase inhibito
Opipramol,Kibula Banis,0,175.0,3.0,4.0,30.0,False,False,False,False,False,  NEURO CNS ,  Anxiety disorder- Opipramo
Metformin+Voglibose,Vegetable curry with coconut oil,0,80.0,1.0,5.0,12.0,False,False,False,False,False,  ANTI DIABETI,Unknown
Oxytetracycline,Walnuts,0,190.0,4.0,18.0,4.0,False,False,False,True,False,  ANTI INFECTIVES ,  Tetracycline
L-Glutamine,Samaposha Aggala,0,326.0,9.8,10.4,49.0,False,False,False,True,False,  VITAMINS MINERALS NUTRIENTS ,  Vitamin
Ertapenem,Dhal Curry,0,100.0,7.0,2.0,14.0,False,False,False,False,False,  ANTI INFECTIVES ,  Cell wall active agent -Carbapenem
Fluconazole+Azithromycin,Wonder choc ice cream,0,206.0,2.4,14.0,18.0,False,False,False,True,False,  GYNAECOLOGICA,Unknown
Mefenamic Acid,Batter Carol biscuit,0,26.0,0.4,0.75,4.2,False,False,False,False,False,  PAIN ANALGESIC,Unknown
Lysine,Yellow Rice,0,469.0,16.9,18.8,75.0,False,False,False,True,True,  VITAMINS MINERALS NUTRIENT,Unknown
Donepezil,Skim Milk,0,80.0,8.0,0.0,12.0,False,False,False,False,False,  NEURO CNS ,  Cholinesterase inhibitors - Alzheimer
Lubiprostone,Kiribath,0,150.0,1.9,7.0,16.0,False,False,False,False,False,  GASTRO INTESTINAL ,  Chloride channel activato
Oxyfedrin,Coconut Milk 1st extraction,0,30.0,0.3,2.7,1.5,False,False,False,False,False,  CARDIAC ,  AntiAnginals-Oxyfedri
Ammonium Chloride,White Rice,0,110.0,2.0,0.0,24.0,False,False,False,False,False,  RESPIRATOR,Unknown
Medroxyprogesterone acetate,Orange cream biscuit,0,54.0,0.6,2.0,9.0,False,False,False,False,False,  GYNAECOLOGICAL ,  Progestins (First generation
Iron,Boiled Cowpea,0,116.0,7.7,0.5,21.0,False,False,False,False,False,  GYNAECOLOGICA,Unknown
Calcium Dobesilate,Aluwa,0,400.0,3.0,8.0,85.0,False,False,False,False,False,  CARDIAC ,  Capillary permeability reduce
Nifedipine,Boiled Jackfruit Seed,0,13.0,0.6,0.1,2.5,False,False,False,False,False,  CARDIA,Unknown
Buprenorphine,Mango Chutney with Sugar,0,200.0,0.5,0.0,50.0,False,False,False,False,False,  NEURO CNS ,  Opioids- Partial agonis
Glipizide,Hoppers,0,120.0,3.0,4.0,20.0,False,False,False,False,False,  ANTI DIABETI,Unknown
Monobenzone,Jelly Jujub,0,14.0,0.0,0.0,3.4,False,False,False,False,False,  DERMA ,  Anti Pigmentation & Skin lightening agen
Desvenlafaxine,Butter Cake,0,220.0,2.0,12.0,27.0,False,False,False,True,False,  NEURO CN,Unknown
Adapting Electrolyte Solutions,Quinoa,0,120.0,4.0,2.0,21.0,False,False,False,False,False,  BLOOD RELATED ,  Crystalloid
Biotin,Red Rice,0,112.0,2.4,0.8,23.0,False,False,False,False,False,  VITAMINS MINERALS NUTRIENT,Unknown
Acamprosate,Chicken Gravy,0,25.0,3.5,1.5,0.0,False,False,False,False,False,  NEURO CNS ,  Alcohol deaddictio
Meloxicam,Roast Paan,0,280.0,8.0,3.0,55.0,False,False,False,False,False,  PAIN ANALGESICS ,  NSAID
Benzalkonium Chloride,Roasted Gram,0,200.0,12.0,2.0,30.0,False,False,False,False,True,  DERM,Unknown
Ofatumumab,Idiyappam,0,180.0,3.0,0.5,40.0,False,False,False,False,False,  ANTI NEOPLASTICS ,  CD 20 Inhibito
Safinamide,Pasta,0,393.0,14.0,1.7,79.0,False,False,False,False,True,  NEURO CN,Unknown
Satranidazole,Kola Mallum,0,80.0,1.0,5.0,5.0,False,False,False,False,False,  GASTRO INTESTINA,Unknown
Selegiline,Idiyappam,0,180.0,3.0,0.5,40.0,False,False,False,False,False,  NEURO CNS ,  MAO-B Inhibitor
Sodium Cromoglycate,White sugar,0,16.0,0.0,0.0,4.0,False,False,False,False,False,  OPHTHAL ,  Mast cell stabilizer
Naftopidil,Brown Rice,0,90.0,2.0,1.0,19.0,False,False,False,False,False,  CARDIAC ,  Uroselective adrenergic receptor(α1a) antagonis
Dexamethasone Intravitreal Implant,Lunu Miris,0,12.0,0.87,0.04,1.43,False,False,False,False,False,  RESPIRATORY ,  Intravitreal corticosteriod implant
Alpha-amylase,Boiled Mung,0,105.0,7.0,0.4,19.0,False,False,False,False,False,  GASTRO INTESTINA,Unknown
Ado-trastuzumab emtansine,Brown Rice,0,90.0,2.0,1.0,19.0,False,False,False,False,False,  ANTI NEOPLASTICS ,  HER2/neu (ErbB2) Inhibitor- Monoclonal antibod
Univestin,Wonder choc ice cream,0,206.0,2.4,14.0,18.0,False,False,False,True,False,  PAIN ANALGESICS ,  Herba
Danazol,Helapa,0,440.0,11.0,17.0,80.0,False,False,False,True,True,  GYNAECOLOGICAL ,  Androgen- Endometereosi
Clostridium botulinum type A toxin-haemagglutinin complex,Mun Kawum,0,450.0,5.0,18.0,70.0,False,False,False,True,False,  VACCINE,Unknown
Pancuronium,Garlic Murukku,0,500.0,8.0,25.0,55.0,True,False,False,True,False,  PAIN ANALGESICS ,  Skeletal muscle relaxant- Peripherally actin
Neomycin,Vegetable Roll,0,120.0,3.0,4.0,18.0,False,False,False,False,False,  OTOLOGICAL,Unknown
Centchroman,Egg,0,70.0,6.0,5.0,0.4,False,False,False,False,False,  GYNAECOLOGICAL ,  Selective estrogen receptor modulators (SERM)- OC
