generic_name,therapeutic_class,action_class,treatment_area,condition,source,confidence
metformin,ANTI DIABETIC,Biguanide,Endocrinology,Type 2 Diabetes,curated,0.95
metformin,ANTI DIABETIC,Biguanide,Endocrinology,Insulin Resistance,curated,0.95
metformin,ANTI DIABETIC,Biguanide,Endocrinology,PCOS,curated,0.95
glimepiride,ANTI DIABETI,,Endocrinology,Type 2 Diabetes,curated,0.95
insulin,,,Endocrinology,Diabetes Mellitus,curated,0.95
insulin,,,Endocrinology,Type 1 Diabetes,curated,0.95
insulin,,,Endocrinology,Type 2 Diabetes,curated,0.95
sitagliptin,ANTI DIABETIC,DPP-4 inhibitor,Endocrinology,Type 2 Diabetes,curated,0.95
vildagliptin,ANTI DIABETIC,DPP-4 inhibitor,Endocrinology,Type 2 Diabetes,curated,0.95
dapagliflozin,ANTI DIABETI,,Endocrinology,Type 2 Diabetes,curated,0.95
dapagliflozin,ANTI DIABETI,,Endocrinology,Heart Failure,curated,0.95
teneligliptin,ANTI DIABETIC,DPP-4 inhibitor,Endocrinology,Type 2 Diabetes,curated,0.95
gliclazide,ANTI DIABETI,,Endocrinology,Type 2 Diabetes,curated,0.95
pioglitazone,ANTI DIABETI,,Endocrinology,Type 2 Diabetes,curated,0.95
remogliflozin etabonate,ANTI DIABETI,,Endocrinology,Type 2 Diabetes,curated,0.95
imeglimin,ANTI DIABETI,,Endocrinology,Type 2 Diabetes,curated,0.95
atorvastatin,CARDIAC,HMG CoA inhibitors (statins,General Medicine,Hyperlipidemia,curated,0.95
atorvastatin,CARDIAC,HMG CoA inhibitors (statins,General Medicine,High Cholesterol,curated,0.95
atorvastatin,CARDIAC,HMG CoA inhibitors (statins,General Medicine,Cardiovascular Prevention,curated,0.95
rosuvastatin,CARDIAC,HMG CoA inhibitors (statins,General Medicine,Hyperlipidemia,curated,0.95
rosuvastatin,CARDIAC,HMG CoA inhibitors (statins,General Medicine,High Cholesterol,curated,0.95
simvastatin,CARDIAC,HMG CoA inhibitors (statins,General Medicine,Hyperlipidemia,curated,0.95
simvastatin,CARDIAC,HMG CoA inhibitors (statins,General Medicine,High Cholesterol,curated,0.95
amlodipine,CARDIAC,Calcium channel blockers- Dihydropyridines (DHP,Cardiovascular,Hypertension,curated,0.95
amlodipine,CARDIAC,Calcium channel blockers- Dihydropyridines (DHP,Cardiovascular,Angina,curated,0.95
telmisartan,CARDIA,,Cardiovascular,Hypertension,curated,0.95
losartan,CARDIAC,Angiotensin receptor blockers(ARB,Cardiovascular,Hypertension,curated,0.95
losartan,CARDIAC,Angiotensin receptor blockers(ARB,Cardiovascular,Diabetic Nephropathy,curated,0.95
lisinopril,CARDIAC,Angiotensin-converting enzyme (ACE) inhibitor,Cardiovascular,Hypertension,curated,0.95
lisinopril,CARDIAC,Angiotensin-converting enzyme (ACE) inhibitor,Cardiovascular,Heart Failure,curated,0.95
ramipril,CARDIAC,Angiotensin-converting enzyme (ACE) inhibitor,Cardiovascular,Hypertension,curated,0.95
ramipril,CARDIAC,Angiotensin-converting enzyme (ACE) inhibitor,Cardiovascular,Heart Failure,curated,0.95
ramipril,CARDIAC,Angiotensin-converting enzyme (ACE) inhibitor,Cardiovascular,Post-MI,curated,0.95
metoprolol,,,Cardiovascular,Hypertension,curated,0.95
metoprolol,,,Cardiovascular,Angina,curated,0.95
metoprolol,,,Cardiovascular,Heart Failure,curated,0.95
metoprolol,,,Cardiovascular,Arrhythmia,curated,0.95
atenolol,CARDIAC,Beta blocker- Cardioselectiv,Cardiovascular,Hypertension,curated,0.95
atenolol,CARDIAC,Beta blocker- Cardioselectiv,Cardiovascular,Angina,curated,0.95
propranolol,CARDIA,,Cardiovascular,Hypertension,curated,0.95
propranolol,CARDIA,,Cardiovascular,Migraine Prevention,curated,0.95
propranolol,CARDIA,,Cardiovascular,Anxiety,curated,0.95
digoxin,CARDIAC,Cardiac glycoside,Cardiovascular,Heart Failure,curated,0.95
digoxin,CARDIAC,Cardiac glycoside,Cardiovascular,Atrial Fibrillation,curated,0.95
amiodarone,CARDIAC,Class III Agents- anti arrhythmi,General Medicine,Arrhythmia,curated,0.95
amiodarone,CARDIAC,Class III Agents- anti arrhythmi,General Medicine,Atrial Fibrillation,curated,0.95
verapamil,CARDIAC,Calcium channel blockers- Nondihydropyridine,Cardiovascular,Hypertension,curated,0.95
verapamil,CARDIAC,Calcium channel blockers- Nondihydropyridine,Cardiovascular,Angina,curated,0.95
verapamil,CARDIAC,Calcium channel blockers- Nondihydropyridine,Cardiovascular,Arrhythmia,curated,0.95
diltiazem,CARDIAC,Calcium channel blockers- Nondihydropyridine,Cardiovascular,Hypertension,curated,0.95
diltiazem,CARDIAC,Calcium channel blockers- Nondihydropyridine,Cardiovascular,Angina,curated,0.95
nicorandil,CARDIAC,Potassium channel opene,General Medicine,Angina,curated,0.95
sacubitril,CARDIA,,Cardiovascular,Heart Failure,curated,0.95
azilsartan medoxomil,CARDIA,,Cardiovascular,Hypertension,curated,0.95
bisoprolol,CARDIAC,Beta blocker- Cardioselectiv,Cardiovascular,Hypertension,curated,0.95
bisoprolol,CARDIAC,Beta blocker- Cardioselectiv,Cardiovascular,Heart Failure,curated,0.95
cilostazol,CARDIAC,Phosphodiesterase III Inhibiotrs (PVD,General Medicine,Peripheral Vascular Disease,curated,0.95
cilostazol,CARDIAC,Phosphodiesterase III Inhibiotrs (PVD,General Medicine,Intermittent Claudication,curated,0.95
ezetimibe,CARDIAC,Intestinal sterol absorption inhibitor,General Medicine,Hyperlipidemia,curated,0.95
torasemide,CARDIAC,High-ceiling Diuretics (Inhibitors of Na+-K+- 2Cl cotransport,Cardiovascular,Edema,curated,0.95
torasemide,CARDIAC,High-ceiling Diuretics (Inhibitors of Na+-K+- 2Cl cotransport,Cardiovascular,Heart Failure,curated,0.95
azelnidipine,CARDIAC,Calcium channel blockers- Dihydropyridines (DHP,Cardiovascular,Hypertension,curated,0.95
selexipag,CARDIA,,Cardiovascular,Pulmonary Arterial Hypertension,curated,0.95
paracetamol,PAIN ANALGESIC,,Pain Management,Pain,curated,0.95
paracetamol,PAIN ANALGESIC,,Pain Management,Fever,curated,0.95
acetaminophen,,,Pain Management,Pain,curated,0.95
acetaminophen,,,Pain Management,Fever,curated,0.95
ibuprofen,PAIN ANALGESIC,,Pain Management,Pain,curated,0.95
ibuprofen,PAIN ANALGESIC,,Pain Management,Inflammation,curated,0.95
ibuprofen,PAIN ANALGESIC,,Pain Management,Fever,curated,0.95
diclofenac,PAIN ANALGESICS,NSAID,Pain Management,Pain,curated,0.95
diclofenac,PAIN ANALGESICS,NSAID,Pain Management,Inflammation,curated,0.95
diclofenac,PAIN ANALGESICS,NSAID,Pain Management,Arthritis,curated,0.95
aceclofenac,PAIN ANALGESIC,,Pain Management,Pain,curated,0.95
aceclofenac,PAIN ANALGESIC,,Pain Management,Osteoarthritis,curated,0.95
aceclofenac,PAIN ANALGESIC,,Pain Management,Rheumatoid Arthritis,curated,0.95
naproxen,PAIN ANALGESIC,,Pain Management,Pain,curated,0.95
naproxen,PAIN ANALGESIC,,Pain Management,Inflammation,curated,0.95
naproxen,PAIN ANALGESIC,,Pain Management,Migraine,curated,0.95
nimesulide,RESPIRATOR,,Pain Management,Pain,curated,0.95
nimesulide,RESPIRATOR,,Pain Management,Inflammation,curated,0.95
celecoxib,PAIN ANALGESICS,NSAID,Rheumatology,Osteoarthritis,curated,0.95
celecoxib,PAIN ANALGESICS,NSAID,Rheumatology,Rheumatoid Arthritis,curated,0.95
etoricoxib,PAIN ANALGESIC,,Rheumatology,Osteoarthritis,curated,0.95
etoricoxib,PAIN ANALGESIC,,Rheumatology,Rheumatoid Arthritis,curated,0.95
etoricoxib,PAIN ANALGESIC,,Rheumatology,Gout,curated,0.95
tramadol,PAIN ANALGESIC,,Pain Management,Moderate-to-Severe Pain,curated,0.95
morphine,PAIN ANALGESICS,Opioid,Pain Management,Severe Pain,curated,0.95
buprenorphine,NEURO CNS,Opioids- Partial agonis,Pain Management,Chronic Pain,curated,0.95
buprenorphine,NEURO CNS,Opioids- Partial agonis,Pain Management,Opioid Dependence,curated,0.95
colchicine,PAIN ANALGESICS,Anti-Inflammatory- gou,General Medicine,Gout,curated,0.95
allopurinol,PAIN ANALGESIC,,General Medicine,Gout,curated,0.95
allopurinol,PAIN ANALGESIC,,General Medicine,Hyperuricemia,curated,0.95
febuxostat,PAIN ANALGESICS,Xanthine oxidase Inhibitors-gou,General Medicine,Gout,curated,0.95
febuxostat,PAIN ANALGESICS,Xanthine oxidase Inhibitors-gou,General Medicine,Hyperuricemia,curated,0.95
mefenamic acid,PAIN ANALGESIC,,Pain Management,Pain,curated,0.95
mefenamic acid,PAIN ANALGESIC,,Pain Management,Dysmenorrhea,curated,0.95
iguratimod,PAIN ANALGESICS,Disease Modifying Anti-Rheumatoid Drugs (DMARDs)- Non biologic,Rheumatology,Rheumatoid Arthritis,curated,0.95
thiocolchicoside,PAIN ANALGESIC,,Pain Management,Muscle Spasm,curated,0.95
thiocolchicoside,PAIN ANALGESIC,,Pain Management,Back Pain,curated,0.95
chlorzoxazone,PAIN ANALGESIC,,General Medicine,Muscle Spasm,curated,0.95
amoxycillin,ANTI INFECTIVE,,Infectious Disease,Bacterial Infection,curated,0.95
amoxycillin,ANTI INFECTIVE,,Infectious Disease,Upper Respiratory Infection,curated,0.95
amoxycillin,ANTI INFECTIVE,,Infectious Disease,UTI,curated,0.95
azithromycin,ANTI INFECTIVES,Macrolide,Infectious Disease,Bacterial Infection,curated,0.95
azithromycin,ANTI INFECTIVES,Macrolide,Infectious Disease,Respiratory Infection,curated,0.95
azithromycin,ANTI INFECTIVES,Macrolide,Infectious Disease,STI,curated,0.95
ciprofloxacin,GASTRO INTESTINA,,Infectious Disease,UTI,curated,0.95
ciprofloxacin,GASTRO INTESTINA,,Infectious Disease,Bacterial Infection,curated,0.95
ciprofloxacin,GASTRO INTESTINA,,Infectious Disease,Respiratory Infection,curated,0.95
ofloxacin,ANTI INFECTIVES,Quinolones/ Fluroquinolone,Infectious Disease,UTI,curated,0.95
ofloxacin,ANTI INFECTIVES,Quinolones/ Fluroquinolone,Infectious Disease,Bacterial Infection,curated,0.95
ofloxacin,ANTI INFECTIVES,Quinolones/ Fluroquinolone,Infectious Disease,Eye Infection,curated,0.95
cefixime,ANTI INFECTIVE,,Infectious Disease,Bacterial Infection,curated,0.95
cefixime,ANTI INFECTIVE,,Infectious Disease,UTI,curated,0.95
cefixime,ANTI INFECTIVE,,Infectious Disease,Respiratory Infection,curated,0.95
cefuroxime,ANTI INFECTIVE,,Infectious Disease,Bacterial Infection,curated,0.95
cefuroxime,ANTI INFECTIVE,,Infectious Disease,Sinusitis,curated,0.95
cefuroxime,ANTI INFECTIVE,,Infectious Disease,UTI,curated,0.95
cefpodoxime proxetil,ANTI INFECTIVES,Cephalosporins   3 generatio,Infectious Disease,Bacterial Infection,curated,0.95
cefpodoxime proxetil,ANTI INFECTIVES,Cephalosporins   3 generatio,Infectious Disease,Respiratory Infection,curated,0.95
ceftriaxone,ANTI INFECTIVE,,Infectious Disease,Severe Bacterial Infection,curated,0.95
ceftriaxone,ANTI INFECTIVE,,Infectious Disease,Meningitis,curated,0.95
cefoperazone,ANTI INFECTIVE,,Infectious Disease,Severe Bacterial Infection,curated,0.95
ceftazidime,ANTI INFECTIVE,,Infectious Disease,Severe Bacterial Infection,curated,0.95
ceftazidime,ANTI INFECTIVE,,Infectious Disease,Hospital-Acquired Infection,curated,0.95
levofloxacin,OPHTHAL,Quinolones/ Fluroquinolone,Infectious Disease,Bacterial Infection,curated,0.95
levofloxacin,OPHTHAL,Quinolones/ Fluroquinolone,Infectious Disease,Pneumonia,curated,0.95
levofloxacin,OPHTHAL,Quinolones/ Fluroquinolone,Infectious Disease,UTI,curated,0.95
clarithromycin,ANTI INFECTIVES,Macrolide,Infectious Disease,H. Pylori Infection,curated,0.95
clarithromycin,ANTI INFECTIVES,Macrolide,Infectious Disease,Respiratory Infection,curated,0.95
metronidazole,DERM,,Infectious Disease,Anaerobic Infection,curated,0.95
metronidazole,DERM,,Infectious Disease,Amoebiasis,curated,0.95
metronidazole,DERM,,Infectious Disease,H. Pylori,curated,0.95
linezolid,ANTI INFECTIVES,Oxazolidinon,Infectious Disease,MRSA Infection,curated,0.95
linezolid,ANTI INFECTIVES,Oxazolidinon,Infectious Disease,Severe Bacterial Infection,curated,0.95
meropenem,ANTI INFECTIVES,Cell wall active agent -Carbapenem,Infectious Disease,Severe Bacterial Infection,curated,0.95
meropenem,ANTI INFECTIVES,Cell wall active agent -Carbapenem,Infectious Disease,Sepsis,curated,0.95
piperacillin,ANTI INFECTIVE,,Infectious Disease,Severe Bacterial Infection,curated,0.95
piperacillin,ANTI INFECTIVE,,Infectious Disease,Hospital-Acquired Infection,curated,0.95
rifaximin,GASTRO INTESTINAL,RNA polymerase inhibitors- Rifamycin,General Medicine,Hepatic Encephalopathy,curated,0.95
rifaximin,GASTRO INTESTINAL,RNA polymerase inhibitors- Rifamycin,General Medicine,Traveler's Diarrhea,curated,0.95
rifaximin,GASTRO INTESTINAL,RNA polymerase inhibitors- Rifamycin,General Medicine,IBS,curated,0.95
albendazole,ANTI INFECTIVES,Antiprotozoal agent,Infectious Disease,Helminth Infection,curated,0.95
albendazole,ANTI INFECTIVES,Antiprotozoal agent,Infectious Disease,Worm Infestation,curated,0.95
fluconazole,ANTI INFECTIVES,Fungal ergosterol synthesis inhibito,Infectious Disease,Fungal Infection,curated,0.95
fluconazole,ANTI INFECTIVES,Fungal ergosterol synthesis inhibito,Infectious Disease,Candidiasis,curated,0.95
itraconazole,ANTI INFECTIVES,Fungal ergosterol synthesis inhibito,Infectious Disease,Fungal Infection,curated,0.95
itraconazole,ANTI INFECTIVES,Fungal ergosterol synthesis inhibito,Infectious Disease,Onychomycosis,curated,0.95
terbinafine,DERM,,Infectious Disease,Fungal Infection,curated,0.95
terbinafine,DERM,,Infectious Disease,Onychomycosis,curated,0.95
acyclovir,OPHTHAL,Antiviral (Non-HIV) drug,Infectious Disease,Herpes Simplex,curated,0.95
acyclovir,OPHTHAL,Antiviral (Non-HIV) drug,Infectious Disease,Varicella Zoster,curated,0.95
acyclovir,OPHTHAL,Antiviral (Non-HIV) drug,Infectious Disease,Viral Infection,curated,0.95
valacyclovir,ANTI INFECTIVE,,General Medicine,Herpes Simplex,curated,0.95
valacyclovir,ANTI INFECTIVE,,General Medicine,Herpes Zoster,curated,0.95
clotrimazole,DERM,,Infectious Disease,Fungal Skin Infection,curated,0.95
clotrimazole,DERM,,Infectious Disease,Candidiasis,curated,0.95
griseofulvin,ANTI INFECTIVES,Antifungal Other,Infectious Disease,Dermatophyte Infection,curated,0.95
artesunate,ANTI MALARIALS,Antimalarial- Artemisinin and derivative,General Medicine,Malaria,curated,0.95
gentamicin,OPHTHAL OTOLOGICALS,Aminoglycoside,Infectious Disease,Bacterial Infection,curated,0.95
gentamicin,OPHTHAL OTOLOGICALS,Aminoglycoside,Infectious Disease,Eye Infection,curated,0.95
gentamicin,OPHTHAL OTOLOGICALS,Aminoglycoside,Infectious Disease,Ear Infection,curated,0.95
diethylcarbamazine,ANTI INFECTIVE,,General Medicine,Filariasis,curated,0.95
diethylcarbamazine,ANTI INFECTIVE,,General Medicine,Lymphatic Filariasis,curated,0.95
tigecycline,ANTI INFECTIVES,Tetracycline,Infectious Disease,Complicated Skin Infection,curated,0.95
tigecycline,ANTI INFECTIVES,Tetracycline,Infectious Disease,Intra-Abdominal Infection,curated,0.95
praziquantel,ANTI INFECTIVES,Antiprotozoal agent,Infectious Disease,Schistosomiasis,curated,0.95
praziquantel,ANTI INFECTIVES,Antiprotozoal agent,Infectious Disease,Tapeworm Infection,curated,0.95
garenoxacin,ANTI INFECTIVES,Quinolones/ Fluroquinolone,Infectious Disease,Bacterial Infection,curated,0.95
garenoxacin,ANTI INFECTIVES,Quinolones/ Fluroquinolone,Infectious Disease,Respiratory Infection,curated,0.95
faropenem,ANTI INFECTIVE,,Infectious Disease,Bacterial Infection,curated,0.95
carbamazepine,NEURO CNS,Sodium channel modulators (AED,Neurology,Epilepsy,curated,0.95
carbamazepine,NEURO CNS,Sodium channel modulators (AED,Neurology,Trigeminal Neuralgia,curated,0.95
carbamazepine,NEURO CNS,Sodium channel modulators (AED,Neurology,Bipolar Disorder,curated,0.95
oxcarbazepine,NEURO CNS,Sodium channel modulators (AED,Neurology,Epilepsy,curated,0.95
oxcarbazepine,NEURO CNS,Sodium channel modulators (AED,Neurology,Seizure Disorder,curated,0.95
zonisamide,NEURO CNS,Brain carbonic anhydrase inhibitor,Neurology,Epilepsy,curated,0.95
sertraline,NEURO CNS,Selective Seretonin Reuptake inhibitors (SSRIs,Psychiatry,Depression,curated,0.95
sertraline,NEURO CNS,Selective Seretonin Reuptake inhibitors (SSRIs,Psychiatry,Anxiety,curated,0.95
sertraline,NEURO CNS,Selective Seretonin Reuptake inhibitors (SSRIs,Psychiatry,OCD,curated,0.95
sertraline,NEURO CNS,Selective Seretonin Reuptake inhibitors (SSRIs,Psychiatry,PTSD,curated,0.95
escitalopram oxalate,NEURO CNS,Selective Seretonin Reuptake inhibitors (SSRIs,Psychiatry,Depression,curated,0.95
escitalopram oxalate,NEURO CNS,Selective Seretonin Reuptake inhibitors (SSRIs,Psychiatry,Generalized Anxiety Disorder,curated,0.95
paroxetine,NEURO CN,,Psychiatry,Depression,curated,0.95
paroxetine,NEURO CN,,Psychiatry,Anxiety,curated,0.95
paroxetine,NEURO CN,,Psychiatry,Panic Disorder,curated,0.95
paroxetine,NEURO CN,,Psychiatry,OCD,curated,0.95
fluoxetine,NEURO CNS,Selective Seretonin Reuptake inhibitors (SSRIs,Psychiatry,Depression,curated,0.95
fluoxetine,NEURO CNS,Selective Seretonin Reuptake inhibitors (SSRIs,Psychiatry,OCD,curated,0.95
fluoxetine,NEURO CNS,Selective Seretonin Reuptake inhibitors (SSRIs,Psychiatry,Bulimia Nervosa,curated,0.95
desvenlafaxine,NEURO CN,,General Medicine,Major Depressive Disorder,curated,0.95
bupropion,NEURO CNS,Norepinephrine-dopamine reuptake inhibitor (NDRI,Psychiatry,Depression,curated,0.95
bupropion,NEURO CNS,Norepinephrine-dopamine reuptake inhibitor (NDRI,Psychiatry,Smoking Cessation,curated,0.95
clonazepam,NEURO CN,,Neurology,Epilepsy,curated,0.95
clonazepam,NEURO CN,,Neurology,Panic Disorder,curated,0.95
clonazepam,NEURO CN,,Neurology,Anxiety,curated,0.95
alprazolam,NEURO CN,,Psychiatry,Anxiety,curated,0.95
alprazolam,NEURO CN,,Psychiatry,Panic Disorder,curated,0.95
lorazepam,NEURO CNS,Benzodiazepine,Psychiatry,Anxiety,curated,0.95
lorazepam,NEURO CNS,Benzodiazepine,Psychiatry,Insomnia,curated,0.95
lorazepam,NEURO CNS,Benzodiazepine,Psychiatry,Seizure,curated,0.95
diazepam,NEURO CNS,Benzodiazepine,Psychiatry,Anxiety,curated,0.95
diazepam,NEURO CNS,Benzodiazepine,Psychiatry,Muscle Spasm,curated,0.95
diazepam,NEURO CNS,Benzodiazepine,Psychiatry,Seizure,curated,0.95
zolpidem,NEURO CNS,Non-benzodiazepine hypnotics (Z Compounds,General Medicine,Insomnia,curated,0.95
zopiclone,NEURO CNS,Non-benzodiazepine hypnotics (Z Compounds,General Medicine,Insomnia,curated,0.95
melatonin,NEURO CN,,General Medicine,Insomnia,curated,0.95
melatonin,NEURO CN,,General Medicine,Sleep Disorder,curated,0.95
risperidone,NEURO CN,,General Medicine,Schizophrenia,curated,0.95
risperidone,NEURO CN,,General Medicine,Bipolar Disorder,curated,0.95
clozapine,NEURO CN,,General Medicine,Schizophrenia,curated,0.95
ziprasidone,NEURO CNS,Atypical Antipsychotic,General Medicine,Schizophrenia,curated,0.95
ziprasidone,NEURO CNS,Atypical Antipsychotic,General Medicine,Bipolar Disorder,curated,0.95
flunarizine,NEURO CNS,Calcium channel blocker- migraine preventio,General Medicine,Migraine Prevention,curated,0.95
flunarizine,NEURO CNS,Calcium channel blocker- migraine preventio,General Medicine,Vertigo,curated,0.95
betahistine,NEURO CNS,Histamine analog- Meniere,General Medicine,Vertigo,curated,0.95
betahistine,NEURO CNS,Histamine analog- Meniere,General Medicine,Ménière's Disease,curated,0.95
zolmitriptan,NEURO CNS,Triptans (5HT 1B/1D Agonist,General Medicine,Migraine,curated,0.95
cinnarizine,NEURO CN,,General Medicine,Vertigo,curated,0.95
cinnarizine,NEURO CN,,General Medicine,Motion Sickness,curated,0.95
safinamide,NEURO CN,,General Medicine,Parkinson's Disease,curated,0.95
pantoprazole,GASTRO INTESTINAL,Proton pump inhibitor,Gastroenterology,GERD,curated,0.95
pantoprazole,GASTRO INTESTINAL,Proton pump inhibitor,Gastroenterology,Peptic Ulcer,curated,0.95
pantoprazole,GASTRO INTESTINAL,Proton pump inhibitor,Gastroenterology,Acid Reflux,curated,0.95
omeprazole,GASTRO INTESTINAL,Proton pump inhibitor,Gastroenterology,GERD,curated,0.95
omeprazole,GASTRO INTESTINAL,Proton pump inhibitor,Gastroenterology,Peptic Ulcer,curated,0.95
rabeprazole,GASTRO INTESTINAL,Proton pump inhibitor,Gastroenterology,GERD,curated,0.95
rabeprazole,GASTRO INTESTINAL,Proton pump inhibitor,Gastroenterology,Peptic Ulcer,curated,0.95
esomeprazole,GASTRO INTESTINAL,Proton pump inhibitor,Gastroenterology,GERD,curated,0.95
esomeprazole,GASTRO INTESTINAL,Proton pump inhibitor,Gastroenterology,Peptic Ulcer,curated,0.95
ranitidine,GASTRO INTESTINAL,H2 Receptor Blocke,Gastroenterology,GERD,curated,0.95
ranitidine,GASTRO INTESTINAL,H2 Receptor Blocke,Gastroenterology,Peptic Ulcer,curated,0.95
ranitidine,GASTRO INTESTINAL,H2 Receptor Blocke,Gastroenterology,Gastritis,curated,0.95
domperidone,GASTRO INTESTINA,,General Medicine,Nausea,curated,0.95
domperidone,GASTRO INTESTINA,,General Medicine,Gastroparesis,curated,0.95
ondansetron,GASTRO INTESTINAL,Serotonin antagonists (5-HT3 antagonists,General Medicine,Nausea,curated,0.95
ondansetron,GASTRO INTESTINAL,Serotonin antagonists (5-HT3 antagonists,General Medicine,Vomiting,curated,0.95
ondansetron,GASTRO INTESTINAL,Serotonin antagonists (5-HT3 antagonists,General Medicine,Chemotherapy-Induced Nausea,curated,0.95
racecadotril,GASTRO INTESTINAL,Enkephalinase inhibito,General Medicine,Acute Diarrhea,curated,0.95
sodium picosulfate,GASTRO INTESTINAL,Stimulant laxatives/purgativ,General Medicine,Constipation,curated,0.95
misoprostol,GASTRO INTESTINAL,Prostaglandin E1 (PGE1) analogue-obstetric,General Medicine,NSAID-Induced Ulcer,curated,0.95
misoprostol,GASTRO INTESTINAL,Prostaglandin E1 (PGE1) analogue-obstetric,General Medicine,Labor Induction,curated,0.95
levosulpiride,GASTRO INTESTINA,,General Medicine,Dyspepsia,curated,0.95
levosulpiride,GASTRO INTESTINA,,General Medicine,Gastroparesis,curated,0.95
dicyclomine,PAIN ANALGESIC,,General Medicine,IBS,curated,0.95
dicyclomine,PAIN ANALGESIC,,General Medicine,Abdominal Cramp,curated,0.95
cetirizine,RESPIRATOR,,General Medicine,Allergic Rhinitis,curated,0.95
cetirizine,RESPIRATOR,,General Medicine,Urticaria,curated,0.95
cetirizine,RESPIRATOR,,General Medicine,Allergy,curated,0.95
levocetirizine,RESPIRATOR,,General Medicine,Allergic Rhinitis,curated,0.95
levocetirizine,RESPIRATOR,,General Medicine,Urticaria,curated,0.95
fexofenadine,RESPIRATORY,H1 Antihistaminics (second Generation,General Medicine,Allergic Rhinitis,curated,0.95
fexofenadine,RESPIRATORY,H1 Antihistaminics (second Generation,General Medicine,Urticaria,curated,0.95
chlorpheniramine maleate,RESPIRATOR,,General Medicine,Allergy,curated,0.95
chlorpheniramine maleate,RESPIRATOR,,General Medicine,Common Cold,curated,0.95
montelukast,RESPIRATOR,,Respiratory,Asthma,curated,0.95
montelukast,RESPIRATOR,,Respiratory,Allergic Rhinitis,curated,0.95
acebrophylline,RESPIRATOR,,Respiratory,Asthma,curated,0.95
acebrophylline,RESPIRATOR,,Respiratory,COPD,curated,0.95
ambroxol,RESPIRATOR,,General Medicine,Productive Cough,curated,0.95
ambroxol,RESPIRATOR,,General Medicine,Bronchitis,curated,0.95
bromhexine,RESPIRATOR,,General Medicine,Productive Cough,curated,0.95
bromhexine,RESPIRATOR,,General Medicine,Bronchitis,curated,0.95
levocloperastine,RESPIRATORY,Cough suppressant,General Medicine,Dry Cough,curated,0.95
phenylephrine,RESPIRATOR,,General Medicine,Nasal Congestion,curated,0.95
phenylephrine,RESPIRATOR,,General Medicine,Common Cold,curated,0.95
xylometazoline,RESPIRATORY,Sympthatomimmetics- alpha 1 (Nasal,General Medicine,Nasal Congestion,curated,0.95
oxymetazoline,RESPIRATORY,Sympthatomimmetics- alpha 1 (Nasal,General Medicine,Nasal Congestion,curated,0.95
diphenhydramine,RESPIRATOR,,General Medicine,Allergy,curated,0.95
diphenhydramine,RESPIRATOR,,General Medicine,Insomnia,curated,0.95
diphenhydramine,RESPIRATOR,,General Medicine,Cough,curated,0.95
warfarin,CARDIAC,Vitamin K antagonist,General Medicine,Deep Vein Thrombosis,curated,0.95
warfarin,CARDIAC,Vitamin K antagonist,General Medicine,Pulmonary Embolism,curated,0.95
warfarin,CARDIAC,Vitamin K antagonist,General Medicine,Atrial Fibrillation,curated,0.95
aspirin,CARDIA,,Pain Management,Cardiovascular Prevention,curated,0.95
aspirin,CARDIA,,Pain Management,Pain,curated,0.95
aspirin,CARDIA,,Pain Management,Fever,curated,0.95
aspirin,CARDIA,,Pain Management,Anti-Platelet Therapy,curated,0.95
clopidogrel,BLOOD RELATED,P2Y12 inhibitors (ADP receptor,General Medicine,Cardiovascular Prevention,curated,0.95
clopidogrel,BLOOD RELATED,P2Y12 inhibitors (ADP receptor,General Medicine,Anti-Platelet Therapy,curated,0.95
heparin,BLOOD RELATED,Unfractionated Heparin (UFH,General Medicine,Deep Vein Thrombosis,curated,0.95
heparin,BLOOD RELATED,Unfractionated Heparin (UFH,General Medicine,Pulmonary Embolism,curated,0.95
recombinant human erythropoietin alfa,BLOOD RELATED,Erythropoiesis-stimulating agent (ESA,Hematology,Anemia,curated,0.95
recombinant human erythropoietin alfa,BLOOD RELATED,Erythropoiesis-stimulating agent (ESA,Hematology,Chronic Kidney Disease-Related Anemia,curated,0.95
darbepoetin alfa,BLOOD RELATED,Erythropoiesis-stimulating agent (ESA,Hematology,Anemia,curated,0.95
methylprednisolone,HORMONES,Glucocorticoid,General Medicine,Inflammation,curated,0.95
methylprednisolone,HORMONES,Glucocorticoid,General Medicine,Autoimmune Disease,curated,0.95
methylprednisolone,HORMONES,Glucocorticoid,General Medicine,Allergic Reaction,curated,0.95
deflazacort,HORMONE,,General Medicine,Inflammation,curated,0.95
deflazacort,HORMONE,,General Medicine,Autoimmune Disease,curated,0.95
levothyroxine,,,General Medicine,Hypothyroidism,curated,0.95
progesterone,GYNAECOLOGICAL,Natural Progesteron,General Medicine,Hormonal Support,curated,0.95
progesterone,GYNAECOLOGICAL,Natural Progesteron,General Medicine,Menstrual Disorder,curated,0.95
progesterone,GYNAECOLOGICAL,Natural Progesteron,General Medicine,Pregnancy Support,curated,0.95
dydrogesterone,GYNAECOLOGICAL,Progestins (First generation,General Medicine,Progesterone Deficiency,curated,0.95
dydrogesterone,GYNAECOLOGICAL,Progestins (First generation,General Medicine,Menstrual Disorder,curated,0.95
somatropin,HORMONES,Growth hormone agonis,General Medicine,Growth Hormone Deficiency,curated,0.95
teriparatide,HORMONE,,General Medicine,Osteoporosis,curated,0.95
goserelin acetate,HORMONES,GNRH agonists/analogu,Oncology,Prostate Cancer,curated,0.95
goserelin acetate,HORMONES,GNRH agonists/analogu,Oncology,Breast Cancer,curated,0.95
goserelin acetate,HORMONES,GNRH agonists/analogu,Oncology,Endometriosis,curated,0.95
isotretinoin,DERMA,Retinoids- First generatio,General Medicine,Severe Acne,curated,0.95
permethrin,DERMA,Ectoparasiticide,General Medicine,Scabies,curated,0.95
permethrin,DERMA,Ectoparasiticide,General Medicine,Lice,curated,0.95
clobetasol,DERM,,General Medicine,Eczema,curated,0.95
clobetasol,DERM,,General Medicine,Psoriasis,curated,0.95
clobetasol,DERM,,General Medicine,Dermatitis,curated,0.95
beclometasone,DERM,,General Medicine,Eczema,curated,0.95
beclometasone,DERM,,General Medicine,Dermatitis,curated,0.95
salicylic acid,DERMA,Keratoplastic and keratolytic agent,General Medicine,Acne,curated,0.95
salicylic acid,DERMA,Keratoplastic and keratolytic agent,General Medicine,Warts,curated,0.95
luliconazole,DERM,,Infectious Disease,Fungal Skin Infection,curated,0.95
amorolfine,DERM,,Infectious Disease,Nail Fungal Infection,curated,0.95
ozenoxacin,DERM,,General Medicine,Impetigo,curated,0.95
fluticasone propionate,DERMA,Glucocorticoid,General Medicine,Eczema,curated,0.95
fluticasone propionate,DERMA,Glucocorticoid,General Medicine,Dermatitis,curated,0.95
miconazole,DERMA,Fungal ergosterol synthesis inhibito,Infectious Disease,Fungal Skin Infection,curated,0.95
oxiconazole,DERMA,Fungal ergosterol synthesis inhibito,Infectious Disease,Fungal Skin Infection,curated,0.95
clindamycin,ANTI INFECTIVE,,Infectious Disease,Acne,curated,0.95
clindamycin,ANTI INFECTIVE,,Infectious Disease,Bacterial Skin Infection,curated,0.95
gatifloxacin,OPHTHA,,Infectious Disease,Bacterial Eye Infection,curated,0.95
gatifloxacin,OPHTHA,,Infectious Disease,Conjunctivitis,curated,0.95
moxifloxacin,OPHTHA,,Infectious Disease,Bacterial Eye Infection,curated,0.95
moxifloxacin,OPHTHA,,Infectious Disease,Bacterial Infection,curated,0.95
olopatadine,OPHTHAL,H1 Antihistaminics (second Generation,General Medicine,Allergic Conjunctivitis,curated,0.95
carboxymethylcellulose,OPHTHA,,General Medicine,Dry Eye,curated,0.95
sodium hyaluronate,OPHTHAL,Osteoarthritis- Hyaluronic aci,General Medicine,Dry Eye,curated,0.95
naphazoline,OPHTHA,,General Medicine,Eye Redness,curated,0.95
naphazoline,OPHTHA,,General Medicine,Allergic Conjunctivitis,curated,0.95
nepafenac,OPHTHAL,NSAID,General Medicine,Post-Operative Eye Inflammation,curated,0.95
fluorometholone,OPHTHAL,Topical Glucocorticoid,General Medicine,Eye Inflammation,curated,0.95
loteprednol etabonate,OPHTHAL OTOLOGICAL,,General Medicine,Eye Inflammation,curated,0.95
sildenafil,SEX STIMULANTS REJUVENATORS,Phosphodiesterase-V inhibitor,Cardiovascular,Erectile Dysfunction,curated,0.95
sildenafil,SEX STIMULANTS REJUVENATORS,Phosphodiesterase-V inhibitor,Cardiovascular,Pulmonary Arterial Hypertension,curated,0.95
tadalafil,SEX STIMULANTS REJUVENATOR,,General Medicine,Erectile Dysfunction,curated,0.95
tadalafil,SEX STIMULANTS REJUVENATOR,,General Medicine,BPH,curated,0.95
dutasteride,UROLOGY,5 alpha- reductase inhibitor (5ARI,General Medicine,Benign Prostatic Hyperplasia,curated,0.95
orlistat,OTHERS,Lipase inhibito,General Medicine,Obesity,curated,0.95
orlistat,OTHERS,Lipase inhibito,General Medicine,Weight Management,curated,0.95
azathioprine,ANTI NEOPLASTICS,Immunosuppressant- Purine analog,General Medicine,Autoimmune Disease,curated,0.95
azathioprine,ANTI NEOPLASTICS,Immunosuppressant- Purine analog,General Medicine,Organ Transplant Rejection Prevention,curated,0.95
abiraterone acetate,ANTI NEOPLASTIC,,Oncology,Prostate Cancer,curated,0.95
erlotinib,ANTI NEOPLASTICS,Tyrosine kinase inhibitor,Oncology,Non-Small Cell Lung Cancer,curated,0.95
erlotinib,ANTI NEOPLASTICS,Tyrosine kinase inhibitor,Oncology,Pancreatic Cancer,curated,0.95
danazol,GYNAECOLOGICAL,Androgen- Endometereosi,General Medicine,Endometriosis,curated,0.95
danazol,GYNAECOLOGICAL,Androgen- Endometereosi,General Medicine,Fibrocystic Breast Disease,curated,0.95
spironolactone,CARDIA,,Cardiovascular,Edema,curated,0.95
spironolactone,CARDIA,,Cardiovascular,Heart Failure,curated,0.95
spironolactone,CARDIA,,Cardiovascular,Hyperaldosteronism,curated,0.95
metolazone,CARDIAC,Low-ceiling Diuretics (Inhibitors of Na+Cl symport,Cardiovascular,Edema,curated,0.95
metolazone,CARDIAC,Low-ceiling Diuretics (Inhibitors of Na+Cl symport,Cardiovascular,Heart Failure,curated,0.95
lithium,,,General Medicine,Bipolar Disorder,curated,0.95
theophylline,RESPIRATORY,Theophylline & its derivative,Respiratory,Asthma,curated,0.95
theophylline,RESPIRATORY,Theophylline & its derivative,Respiratory,COPD,curated,0.95
methotrexate,ANTI NEOPLASTICS,Antimetabolite- Methotrexat,Rheumatology,Rheumatoid Arthritis,curated,0.95
methotrexate,ANTI NEOPLASTICS,Antimetabolite- Methotrexat,Rheumatology,Cancer,curated,0.95
methotrexate,ANTI NEOPLASTICS,Antimetabolite- Methotrexat,Rheumatology,Psoriasis,curated,0.95
haloperidol,NEURO CNS,Typical Antipsychotic,Neurology / Psychiatry,Epilepsy,therapeutic_class,0.8
haloperidol,NEURO CNS,Typical Antipsychotic,Neurology / Psychiatry,Anxiety,therapeutic_class,0.8
haloperidol,NEURO CNS,Typical Antipsychotic,Neurology / Psychiatry,Depression,therapeutic_class,0.8
haloperidol,NEURO CNS,Typical Antipsychotic,Neurology / Psychiatry,Insomnia,therapeutic_class,0.8
haloperidol,NEURO CNS,Typical Antipsychotic,Neurology / Psychiatry,Seizure Disorder,therapeutic_class,0.8
haloperidol,NEURO CNS,Typical Antipsychotic,Neurology / Psychiatry,Neuropathic Pain,therapeutic_class,0.8
bevacizumab,ANTI NEOPLASTICS,Vascular endothelial growth factor (VEGF) inhibitor,Oncology,Cancer,therapeutic_class,0.8
bevacizumab,ANTI NEOPLASTICS,Vascular endothelial growth factor (VEGF) inhibitor,Oncology,Malignant Tumor,therapeutic_class,0.8
bevacizumab,ANTI NEOPLASTICS,Vascular endothelial growth factor (VEGF) inhibitor,Oncology,Leukemia,therapeutic_class,0.8
enzalutamide,ANTI NEOPLASTIC,,Oncology,Cancer,therapeutic_class,0.8
enzalutamide,ANTI NEOPLASTIC,,Oncology,Prostate Cancer,therapeutic_class,0.8
enzalutamide,ANTI NEOPLASTIC,,Oncology,Breast Cancer,therapeutic_class,0.8
enzalutamide,ANTI NEOPLASTIC,,Oncology,Malignant Tumor,therapeutic_class,0.8
azacitidine,ANTI NEOPLASTICS,Antimetabolite,Oncology,Cancer,therapeutic_class,0.8
azacitidine,ANTI NEOPLASTICS,Antimetabolite,Oncology,Malignant Tumor,therapeutic_class,0.8
azacitidine,ANTI NEOPLASTICS,Antimetabolite,Oncology,Leukemia,therapeutic_class,0.8
alectinib,ANTI NEOPLASTICS,Tyrosine kinase inhibitor,Oncology,Cancer,therapeutic_class,0.8
alectinib,ANTI NEOPLASTICS,Tyrosine kinase inhibitor,Oncology,Malignant Tumor,therapeutic_class,0.8
alectinib,ANTI NEOPLASTICS,Tyrosine kinase inhibitor,Oncology,Leukemia,therapeutic_class,0.8
exemestane,ANTI NEOPLASTIC,,Oncology,Cancer,therapeutic_class,0.8
exemestane,ANTI NEOPLASTIC,,Oncology,Prostate Cancer,therapeutic_class,0.8
exemestane,ANTI NEOPLASTIC,,Oncology,Breast Cancer,therapeutic_class,0.8
exemestane,ANTI NEOPLASTIC,,Oncology,Malignant Tumor,therapeutic_class,0.8
donepezil,NEURO CN,,Neurology / Psychiatry,Anxiety,therapeutic_class,0.8
donepezil,NEURO CN,,Neurology / Psychiatry,Depression,therapeutic_class,0.8
donepezil,NEURO CN,,Neurology / Psychiatry,Insomnia,therapeutic_class,0.8
donepezil,NEURO CN,,Neurology / Psychiatry,Vertigo,therapeutic_class,0.8
donepezil,NEURO CN,,Neurology / Psychiatry,Neuropathy,therapeutic_class,0.8
pheniramine,RESPIRATORY,H1 Antihistaminics (First Generation,Respiratory,Asthma,therapeutic_class,0.8
pheniramine,RESPIRATORY,H1 Antihistaminics (First Generation,Respiratory,Allergic Rhinitis,therapeutic_class,0.8
pheniramine,RESPIRATORY,H1 Antihistaminics (First Generation,Respiratory,COPD,therapeutic_class,0.8
pheniramine,RESPIRATORY,H1 Antihistaminics (First Generation,Respiratory,Cough,therapeutic_class,0.8
pheniramine,RESPIRATORY,H1 Antihistaminics (First Generation,Respiratory,Common Cold,therapeutic_class,0.8
pheniramine,RESPIRATORY,H1 Antihistaminics (First Generation,Respiratory,Bronchitis,therapeutic_class,0.8
hydroxyzine,RESPIRATORY,H1 Antihistaminics (First Generation,Respiratory,Asthma,therapeutic_class,0.8
hydroxyzine,RESPIRATORY,H1 Antihistaminics (First Generation,Respiratory,Allergic Rhinitis,therapeutic_class,0.8
hydroxyzine,RESPIRATORY,H1 Antihistaminics (First Generation,Respiratory,COPD,therapeutic_class,0.8
hydroxyzine,RESPIRATORY,H1 Antihistaminics (First Generation,Respiratory,Cough,therapeutic_class,0.8
hydroxyzine,RESPIRATORY,H1 Antihistaminics (First Generation,Respiratory,Common Cold,therapeutic_class,0.8
hydroxyzine,RESPIRATORY,H1 Antihistaminics (First Generation,Respiratory,Bronchitis,therapeutic_class,0.8
clonidine,CARDIAC,Alpha 2-adrenoceptors agonist (Central sympatholytics,Cardiovascular,Hypertension,therapeutic_class,0.8
clonidine,CARDIAC,Alpha 2-adrenoceptors agonist (Central sympatholytics,Cardiovascular,Heart Disease,therapeutic_class,0.8
clonidine,CARDIAC,Alpha 2-adrenoceptors agonist (Central sympatholytics,Cardiovascular,Angina,therapeutic_class,0.8
clonidine,CARDIAC,Alpha 2-adrenoceptors agonist (Central sympatholytics,Cardiovascular,Arrhythmia,therapeutic_class,0.8
clonidine,CARDIAC,Alpha 2-adrenoceptors agonist (Central sympatholytics,Cardiovascular,Heart Failure,therapeutic_class,0.8
clonidine,CARDIAC,Alpha 2-adrenoceptors agonist (Central sympatholytics,Cardiovascular,Hyperlipidemia,therapeutic_class,0.8
anastrozole,ANTI NEOPLASTICS,Aromatase inhibito,Oncology,Cancer,therapeutic_class,0.8
anastrozole,ANTI NEOPLASTICS,Aromatase inhibito,Oncology,Malignant Tumor,therapeutic_class,0.8
anastrozole,ANTI NEOPLASTICS,Aromatase inhibito,Oncology,Leukemia,therapeutic_class,0.8
promethazine,GASTRO INTESTINAL,H1 Antihistaminics (First Generation,Gastroenterology,Acid Reflux,therapeutic_class,0.8
promethazine,GASTRO INTESTINAL,H1 Antihistaminics (First Generation,Gastroenterology,GERD,therapeutic_class,0.8
promethazine,GASTRO INTESTINAL,H1 Antihistaminics (First Generation,Gastroenterology,Peptic Ulcer,therapeutic_class,0.8
promethazine,GASTRO INTESTINAL,H1 Antihistaminics (First Generation,Gastroenterology,Gastritis,therapeutic_class,0.8
promethazine,GASTRO INTESTINAL,H1 Antihistaminics (First Generation,Gastroenterology,Nausea,therapeutic_class,0.8
promethazine,GASTRO INTESTINAL,H1 Antihistaminics (First Generation,Gastroenterology,Diarrhea,therapeutic_class,0.8
disodium hydrogen citrate,UROLOGY,Uricosuric agent-gou,Urology,Benign Prostatic Hyperplasia,therapeutic_class,0.8
disodium hydrogen citrate,UROLOGY,Uricosuric agent-gou,Urology,Urinary Tract Disorder,therapeutic_class,0.8
salbutamol,RESPIRATOR,,Respiratory,Allergic Rhinitis,therapeutic_class,0.8
salbutamol,RESPIRATOR,,Respiratory,Cough,therapeutic_class,0.8
salbutamol,RESPIRATOR,,Respiratory,Common Cold,therapeutic_class,0.8
salbutamol,RESPIRATOR,,Respiratory,Nasal Congestion,therapeutic_class,0.8
salbutamol,RESPIRATOR,,Respiratory,Bronchitis,therapeutic_class,0.8
erythromycin,ANTI INFECTIVES,Macrolide,Infectious Disease,Bacterial Infection,therapeutic_class,0.8
erythromycin,ANTI INFECTIVES,Macrolide,Infectious Disease,Infection,therapeutic_class,0.8
erythromycin,ANTI INFECTIVES,Macrolide,Infectious Disease,Sepsis,therapeutic_class,0.8
ticagrelor,BLOOD RELATED,P2Y12 inhibitors (ADP receptor,Hematology,Anemia,therapeutic_class,0.8
ticagrelor,BLOOD RELATED,P2Y12 inhibitors (ADP receptor,Hematology,Thrombosis,therapeutic_class,0.8
ticagrelor,BLOOD RELATED,P2Y12 inhibitors (ADP receptor,Hematology,Blood Clotting Disorder,therapeutic_class,0.8
ticagrelor,BLOOD RELATED,P2Y12 inhibitors (ADP receptor,Hematology,Deep Vein Thrombosis,therapeutic_class,0.8
guaifenesin,RESPIRATOR,,Respiratory,Allergic Rhinitis,therapeutic_class,0.8
guaifenesin,RESPIRATOR,,Respiratory,Cough,therapeutic_class,0.8
guaifenesin,RESPIRATOR,,Respiratory,Common Cold,therapeutic_class,0.8
guaifenesin,RESPIRATOR,,Respiratory,Nasal Congestion,therapeutic_class,0.8
guaifenesin,RESPIRATOR,,Respiratory,Bronchitis,therapeutic_class,0.8
dextromethorphan hydrobromide,RESPIRATOR,,Respiratory,Allergic Rhinitis,therapeutic_class,0.8
dextromethorphan hydrobromide,RESPIRATOR,,Respiratory,Cough,therapeutic_class,0.8
dextromethorphan hydrobromide,RESPIRATOR,,Respiratory,Common Cold,therapeutic_class,0.8
dextromethorphan hydrobromide,RESPIRATOR,,Respiratory,Nasal Congestion,therapeutic_class,0.8
dextromethorphan hydrobromide,RESPIRATOR,,Respiratory,Bronchitis,therapeutic_class,0.8
vitamin d3,VITAMINS MINERALS NUTRIENTS,Vitamin,Nutrition,Nutritional Deficiency,therapeutic_class,0.8
vitamin d3,VITAMINS MINERALS NUTRIENTS,Vitamin,Nutrition,Vitamin Deficiency,therapeutic_class,0.8
iron,GYNAECOLOGICAL,Haemopoetic agent,Gynecology,Gynecological Infection,therapeutic_class,0.8
iron,GYNAECOLOGICAL,Haemopoetic agent,Gynecology,Hormonal Irregularity,therapeutic_class,0.8
iron,GYNAECOLOGICAL,Haemopoetic agent,Gynecology,PCOS,therapeutic_class,0.8
iron,GYNAECOLOGICAL,Haemopoetic agent,Gynecology,Menstrual Disorder,therapeutic_class,0.8
lidocaine,PAIN ANALGESICS,Local anaesthetic (Amides,Pain Management,Pain,therapeutic_class,0.8
lidocaine,PAIN ANALGESICS,Local anaesthetic (Amides,Pain Management,Inflammation,therapeutic_class,0.8
lidocaine,PAIN ANALGESICS,Local anaesthetic (Amides,Pain Management,Arthritis,therapeutic_class,0.8
lidocaine,PAIN ANALGESICS,Local anaesthetic (Amides,Pain Management,Musculoskeletal Pain,therapeutic_class,0.8
camylofin,GASTRO INTESTINA,,Gastroenterology,Acid Reflux,therapeutic_class,0.8
camylofin,GASTRO INTESTINA,,Gastroenterology,GERD,therapeutic_class,0.8
camylofin,GASTRO INTESTINA,,Gastroenterology,Peptic Ulcer,therapeutic_class,0.8
camylofin,GASTRO INTESTINA,,Gastroenterology,Nausea,therapeutic_class,0.8
azelaic acid,DERM,,Dermatology,Skin Infection,therapeutic_class,0.8
azelaic acid,DERM,,Dermatology,Dermatitis,therapeutic_class,0.8
azelaic acid,DERM,,Dermatology,Fungal Infection,therapeutic_class,0.8
azelaic acid,DERM,,Dermatology,Eczema,therapeutic_class,0.8
azelaic acid,DERM,,Dermatology,Psoriasis,therapeutic_class,0.8
alfuzosin,UROLOGY,Uroselective adrenergic receptor(α1a) antagonis,Urology,Benign Prostatic Hyperplasia,therapeutic_class,0.8
alfuzosin,UROLOGY,Uroselective adrenergic receptor(α1a) antagonis,Urology,Urinary Tract Disorder,therapeutic_class,0.8
isoniazid,ANTI INFECTIVE,,Infectious Disease,Bacterial Infection,therapeutic_class,0.8
isoniazid,ANTI INFECTIVE,,Infectious Disease,Infection,therapeutic_class,0.8
adapalene,DERM,,Dermatology,Skin Infection,therapeutic_class,0.8
adapalene,DERM,,Dermatology,Dermatitis,therapeutic_class,0.8
adapalene,DERM,,Dermatology,Fungal Infection,therapeutic_class,0.8
adapalene,DERM,,Dermatology,Eczema,therapeutic_class,0.8
adapalene,DERM,,Dermatology,Psoriasis,therapeutic_class,0.8
vitamin a,VITAMINS MINERALS NUTRIENTS,Vitamin,Nutrition,Nutritional Deficiency,therapeutic_class,0.8
vitamin a,VITAMINS MINERALS NUTRIENTS,Vitamin,Nutrition,Vitamin Deficiency,therapeutic_class,0.8
cyproheptadine,VITAMINS MINERALS NUTRIENT,,Nutrition,Nutritional Deficiency,therapeutic_class,0.8
cyproheptadine,VITAMINS MINERALS NUTRIENT,,Nutrition,Vitamin Deficiency,therapeutic_class,0.8
cyproheptadine,VITAMINS MINERALS NUTRIENT,,Nutrition,Mineral Deficiency,therapeutic_class,0.8
amitriptyline,NEURO CNS,Tricyclic antidepressant,Neurology / Psychiatry,Epilepsy,therapeutic_class,0.8
amitriptyline,NEURO CNS,Tricyclic antidepressant,Neurology / Psychiatry,Anxiety,therapeutic_class,0.8
amitriptyline,NEURO CNS,Tricyclic antidepressant,Neurology / Psychiatry,Depression,therapeutic_class,0.8
amitriptyline,NEURO CNS,Tricyclic antidepressant,Neurology / Psychiatry,Insomnia,therapeutic_class,0.8
amitriptyline,NEURO CNS,Tricyclic antidepressant,Neurology / Psychiatry,Seizure Disorder,therapeutic_class,0.8
amitriptyline,NEURO CNS,Tricyclic antidepressant,Neurology / Psychiatry,Neuropathic Pain,therapeutic_class,0.8
nitroglycerin,CARDIAC,NO Donor,Cardiovascular,Hypertension,therapeutic_class,0.8
nitroglycerin,CARDIAC,NO Donor,Cardiovascular,Heart Disease,therapeutic_class,0.8
nitroglycerin,CARDIAC,NO Donor,Cardiovascular,Angina,therapeutic_class,0.8
nitroglycerin,CARDIAC,NO Donor,Cardiovascular,Arrhythmia,therapeutic_class,0.8
nitroglycerin,CARDIAC,NO Donor,Cardiovascular,Heart Failure,therapeutic_class,0.8
nitroglycerin,CARDIAC,NO Donor,Cardiovascular,Hyperlipidemia,therapeutic_class,0.8
acenocoumarol,BLOOD RELATED,Vitamin K antagonist,Hematology,Anemia,therapeutic_class,0.8
acenocoumarol,BLOOD RELATED,Vitamin K antagonist,Hematology,Thrombosis,therapeutic_class,0.8
acenocoumarol,BLOOD RELATED,Vitamin K antagonist,Hematology,Blood Clotting Disorder,therapeutic_class,0.8
acenocoumarol,BLOOD RELATED,Vitamin K antagonist,Hematology,Deep Vein Thrombosis,therapeutic_class,0.8
oseltamivir phosphate,ANTI INFECTIVES,Neuraminidase Inhibitor,Infectious Disease,Bacterial Infection,therapeutic_class,0.8
oseltamivir phosphate,ANTI INFECTIVES,Neuraminidase Inhibitor,Infectious Disease,Infection,therapeutic_class,0.8
oseltamivir phosphate,ANTI INFECTIVES,Neuraminidase Inhibitor,Infectious Disease,Sepsis,therapeutic_class,0.8
memantine,NEURO CNS,NMDA inhibitors- Alzheimer,Neurology / Psychiatry,Epilepsy,therapeutic_class,0.8
memantine,NEURO CNS,NMDA inhibitors- Alzheimer,Neurology / Psychiatry,Anxiety,therapeutic_class,0.8
memantine,NEURO CNS,NMDA inhibitors- Alzheimer,Neurology / Psychiatry,Depression,therapeutic_class,0.8
memantine,NEURO CNS,NMDA inhibitors- Alzheimer,Neurology / Psychiatry,Insomnia,therapeutic_class,0.8
memantine,NEURO CNS,NMDA inhibitors- Alzheimer,Neurology / Psychiatry,Seizure Disorder,therapeutic_class,0.8
memantine,NEURO CNS,NMDA inhibitors- Alzheimer,Neurology / Psychiatry,Neuropathic Pain,therapeutic_class,0.8
acotiamide,GASTRO INTESTINAL,Anticholinesterase-Prokinetic agent,Gastroenterology,Acid Reflux,therapeutic_class,0.8
acotiamide,GASTRO INTESTINAL,Anticholinesterase-Prokinetic agent,Gastroenterology,GERD,therapeutic_class,0.8
acotiamide,GASTRO INTESTINAL,Anticholinesterase-Prokinetic agent,Gastroenterology,Peptic Ulcer,therapeutic_class,0.8
acotiamide,GASTRO INTESTINAL,Anticholinesterase-Prokinetic agent,Gastroenterology,Gastritis,therapeutic_class,0.8
acotiamide,GASTRO INTESTINAL,Anticholinesterase-Prokinetic agent,Gastroenterology,Nausea,therapeutic_class,0.8
acotiamide,GASTRO INTESTINAL,Anticholinesterase-Prokinetic agent,Gastroenterology,Diarrhea,therapeutic_class,0.8
anti rh d immunoglobulin,VACCINE,,Preventive Medicine,Vaccination / Immunization,therapeutic_class,0.8
levosalbutamol,RESPIRATORY,Short acting β2-agonist,Respiratory,Asthma,therapeutic_class,0.8
levosalbutamol,RESPIRATORY,Short acting β2-agonist,Respiratory,Allergic Rhinitis,therapeutic_class,0.8
levosalbutamol,RESPIRATORY,Short acting β2-agonist,Respiratory,COPD,therapeutic_class,0.8
levosalbutamol,RESPIRATORY,Short acting β2-agonist,Respiratory,Cough,therapeutic_class,0.8
levosalbutamol,RESPIRATORY,Short acting β2-agonist,Respiratory,Common Cold,therapeutic_class,0.8
levosalbutamol,RESPIRATORY,Short acting β2-agonist,Respiratory,Bronchitis,therapeutic_class,0.8
avanafil,SEX STIMULANTS REJUVENATOR,,Urology,Erectile Dysfunction,therapeutic_class,0.8
amikacin,ANTI INFECTIVES,Aminoglycoside,Infectious Disease,Bacterial Infection,therapeutic_class,0.8
amikacin,ANTI INFECTIVES,Aminoglycoside,Infectious Disease,Infection,therapeutic_class,0.8
amikacin,ANTI INFECTIVES,Aminoglycoside,Infectious Disease,Sepsis,therapeutic_class,0.8
adrenaline,CARDIAC,Sympathomimetics agonis,Cardiovascular,Hypertension,therapeutic_class,0.8
adrenaline,CARDIAC,Sympathomimetics agonis,Cardiovascular,Heart Disease,therapeutic_class,0.8
adrenaline,CARDIAC,Sympathomimetics agonis,Cardiovascular,Angina,therapeutic_class,0.8
adrenaline,CARDIAC,Sympathomimetics agonis,Cardiovascular,Arrhythmia,therapeutic_class,0.8
adrenaline,CARDIAC,Sympathomimetics agonis,Cardiovascular,Heart Failure,therapeutic_class,0.8
adrenaline,CARDIAC,Sympathomimetics agonis,Cardiovascular,Hyperlipidemia,therapeutic_class,0.8
furosemide,CARDIAC,High-ceiling Diuretics (Inhibitors of Na+-K+- 2Cl cotransport,Cardiovascular,Hypertension,therapeutic_class,0.8
furosemide,CARDIAC,High-ceiling Diuretics (Inhibitors of Na+-K+- 2Cl cotransport,Cardiovascular,Heart Disease,therapeutic_class,0.8
furosemide,CARDIAC,High-ceiling Diuretics (Inhibitors of Na+-K+- 2Cl cotransport,Cardiovascular,Angina,therapeutic_class,0.8
furosemide,CARDIAC,High-ceiling Diuretics (Inhibitors of Na+-K+- 2Cl cotransport,Cardiovascular,Arrhythmia,therapeutic_class,0.8
furosemide,CARDIAC,High-ceiling Diuretics (Inhibitors of Na+-K+- 2Cl cotransport,Cardiovascular,Heart Failure,therapeutic_class,0.8
furosemide,CARDIAC,High-ceiling Diuretics (Inhibitors of Na+-K+- 2Cl cotransport,Cardiovascular,Hyperlipidemia,therapeutic_class,0.8
ampicillin,ANTI INFECTIVE,,Infectious Disease,Bacterial Infection,therapeutic_class,0.8
ampicillin,ANTI INFECTIVE,,Infectious Disease,Infection,therapeutic_class,0.8
amantadine,NEURO CNS,Dopamine facilitato,Neurology / Psychiatry,Epilepsy,therapeutic_class,0.8
amantadine,NEURO CNS,Dopamine facilitato,Neurology / Psychiatry,Anxiety,therapeutic_class,0.8
amantadine,NEURO CNS,Dopamine facilitato,Neurology / Psychiatry,Depression,therapeutic_class,0.8
amantadine,NEURO CNS,Dopamine facilitato,Neurology / Psychiatry,Insomnia,therapeutic_class,0.8
amantadine,NEURO CNS,Dopamine facilitato,Neurology / Psychiatry,Seizure Disorder,therapeutic_class,0.8
amantadine,NEURO CNS,Dopamine facilitato,Neurology / Psychiatry,Neuropathic Pain,therapeutic_class,0.8
fluticasone furoate,RESPIRATORY,Glucocorticoid,Respiratory,Asthma,therapeutic_class,0.8
fluticasone furoate,RESPIRATORY,Glucocorticoid,Respiratory,Allergic Rhinitis,therapeutic_class,0.8
fluticasone furoate,RESPIRATORY,Glucocorticoid,Respiratory,COPD,therapeutic_class,0.8
fluticasone furoate,RESPIRATORY,Glucocorticoid,Respiratory,Cough,therapeutic_class,0.8
fluticasone furoate,RESPIRATORY,Glucocorticoid,Respiratory,Common Cold,therapeutic_class,0.8
fluticasone furoate,RESPIRATORY,Glucocorticoid,Respiratory,Bronchitis,therapeutic_class,0.8
mifepristone,GYNAECOLOGICA,,Gynecology,Vaginal Infection,therapeutic_class,0.8
mifepristone,GYNAECOLOGICA,,Gynecology,Hormonal Irregularity,therapeutic_class,0.8
"rabies vaccine, human",VACCINES,Killed vaccin,Preventive Medicine,Vaccination / Immunization,therapeutic_class,0.8
testosterone,SEX STIMULANTS REJUVENATOR,,Urology,Erectile Dysfunction,therapeutic_class,0.8
camphor,OPHTHA,,Ophthalmology,Eye Infection,therapeutic_class,0.8
camphor,OPHTHA,,Ophthalmology,Conjunctivitis,therapeutic_class,0.8
camphor,OPHTHA,,Ophthalmology,Dry Eye,therapeutic_class,0.8
tretinoin,DERMA,Retinoids- First generatio,Dermatology,Skin Infection,therapeutic_class,0.8
tretinoin,DERMA,Retinoids- First generatio,Dermatology,Dermatitis,therapeutic_class,0.8
tretinoin,DERMA,Retinoids- First generatio,Dermatology,Fungal Infection,therapeutic_class,0.8
tretinoin,DERMA,Retinoids- First generatio,Dermatology,Acne,therapeutic_class,0.8
tretinoin,DERMA,Retinoids- First generatio,Dermatology,Eczema,therapeutic_class,0.8
ursodeoxycholic acid,GASTRO INTESTINAL,Hepatoprotective,Gastroenterology,Acid Reflux,therapeutic_class,0.8
ursodeoxycholic acid,GASTRO INTESTINAL,Hepatoprotective,Gastroenterology,GERD,therapeutic_class,0.8
ursodeoxycholic acid,GASTRO INTESTINAL,Hepatoprotective,Gastroenterology,Peptic Ulcer,therapeutic_class,0.8
ursodeoxycholic acid,GASTRO INTESTINAL,Hepatoprotective,Gastroenterology,Gastritis,therapeutic_class,0.8
ursodeoxycholic acid,GASTRO INTESTINAL,Hepatoprotective,Gastroenterology,Nausea,therapeutic_class,0.8
ursodeoxycholic acid,GASTRO INTESTINAL,Hepatoprotective,Gastroenterology,Diarrhea,therapeutic_class,0.8
calcium carbonate,VITAMINS MINERALS NUTRIENT,,Nutrition,Nutritional Deficiency,therapeutic_class,0.8
calcium carbonate,VITAMINS MINERALS NUTRIENT,,Nutrition,Vitamin Deficiency,therapeutic_class,0.8
calcium carbonate,VITAMINS MINERALS NUTRIENT,,Nutrition,Mineral Deficiency,therapeutic_class,0.8
loperamide,GASTRO INTESTINAL,Opioid Agonist- Antidiarrhea,Gastroenterology,Acid Reflux,therapeutic_class,0.8
loperamide,GASTRO INTESTINAL,Opioid Agonist- Antidiarrhea,Gastroenterology,GERD,therapeutic_class,0.8
loperamide,GASTRO INTESTINAL,Opioid Agonist- Antidiarrhea,Gastroenterology,Peptic Ulcer,therapeutic_class,0.8
loperamide,GASTRO INTESTINAL,Opioid Agonist- Antidiarrhea,Gastroenterology,Gastritis,therapeutic_class,0.8
loperamide,GASTRO INTESTINAL,Opioid Agonist- Antidiarrhea,Gastroenterology,Nausea,therapeutic_class,0.8
loperamide,GASTRO INTESTINAL,Opioid Agonist- Antidiarrhea,Gastroenterology,Diarrhea,therapeutic_class,0.8
apremilast,PAIN ANALGESIC,,Pain Management,Pain,therapeutic_class,0.8
apremilast,PAIN ANALGESIC,,Pain Management,Inflammation,therapeutic_class,0.8
apremilast,PAIN ANALGESIC,,Pain Management,Arthritis,therapeutic_class,0.8
apremilast,PAIN ANALGESIC,,Pain Management,Musculoskeletal Pain,therapeutic_class,0.8
lindane,DERM,,Dermatology,Skin Infection,therapeutic_class,0.8
lindane,DERM,,Dermatology,Dermatitis,therapeutic_class,0.8
lindane,DERM,,Dermatology,Fungal Infection,therapeutic_class,0.8
lindane,DERM,,Dermatology,Eczema,therapeutic_class,0.8
lindane,DERM,,Dermatology,Psoriasis,therapeutic_class,0.8
orciprenaline,RESPIRATOR,,Respiratory,Allergic Rhinitis,therapeutic_class,0.8
orciprenaline,RESPIRATOR,,Respiratory,Cough,therapeutic_class,0.8
orciprenaline,RESPIRATOR,,Respiratory,Common Cold,therapeutic_class,0.8
orciprenaline,RESPIRATOR,,Respiratory,Nasal Congestion,therapeutic_class,0.8
orciprenaline,RESPIRATOR,,Respiratory,Bronchitis,therapeutic_class,0.8
aripiprazole,NEURO CN,,Neurology / Psychiatry,Anxiety,therapeutic_class,0.8
aripiprazole,NEURO CN,,Neurology / Psychiatry,Depression,therapeutic_class,0.8
aripiprazole,NEURO CN,,Neurology / Psychiatry,Insomnia,therapeutic_class,0.8
aripiprazole,NEURO CN,,Neurology / Psychiatry,Vertigo,therapeutic_class,0.8
aripiprazole,NEURO CN,,Neurology / Psychiatry,Neuropathy,therapeutic_class,0.8
atropine,OPHTHA,,Ophthalmology,Eye Infection,therapeutic_class,0.8
atropine,OPHTHA,,Ophthalmology,Conjunctivitis,therapeutic_class,0.8
atropine,OPHTHA,,Ophthalmology,Dry Eye,therapeutic_class,0.8
albumin,BLOOD RELATED,Colloids (Plasma substitutes,Hematology,Anemia,therapeutic_class,0.8
albumin,BLOOD RELATED,Colloids (Plasma substitutes,Hematology,Thrombosis,therapeutic_class,0.8
albumin,BLOOD RELATED,Colloids (Plasma substitutes,Hematology,Blood Clotting Disorder,therapeutic_class,0.8
albumin,BLOOD RELATED,Colloids (Plasma substitutes,Hematology,Deep Vein Thrombosis,therapeutic_class,0.8
glycopyrrolate,NEURO CN,,Neurology / Psychiatry,Anxiety,therapeutic_class,0.8
glycopyrrolate,NEURO CN,,Neurology / Psychiatry,Depression,therapeutic_class,0.8
glycopyrrolate,NEURO CN,,Neurology / Psychiatry,Insomnia,therapeutic_class,0.8
glycopyrrolate,NEURO CN,,Neurology / Psychiatry,Vertigo,therapeutic_class,0.8
glycopyrrolate,NEURO CN,,Neurology / Psychiatry,Neuropathy,therapeutic_class,0.8
sodium chloride,RESPIRATORY,Crystalloid,Respiratory,Asthma,therapeutic_class,0.8
sodium chloride,RESPIRATORY,Crystalloid,Respiratory,Allergic Rhinitis,therapeutic_class,0.8
sodium chloride,RESPIRATORY,Crystalloid,Respiratory,COPD,therapeutic_class,0.8
sodium chloride,RESPIRATORY,Crystalloid,Respiratory,Cough,therapeutic_class,0.8
sodium chloride,RESPIRATORY,Crystalloid,Respiratory,Common Cold,therapeutic_class,0.8
sodium chloride,RESPIRATORY,Crystalloid,Respiratory,Bronchitis,therapeutic_class,0.8
atomoxetine,NEURO CNS,Sympthatomimmetics-ADHD (Non stimulant,Neurology / Psychiatry,Epilepsy,therapeutic_class,0.8
atomoxetine,NEURO CNS,Sympthatomimmetics-ADHD (Non stimulant,Neurology / Psychiatry,Anxiety,therapeutic_class,0.8
atomoxetine,NEURO CNS,Sympthatomimmetics-ADHD (Non stimulant,Neurology / Psychiatry,Depression,therapeutic_class,0.8
atomoxetine,NEURO CNS,Sympthatomimmetics-ADHD (Non stimulant,Neurology / Psychiatry,Insomnia,therapeutic_class,0.8
atomoxetine,NEURO CNS,Sympthatomimmetics-ADHD (Non stimulant,Neurology / Psychiatry,Seizure Disorder,therapeutic_class,0.8
atomoxetine,NEURO CNS,Sympthatomimmetics-ADHD (Non stimulant,Neurology / Psychiatry,Neuropathic Pain,therapeutic_class,0.8
rifampicin,ANTI INFECTIVE,,Infectious Disease,Bacterial Infection,therapeutic_class,0.8
rifampicin,ANTI INFECTIVE,,Infectious Disease,Infection,therapeutic_class,0.8
methylcobalamin,NEURO CN,,Neurology / Psychiatry,Anxiety,therapeutic_class,0.8
methylcobalamin,NEURO CN,,Neurology / Psychiatry,Depression,therapeutic_class,0.8
methylcobalamin,NEURO CN,,Neurology / Psychiatry,Insomnia,therapeutic_class,0.8
methylcobalamin,NEURO CN,,Neurology / Psychiatry,Vertigo,therapeutic_class,0.8
methylcobalamin,NEURO CN,,Neurology / Psychiatry,Neuropathy,therapeutic_class,0.8
bilastine,RESPIRATOR,,Respiratory,Allergic Rhinitis,therapeutic_class,0.8
bilastine,RESPIRATOR,,Respiratory,Cough,therapeutic_class,0.8
bilastine,RESPIRATOR,,Respiratory,Common Cold,therapeutic_class,0.8
bilastine,RESPIRATOR,,Respiratory,Nasal Congestion,therapeutic_class,0.8
bilastine,RESPIRATOR,,Respiratory,Bronchitis,therapeutic_class,0.8
sulbutiamine,NEURO CNS,Nootropic agen,Neurology / Psychiatry,Epilepsy,therapeutic_class,0.8
sulbutiamine,NEURO CNS,Nootropic agen,Neurology / Psychiatry,Anxiety,therapeutic_class,0.8
sulbutiamine,NEURO CNS,Nootropic agen,Neurology / Psychiatry,Depression,therapeutic_class,0.8
sulbutiamine,NEURO CNS,Nootropic agen,Neurology / Psychiatry,Insomnia,therapeutic_class,0.8
sulbutiamine,NEURO CNS,Nootropic agen,Neurology / Psychiatry,Seizure Disorder,therapeutic_class,0.8
sulbutiamine,NEURO CNS,Nootropic agen,Neurology / Psychiatry,Neuropathic Pain,therapeutic_class,0.8
cilnidipine,CARDIAC,Calcium channel blockers- Dihydropyridines (DHP,Cardiovascular,Hypertension,therapeutic_class,0.8
cilnidipine,CARDIAC,Calcium channel blockers- Dihydropyridines (DHP,Cardiovascular,Heart Disease,therapeutic_class,0.8
cilnidipine,CARDIAC,Calcium channel blockers- Dihydropyridines (DHP,Cardiovascular,Angina,therapeutic_class,0.8
cilnidipine,CARDIAC,Calcium channel blockers- Dihydropyridines (DHP,Cardiovascular,Arrhythmia,therapeutic_class,0.8
cilnidipine,CARDIAC,Calcium channel blockers- Dihydropyridines (DHP,Cardiovascular,Heart Failure,therapeutic_class,0.8
cilnidipine,CARDIAC,Calcium channel blockers- Dihydropyridines (DHP,Cardiovascular,Hyperlipidemia,therapeutic_class,0.8
apixaban,BLOOD RELATE,,Hematology,Anemia,therapeutic_class,0.8
apixaban,BLOOD RELATE,,Hematology,Iron Deficiency,therapeutic_class,0.8
acamprosate,NEURO CNS,Alcohol deaddictio,Neurology / Psychiatry,Epilepsy,therapeutic_class,0.8
acamprosate,NEURO CNS,Alcohol deaddictio,Neurology / Psychiatry,Anxiety,therapeutic_class,0.8
acamprosate,NEURO CNS,Alcohol deaddictio,Neurology / Psychiatry,Depression,therapeutic_class,0.8
acamprosate,NEURO CNS,Alcohol deaddictio,Neurology / Psychiatry,Insomnia,therapeutic_class,0.8
acamprosate,NEURO CNS,Alcohol deaddictio,Neurology / Psychiatry,Seizure Disorder,therapeutic_class,0.8
acamprosate,NEURO CNS,Alcohol deaddictio,Neurology / Psychiatry,Neuropathic Pain,therapeutic_class,0.8
thiamine,VITAMINS MINERALS NUTRIENTS,Vitamin,Nutrition,Nutritional Deficiency,therapeutic_class,0.8
thiamine,VITAMINS MINERALS NUTRIENTS,Vitamin,Nutrition,Vitamin Deficiency,therapeutic_class,0.8
human insulin,ANTI DIABETIC,Human insulin-  short actin,Endocrine / Metabolic,Diabetes Mellitus,therapeutic_class,0.8
human insulin,ANTI DIABETIC,Human insulin-  short actin,Endocrine / Metabolic,Type 2 Diabetes,therapeutic_class,0.8
human insulin,ANTI DIABETIC,Human insulin-  short actin,Endocrine / Metabolic,Hyperglycemia,therapeutic_class,0.8
desonide,DERMA,Glucocorticoid,Dermatology,Skin Infection,therapeutic_class,0.8
desonide,DERMA,Glucocorticoid,Dermatology,Dermatitis,therapeutic_class,0.8
desonide,DERMA,Glucocorticoid,Dermatology,Fungal Infection,therapeutic_class,0.8
desonide,DERMA,Glucocorticoid,Dermatology,Acne,therapeutic_class,0.8
desonide,DERMA,Glucocorticoid,Dermatology,Eczema,therapeutic_class,0.8
glycopyrrolate+formoterol+fluticasone propionate,RESPIRATOR,,Respiratory,Allergic Rhinitis,therapeutic_class,0.8
glycopyrrolate+formoterol+fluticasone propionate,RESPIRATOR,,Respiratory,Cough,therapeutic_class,0.8
glycopyrrolate+formoterol+fluticasone propionate,RESPIRATOR,,Respiratory,Common Cold,therapeutic_class,0.8
glycopyrrolate+formoterol+fluticasone propionate,RESPIRATOR,,Respiratory,Nasal Congestion,therapeutic_class,0.8
glycopyrrolate+formoterol+fluticasone propionate,RESPIRATOR,,Respiratory,Bronchitis,therapeutic_class,0.8
alendronic acid,PAIN ANALGESIC,,Pain Management,Pain,therapeutic_class,0.8
alendronic acid,PAIN ANALGESIC,,Pain Management,Inflammation,therapeutic_class,0.8
alendronic acid,PAIN ANALGESIC,,Pain Management,Arthritis,therapeutic_class,0.8
alendronic acid,PAIN ANALGESIC,,Pain Management,Musculoskeletal Pain,therapeutic_class,0.8
ivermectin,ANTI INFECTIVE,,Infectious Disease,Bacterial Infection,therapeutic_class,0.8
ivermectin,ANTI INFECTIVE,,Infectious Disease,Infection,therapeutic_class,0.8
levosalbutamol+ambroxol+guaifenesin,RESPIRATOR,,Respiratory,Allergic Rhinitis,therapeutic_class,0.8
levosalbutamol+ambroxol+guaifenesin,RESPIRATOR,,Respiratory,Cough,therapeutic_class,0.8
levosalbutamol+ambroxol+guaifenesin,RESPIRATOR,,Respiratory,Common Cold,therapeutic_class,0.8
levosalbutamol+ambroxol+guaifenesin,RESPIRATOR,,Respiratory,Nasal Congestion,therapeutic_class,0.8
levosalbutamol+ambroxol+guaifenesin,RESPIRATOR,,Respiratory,Bronchitis,therapeutic_class,0.8
doxylamine,GASTRO INTESTINA,,Gastroenterology,Acid Reflux,therapeutic_class,0.8
doxylamine,GASTRO INTESTINA,,Gastroenterology,GERD,therapeutic_class,0.8
doxylamine,GASTRO INTESTINA,,Gastroenterology,Peptic Ulcer,therapeutic_class,0.8
doxylamine,GASTRO INTESTINA,,Gastroenterology,Nausea,therapeutic_class,0.8
methylphenidate,NEURO CNS,Sympthatomimmetics-ADH,Neurology / Psychiatry,Epilepsy,therapeutic_class,0.8
methylphenidate,NEURO CNS,Sympthatomimmetics-ADH,Neurology / Psychiatry,Anxiety,therapeutic_class,0.8
methylphenidate,NEURO CNS,Sympthatomimmetics-ADH,Neurology / Psychiatry,Depression,therapeutic_class,0.8
methylphenidate,NEURO CNS,Sympthatomimmetics-ADH,Neurology / Psychiatry,Insomnia,therapeutic_class,0.8
methylphenidate,NEURO CNS,Sympthatomimmetics-ADH,Neurology / Psychiatry,Seizure Disorder,therapeutic_class,0.8
methylphenidate,NEURO CNS,Sympthatomimmetics-ADH,Neurology / Psychiatry,Neuropathic Pain,therapeutic_class,0.8
alfacalcidol,VITAMINS MINERALS NUTRIENTS,Vitamin,Nutrition,Nutritional Deficiency,therapeutic_class,0.8
alfacalcidol,VITAMINS MINERALS NUTRIENTS,Vitamin,Nutrition,Vitamin Deficiency,therapeutic_class,0.8
choline salicylate,STOMATOLOGICAL,,Dentistry,Oral Ulcer,therapeutic_class,0.8
choline salicylate,STOMATOLOGICAL,,Dentistry,Mouth Infection,therapeutic_class,0.8
brinzolamide,OPHTHA,,Ophthalmology,Eye Infection,therapeutic_class,0.8
brinzolamide,OPHTHA,,Ophthalmology,Conjunctivitis,therapeutic_class,0.8
brinzolamide,OPHTHA,,Ophthalmology,Dry Eye,therapeutic_class,0.8
insulin glulisine,ANTI DIABETIC,Insulin analogues- rapid actin,Endocrine / Metabolic,Diabetes Mellitus,therapeutic_class,0.8
insulin glulisine,ANTI DIABETIC,Insulin analogues- rapid actin,Endocrine / Metabolic,Type 2 Diabetes,therapeutic_class,0.8
insulin glulisine,ANTI DIABETIC,Insulin analogues- rapid actin,Endocrine / Metabolic,Hyperglycemia,therapeutic_class,0.8
aluminium hydroxide,GASTRO INTESTINA,,Gastroenterology,Acid Reflux,therapeutic_class,0.8
aluminium hydroxide,GASTRO INTESTINA,,Gastroenterology,GERD,therapeutic_class,0.8
aluminium hydroxide,GASTRO INTESTINA,,Gastroenterology,Peptic Ulcer,therapeutic_class,0.8
aluminium hydroxide,GASTRO INTESTINA,,Gastroenterology,Nausea,therapeutic_class,0.8
bupivacaine,PAIN ANALGESICS,Local anaesthetic (Amides,Pain Management,Pain,therapeutic_class,0.8
bupivacaine,PAIN ANALGESICS,Local anaesthetic (Amides,Pain Management,Inflammation,therapeutic_class,0.8
bupivacaine,PAIN ANALGESICS,Local anaesthetic (Amides,Pain Management,Arthritis,therapeutic_class,0.8
bupivacaine,PAIN ANALGESICS,Local anaesthetic (Amides,Pain Management,Musculoskeletal Pain,therapeutic_class,0.8
drotaverine,GASTRO INTESTINA,,Gastroenterology,Acid Reflux,therapeutic_class,0.8
drotaverine,GASTRO INTESTINA,,Gastroenterology,GERD,therapeutic_class,0.8
drotaverine,GASTRO INTESTINA,,Gastroenterology,Peptic Ulcer,therapeutic_class,0.8
drotaverine,GASTRO INTESTINA,,Gastroenterology,Nausea,therapeutic_class,0.8
epalrestat,ANTI DIABETIC,Aldose reductase inhibito,Endocrine / Metabolic,Diabetes Mellitus,therapeutic_class,0.8
epalrestat,ANTI DIABETIC,Aldose reductase inhibito,Endocrine / Metabolic,Type 2 Diabetes,therapeutic_class,0.8
epalrestat,ANTI DIABETIC,Aldose reductase inhibito,Endocrine / Metabolic,Hyperglycemia,therapeutic_class,0.8
aprepitant,GASTRO INTESTINA,,Gastroenterology,Acid Reflux,therapeutic_class,0.8
aprepitant,GASTRO INTESTINA,,Gastroenterology,GERD,therapeutic_class,0.8
aprepitant,GASTRO INTESTINA,,Gastroenterology,Peptic Ulcer,therapeutic_class,0.8
aprepitant,GASTRO INTESTINA,,Gastroenterology,Nausea,therapeutic_class,0.8
ornidazole,DERM,,Dermatology,Skin Infection,therapeutic_class,0.8
ornidazole,DERM,,Dermatology,Dermatitis,therapeutic_class,0.8
ornidazole,DERM,,Dermatology,Fungal Infection,therapeutic_class,0.8
ornidazole,DERM,,Dermatology,Eczema,therapeutic_class,0.8
ornidazole,DERM,,Dermatology,Psoriasis,therapeutic_class,0.8
ketorolac,OPHTHA,,Ophthalmology,Eye Infection,therapeutic_class,0.8
ketorolac,OPHTHA,,Ophthalmology,Conjunctivitis,therapeutic_class,0.8
ketorolac,OPHTHA,,Ophthalmology,Dry Eye,therapeutic_class,0.8
flupenthixol,NEURO CN,,Neurology / Psychiatry,Anxiety,therapeutic_class,0.8
flupenthixol,NEURO CN,,Neurology / Psychiatry,Depression,therapeutic_class,0.8
flupenthixol,NEURO CN,,Neurology / Psychiatry,Insomnia,therapeutic_class,0.8
flupenthixol,NEURO CN,,Neurology / Psychiatry,Vertigo,therapeutic_class,0.8
flupenthixol,NEURO CN,,Neurology / Psychiatry,Neuropathy,therapeutic_class,0.8
streptomycin,ANTI INFECTIVES,Aminoglycoside,Infectious Disease,Bacterial Infection,therapeutic_class,0.8
streptomycin,ANTI INFECTIVES,Aminoglycoside,Infectious Disease,Infection,therapeutic_class,0.8
streptomycin,ANTI INFECTIVES,Aminoglycoside,Infectious Disease,Sepsis,therapeutic_class,0.8
acitretin,DERM,,Dermatology,Skin Infection,therapeutic_class,0.8
acitretin,DERM,,Dermatology,Dermatitis,therapeutic_class,0.8
acitretin,DERM,,Dermatology,Fungal Infection,therapeutic_class,0.8
acitretin,DERM,,Dermatology,Eczema,therapeutic_class,0.8
acitretin,DERM,,Dermatology,Psoriasis,therapeutic_class,0.8
disulfiram,NEURO CNS,Alcohol deaddictio,Neurology / Psychiatry,Epilepsy,therapeutic_class,0.8
disulfiram,NEURO CNS,Alcohol deaddictio,Neurology / Psychiatry,Anxiety,therapeutic_class,0.8
disulfiram,NEURO CNS,Alcohol deaddictio,Neurology / Psychiatry,Depression,therapeutic_class,0.8
disulfiram,NEURO CNS,Alcohol deaddictio,Neurology / Psychiatry,Insomnia,therapeutic_class,0.8
disulfiram,NEURO CNS,Alcohol deaddictio,Neurology / Psychiatry,Seizure Disorder,therapeutic_class,0.8
disulfiram,NEURO CNS,Alcohol deaddictio,Neurology / Psychiatry,Neuropathic Pain,therapeutic_class,0.8
caffeine,RESPIRATOR,,Respiratory,Allergic Rhinitis,therapeutic_class,0.8
caffeine,RESPIRATOR,,Respiratory,Cough,therapeutic_class,0.8
caffeine,RESPIRATOR,,Respiratory,Common Cold,therapeutic_class,0.8
caffeine,RESPIRATOR,,Respiratory,Nasal Congestion,therapeutic_class,0.8
caffeine,RESPIRATOR,,Respiratory,Bronchitis,therapeutic_class,0.8
silodosin,UROLOGY,Uroselective adrenergic receptor(α1a) antagonis,Urology,Benign Prostatic Hyperplasia,therapeutic_class,0.8
silodosin,UROLOGY,Uroselective adrenergic receptor(α1a) antagonis,Urology,Urinary Tract Disorder,therapeutic_class,0.8
aminophylline,RESPIRATORY,Theophylline & its derivative,Respiratory,Asthma,therapeutic_class,0.8
aminophylline,RESPIRATORY,Theophylline & its derivative,Respiratory,Allergic Rhinitis,therapeutic_class,0.8
aminophylline,RESPIRATORY,Theophylline & its derivative,Respiratory,COPD,therapeutic_class,0.8
aminophylline,RESPIRATORY,Theophylline & its derivative,Respiratory,Cough,therapeutic_class,0.8
aminophylline,RESPIRATORY,Theophylline & its derivative,Respiratory,Common Cold,therapeutic_class,0.8
aminophylline,RESPIRATORY,Theophylline & its derivative,Respiratory,Bronchitis,therapeutic_class,0.8
sodium bicarbonate,GASTRO INTESTINAL,Antacid,Gastroenterology,Acid Reflux,therapeutic_class,0.8
sodium bicarbonate,GASTRO INTESTINAL,Antacid,Gastroenterology,GERD,therapeutic_class,0.8
sodium bicarbonate,GASTRO INTESTINAL,Antacid,Gastroenterology,Peptic Ulcer,therapeutic_class,0.8
sodium bicarbonate,GASTRO INTESTINAL,Antacid,Gastroenterology,Gastritis,therapeutic_class,0.8
sodium bicarbonate,GASTRO INTESTINAL,Antacid,Gastroenterology,Nausea,therapeutic_class,0.8
sodium bicarbonate,GASTRO INTESTINAL,Antacid,Gastroenterology,Diarrhea,therapeutic_class,0.8
hydrocortisone,RESPIRATOR,,Respiratory,Allergic Rhinitis,therapeutic_class,0.8
hydrocortisone,RESPIRATOR,,Respiratory,Cough,therapeutic_class,0.8
hydrocortisone,RESPIRATOR,,Respiratory,Common Cold,therapeutic_class,0.8
hydrocortisone,RESPIRATOR,,Respiratory,Nasal Congestion,therapeutic_class,0.8
hydrocortisone,RESPIRATOR,,Respiratory,Bronchitis,therapeutic_class,0.8
ketoconazole,DERM,,Dermatology,Skin Infection,therapeutic_class,0.8
ketoconazole,DERM,,Dermatology,Dermatitis,therapeutic_class,0.8
ketoconazole,DERM,,Dermatology,Fungal Infection,therapeutic_class,0.8
ketoconazole,DERM,,Dermatology,Eczema,therapeutic_class,0.8
ketoconazole,DERM,,Dermatology,Psoriasis,therapeutic_class,0.8
eperisone,PAIN ANALGESIC,,Pain Management,Pain,therapeutic_class,0.8
eperisone,PAIN ANALGESIC,,Pain Management,Inflammation,therapeutic_class,0.8
eperisone,PAIN ANALGESIC,,Pain Management,Arthritis,therapeutic_class,0.8
eperisone,PAIN ANALGESIC,,Pain Management,Musculoskeletal Pain,therapeutic_class,0.8
imipramine,NEURO CN,,Neurology / Psychiatry,Anxiety,therapeutic_class,0.8
imipramine,NEURO CN,,Neurology / Psychiatry,Depression,therapeutic_class,0.8
imipramine,NEURO CN,,Neurology / Psychiatry,Insomnia,therapeutic_class,0.8
imipramine,NEURO CN,,Neurology / Psychiatry,Vertigo,therapeutic_class,0.8
imipramine,NEURO CN,,Neurology / Psychiatry,Neuropathy,therapeutic_class,0.8
brimonidine,OPHTHAL,Sympathomimetics- Ocula,Ophthalmology,Eye Infection,therapeutic_class,0.8
brimonidine,OPHTHAL,Sympathomimetics- Ocula,Ophthalmology,Glaucoma,therapeutic_class,0.8
brimonidine,OPHTHAL,Sympathomimetics- Ocula,Ophthalmology,Conjunctivitis,therapeutic_class,0.8
brimonidine,OPHTHAL,Sympathomimetics- Ocula,Ophthalmology,Dry Eye,therapeutic_class,0.8
alteplase,CARDIAC,Plasminogen Activators- Thrombolytic,Cardiovascular,Hypertension,therapeutic_class,0.8
alteplase,CARDIAC,Plasminogen Activators- Thrombolytic,Cardiovascular,Heart Disease,therapeutic_class,0.8
alteplase,CARDIAC,Plasminogen Activators- Thrombolytic,Cardiovascular,Angina,therapeutic_class,0.8
alteplase,CARDIAC,Plasminogen Activators- Thrombolytic,Cardiovascular,Arrhythmia,therapeutic_class,0.8
alteplase,CARDIAC,Plasminogen Activators- Thrombolytic,Cardiovascular,Heart Failure,therapeutic_class,0.8
alteplase,CARDIAC,Plasminogen Activators- Thrombolytic,Cardiovascular,Hyperlipidemia,therapeutic_class,0.8
alpha ketoanalogue,UROLOGY,Amino acid,Urology,Benign Prostatic Hyperplasia,therapeutic_class,0.8
alpha ketoanalogue,UROLOGY,Amino acid,Urology,Urinary Tract Disorder,therapeutic_class,0.8
loratadine,RESPIRATORY,H1 Antihistaminics (second Generation,Respiratory,Asthma,therapeutic_class,0.8
loratadine,RESPIRATORY,H1 Antihistaminics (second Generation,Respiratory,Allergic Rhinitis,therapeutic_class,0.8
loratadine,RESPIRATORY,H1 Antihistaminics (second Generation,Respiratory,COPD,therapeutic_class,0.8
loratadine,RESPIRATORY,H1 Antihistaminics (second Generation,Respiratory,Cough,therapeutic_class,0.8
loratadine,RESPIRATORY,H1 Antihistaminics (second Generation,Respiratory,Common Cold,therapeutic_class,0.8
loratadine,RESPIRATORY,H1 Antihistaminics (second Generation,Respiratory,Bronchitis,therapeutic_class,0.8
diloxanide,ANTI INFECTIVE,,Infectious Disease,Bacterial Infection,therapeutic_class,0.8
diloxanide,ANTI INFECTIVE,,Infectious Disease,Infection,therapeutic_class,0.8
azelastine,OPHTHAL,H1 Antihistaminics (second Generation,Ophthalmology,Eye Infection,therapeutic_class,0.8
azelastine,OPHTHAL,H1 Antihistaminics (second Generation,Ophthalmology,Glaucoma,therapeutic_class,0.8
azelastine,OPHTHAL,H1 Antihistaminics (second Generation,Ophthalmology,Conjunctivitis,therapeutic_class,0.8
azelastine,OPHTHAL,H1 Antihistaminics (second Generation,Ophthalmology,Dry Eye,therapeutic_class,0.8
edaravone,NEURO CNS,Nootropic agen,Neurology / Psychiatry,Epilepsy,therapeutic_class,0.8
edaravone,NEURO CNS,Nootropic agen,Neurology / Psychiatry,Anxiety,therapeutic_class,0.8
edaravone,NEURO CNS,Nootropic agen,Neurology / Psychiatry,Depression,therapeutic_class,0.8
edaravone,NEURO CNS,Nootropic agen,Neurology / Psychiatry,Insomnia,therapeutic_class,0.8
edaravone,NEURO CNS,Nootropic agen,Neurology / Psychiatry,Seizure Disorder,therapeutic_class,0.8
edaravone,NEURO CNS,Nootropic agen,Neurology / Psychiatry,Neuropathic Pain,therapeutic_class,0.8
vitamin e,VITAMINS MINERALS NUTRIENTS,Vitamin,Nutrition,Nutritional Deficiency,therapeutic_class,0.8
vitamin e,VITAMINS MINERALS NUTRIENTS,Vitamin,Nutrition,Vitamin Deficiency,therapeutic_class,0.8
sodium acid phosphate,VITAMINS MINERALS NUTRIENTS,Phosphate- Hypercalcemi,Nutrition,Nutritional Deficiency,therapeutic_class,0.8
sodium acid phosphate,VITAMINS MINERALS NUTRIENTS,Phosphate- Hypercalcemi,Nutrition,Vitamin Deficiency,therapeutic_class,0.8
alcaftadine,OPHTHAL,H1 Antihistaminics (second Generation,Ophthalmology,Eye Infection,therapeutic_class,0.8
alcaftadine,OPHTHAL,H1 Antihistaminics (second Generation,Ophthalmology,Glaucoma,therapeutic_class,0.8
alcaftadine,OPHTHAL,H1 Antihistaminics (second Generation,Ophthalmology,Conjunctivitis,therapeutic_class,0.8
alcaftadine,OPHTHAL,H1 Antihistaminics (second Generation,Ophthalmology,Dry Eye,therapeutic_class,0.8
dapsone,ANTI INFECTIVES,Anti leproti,Infectious Disease,Bacterial Infection,therapeutic_class,0.8
dapsone,ANTI INFECTIVES,Anti leproti,Infectious Disease,Infection,therapeutic_class,0.8
dapsone,ANTI INFECTIVES,Anti leproti,Infectious Disease,Sepsis,therapeutic_class,0.8
ranibizumab,OPHTHAL,Vascular endothelial growth factor (VEGF) inhibitor for AM,Ophthalmology,Eye Infection,therapeutic_class,0.8
ranibizumab,OPHTHAL,Vascular endothelial growth factor (VEGF) inhibitor for AM,Ophthalmology,Glaucoma,therapeutic_class,0.8
ranibizumab,OPHTHAL,Vascular endothelial growth factor (VEGF) inhibitor for AM,Ophthalmology,Conjunctivitis,therapeutic_class,0.8
ranibizumab,OPHTHAL,Vascular endothelial growth factor (VEGF) inhibitor for AM,Ophthalmology,Dry Eye,therapeutic_class,0.8
etizolam,NEURO CNS,Benzodiazepine,Neurology / Psychiatry,Epilepsy,therapeutic_class,0.8
etizolam,NEURO CNS,Benzodiazepine,Neurology / Psychiatry,Anxiety,therapeutic_class,0.8
etizolam,NEURO CNS,Benzodiazepine,Neurology / Psychiatry,Depression,therapeutic_class,0.8
etizolam,NEURO CNS,Benzodiazepine,Neurology / Psychiatry,Insomnia,therapeutic_class,0.8
etizolam,NEURO CNS,Benzodiazepine,Neurology / Psychiatry,Seizure Disorder,therapeutic_class,0.8
etizolam,NEURO CNS,Benzodiazepine,Neurology / Psychiatry,Neuropathic Pain,therapeutic_class,0.8
di-iodohydroxyquinoline,GASTRO INTESTINA,,Gastroenterology,Acid Reflux,therapeutic_class,0.8
di-iodohydroxyquinoline,GASTRO INTESTINA,,Gastroenterology,GERD,therapeutic_class,0.8
di-iodohydroxyquinoline,GASTRO INTESTINA,,Gastroenterology,Peptic Ulcer,therapeutic_class,0.8
di-iodohydroxyquinoline,GASTRO INTESTINA,,Gastroenterology,Nausea,therapeutic_class,0.8
formoterol,RESPIRATOR,,Respiratory,Allergic Rhinitis,therapeutic_class,0.8
formoterol,RESPIRATOR,,Respiratory,Cough,therapeutic_class,0.8
formoterol,RESPIRATOR,,Respiratory,Common Cold,therapeutic_class,0.8
formoterol,RESPIRATOR,,Respiratory,Nasal Congestion,therapeutic_class,0.8
formoterol,RESPIRATOR,,Respiratory,Bronchitis,therapeutic_class,0.8
l-leucine,VITAMINS MINERALS NUTRIENT,,Nutrition,Nutritional Deficiency,therapeutic_class,0.8
l-leucine,VITAMINS MINERALS NUTRIENT,,Nutrition,Vitamin Deficiency,therapeutic_class,0.8
l-leucine,VITAMINS MINERALS NUTRIENT,,Nutrition,Mineral Deficiency,therapeutic_class,0.8
timolol,OPHTHA,,Ophthalmology,Eye Infection,therapeutic_class,0.8
timolol,OPHTHA,,Ophthalmology,Conjunctivitis,therapeutic_class,0.8
timolol,OPHTHA,,Ophthalmology,Dry Eye,therapeutic_class,0.8
pregabalin,NEURO CN,,Neurology / Psychiatry,Anxiety,therapeutic_class,0.8
pregabalin,NEURO CN,,Neurology / Psychiatry,Depression,therapeutic_class,0.8
pregabalin,NEURO CN,,Neurology / Psychiatry,Insomnia,therapeutic_class,0.8
pregabalin,NEURO CN,,Neurology / Psychiatry,Vertigo,therapeutic_class,0.8
pregabalin,NEURO CN,,Neurology / Psychiatry,Neuropathy,therapeutic_class,0.8
armodafinil,NEURO CNS,Stimulant/ Drug for excessive sleepines,Neurology / Psychiatry,Epilepsy,therapeutic_class,0.8
armodafinil,NEURO CNS,Stimulant/ Drug for excessive sleepines,Neurology / Psychiatry,Anxiety,therapeutic_class,0.8
armodafinil,NEURO CNS,Stimulant/ Drug for excessive sleepines,Neurology / Psychiatry,Depression,therapeutic_class,0.8
armodafinil,NEURO CNS,Stimulant/ Drug for excessive sleepines,Neurology / Psychiatry,Insomnia,therapeutic_class,0.8
armodafinil,NEURO CNS,Stimulant/ Drug for excessive sleepines,Neurology / Psychiatry,Seizure Disorder,therapeutic_class,0.8
armodafinil,NEURO CNS,Stimulant/ Drug for excessive sleepines,Neurology / Psychiatry,Neuropathic Pain,therapeutic_class,0.8
ambrisentan,CARDIAC,Endothelin receptor blocke,Cardiovascular,Hypertension,therapeutic_class,0.8
ambrisentan,CARDIAC,Endothelin receptor blocke,Cardiovascular,Heart Disease,therapeutic_class,0.8
ambrisentan,CARDIAC,Endothelin receptor blocke,Cardiovascular,Angina,therapeutic_class,0.8
ambrisentan,CARDIAC,Endothelin receptor blocke,Cardiovascular,Arrhythmia,therapeutic_class,0.8
ambrisentan,CARDIAC,Endothelin receptor blocke,Cardiovascular,Heart Failure,therapeutic_class,0.8
ambrisentan,CARDIAC,Endothelin receptor blocke,Cardiovascular,Hyperlipidemia,therapeutic_class,0.8
tranexamic acid,BLOOD RELATE,,Hematology,Anemia,therapeutic_class,0.8
tranexamic acid,BLOOD RELATE,,Hematology,Iron Deficiency,therapeutic_class,0.8
hydroxypropylmethylcellulose,OPHTHAL,Tear substitue,Ophthalmology,Eye Infection,therapeutic_class,0.8
hydroxypropylmethylcellulose,OPHTHAL,Tear substitue,Ophthalmology,Glaucoma,therapeutic_class,0.8
hydroxypropylmethylcellulose,OPHTHAL,Tear substitue,Ophthalmology,Conjunctivitis,therapeutic_class,0.8
hydroxypropylmethylcellulose,OPHTHAL,Tear substitue,Ophthalmology,Dry Eye,therapeutic_class,0.8
minoxidil,DERMA,Potassium channel opene,Dermatology,Skin Infection,therapeutic_class,0.8
minoxidil,DERMA,Potassium channel opene,Dermatology,Dermatitis,therapeutic_class,0.8
minoxidil,DERMA,Potassium channel opene,Dermatology,Fungal Infection,therapeutic_class,0.8
minoxidil,DERMA,Potassium channel opene,Dermatology,Acne,therapeutic_class,0.8
minoxidil,DERMA,Potassium channel opene,Dermatology,Eczema,therapeutic_class,0.8
piroxicam,PAIN ANALGESICS,NSAID,Pain Management,Pain,therapeutic_class,0.8
piroxicam,PAIN ANALGESICS,NSAID,Pain Management,Inflammation,therapeutic_class,0.8
piroxicam,PAIN ANALGESICS,NSAID,Pain Management,Arthritis,therapeutic_class,0.8
piroxicam,PAIN ANALGESICS,NSAID,Pain Management,Musculoskeletal Pain,therapeutic_class,0.8
pancreatin,GASTRO INTESTINA,,Gastroenterology,Acid Reflux,therapeutic_class,0.8
pancreatin,GASTRO INTESTINA,,Gastroenterology,GERD,therapeutic_class,0.8
pancreatin,GASTRO INTESTINA,,Gastroenterology,Peptic Ulcer,therapeutic_class,0.8
pancreatin,GASTRO INTESTINA,,Gastroenterology,Nausea,therapeutic_class,0.8
acetic acid,DERMA,Antiseptics and disinfectant,Dermatology,Skin Infection,therapeutic_class,0.8
acetic acid,DERMA,Antiseptics and disinfectant,Dermatology,Dermatitis,therapeutic_class,0.8
acetic acid,DERMA,Antiseptics and disinfectant,Dermatology,Fungal Infection,therapeutic_class,0.8
acetic acid,DERMA,Antiseptics and disinfectant,Dermatology,Acne,therapeutic_class,0.8
acetic acid,DERMA,Antiseptics and disinfectant,Dermatology,Eczema,therapeutic_class,0.8
ethosuximide,NEURO CNS,Calcium channel inhibitor (AED,Neurology / Psychiatry,Epilepsy,therapeutic_class,0.8
ethosuximide,NEURO CNS,Calcium channel inhibitor (AED,Neurology / Psychiatry,Anxiety,therapeutic_class,0.8
ethosuximide,NEURO CNS,Calcium channel inhibitor (AED,Neurology / Psychiatry,Depression,therapeutic_class,0.8
ethosuximide,NEURO CNS,Calcium channel inhibitor (AED,Neurology / Psychiatry,Insomnia,therapeutic_class,0.8
ethosuximide,NEURO CNS,Calcium channel inhibitor (AED,Neurology / Psychiatry,Seizure Disorder,therapeutic_class,0.8
ethosuximide,NEURO CNS,Calcium channel inhibitor (AED,Neurology / Psychiatry,Neuropathic Pain,therapeutic_class,0.8
perampanel,NEURO CNS,AMPA glutamate receptor antagonis,Neurology / Psychiatry,Epilepsy,therapeutic_class,0.8
perampanel,NEURO CNS,AMPA glutamate receptor antagonis,Neurology / Psychiatry,Anxiety,therapeutic_class,0.8
perampanel,NEURO CNS,AMPA glutamate receptor antagonis,Neurology / Psychiatry,Depression,therapeutic_class,0.8
perampanel,NEURO CNS,AMPA glutamate receptor antagonis,Neurology / Psychiatry,Insomnia,therapeutic_class,0.8
perampanel,NEURO CNS,AMPA glutamate receptor antagonis,Neurology / Psychiatry,Seizure Disorder,therapeutic_class,0.8
perampanel,NEURO CNS,AMPA glutamate receptor antagonis,Neurology / Psychiatry,Neuropathic Pain,therapeutic_class,0.8
benzoyl peroxide,DERM,,Dermatology,Skin Infection,therapeutic_class,0.8
benzoyl peroxide,DERM,,Dermatology,Dermatitis,therapeutic_class,0.8
benzoyl peroxide,DERM,,Dermatology,Fungal Infection,therapeutic_class,0.8
benzoyl peroxide,DERM,,Dermatology,Eczema,therapeutic_class,0.8
benzoyl peroxide,DERM,,Dermatology,Psoriasis,therapeutic_class,0.8
carbimazole,HORMONES,Antithyroid agents-Thyroid peroxidase inhibitor,Endocrinology,Hormonal Imbalance,therapeutic_class,0.8
carbimazole,HORMONES,Antithyroid agents-Thyroid peroxidase inhibitor,Endocrinology,Hypothyroidism,therapeutic_class,0.8
carbimazole,HORMONES,Antithyroid agents-Thyroid peroxidase inhibitor,Endocrinology,Adrenal Insufficiency,therapeutic_class,0.8
carbimazole,HORMONES,Antithyroid agents-Thyroid peroxidase inhibitor,Endocrinology,Growth Disorder,therapeutic_class,0.8
atracurium,PAIN ANALGESICS,Skeletal muscle relaxant- Peripherally actin,Pain Management,Pain,therapeutic_class,0.8
atracurium,PAIN ANALGESICS,Skeletal muscle relaxant- Peripherally actin,Pain Management,Inflammation,therapeutic_class,0.8
atracurium,PAIN ANALGESICS,Skeletal muscle relaxant- Peripherally actin,Pain Management,Arthritis,therapeutic_class,0.8
atracurium,PAIN ANALGESICS,Skeletal muscle relaxant- Peripherally actin,Pain Management,Musculoskeletal Pain,therapeutic_class,0.8
amino acids,VITAMINS MINERALS NUTRIENTS,Amino acid,Nutrition,Nutritional Deficiency,therapeutic_class,0.8
amino acids,VITAMINS MINERALS NUTRIENTS,Amino acid,Nutrition,Vitamin Deficiency,therapeutic_class,0.8
tirofiban,BLOOD RELATED,Glycoprotein IIb/IIIa inhibitor,Hematology,Anemia,therapeutic_class,0.8
tirofiban,BLOOD RELATED,Glycoprotein IIb/IIIa inhibitor,Hematology,Thrombosis,therapeutic_class,0.8
tirofiban,BLOOD RELATED,Glycoprotein IIb/IIIa inhibitor,Hematology,Blood Clotting Disorder,therapeutic_class,0.8
tirofiban,BLOOD RELATED,Glycoprotein IIb/IIIa inhibitor,Hematology,Deep Vein Thrombosis,therapeutic_class,0.8
metadoxine,NEURO CNS,Hepatoprotective,Neurology / Psychiatry,Epilepsy,therapeutic_class,0.8
metadoxine,NEURO CNS,Hepatoprotective,Neurology / Psychiatry,Anxiety,therapeutic_class,0.8
metadoxine,NEURO CNS,Hepatoprotective,Neurology / Psychiatry,Depression,therapeutic_class,0.8
metadoxine,NEURO CNS,Hepatoprotective,Neurology / Psychiatry,Insomnia,therapeutic_class,0.8
metadoxine,NEURO CNS,Hepatoprotective,Neurology / Psychiatry,Seizure Disorder,therapeutic_class,0.8
metadoxine,NEURO CNS,Hepatoprotective,Neurology / Psychiatry,Neuropathic Pain,therapeutic_class,0.8
prochlorperazine,GASTRO INTESTINA,,Gastroenterology,Acid Reflux,therapeutic_class,0.8
prochlorperazine,GASTRO INTESTINA,,Gastroenterology,GERD,therapeutic_class,0.8
prochlorperazine,GASTRO INTESTINA,,Gastroenterology,Peptic Ulcer,therapeutic_class,0.8
prochlorperazine,GASTRO INTESTINA,,Gastroenterology,Nausea,therapeutic_class,0.8
hydroquinone,DERM,,Dermatology,Skin Infection,therapeutic_class,0.8
hydroquinone,DERM,,Dermatology,Dermatitis,therapeutic_class,0.8
hydroquinone,DERM,,Dermatology,Fungal Infection,therapeutic_class,0.8
hydroquinone,DERM,,Dermatology,Eczema,therapeutic_class,0.8
hydroquinone,DERM,,Dermatology,Psoriasis,therapeutic_class,0.8
etofylline,RESPIRATOR,,Respiratory,Allergic Rhinitis,therapeutic_class,0.8
etofylline,RESPIRATOR,,Respiratory,Cough,therapeutic_class,0.8
etofylline,RESPIRATOR,,Respiratory,Common Cold,therapeutic_class,0.8
etofylline,RESPIRATOR,,Respiratory,Nasal Congestion,therapeutic_class,0.8
etofylline,RESPIRATOR,,Respiratory,Bronchitis,therapeutic_class,0.8
hydroxyprogesterone,GYNAECOLOGICAL,Progestins (First generation,Gynecology,Gynecological Infection,therapeutic_class,0.8
hydroxyprogesterone,GYNAECOLOGICAL,Progestins (First generation,Gynecology,Hormonal Irregularity,therapeutic_class,0.8
hydroxyprogesterone,GYNAECOLOGICAL,Progestins (First generation,Gynecology,PCOS,therapeutic_class,0.8
hydroxyprogesterone,GYNAECOLOGICAL,Progestins (First generation,Gynecology,Menstrual Disorder,therapeutic_class,0.8
corticotropin,HORMONES,Corticotropi,Endocrinology,Hormonal Imbalance,therapeutic_class,0.8
corticotropin,HORMONES,Corticotropi,Endocrinology,Hypothyroidism,therapeutic_class,0.8
corticotropin,HORMONES,Corticotropi,Endocrinology,Adrenal Insufficiency,therapeutic_class,0.8
corticotropin,HORMONES,Corticotropi,Endocrinology,Growth Disorder,therapeutic_class,0.8
ketotifen,OPHTHAL,Mast cell stabilizer,Ophthalmology,Eye Infection,therapeutic_class,0.8
ketotifen,OPHTHAL,Mast cell stabilizer,Ophthalmology,Glaucoma,therapeutic_class,0.8
ketotifen,OPHTHAL,Mast cell stabilizer,Ophthalmology,Conjunctivitis,therapeutic_class,0.8
ketotifen,OPHTHAL,Mast cell stabilizer,Ophthalmology,Dry Eye,therapeutic_class,0.8
s-adenosyl l-methoinine disulfate tosylate,GASTRO INTESTINA,,Gastroenterology,Acid Reflux,therapeutic_class,0.8
s-adenosyl l-methoinine disulfate tosylate,GASTRO INTESTINA,,Gastroenterology,GERD,therapeutic_class,0.8
s-adenosyl l-methoinine disulfate tosylate,GASTRO INTESTINA,,Gastroenterology,Peptic Ulcer,therapeutic_class,0.8
s-adenosyl l-methoinine disulfate tosylate,GASTRO INTESTINA,,Gastroenterology,Nausea,therapeutic_class,0.8
bromelain,PAIN ANALGESIC,,Pain Management,Pain,therapeutic_class,0.8
bromelain,PAIN ANALGESIC,,Pain Management,Inflammation,therapeutic_class,0.8
bromelain,PAIN ANALGESIC,,Pain Management,Arthritis,therapeutic_class,0.8
bromelain,PAIN ANALGESIC,,Pain Management,Musculoskeletal Pain,therapeutic_class,0.8
trifarotene,DERM,,Dermatology,Skin Infection,therapeutic_class,0.8
trifarotene,DERM,,Dermatology,Dermatitis,therapeutic_class,0.8
trifarotene,DERM,,Dermatology,Fungal Infection,therapeutic_class,0.8
trifarotene,DERM,,Dermatology,Eczema,therapeutic_class,0.8
trifarotene,DERM,,Dermatology,Psoriasis,therapeutic_class,0.8
metoprolol succinate,CARDIAC,Beta blocker- Cardioselectiv,Cardiovascular,Hypertension,therapeutic_class,0.8
metoprolol succinate,CARDIAC,Beta blocker- Cardioselectiv,Cardiovascular,Heart Disease,therapeutic_class,0.8
metoprolol succinate,CARDIAC,Beta blocker- Cardioselectiv,Cardiovascular,Angina,therapeutic_class,0.8
metoprolol succinate,CARDIAC,Beta blocker- Cardioselectiv,Cardiovascular,Arrhythmia,therapeutic_class,0.8
metoprolol succinate,CARDIAC,Beta blocker- Cardioselectiv,Cardiovascular,Heart Failure,therapeutic_class,0.8
metoprolol succinate,CARDIAC,Beta blocker- Cardioselectiv,Cardiovascular,Hyperlipidemia,therapeutic_class,0.8
potassium chloride,GASTRO INTESTINA,,Gastroenterology,Acid Reflux,therapeutic_class,0.8
potassium chloride,GASTRO INTESTINA,,Gastroenterology,GERD,therapeutic_class,0.8
potassium chloride,GASTRO INTESTINA,,Gastroenterology,Peptic Ulcer,therapeutic_class,0.8
potassium chloride,GASTRO INTESTINA,,Gastroenterology,Nausea,therapeutic_class,0.8
benfotiamine,VITAMINS MINERALS NUTRIENT,,Nutrition,Nutritional Deficiency,therapeutic_class,0.8
benfotiamine,VITAMINS MINERALS NUTRIENT,,Nutrition,Vitamin Deficiency,therapeutic_class,0.8
benfotiamine,VITAMINS MINERALS NUTRIENT,,Nutrition,Mineral Deficiency,therapeutic_class,0.8
polidocanol,OTHERS,Sclerosing agent-Varicose Vei,General Medicine,Weight Management,therapeutic_class,0.8
polidocanol,OTHERS,Sclerosing agent-Varicose Vei,General Medicine,Obesity,therapeutic_class,0.8
oxazepam,NEURO CNS,Benzodiazepine,Neurology / Psychiatry,Epilepsy,therapeutic_class,0.8
oxazepam,NEURO CNS,Benzodiazepine,Neurology / Psychiatry,Anxiety,therapeutic_class,0.8
oxazepam,NEURO CNS,Benzodiazepine,Neurology / Psychiatry,Depression,therapeutic_class,0.8
oxazepam,NEURO CNS,Benzodiazepine,Neurology / Psychiatry,Insomnia,therapeutic_class,0.8
oxazepam,NEURO CNS,Benzodiazepine,Neurology / Psychiatry,Seizure Disorder,therapeutic_class,0.8
oxazepam,NEURO CNS,Benzodiazepine,Neurology / Psychiatry,Neuropathic Pain,therapeutic_class,0.8
ademetionine,GASTRO INTESTINAL,,Gastroenterology,Acid Reflux,therapeutic_class,0.8
ademetionine,GASTRO INTESTINAL,,Gastroenterology,GERD,therapeutic_class,0.8
ademetionine,GASTRO INTESTINAL,,Gastroenterology,Peptic Ulcer,therapeutic_class,0.8
ademetionine,GASTRO INTESTINAL,,Gastroenterology,Gastritis,therapeutic_class,0.8
ademetionine,GASTRO INTESTINAL,,Gastroenterology,Nausea,therapeutic_class,0.8
ademetionine,GASTRO INTESTINAL,,Gastroenterology,Diarrhea,therapeutic_class,0.8
pseudoephedrine,RESPIRATOR,,Respiratory,Allergic Rhinitis,therapeutic_class,0.8
pseudoephedrine,RESPIRATOR,,Respiratory,Cough,therapeutic_class,0.8
pseudoephedrine,RESPIRATOR,,Respiratory,Common Cold,therapeutic_class,0.8
pseudoephedrine,RESPIRATOR,,Respiratory,Nasal Congestion,therapeutic_class,0.8
pseudoephedrine,RESPIRATOR,,Respiratory,Bronchitis,therapeutic_class,0.8
aztreonam,ANTI INFECTIVES,Monobactam,Infectious Disease,Bacterial Infection,therapeutic_class,0.8
aztreonam,ANTI INFECTIVES,Monobactam,Infectious Disease,Infection,therapeutic_class,0.8
aztreonam,ANTI INFECTIVES,Monobactam,Infectious Disease,Sepsis,therapeutic_class,0.8
tocilizumab,ANTI NEOPLASTICS,Disease Modifying Anti-Rheumatoid Drugs (DMARDs)- Biologic,Oncology,Cancer,therapeutic_class,0.8
tocilizumab,ANTI NEOPLASTICS,Disease Modifying Anti-Rheumatoid Drugs (DMARDs)- Biologic,Oncology,Malignant Tumor,therapeutic_class,0.8
tocilizumab,ANTI NEOPLASTICS,Disease Modifying Anti-Rheumatoid Drugs (DMARDs)- Biologic,Oncology,Leukemia,therapeutic_class,0.8
amphotericin b,ANTI INFECTIVES,Fungal cell membrane active agen,Infectious Disease,Bacterial Infection,therapeutic_class,0.8
amphotericin b,ANTI INFECTIVES,Fungal cell membrane active agen,Infectious Disease,Infection,therapeutic_class,0.8
amphotericin b,ANTI INFECTIVES,Fungal cell membrane active agen,Infectious Disease,Sepsis,therapeutic_class,0.8
acetylcysteine,RESPIRATORY,Acetylcysteine -Mucolyti,Respiratory,Asthma,therapeutic_class,0.8
acetylcysteine,RESPIRATORY,Acetylcysteine -Mucolyti,Respiratory,Allergic Rhinitis,therapeutic_class,0.8
acetylcysteine,RESPIRATORY,Acetylcysteine -Mucolyti,Respiratory,COPD,therapeutic_class,0.8
acetylcysteine,RESPIRATORY,Acetylcysteine -Mucolyti,Respiratory,Cough,therapeutic_class,0.8
acetylcysteine,RESPIRATORY,Acetylcysteine -Mucolyti,Respiratory,Common Cold,therapeutic_class,0.8
acetylcysteine,RESPIRATORY,Acetylcysteine -Mucolyti,Respiratory,Bronchitis,therapeutic_class,0.8
amlexanox,GASTRO INTESTINAL,Aphthous ulcer,Gastroenterology,Acid Reflux,therapeutic_class,0.8
amlexanox,GASTRO INTESTINAL,Aphthous ulcer,Gastroenterology,GERD,therapeutic_class,0.8
amlexanox,GASTRO INTESTINAL,Aphthous ulcer,Gastroenterology,Peptic Ulcer,therapeutic_class,0.8
amlexanox,GASTRO INTESTINAL,Aphthous ulcer,Gastroenterology,Gastritis,therapeutic_class,0.8
amlexanox,GASTRO INTESTINAL,Aphthous ulcer,Gastroenterology,Nausea,therapeutic_class,0.8
amlexanox,GASTRO INTESTINAL,Aphthous ulcer,Gastroenterology,Diarrhea,therapeutic_class,0.8
alpha glycerylphosphorylcholine,NEURO CN,,Neurology / Psychiatry,Anxiety,therapeutic_class,0.8
alpha glycerylphosphorylcholine,NEURO CN,,Neurology / Psychiatry,Depression,therapeutic_class,0.8
alpha glycerylphosphorylcholine,NEURO CN,,Neurology / Psychiatry,Insomnia,therapeutic_class,0.8
alpha glycerylphosphorylcholine,NEURO CN,,Neurology / Psychiatry,Vertigo,therapeutic_class,0.8
alpha glycerylphosphorylcholine,NEURO CN,,Neurology / Psychiatry,Neuropathy,therapeutic_class,0.8
norfloxacin,GASTRO INTESTINA,,Gastroenterology,Acid Reflux,therapeutic_class,0.8
norfloxacin,GASTRO INTESTINA,,Gastroenterology,GERD,therapeutic_class,0.8
norfloxacin,GASTRO INTESTINA,,Gastroenterology,Peptic Ulcer,therapeutic_class,0.8
norfloxacin,GASTRO INTESTINA,,Gastroenterology,Nausea,therapeutic_class,0.8
metamizole,PAIN ANALGESICS,NSAID,Pain Management,Pain,therapeutic_class,0.8
metamizole,PAIN ANALGESICS,NSAID,Pain Management,Inflammation,therapeutic_class,0.8
metamizole,PAIN ANALGESICS,NSAID,Pain Management,Arthritis,therapeutic_class,0.8
metamizole,PAIN ANALGESICS,NSAID,Pain Management,Musculoskeletal Pain,therapeutic_class,0.8
nandrolone decanoate,HORMONE,,Endocrinology,Hormonal Imbalance,therapeutic_class,0.8
nandrolone decanoate,HORMONE,,Endocrinology,Inflammation,therapeutic_class,0.8
nandrolone decanoate,HORMONE,,Endocrinology,Osteoporosis,therapeutic_class,0.8
glycine,BLOOD RELATED,Amino acid,Hematology,Anemia,therapeutic_class,0.8
glycine,BLOOD RELATED,Amino acid,Hematology,Thrombosis,therapeutic_class,0.8
glycine,BLOOD RELATED,Amino acid,Hematology,Blood Clotting Disorder,therapeutic_class,0.8
glycine,BLOOD RELATED,Amino acid,Hematology,Deep Vein Thrombosis,therapeutic_class,0.8
gabapentin,NEURO CN,,Neurology / Psychiatry,Anxiety,therapeutic_class,0.8
gabapentin,NEURO CN,,Neurology / Psychiatry,Depression,therapeutic_class,0.8
gabapentin,NEURO CN,,Neurology / Psychiatry,Insomnia,therapeutic_class,0.8
gabapentin,NEURO CN,,Neurology / Psychiatry,Vertigo,therapeutic_class,0.8
gabapentin,NEURO CN,,Neurology / Psychiatry,Neuropathy,therapeutic_class,0.8
dulaglutide,ANTI DIABETIC,Insulin Secretogogues   GLP-1 agonist,Endocrine / Metabolic,Diabetes Mellitus,therapeutic_class,0.8
dulaglutide,ANTI DIABETIC,Insulin Secretogogues   GLP-1 agonist,Endocrine / Metabolic,Type 2 Diabetes,therapeutic_class,0.8
dulaglutide,ANTI DIABETIC,Insulin Secretogogues   GLP-1 agonist,Endocrine / Metabolic,Hyperglycemia,therapeutic_class,0.8
tetrabenazine,NEURO CNS,Monoamine depletor- Tetrabenazin,Neurology / Psychiatry,Epilepsy,therapeutic_class,0.8
tetrabenazine,NEURO CNS,Monoamine depletor- Tetrabenazin,Neurology / Psychiatry,Anxiety,therapeutic_class,0.8
tetrabenazine,NEURO CNS,Monoamine depletor- Tetrabenazin,Neurology / Psychiatry,Depression,therapeutic_class,0.8
tetrabenazine,NEURO CNS,Monoamine depletor- Tetrabenazin,Neurology / Psychiatry,Insomnia,therapeutic_class,0.8
tetrabenazine,NEURO CNS,Monoamine depletor- Tetrabenazin,Neurology / Psychiatry,Seizure Disorder,therapeutic_class,0.8
tetrabenazine,NEURO CNS,Monoamine depletor- Tetrabenazin,Neurology / Psychiatry,Neuropathic Pain,therapeutic_class,0.8
adalimumab,ANTI NEOPLASTICS,Disease Modifying Anti-Rheumatoid Drugs (DMARDs)- Biologic,Oncology,Cancer,therapeutic_class,0.8
adalimumab,ANTI NEOPLASTICS,Disease Modifying Anti-Rheumatoid Drugs (DMARDs)- Biologic,Oncology,Malignant Tumor,therapeutic_class,0.8
adalimumab,ANTI NEOPLASTICS,Disease Modifying Anti-Rheumatoid Drugs (DMARDs)- Biologic,Oncology,Leukemia,therapeutic_class,0.8
tofacitinib,PAIN ANALGESICS,Janus kinase inhibitor,Pain Management,Pain,therapeutic_class,0.8
tofacitinib,PAIN ANALGESICS,Janus kinase inhibitor,Pain Management,Inflammation,therapeutic_class,0.8
tofacitinib,PAIN ANALGESICS,Janus kinase inhibitor,Pain Management,Arthritis,therapeutic_class,0.8
tofacitinib,PAIN ANALGESICS,Janus kinase inhibitor,Pain Management,Musculoskeletal Pain,therapeutic_class,0.8
sevelamer,BLOOD RELATE,,Hematology,Anemia,therapeutic_class,0.8
sevelamer,BLOOD RELATE,,Hematology,Iron Deficiency,therapeutic_class,0.8
amisulpride,NEURO CN,,Neurology / Psychiatry,Anxiety,therapeutic_class,0.8
amisulpride,NEURO CN,,Neurology / Psychiatry,Depression,therapeutic_class,0.8
amisulpride,NEURO CN,,Neurology / Psychiatry,Insomnia,therapeutic_class,0.8
amisulpride,NEURO CN,,Neurology / Psychiatry,Vertigo,therapeutic_class,0.8
amisulpride,NEURO CN,,Neurology / Psychiatry,Neuropathy,therapeutic_class,0.8
almotriptan,NEURO CNS,Triptans (5HT 1B/1D Agonist,Neurology / Psychiatry,Epilepsy,therapeutic_class,0.8
almotriptan,NEURO CNS,Triptans (5HT 1B/1D Agonist,Neurology / Psychiatry,Anxiety,therapeutic_class,0.8
almotriptan,NEURO CNS,Triptans (5HT 1B/1D Agonist,Neurology / Psychiatry,Depression,therapeutic_class,0.8
almotriptan,NEURO CNS,Triptans (5HT 1B/1D Agonist,Neurology / Psychiatry,Insomnia,therapeutic_class,0.8
almotriptan,NEURO CNS,Triptans (5HT 1B/1D Agonist,Neurology / Psychiatry,Seizure Disorder,therapeutic_class,0.8
almotriptan,NEURO CNS,Triptans (5HT 1B/1D Agonist,Neurology / Psychiatry,Neuropathic Pain,therapeutic_class,0.8
formoterol+budesonide,RESPIRATOR,,Respiratory,Allergic Rhinitis,therapeutic_class,0.8
formoterol+budesonide,RESPIRATOR,,Respiratory,Cough,therapeutic_class,0.8
formoterol+budesonide,RESPIRATOR,,Respiratory,Common Cold,therapeutic_class,0.8
formoterol+budesonide,RESPIRATOR,,Respiratory,Nasal Congestion,therapeutic_class,0.8
formoterol+budesonide,RESPIRATOR,,Respiratory,Bronchitis,therapeutic_class,0.8
methyldopa,CARDIAC,Alpha 2-adrenoceptors agonist (Central sympatholytics,Cardiovascular,Hypertension,therapeutic_class,0.8
methyldopa,CARDIAC,Alpha 2-adrenoceptors agonist (Central sympatholytics,Cardiovascular,Heart Disease,therapeutic_class,0.8
methyldopa,CARDIAC,Alpha 2-adrenoceptors agonist (Central sympatholytics,Cardiovascular,Angina,therapeutic_class,0.8
methyldopa,CARDIAC,Alpha 2-adrenoceptors agonist (Central sympatholytics,Cardiovascular,Arrhythmia,therapeutic_class,0.8
methyldopa,CARDIAC,Alpha 2-adrenoceptors agonist (Central sympatholytics,Cardiovascular,Heart Failure,therapeutic_class,0.8
methyldopa,CARDIAC,Alpha 2-adrenoceptors agonist (Central sympatholytics,Cardiovascular,Hyperlipidemia,therapeutic_class,0.8
ferrous ascorbate,BLOOD RELATE,,Hematology,Anemia,therapeutic_class,0.8
ferrous ascorbate,BLOOD RELATE,,Hematology,Iron Deficiency,therapeutic_class,0.8
cefepime,ANTI INFECTIVES,Cephalosporins   4th generatio,Infectious Disease,Bacterial Infection,therapeutic_class,0.8
cefepime,ANTI INFECTIVES,Cephalosporins   4th generatio,Infectious Disease,Infection,therapeutic_class,0.8
cefepime,ANTI INFECTIVES,Cephalosporins   4th generatio,Infectious Disease,Sepsis,therapeutic_class,0.8
travoprost,OPHTHAL,PG F2 Alpha analogu,Ophthalmology,Eye Infection,therapeutic_class,0.8
travoprost,OPHTHAL,PG F2 Alpha analogu,Ophthalmology,Glaucoma,therapeutic_class,0.8
travoprost,OPHTHAL,PG F2 Alpha analogu,Ophthalmology,Conjunctivitis,therapeutic_class,0.8
travoprost,OPHTHAL,PG F2 Alpha analogu,Ophthalmology,Dry Eye,therapeutic_class,0.8
naltrexone,NEURO CN,,Neurology / Psychiatry,Anxiety,therapeutic_class,0.8
naltrexone,NEURO CN,,Neurology / Psychiatry,Depression,therapeutic_class,0.8
naltrexone,NEURO CN,,Neurology / Psychiatry,Insomnia,therapeutic_class,0.8
naltrexone,NEURO CN,,Neurology / Psychiatry,Vertigo,therapeutic_class,0.8
naltrexone,NEURO CN,,Neurology / Psychiatry,Neuropathy,therapeutic_class,0.8
agomelatine,NEURO CNS,Melatonin agonis,Neurology / Psychiatry,Epilepsy,therapeutic_class,0.8
agomelatine,NEURO CNS,Melatonin agonis,Neurology / Psychiatry,Anxiety,therapeutic_class,0.8
agomelatine,NEURO CNS,Melatonin agonis,Neurology / Psychiatry,Depression,therapeutic_class,0.8
agomelatine,NEURO CNS,Melatonin agonis,Neurology / Psychiatry,Insomnia,therapeutic_class,0.8
agomelatine,NEURO CNS,Melatonin agonis,Neurology / Psychiatry,Seizure Disorder,therapeutic_class,0.8
agomelatine,NEURO CNS,Melatonin agonis,Neurology / Psychiatry,Neuropathic Pain,therapeutic_class,0.8
doxorubicin,ANTI NEOPLASTICS,Alkaloids-cytotoxic agent,Oncology,Cancer,therapeutic_class,0.8
doxorubicin,ANTI NEOPLASTICS,Alkaloids-cytotoxic agent,Oncology,Malignant Tumor,therapeutic_class,0.8
doxorubicin,ANTI NEOPLASTICS,Alkaloids-cytotoxic agent,Oncology,Leukemia,therapeutic_class,0.8
estradiol,GYNAECOLOGICAL,Estrogen,Gynecology,Gynecological Infection,therapeutic_class,0.8
estradiol,GYNAECOLOGICAL,Estrogen,Gynecology,Hormonal Irregularity,therapeutic_class,0.8
estradiol,GYNAECOLOGICAL,Estrogen,Gynecology,PCOS,therapeutic_class,0.8
estradiol,GYNAECOLOGICAL,Estrogen,Gynecology,Menstrual Disorder,therapeutic_class,0.8
hyaluronic acid,OPHTHA,,Ophthalmology,Eye Infection,therapeutic_class,0.8
hyaluronic acid,OPHTHA,,Ophthalmology,Conjunctivitis,therapeutic_class,0.8
hyaluronic acid,OPHTHA,,Ophthalmology,Dry Eye,therapeutic_class,0.8
metoclopramide,GASTRO INTESTINAL,Dopamine (D2) receptor antagonist-Prokinetic agen,Gastroenterology,Acid Reflux,therapeutic_class,0.8
metoclopramide,GASTRO INTESTINAL,Dopamine (D2) receptor antagonist-Prokinetic agen,Gastroenterology,GERD,therapeutic_class,0.8
metoclopramide,GASTRO INTESTINAL,Dopamine (D2) receptor antagonist-Prokinetic agen,Gastroenterology,Peptic Ulcer,therapeutic_class,0.8
metoclopramide,GASTRO INTESTINAL,Dopamine (D2) receptor antagonist-Prokinetic agen,Gastroenterology,Gastritis,therapeutic_class,0.8
metoclopramide,GASTRO INTESTINAL,Dopamine (D2) receptor antagonist-Prokinetic agen,Gastroenterology,Nausea,therapeutic_class,0.8
metoclopramide,GASTRO INTESTINAL,Dopamine (D2) receptor antagonist-Prokinetic agen,Gastroenterology,Diarrhea,therapeutic_class,0.8
cefdinir,ANTI INFECTIVES,Cephalosporins   3 generatio,Infectious Disease,Bacterial Infection,therapeutic_class,0.8
cefdinir,ANTI INFECTIVES,Cephalosporins   3 generatio,Infectious Disease,Infection,therapeutic_class,0.8
cefdinir,ANTI INFECTIVES,Cephalosporins   3 generatio,Infectious Disease,Sepsis,therapeutic_class,0.8
desloratadine,RESPIRATORY,H1 Antihistaminics (second Generation,Respiratory,Asthma,therapeutic_class,0.8
desloratadine,RESPIRATORY,H1 Antihistaminics (second Generation,Respiratory,Allergic Rhinitis,therapeutic_class,0.8
desloratadine,RESPIRATORY,H1 Antihistaminics (second Generation,Respiratory,COPD,therapeutic_class,0.8
desloratadine,RESPIRATORY,H1 Antihistaminics (second Generation,Respiratory,Cough,therapeutic_class,0.8
desloratadine,RESPIRATORY,H1 Antihistaminics (second Generation,Respiratory,Common Cold,therapeutic_class,0.8
desloratadine,RESPIRATORY,H1 Antihistaminics (second Generation,Respiratory,Bronchitis,therapeutic_class,0.8
deferasirox,BLOOD RELATED,Iron chelating agent,Hematology,Anemia,therapeutic_class,0.8
deferasirox,BLOOD RELATED,Iron chelating agent,Hematology,Thrombosis,therapeutic_class,0.8
deferasirox,BLOOD RELATED,Iron chelating agent,Hematology,Blood Clotting Disorder,therapeutic_class,0.8
deferasirox,BLOOD RELATED,Iron chelating agent,Hematology,Deep Vein Thrombosis,therapeutic_class,0.8
allylestrenol,GYNAECOLOGICAL,Progestins- Other,Gynecology,Gynecological Infection,therapeutic_class,0.8
allylestrenol,GYNAECOLOGICAL,Progestins- Other,Gynecology,Hormonal Irregularity,therapeutic_class,0.8
allylestrenol,GYNAECOLOGICAL,Progestins- Other,Gynecology,PCOS,therapeutic_class,0.8
allylestrenol,GYNAECOLOGICAL,Progestins- Other,Gynecology,Menstrual Disorder,therapeutic_class,0.8
acetazolamide,OPHTHAL,Carbonic anhydrase inhibito,Ophthalmology,Eye Infection,therapeutic_class,0.8
acetazolamide,OPHTHAL,Carbonic anhydrase inhibito,Ophthalmology,Glaucoma,therapeutic_class,0.8
acetazolamide,OPHTHAL,Carbonic anhydrase inhibito,Ophthalmology,Conjunctivitis,therapeutic_class,0.8
acetazolamide,OPHTHAL,Carbonic anhydrase inhibito,Ophthalmology,Dry Eye,therapeutic_class,0.8
dichlorobenzyl alcohol,RESPIRATOR,,Respiratory,Allergic Rhinitis,therapeutic_class,0.8
dichlorobenzyl alcohol,RESPIRATOR,,Respiratory,Cough,therapeutic_class,0.8
dichlorobenzyl alcohol,RESPIRATOR,,Respiratory,Common Cold,therapeutic_class,0.8
dichlorobenzyl alcohol,RESPIRATOR,,Respiratory,Nasal Congestion,therapeutic_class,0.8
dichlorobenzyl alcohol,RESPIRATOR,,Respiratory,Bronchitis,therapeutic_class,0.8
myo-inositol,GYNAECOLOGICA,,Gynecology,Vaginal Infection,therapeutic_class,0.8
myo-inositol,GYNAECOLOGICA,,Gynecology,Hormonal Irregularity,therapeutic_class,0.8
trypsin,PAIN ANALGESIC,,Pain Management,Pain,therapeutic_class,0.8
trypsin,PAIN ANALGESIC,,Pain Management,Inflammation,therapeutic_class,0.8
trypsin,PAIN ANALGESIC,,Pain Management,Arthritis,therapeutic_class,0.8
trypsin,PAIN ANALGESIC,,Pain Management,Musculoskeletal Pain,therapeutic_class,0.8
ciclosporin,OPHTHAL,Immunosuppressant- Calcineurin inhibitor,Ophthalmology,Eye Infection,therapeutic_class,0.8
ciclosporin,OPHTHAL,Immunosuppressant- Calcineurin inhibitor,Ophthalmology,Glaucoma,therapeutic_class,0.8
ciclosporin,OPHTHAL,Immunosuppressant- Calcineurin inhibitor,Ophthalmology,Conjunctivitis,therapeutic_class,0.8
ciclosporin,OPHTHAL,Immunosuppressant- Calcineurin inhibitor,Ophthalmology,Dry Eye,therapeutic_class,0.8
freeze-dried live attenuated hepatitis a vaccine,VACCINE,,Preventive Medicine,Vaccination / Immunization,therapeutic_class,0.8
isoxsuprine,GYNAECOLOGICAL,Beta 2 agonist - Uteru,Gynecology,Gynecological Infection,therapeutic_class,0.8
isoxsuprine,GYNAECOLOGICAL,Beta 2 agonist - Uteru,Gynecology,Hormonal Irregularity,therapeutic_class,0.8
isoxsuprine,GYNAECOLOGICAL,Beta 2 agonist - Uteru,Gynecology,PCOS,therapeutic_class,0.8
isoxsuprine,GYNAECOLOGICAL,Beta 2 agonist - Uteru,Gynecology,Menstrual Disorder,therapeutic_class,0.8
midodrine,CARDIAC,Alpha-1 adrenoreceptor agonist,Cardiovascular,Hypertension,therapeutic_class,0.8
midodrine,CARDIAC,Alpha-1 adrenoreceptor agonist,Cardiovascular,Heart Disease,therapeutic_class,0.8
midodrine,CARDIAC,Alpha-1 adrenoreceptor agonist,Cardiovascular,Angina,therapeutic_class,0.8
midodrine,CARDIAC,Alpha-1 adrenoreceptor agonist,Cardiovascular,Arrhythmia,therapeutic_class,0.8
midodrine,CARDIAC,Alpha-1 adrenoreceptor agonist,Cardiovascular,Heart Failure,therapeutic_class,0.8
midodrine,CARDIAC,Alpha-1 adrenoreceptor agonist,Cardiovascular,Hyperlipidemia,therapeutic_class,0.8
calcium citrate malate,VITAMINS MINERALS NUTRIENT,,Nutrition,Nutritional Deficiency,therapeutic_class,0.8
calcium citrate malate,VITAMINS MINERALS NUTRIENT,,Nutrition,Vitamin Deficiency,therapeutic_class,0.8
calcium citrate malate,VITAMINS MINERALS NUTRIENT,,Nutrition,Mineral Deficiency,therapeutic_class,0.8
dabigatran etexilate,CARDIAC,Direct thrombin inhibitor- ora,Cardiovascular,Hypertension,therapeutic_class,0.8
dabigatran etexilate,CARDIAC,Direct thrombin inhibitor- ora,Cardiovascular,Heart Disease,therapeutic_class,0.8
dabigatran etexilate,CARDIAC,Direct thrombin inhibitor- ora,Cardiovascular,Angina,therapeutic_class,0.8
dabigatran etexilate,CARDIAC,Direct thrombin inhibitor- ora,Cardiovascular,Arrhythmia,therapeutic_class,0.8
dabigatran etexilate,CARDIAC,Direct thrombin inhibitor- ora,Cardiovascular,Heart Failure,therapeutic_class,0.8
dabigatran etexilate,CARDIAC,Direct thrombin inhibitor- ora,Cardiovascular,Hyperlipidemia,therapeutic_class,0.8
everolimus,ANTI NEOPLASTIC,,Oncology,Cancer,therapeutic_class,0.8
everolimus,ANTI NEOPLASTIC,,Oncology,Prostate Cancer,therapeutic_class,0.8
everolimus,ANTI NEOPLASTIC,,Oncology,Breast Cancer,therapeutic_class,0.8
everolimus,ANTI NEOPLASTIC,,Oncology,Malignant Tumor,therapeutic_class,0.8
dexamethasone,OPHTHAL OTOLOGICAL,,Ophthalmology / ENT,Eye Infection,therapeutic_class,0.8
dexamethasone,OPHTHAL OTOLOGICAL,,Ophthalmology / ENT,Ear Infection,therapeutic_class,0.8
terbutaline,RESPIRATOR,,Respiratory,Allergic Rhinitis,therapeutic_class,0.8
terbutaline,RESPIRATOR,,Respiratory,Cough,therapeutic_class,0.8
terbutaline,RESPIRATOR,,Respiratory,Common Cold,therapeutic_class,0.8
terbutaline,RESPIRATOR,,Respiratory,Nasal Congestion,therapeutic_class,0.8
terbutaline,RESPIRATOR,,Respiratory,Bronchitis,therapeutic_class,0.8
diphtheria toxoid,VACCINE,,Preventive Medicine,Vaccination / Immunization,therapeutic_class,0.8
magaldrate,GASTRO INTESTINA,,Gastroenterology,Acid Reflux,therapeutic_class,0.8
magaldrate,GASTRO INTESTINA,,Gastroenterology,GERD,therapeutic_class,0.8
magaldrate,GASTRO INTESTINA,,Gastroenterology,Peptic Ulcer,therapeutic_class,0.8
magaldrate,GASTRO INTESTINA,,Gastroenterology,Nausea,therapeutic_class,0.8
finasteride,UROLOGY,5 alpha- reductase inhibitor (5ARI,Urology,Benign Prostatic Hyperplasia,therapeutic_class,0.8
finasteride,UROLOGY,5 alpha- reductase inhibitor (5ARI,Urology,Urinary Tract Disorder,therapeutic_class,0.8
pralidoxime,OTHERS,Cholinesterase regenerato,General Medicine,Weight Management,therapeutic_class,0.8
pralidoxime,OTHERS,Cholinesterase regenerato,General Medicine,Obesity,therapeutic_class,0.8
liposomal amphotericin b,ANTI INFECTIVES,Fungal cell membrane active agen,Infectious Disease,Bacterial Infection,therapeutic_class,0.8
liposomal amphotericin b,ANTI INFECTIVES,Fungal cell membrane active agen,Infectious Disease,Infection,therapeutic_class,0.8
liposomal amphotericin b,ANTI INFECTIVES,Fungal cell membrane active agen,Infectious Disease,Sepsis,therapeutic_class,0.8
sucralfate,GASTRO INTESTINA,,Gastroenterology,Acid Reflux,therapeutic_class,0.8
sucralfate,GASTRO INTESTINA,,Gastroenterology,GERD,therapeutic_class,0.8
sucralfate,GASTRO INTESTINA,,Gastroenterology,Peptic Ulcer,therapeutic_class,0.8
sucralfate,GASTRO INTESTINA,,Gastroenterology,Nausea,therapeutic_class,0.8
glucosamine,PAIN ANALGESIC,,Pain Management,Pain,therapeutic_class,0.8
glucosamine,PAIN ANALGESIC,,Pain Management,Inflammation,therapeutic_class,0.8
glucosamine,PAIN ANALGESIC,,Pain Management,Arthritis,therapeutic_class,0.8
glucosamine,PAIN ANALGESIC,,Pain Management,Musculoskeletal Pain,therapeutic_class,0.8
afatinib dimaleate,ANTI NEOPLASTICS,Tyrosine kinase inhibitor,Oncology,Cancer,therapeutic_class,0.8
afatinib dimaleate,ANTI NEOPLASTICS,Tyrosine kinase inhibitor,Oncology,Malignant Tumor,therapeutic_class,0.8
afatinib dimaleate,ANTI NEOPLASTICS,Tyrosine kinase inhibitor,Oncology,Leukemia,therapeutic_class,0.8
ginkgo biloba,VITAMINS MINERALS NUTRIENT,,Nutrition,Nutritional Deficiency,therapeutic_class,0.8
ginkgo biloba,VITAMINS MINERALS NUTRIENT,,Nutrition,Vitamin Deficiency,therapeutic_class,0.8
ginkgo biloba,VITAMINS MINERALS NUTRIENT,,Nutrition,Mineral Deficiency,therapeutic_class,0.8
salmeterol+fluticasone propionate,RESPIRATOR,,Respiratory,Allergic Rhinitis,therapeutic_class,0.8
salmeterol+fluticasone propionate,RESPIRATOR,,Respiratory,Cough,therapeutic_class,0.8
salmeterol+fluticasone propionate,RESPIRATOR,,Respiratory,Common Cold,therapeutic_class,0.8
salmeterol+fluticasone propionate,RESPIRATOR,,Respiratory,Nasal Congestion,therapeutic_class,0.8
salmeterol+fluticasone propionate,RESPIRATOR,,Respiratory,Bronchitis,therapeutic_class,0.8
doxycycline,ANTI INFECTIVE,,Infectious Disease,Bacterial Infection,therapeutic_class,0.8
doxycycline,ANTI INFECTIVE,,Infectious Disease,Infection,therapeutic_class,0.8
prednisolone,OPHTHAL OTOLOGICALS,Glucocorticoid,Ophthalmology / ENT,Eye Infection,therapeutic_class,0.8
prednisolone,OPHTHAL OTOLOGICALS,Glucocorticoid,Ophthalmology / ENT,Ear Infection,therapeutic_class,0.8
prednisolone,OPHTHAL OTOLOGICALS,Glucocorticoid,Ophthalmology / ENT,Conjunctivitis,therapeutic_class,0.8
prednisolone,OPHTHAL OTOLOGICALS,Glucocorticoid,Ophthalmology / ENT,Otitis,therapeutic_class,0.8
cyclophosphamide,ANTI NEOPLASTICS,Alkylating agen,Oncology,Cancer,therapeutic_class,0.8
cyclophosphamide,ANTI NEOPLASTICS,Alkylating agen,Oncology,Malignant Tumor,therapeutic_class,0.8
cyclophosphamide,ANTI NEOPLASTICS,Alkylating agen,Oncology,Leukemia,therapeutic_class,0.8
furazolidone,GASTRO INTESTINA,,Gastroenterology,Acid Reflux,therapeutic_class,0.8
furazolidone,GASTRO INTESTINA,,Gastroenterology,GERD,therapeutic_class,0.8
furazolidone,GASTRO INTESTINA,,Gastroenterology,Peptic Ulcer,therapeutic_class,0.8
furazolidone,GASTRO INTESTINA,,Gastroenterology,Nausea,therapeutic_class,0.8
ketamine,PAIN ANALGESICS,General anaesthetic agent,Pain Management,Pain,therapeutic_class,0.8
ketamine,PAIN ANALGESICS,General anaesthetic agent,Pain Management,Inflammation,therapeutic_class,0.8
ketamine,PAIN ANALGESICS,General anaesthetic agent,Pain Management,Arthritis,therapeutic_class,0.8
ketamine,PAIN ANALGESICS,General anaesthetic agent,Pain Management,Musculoskeletal Pain,therapeutic_class,0.8
buclizine,VITAMINS MINERALS NUTRIENTS,H1 Antihistaminics (First Generation,Nutrition,Nutritional Deficiency,therapeutic_class,0.8
buclizine,VITAMINS MINERALS NUTRIENTS,H1 Antihistaminics (First Generation,Nutrition,Vitamin Deficiency,therapeutic_class,0.8
cadexomer iodine,DERM,,Dermatology,Skin Infection,therapeutic_class,0.8
cadexomer iodine,DERM,,Dermatology,Dermatitis,therapeutic_class,0.8
cadexomer iodine,DERM,,Dermatology,Fungal Infection,therapeutic_class,0.8
cadexomer iodine,DERM,,Dermatology,Eczema,therapeutic_class,0.8
cadexomer iodine,DERM,,Dermatology,Psoriasis,therapeutic_class,0.8
latanoprost,OPHTHAL,PG F2 Alpha analogu,Ophthalmology,Eye Infection,therapeutic_class,0.8
latanoprost,OPHTHAL,PG F2 Alpha analogu,Ophthalmology,Glaucoma,therapeutic_class,0.8
latanoprost,OPHTHAL,PG F2 Alpha analogu,Ophthalmology,Conjunctivitis,therapeutic_class,0.8
latanoprost,OPHTHAL,PG F2 Alpha analogu,Ophthalmology,Dry Eye,therapeutic_class,0.8
methylcobalamin+alpha lipoic acid+vitamin b6,VITAMINS MINERALS NUTRIENT,,Nutrition,Nutritional Deficiency,therapeutic_class,0.8
methylcobalamin+alpha lipoic acid+vitamin b6,VITAMINS MINERALS NUTRIENT,,Nutrition,Vitamin Deficiency,therapeutic_class,0.8
methylcobalamin+alpha lipoic acid+vitamin b6,VITAMINS MINERALS NUTRIENT,,Nutrition,Mineral Deficiency,therapeutic_class,0.8
amoxapine,NEURO CNS,Tricyclic antidepressant,Neurology / Psychiatry,Epilepsy,therapeutic_class,0.8
amoxapine,NEURO CNS,Tricyclic antidepressant,Neurology / Psychiatry,Anxiety,therapeutic_class,0.8
amoxapine,NEURO CNS,Tricyclic antidepressant,Neurology / Psychiatry,Depression,therapeutic_class,0.8
amoxapine,NEURO CNS,Tricyclic antidepressant,Neurology / Psychiatry,Insomnia,therapeutic_class,0.8
amoxapine,NEURO CNS,Tricyclic antidepressant,Neurology / Psychiatry,Seizure Disorder,therapeutic_class,0.8
amoxapine,NEURO CNS,Tricyclic antidepressant,Neurology / Psychiatry,Neuropathic Pain,therapeutic_class,0.8
fondaparinux,CARDIAC,Selective inhibitor of activated Factor,Cardiovascular,Hypertension,therapeutic_class,0.8
fondaparinux,CARDIAC,Selective inhibitor of activated Factor,Cardiovascular,Heart Disease,therapeutic_class,0.8
fondaparinux,CARDIAC,Selective inhibitor of activated Factor,Cardiovascular,Angina,therapeutic_class,0.8
fondaparinux,CARDIAC,Selective inhibitor of activated Factor,Cardiovascular,Arrhythmia,therapeutic_class,0.8
fondaparinux,CARDIAC,Selective inhibitor of activated Factor,Cardiovascular,Heart Failure,therapeutic_class,0.8
fondaparinux,CARDIAC,Selective inhibitor of activated Factor,Cardiovascular,Hyperlipidemia,therapeutic_class,0.8
entacapone,NEURO CNS,COMT inhibitor,Neurology / Psychiatry,Epilepsy,therapeutic_class,0.8
entacapone,NEURO CNS,COMT inhibitor,Neurology / Psychiatry,Anxiety,therapeutic_class,0.8
entacapone,NEURO CNS,COMT inhibitor,Neurology / Psychiatry,Depression,therapeutic_class,0.8
entacapone,NEURO CNS,COMT inhibitor,Neurology / Psychiatry,Insomnia,therapeutic_class,0.8
entacapone,NEURO CNS,COMT inhibitor,Neurology / Psychiatry,Seizure Disorder,therapeutic_class,0.8
entacapone,NEURO CNS,COMT inhibitor,Neurology / Psychiatry,Neuropathic Pain,therapeutic_class,0.8
alpha lipoic acid,VITAMINS MINERALS NUTRIENT,,Nutrition,Nutritional Deficiency,therapeutic_class,0.8
alpha lipoic acid,VITAMINS MINERALS NUTRIENT,,Nutrition,Vitamin Deficiency,therapeutic_class,0.8
alpha lipoic acid,VITAMINS MINERALS NUTRIENT,,Nutrition,Mineral Deficiency,therapeutic_class,0.8
tricholine citrate,VITAMINS MINERALS NUTRIENT,,Nutrition,Nutritional Deficiency,therapeutic_class,0.8
tricholine citrate,VITAMINS MINERALS NUTRIENT,,Nutrition,Vitamin Deficiency,therapeutic_class,0.8
tricholine citrate,VITAMINS MINERALS NUTRIENT,,Nutrition,Mineral Deficiency,therapeutic_class,0.8
imatinib mesylate,ANTI NEOPLASTICS,Tyrosine kinase inhibitor,Oncology,Cancer,therapeutic_class,0.8
imatinib mesylate,ANTI NEOPLASTICS,Tyrosine kinase inhibitor,Oncology,Malignant Tumor,therapeutic_class,0.8
imatinib mesylate,ANTI NEOPLASTICS,Tyrosine kinase inhibitor,Oncology,Leukemia,therapeutic_class,0.8
benzyl nicotinate,BLOOD RELATE,,Hematology,Anemia,therapeutic_class,0.8
benzyl nicotinate,BLOOD RELATE,,Hematology,Iron Deficiency,therapeutic_class,0.8
sultamicillin tosilate,ANTI INFECTIVES,Ampicillin & Sulbactam ester compoun,Infectious Disease,Bacterial Infection,therapeutic_class,0.8
sultamicillin tosilate,ANTI INFECTIVES,Ampicillin & Sulbactam ester compoun,Infectious Disease,Infection,therapeutic_class,0.8
sultamicillin tosilate,ANTI INFECTIVES,Ampicillin & Sulbactam ester compoun,Infectious Disease,Sepsis,therapeutic_class,0.8
ethinyl estradiol,GYNAECOLOGICA,,Gynecology,Vaginal Infection,therapeutic_class,0.8
ethinyl estradiol,GYNAECOLOGICA,,Gynecology,Hormonal Irregularity,therapeutic_class,0.8
netupitant,GASTRO INTESTINA,,Gastroenterology,Acid Reflux,therapeutic_class,0.8
netupitant,GASTRO INTESTINA,,Gastroenterology,GERD,therapeutic_class,0.8
netupitant,GASTRO INTESTINA,,Gastroenterology,Peptic Ulcer,therapeutic_class,0.8
netupitant,GASTRO INTESTINA,,Gastroenterology,Nausea,therapeutic_class,0.8
calcitriol,VITAMINS MINERALS NUTRIENT,,Nutrition,Nutritional Deficiency,therapeutic_class,0.8
calcitriol,VITAMINS MINERALS NUTRIENT,,Nutrition,Vitamin Deficiency,therapeutic_class,0.8
calcitriol,VITAMINS MINERALS NUTRIENT,,Nutrition,Mineral Deficiency,therapeutic_class,0.8
leflunomide,PAIN ANALGESICS,Disease Modifying Anti-Rheumatoid Drugs (DMARDs)- Non biologic,Pain Management,Pain,therapeutic_class,0.8
leflunomide,PAIN ANALGESICS,Disease Modifying Anti-Rheumatoid Drugs (DMARDs)- Non biologic,Pain Management,Inflammation,therapeutic_class,0.8
leflunomide,PAIN ANALGESICS,Disease Modifying Anti-Rheumatoid Drugs (DMARDs)- Non biologic,Pain Management,Arthritis,therapeutic_class,0.8
leflunomide,PAIN ANALGESICS,Disease Modifying Anti-Rheumatoid Drugs (DMARDs)- Non biologic,Pain Management,Musculoskeletal Pain,therapeutic_class,0.8
anidulafungin,ANTI INFECTIVES,Fungal cell wall synthesis inhibitor (Echiocandins,Infectious Disease,Bacterial Infection,therapeutic_class,0.8
anidulafungin,ANTI INFECTIVES,Fungal cell wall synthesis inhibitor (Echiocandins,Infectious Disease,Infection,therapeutic_class,0.8
anidulafungin,ANTI INFECTIVES,Fungal cell wall synthesis inhibitor (Echiocandins,Infectious Disease,Sepsis,therapeutic_class,0.8
vortioxetine,NEURO CNS,Serotonin modulator and stimulato,Neurology / Psychiatry,Epilepsy,therapeutic_class,0.8
vortioxetine,NEURO CNS,Serotonin modulator and stimulato,Neurology / Psychiatry,Anxiety,therapeutic_class,0.8
vortioxetine,NEURO CNS,Serotonin modulator and stimulato,Neurology / Psychiatry,Depression,therapeutic_class,0.8
vortioxetine,NEURO CNS,Serotonin modulator and stimulato,Neurology / Psychiatry,Insomnia,therapeutic_class,0.8
vortioxetine,NEURO CNS,Serotonin modulator and stimulato,Neurology / Psychiatry,Seizure Disorder,therapeutic_class,0.8
vortioxetine,NEURO CNS,Serotonin modulator and stimulato,Neurology / Psychiatry,Neuropathic Pain,therapeutic_class,0.8
romiplostim,BLOOD RELATED,Thrombopoietin agonis,Hematology,Anemia,therapeutic_class,0.8
romiplostim,BLOOD RELATED,Thrombopoietin agonis,Hematology,Thrombosis,therapeutic_class,0.8
romiplostim,BLOOD RELATED,Thrombopoietin agonis,Hematology,Blood Clotting Disorder,therapeutic_class,0.8
romiplostim,BLOOD RELATED,Thrombopoietin agonis,Hematology,Deep Vein Thrombosis,therapeutic_class,0.8
gonadotrophins  including other ovulation stimulants,GYNAECOLOGICA,,Gynecology,Vaginal Infection,therapeutic_class,0.8
gonadotrophins  including other ovulation stimulants,GYNAECOLOGICA,,Gynecology,Hormonal Irregularity,therapeutic_class,0.8
nortriptyline,NEURO CNS,Tricyclic antidepressant,Neurology / Psychiatry,Epilepsy,therapeutic_class,0.8
nortriptyline,NEURO CNS,Tricyclic antidepressant,Neurology / Psychiatry,Anxiety,therapeutic_class,0.8
nortriptyline,NEURO CNS,Tricyclic antidepressant,Neurology / Psychiatry,Depression,therapeutic_class,0.8
nortriptyline,NEURO CNS,Tricyclic antidepressant,Neurology / Psychiatry,Insomnia,therapeutic_class,0.8
nortriptyline,NEURO CNS,Tricyclic antidepressant,Neurology / Psychiatry,Seizure Disorder,therapeutic_class,0.8
nortriptyline,NEURO CNS,Tricyclic antidepressant,Neurology / Psychiatry,Neuropathic Pain,therapeutic_class,0.8
phenylpropanolamine,RESPIRATOR,,Respiratory,Allergic Rhinitis,therapeutic_class,0.8
phenylpropanolamine,RESPIRATOR,,Respiratory,Cough,therapeutic_class,0.8
phenylpropanolamine,RESPIRATOR,,Respiratory,Common Cold,therapeutic_class,0.8
phenylpropanolamine,RESPIRATOR,,Respiratory,Nasal Congestion,therapeutic_class,0.8
phenylpropanolamine,RESPIRATOR,,Respiratory,Bronchitis,therapeutic_class,0.8
acalabrutinib,ANTI NEOPLASTIC,,Oncology,Cancer,therapeutic_class,0.8
acalabrutinib,ANTI NEOPLASTIC,,Oncology,Prostate Cancer,therapeutic_class,0.8
acalabrutinib,ANTI NEOPLASTIC,,Oncology,Breast Cancer,therapeutic_class,0.8
acalabrutinib,ANTI NEOPLASTIC,,Oncology,Malignant Tumor,therapeutic_class,0.8
lamivudine,ANTI INFECTIVES,Nucleoside/nucleotide reverse transcriptase inhibitors (NRTIs),Infectious Disease,Bacterial Infection,therapeutic_class,0.8
lamivudine,ANTI INFECTIVES,Nucleoside/nucleotide reverse transcriptase inhibitors (NRTIs),Infectious Disease,Infection,therapeutic_class,0.8
lamivudine,ANTI INFECTIVES,Nucleoside/nucleotide reverse transcriptase inhibitors (NRTIs),Infectious Disease,Sepsis,therapeutic_class,0.8
norethisterone,GYNAECOLOGICAL,Progestins (First generation,Gynecology,Gynecological Infection,therapeutic_class,0.8
norethisterone,GYNAECOLOGICAL,Progestins (First generation,Gynecology,Hormonal Irregularity,therapeutic_class,0.8
norethisterone,GYNAECOLOGICAL,Progestins (First generation,Gynecology,PCOS,therapeutic_class,0.8
norethisterone,GYNAECOLOGICAL,Progestins (First generation,Gynecology,Menstrual Disorder,therapeutic_class,0.8
diacerein,PAIN ANALGESIC,,Pain Management,Pain,therapeutic_class,0.8
diacerein,PAIN ANALGESIC,,Pain Management,Inflammation,therapeutic_class,0.8
diacerein,PAIN ANALGESIC,,Pain Management,Arthritis,therapeutic_class,0.8
diacerein,PAIN ANALGESIC,,Pain Management,Musculoskeletal Pain,therapeutic_class,0.8
mesalazine,GASTRO INTESTINAL,5- Aminosalicylic acid (5-ASA,Gastroenterology,Acid Reflux,therapeutic_class,0.8
mesalazine,GASTRO INTESTINAL,5- Aminosalicylic acid (5-ASA,Gastroenterology,GERD,therapeutic_class,0.8
mesalazine,GASTRO INTESTINAL,5- Aminosalicylic acid (5-ASA,Gastroenterology,Peptic Ulcer,therapeutic_class,0.8
mesalazine,GASTRO INTESTINAL,5- Aminosalicylic acid (5-ASA,Gastroenterology,Gastritis,therapeutic_class,0.8
mesalazine,GASTRO INTESTINAL,5- Aminosalicylic acid (5-ASA,Gastroenterology,Nausea,therapeutic_class,0.8
mesalazine,GASTRO INTESTINAL,5- Aminosalicylic acid (5-ASA,Gastroenterology,Diarrhea,therapeutic_class,0.8
abacavir,ANTI INFECTIVE,,Infectious Disease,Bacterial Infection,therapeutic_class,0.8
abacavir,ANTI INFECTIVE,,Infectious Disease,Infection,therapeutic_class,0.8
adenosine,CARDIAC,Miscellaneous agents- anti arrhythmi,Cardiovascular,Hypertension,therapeutic_class,0.8
adenosine,CARDIAC,Miscellaneous agents- anti arrhythmi,Cardiovascular,Heart Disease,therapeutic_class,0.8
adenosine,CARDIAC,Miscellaneous agents- anti arrhythmi,Cardiovascular,Angina,therapeutic_class,0.8
adenosine,CARDIAC,Miscellaneous agents- anti arrhythmi,Cardiovascular,Arrhythmia,therapeutic_class,0.8
adenosine,CARDIAC,Miscellaneous agents- anti arrhythmi,Cardiovascular,Heart Failure,therapeutic_class,0.8
adenosine,CARDIAC,Miscellaneous agents- anti arrhythmi,Cardiovascular,Hyperlipidemia,therapeutic_class,0.8
trihexyphenidyl,NEURO CNS,Anticholinergic- centrally actin,Neurology / Psychiatry,Epilepsy,therapeutic_class,0.8
trihexyphenidyl,NEURO CNS,Anticholinergic- centrally actin,Neurology / Psychiatry,Anxiety,therapeutic_class,0.8
trihexyphenidyl,NEURO CNS,Anticholinergic- centrally actin,Neurology / Psychiatry,Depression,therapeutic_class,0.8
trihexyphenidyl,NEURO CNS,Anticholinergic- centrally actin,Neurology / Psychiatry,Insomnia,therapeutic_class,0.8
trihexyphenidyl,NEURO CNS,Anticholinergic- centrally actin,Neurology / Psychiatry,Seizure Disorder,therapeutic_class,0.8
trihexyphenidyl,NEURO CNS,Anticholinergic- centrally actin,Neurology / Psychiatry,Neuropathic Pain,therapeutic_class,0.8
itolizumab,ANTI NEOPLASTICS,Anti-CD6 monoclonal antibod,Oncology,Cancer,therapeutic_class,0.8
itolizumab,ANTI NEOPLASTICS,Anti-CD6 monoclonal antibod,Oncology,Malignant Tumor,therapeutic_class,0.8
itolizumab,ANTI NEOPLASTICS,Anti-CD6 monoclonal antibod,Oncology,Leukemia,therapeutic_class,0.8
octreotide acetate,HORMONES,Somatostatin analogue,Endocrinology,Hormonal Imbalance,therapeutic_class,0.8
octreotide acetate,HORMONES,Somatostatin analogue,Endocrinology,Hypothyroidism,therapeutic_class,0.8
octreotide acetate,HORMONES,Somatostatin analogue,Endocrinology,Adrenal Insufficiency,therapeutic_class,0.8
octreotide acetate,HORMONES,Somatostatin analogue,Endocrinology,Growth Disorder,therapeutic_class,0.8
docetaxel,ANTI NEOPLASTICS,Antimicrotubule agents- Taxane,Oncology,Cancer,therapeutic_class,0.8
docetaxel,ANTI NEOPLASTICS,Antimicrotubule agents- Taxane,Oncology,Malignant Tumor,therapeutic_class,0.8
docetaxel,ANTI NEOPLASTICS,Antimicrotubule agents- Taxane,Oncology,Leukemia,therapeutic_class,0.8
betamethasone,DERM,,Dermatology,Skin Infection,therapeutic_class,0.8
betamethasone,DERM,,Dermatology,Dermatitis,therapeutic_class,0.8
betamethasone,DERM,,Dermatology,Fungal Infection,therapeutic_class,0.8
betamethasone,DERM,,Dermatology,Eczema,therapeutic_class,0.8
betamethasone,DERM,,Dermatology,Psoriasis,therapeutic_class,0.8
flupirtine,PAIN ANALGESICS,Selective neuronal potassium channel openers (SNEPCO,Pain Management,Pain,therapeutic_class,0.8
flupirtine,PAIN ANALGESICS,Selective neuronal potassium channel openers (SNEPCO,Pain Management,Inflammation,therapeutic_class,0.8
flupirtine,PAIN ANALGESICS,Selective neuronal potassium channel openers (SNEPCO,Pain Management,Arthritis,therapeutic_class,0.8
flupirtine,PAIN ANALGESICS,Selective neuronal potassium channel openers (SNEPCO,Pain Management,Musculoskeletal Pain,therapeutic_class,0.8
polyethylene glycol,OPHTHA,,Ophthalmology,Eye Infection,therapeutic_class,0.8
polyethylene glycol,OPHTHA,,Ophthalmology,Conjunctivitis,therapeutic_class,0.8
polyethylene glycol,OPHTHA,,Ophthalmology,Dry Eye,therapeutic_class,0.8
lactitol,GASTRO INTESTINA,,Gastroenterology,Acid Reflux,therapeutic_class,0.8
lactitol,GASTRO INTESTINA,,Gastroenterology,GERD,therapeutic_class,0.8
lactitol,GASTRO INTESTINA,,Gastroenterology,Peptic Ulcer,therapeutic_class,0.8
lactitol,GASTRO INTESTINA,,Gastroenterology,Nausea,therapeutic_class,0.8
atazanavir,ANTI INFECTIVES,Protease (HIV) inhibitor,Infectious Disease,Bacterial Infection,therapeutic_class,0.8
atazanavir,ANTI INFECTIVES,Protease (HIV) inhibitor,Infectious Disease,Infection,therapeutic_class,0.8
atazanavir,ANTI INFECTIVES,Protease (HIV) inhibitor,Infectious Disease,Sepsis,therapeutic_class,0.8
dosulepin,NEURO CNS,Tricyclic antidepressant,Neurology / Psychiatry,Epilepsy,therapeutic_class,0.8
dosulepin,NEURO CNS,Tricyclic antidepressant,Neurology / Psychiatry,Anxiety,therapeutic_class,0.8
dosulepin,NEURO CNS,Tricyclic antidepressant,Neurology / Psychiatry,Depression,therapeutic_class,0.8
dosulepin,NEURO CNS,Tricyclic antidepressant,Neurology / Psychiatry,Insomnia,therapeutic_class,0.8
dosulepin,NEURO CNS,Tricyclic antidepressant,Neurology / Psychiatry,Seizure Disorder,therapeutic_class,0.8
dosulepin,NEURO CNS,Tricyclic antidepressant,Neurology / Psychiatry,Neuropathic Pain,therapeutic_class,0.8
sulphacetamide,OPHTHAL OTOLOGICAL,,Ophthalmology / ENT,Eye Infection,therapeutic_class,0.8
sulphacetamide,OPHTHAL OTOLOGICAL,,Ophthalmology / ENT,Ear Infection,therapeutic_class,0.8
megestrol,ANTI NEOPLASTIC,,Oncology,Cancer,therapeutic_class,0.8
megestrol,ANTI NEOPLASTIC,,Oncology,Prostate Cancer,therapeutic_class,0.8
megestrol,ANTI NEOPLASTIC,,Oncology,Breast Cancer,therapeutic_class,0.8
megestrol,ANTI NEOPLASTIC,,Oncology,Malignant Tumor,therapeutic_class,0.8
levamisole,ANTI INFECTIVES,Antiprotozoal agent,Infectious Disease,Bacterial Infection,therapeutic_class,0.8
levamisole,ANTI INFECTIVES,Antiprotozoal agent,Infectious Disease,Infection,therapeutic_class,0.8
levamisole,ANTI INFECTIVES,Antiprotozoal agent,Infectious Disease,Sepsis,therapeutic_class,0.8
oxetacaine+aluminium hydroxide+magnesium,GASTRO INTESTINA,,Gastroenterology,Acid Reflux,therapeutic_class,0.8
oxetacaine+aluminium hydroxide+magnesium,GASTRO INTESTINA,,Gastroenterology,GERD,therapeutic_class,0.8
oxetacaine+aluminium hydroxide+magnesium,GASTRO INTESTINA,,Gastroenterology,Peptic Ulcer,therapeutic_class,0.8
oxetacaine+aluminium hydroxide+magnesium,GASTRO INTESTINA,,Gastroenterology,Nausea,therapeutic_class,0.8
cefalexin,ANTI INFECTIVES,Cephalosporins   1st generatio,Infectious Disease,Bacterial Infection,therapeutic_class,0.8
cefalexin,ANTI INFECTIVES,Cephalosporins   1st generatio,Infectious Disease,Infection,therapeutic_class,0.8
cefalexin,ANTI INFECTIVES,Cephalosporins   1st generatio,Infectious Disease,Sepsis,therapeutic_class,0.8
prilocaine,PAIN ANALGESIC,,Pain Management,Pain,therapeutic_class,0.8
prilocaine,PAIN ANALGESIC,,Pain Management,Inflammation,therapeutic_class,0.8
prilocaine,PAIN ANALGESIC,,Pain Management,Arthritis,therapeutic_class,0.8
prilocaine,PAIN ANALGESIC,,Pain Management,Musculoskeletal Pain,therapeutic_class,0.8
cetrorelix,HORMONES,GNRH antagonist,Endocrinology,Hormonal Imbalance,therapeutic_class,0.8
cetrorelix,HORMONES,GNRH antagonist,Endocrinology,Hypothyroidism,therapeutic_class,0.8
cetrorelix,HORMONES,GNRH antagonist,Endocrinology,Adrenal Insufficiency,therapeutic_class,0.8
cetrorelix,HORMONES,GNRH antagonist,Endocrinology,Growth Disorder,therapeutic_class,0.8
levetiracetam,NEURO CNS,Synaptic vescicle 2 A protein ligand (AED,Neurology / Psychiatry,Epilepsy,therapeutic_class,0.8
levetiracetam,NEURO CNS,Synaptic vescicle 2 A protein ligand (AED,Neurology / Psychiatry,Anxiety,therapeutic_class,0.8
levetiracetam,NEURO CNS,Synaptic vescicle 2 A protein ligand (AED,Neurology / Psychiatry,Depression,therapeutic_class,0.8
levetiracetam,NEURO CNS,Synaptic vescicle 2 A protein ligand (AED,Neurology / Psychiatry,Insomnia,therapeutic_class,0.8
levetiracetam,NEURO CNS,Synaptic vescicle 2 A protein ligand (AED,Neurology / Psychiatry,Seizure Disorder,therapeutic_class,0.8
levetiracetam,NEURO CNS,Synaptic vescicle 2 A protein ligand (AED,Neurology / Psychiatry,Neuropathic Pain,therapeutic_class,0.8
clomipramine,NEURO CNS,Tricyclic antidepressant,Neurology / Psychiatry,Epilepsy,therapeutic_class,0.8
clomipramine,NEURO CNS,Tricyclic antidepressant,Neurology / Psychiatry,Anxiety,therapeutic_class,0.8
clomipramine,NEURO CNS,Tricyclic antidepressant,Neurology / Psychiatry,Depression,therapeutic_class,0.8
clomipramine,NEURO CNS,Tricyclic antidepressant,Neurology / Psychiatry,Insomnia,therapeutic_class,0.8
clomipramine,NEURO CNS,Tricyclic antidepressant,Neurology / Psychiatry,Seizure Disorder,therapeutic_class,0.8
clomipramine,NEURO CNS,Tricyclic antidepressant,Neurology / Psychiatry,Neuropathic Pain,therapeutic_class,0.8
tapentadol,PAIN ANALGESIC,,Pain Management,Pain,therapeutic_class,0.8
tapentadol,PAIN ANALGESIC,,Pain Management,Inflammation,therapeutic_class,0.8
tapentadol,PAIN ANALGESIC,,Pain Management,Arthritis,therapeutic_class,0.8
tapentadol,PAIN ANALGESIC,,Pain Management,Musculoskeletal Pain,therapeutic_class,0.8
lornoxicam,PAIN ANALGESIC,,Pain Management,Pain,therapeutic_class,0.8
lornoxicam,PAIN ANALGESIC,,Pain Management,Inflammation,therapeutic_class,0.8
lornoxicam,PAIN ANALGESIC,,Pain Management,Arthritis,therapeutic_class,0.8
lornoxicam,PAIN ANALGESIC,,Pain Management,Musculoskeletal Pain,therapeutic_class,0.8
lurasidone,NEURO CNS,Atypical Antipsychotic,Neurology / Psychiatry,Epilepsy,therapeutic_class,0.8
lurasidone,NEURO CNS,Atypical Antipsychotic,Neurology / Psychiatry,Anxiety,therapeutic_class,0.8
lurasidone,NEURO CNS,Atypical Antipsychotic,Neurology / Psychiatry,Depression,therapeutic_class,0.8
lurasidone,NEURO CNS,Atypical Antipsychotic,Neurology / Psychiatry,Insomnia,therapeutic_class,0.8
lurasidone,NEURO CNS,Atypical Antipsychotic,Neurology / Psychiatry,Seizure Disorder,therapeutic_class,0.8
lurasidone,NEURO CNS,Atypical Antipsychotic,Neurology / Psychiatry,Neuropathic Pain,therapeutic_class,0.8
bacillus clausii,GASTRO INTESTINAL,Probiotic,Gastroenterology,Acid Reflux,therapeutic_class,0.8
bacillus clausii,GASTRO INTESTINAL,Probiotic,Gastroenterology,GERD,therapeutic_class,0.8
bacillus clausii,GASTRO INTESTINAL,Probiotic,Gastroenterology,Peptic Ulcer,therapeutic_class,0.8
bacillus clausii,GASTRO INTESTINAL,Probiotic,Gastroenterology,Gastritis,therapeutic_class,0.8
bacillus clausii,GASTRO INTESTINAL,Probiotic,Gastroenterology,Nausea,therapeutic_class,0.8
bacillus clausii,GASTRO INTESTINAL,Probiotic,Gastroenterology,Diarrhea,therapeutic_class,0.8
fluocinolone acetonide,DERM,,Dermatology,Skin Infection,therapeutic_class,0.8
fluocinolone acetonide,DERM,,Dermatology,Dermatitis,therapeutic_class,0.8
fluocinolone acetonide,DERM,,Dermatology,Fungal Infection,therapeutic_class,0.8
fluocinolone acetonide,DERM,,Dermatology,Eczema,therapeutic_class,0.8
fluocinolone acetonide,DERM,,Dermatology,Psoriasis,therapeutic_class,0.8
chlordiazepoxide,NEURO CNS,Benzodiazepine,Neurology / Psychiatry,Epilepsy,therapeutic_class,0.8
chlordiazepoxide,NEURO CNS,Benzodiazepine,Neurology / Psychiatry,Anxiety,therapeutic_class,0.8
chlordiazepoxide,NEURO CNS,Benzodiazepine,Neurology / Psychiatry,Depression,therapeutic_class,0.8
chlordiazepoxide,NEURO CNS,Benzodiazepine,Neurology / Psychiatry,Insomnia,therapeutic_class,0.8
chlordiazepoxide,NEURO CNS,Benzodiazepine,Neurology / Psychiatry,Seizure Disorder,therapeutic_class,0.8
chlordiazepoxide,NEURO CNS,Benzodiazepine,Neurology / Psychiatry,Neuropathic Pain,therapeutic_class,0.8
seratrodast,RESPIRATORY,Thromboxane A2/prostaglandin endoperoxide receptor antagonist- Bronchial asthm,Respiratory,Asthma,therapeutic_class,0.8
seratrodast,RESPIRATORY,Thromboxane A2/prostaglandin endoperoxide receptor antagonist- Bronchial asthm,Respiratory,Allergic Rhinitis,therapeutic_class,0.8
seratrodast,RESPIRATORY,Thromboxane A2/prostaglandin endoperoxide receptor antagonist- Bronchial asthm,Respiratory,COPD,therapeutic_class,0.8
seratrodast,RESPIRATORY,Thromboxane A2/prostaglandin endoperoxide receptor antagonist- Bronchial asthm,Respiratory,Cough,therapeutic_class,0.8
seratrodast,RESPIRATORY,Thromboxane A2/prostaglandin endoperoxide receptor antagonist- Bronchial asthm,Respiratory,Common Cold,therapeutic_class,0.8
seratrodast,RESPIRATORY,Thromboxane A2/prostaglandin endoperoxide receptor antagonist- Bronchial asthm,Respiratory,Bronchitis,therapeutic_class,0.8
l-methyl folate,VITAMINS MINERALS NUTRIENT,,Nutrition,Nutritional Deficiency,therapeutic_class,0.8
l-methyl folate,VITAMINS MINERALS NUTRIENT,,Nutrition,Vitamin Deficiency,therapeutic_class,0.8
l-methyl folate,VITAMINS MINERALS NUTRIENT,,Nutrition,Mineral Deficiency,therapeutic_class,0.8
piperazine,ANTI INFECTIVES,Antiprotozoal agent,Infectious Disease,Bacterial Infection,therapeutic_class,0.8
piperazine,ANTI INFECTIVES,Antiprotozoal agent,Infectious Disease,Infection,therapeutic_class,0.8
piperazine,ANTI INFECTIVES,Antiprotozoal agent,Infectious Disease,Sepsis,therapeutic_class,0.8
equine rabies immunoglobulin,VACCINE,,Preventive Medicine,Vaccination / Immunization,therapeutic_class,0.8
melphalan,ANTI NEOPLASTICS,Alkylating agen,Oncology,Cancer,therapeutic_class,0.8
melphalan,ANTI NEOPLASTICS,Alkylating agen,Oncology,Malignant Tumor,therapeutic_class,0.8
melphalan,ANTI NEOPLASTICS,Alkylating agen,Oncology,Leukemia,therapeutic_class,0.8
abciximab,BLOOD RELATED,Glycoprotein IIb/IIIa inhibitor,Hematology,Anemia,therapeutic_class,0.8
abciximab,BLOOD RELATED,Glycoprotein IIb/IIIa inhibitor,Hematology,Thrombosis,therapeutic_class,0.8
abciximab,BLOOD RELATED,Glycoprotein IIb/IIIa inhibitor,Hematology,Blood Clotting Disorder,therapeutic_class,0.8
abciximab,BLOOD RELATED,Glycoprotein IIb/IIIa inhibitor,Hematology,Deep Vein Thrombosis,therapeutic_class,0.8
adefovir,ANTI INFECTIVES,Nucleoside/nucleotide reverse transcriptase inhibitors (NRTIs),Infectious Disease,Bacterial Infection,therapeutic_class,0.8
adefovir,ANTI INFECTIVES,Nucleoside/nucleotide reverse transcriptase inhibitors (NRTIs),Infectious Disease,Infection,therapeutic_class,0.8
adefovir,ANTI INFECTIVES,Nucleoside/nucleotide reverse transcriptase inhibitors (NRTIs),Infectious Disease,Sepsis,therapeutic_class,0.8
tacrolimus,ANTI NEOPLASTICS,Immunosuppressant- Calcineurin inhibitor,Oncology,Cancer,therapeutic_class,0.8
tacrolimus,ANTI NEOPLASTICS,Immunosuppressant- Calcineurin inhibitor,Oncology,Malignant Tumor,therapeutic_class,0.8
tacrolimus,ANTI NEOPLASTICS,Immunosuppressant- Calcineurin inhibitor,Oncology,Leukemia,therapeutic_class,0.8
lysine,VITAMINS MINERALS NUTRIENT,,Nutrition,Nutritional Deficiency,therapeutic_class,0.8
lysine,VITAMINS MINERALS NUTRIENT,,Nutrition,Vitamin Deficiency,therapeutic_class,0.8
lysine,VITAMINS MINERALS NUTRIENT,,Nutrition,Mineral Deficiency,therapeutic_class,0.8
diclofenac diethylamine,PAIN ANALGESIC,,Pain Management,Pain,therapeutic_class,0.8
diclofenac diethylamine,PAIN ANALGESIC,,Pain Management,Inflammation,therapeutic_class,0.8
diclofenac diethylamine,PAIN ANALGESIC,,Pain Management,Arthritis,therapeutic_class,0.8
diclofenac diethylamine,PAIN ANALGESIC,,Pain Management,Musculoskeletal Pain,therapeutic_class,0.8
sulbactam,ANTI INFECTIVES,Cell wall active agent - Penicillin  Beta-lactamase inhibitor,Infectious Disease,Bacterial Infection,therapeutic_class,0.8
sulbactam,ANTI INFECTIVES,Cell wall active agent - Penicillin  Beta-lactamase inhibitor,Infectious Disease,Infection,therapeutic_class,0.8
sulbactam,ANTI INFECTIVES,Cell wall active agent - Penicillin  Beta-lactamase inhibitor,Infectious Disease,Sepsis,therapeutic_class,0.8
tiotropium,RESPIRATORY,Anticholinergic - COP,Respiratory,Asthma,therapeutic_class,0.8
tiotropium,RESPIRATORY,Anticholinergic - COP,Respiratory,Allergic Rhinitis,therapeutic_class,0.8
tiotropium,RESPIRATORY,Anticholinergic - COP,Respiratory,COPD,therapeutic_class,0.8
tiotropium,RESPIRATORY,Anticholinergic - COP,Respiratory,Cough,therapeutic_class,0.8
tiotropium,RESPIRATORY,Anticholinergic - COP,Respiratory,Common Cold,therapeutic_class,0.8
tiotropium,RESPIRATORY,Anticholinergic - COP,Respiratory,Bronchitis,therapeutic_class,0.8
povidone iodine,OPHTHAL OTOLOGICALS,Antiseptics and disinfectant,Ophthalmology / ENT,Eye Infection,therapeutic_class,0.8
povidone iodine,OPHTHAL OTOLOGICALS,Antiseptics and disinfectant,Ophthalmology / ENT,Ear Infection,therapeutic_class,0.8
povidone iodine,OPHTHAL OTOLOGICALS,Antiseptics and disinfectant,Ophthalmology / ENT,Conjunctivitis,therapeutic_class,0.8
povidone iodine,OPHTHAL OTOLOGICALS,Antiseptics and disinfectant,Ophthalmology / ENT,Otitis,therapeutic_class,0.8
vitamin c,VITAMINS MINERALS NUTRIENT,,Nutrition,Nutritional Deficiency,therapeutic_class,0.8
vitamin c,VITAMINS MINERALS NUTRIENT,,Nutrition,Vitamin Deficiency,therapeutic_class,0.8
vitamin c,VITAMINS MINERALS NUTRIENT,,Nutrition,Mineral Deficiency,therapeutic_class,0.8
levo-carnitine,VITAMINS MINERALS NUTRIENT,,Nutrition,Nutritional Deficiency,therapeutic_class,0.8
levo-carnitine,VITAMINS MINERALS NUTRIENT,,Nutrition,Vitamin Deficiency,therapeutic_class,0.8
levo-carnitine,VITAMINS MINERALS NUTRIENT,,Nutrition,Mineral Deficiency,therapeutic_class,0.8
sterile water,OTHERS,"Additives, preservative",General Medicine,Weight Management,therapeutic_class,0.8
sterile water,OTHERS,"Additives, preservative",General Medicine,Obesity,therapeutic_class,0.8
pegaspargase,ANTI NEOPLASTICS,Anticancer-other,Oncology,Cancer,therapeutic_class,0.8
pegaspargase,ANTI NEOPLASTICS,Anticancer-other,Oncology,Malignant Tumor,therapeutic_class,0.8
pegaspargase,ANTI NEOPLASTICS,Anticancer-other,Oncology,Leukemia,therapeutic_class,0.8
zoledronic acid,PAIN ANALGESICS,Bone resorption inhibitor -Bisphosphonate,Pain Management,Pain,therapeutic_class,0.8
zoledronic acid,PAIN ANALGESICS,Bone resorption inhibitor -Bisphosphonate,Pain Management,Inflammation,therapeutic_class,0.8
zoledronic acid,PAIN ANALGESICS,Bone resorption inhibitor -Bisphosphonate,Pain Management,Arthritis,therapeutic_class,0.8
zoledronic acid,PAIN ANALGESICS,Bone resorption inhibitor -Bisphosphonate,Pain Management,Musculoskeletal Pain,therapeutic_class,0.8
apomorphine,NEURO CN,,Neurology / Psychiatry,Anxiety,therapeutic_class,0.8
apomorphine,NEURO CN,,Neurology / Psychiatry,Depression,therapeutic_class,0.8
apomorphine,NEURO CN,,Neurology / Psychiatry,Insomnia,therapeutic_class,0.8
apomorphine,NEURO CN,,Neurology / Psychiatry,Vertigo,therapeutic_class,0.8
apomorphine,NEURO CN,,Neurology / Psychiatry,Neuropathy,therapeutic_class,0.8
sodium cromoglycate,OPHTHAL,Mast cell stabilizer,Ophthalmology,Eye Infection,therapeutic_class,0.8
sodium cromoglycate,OPHTHAL,Mast cell stabilizer,Ophthalmology,Glaucoma,therapeutic_class,0.8
sodium cromoglycate,OPHTHAL,Mast cell stabilizer,Ophthalmology,Conjunctivitis,therapeutic_class,0.8
sodium cromoglycate,OPHTHAL,Mast cell stabilizer,Ophthalmology,Dry Eye,therapeutic_class,0.8
trimetazidine,CARDIAC,Fatty acid modulator & Sodium channel blocke,Cardiovascular,Hypertension,therapeutic_class,0.8
trimetazidine,CARDIAC,Fatty acid modulator & Sodium channel blocke,Cardiovascular,Heart Disease,therapeutic_class,0.8
trimetazidine,CARDIAC,Fatty acid modulator & Sodium channel blocke,Cardiovascular,Angina,therapeutic_class,0.8
trimetazidine,CARDIAC,Fatty acid modulator & Sodium channel blocke,Cardiovascular,Arrhythmia,therapeutic_class,0.8
trimetazidine,CARDIAC,Fatty acid modulator & Sodium channel blocke,Cardiovascular,Heart Failure,therapeutic_class,0.8
trimetazidine,CARDIAC,Fatty acid modulator & Sodium channel blocke,Cardiovascular,Hyperlipidemia,therapeutic_class,0.8
triprolidine,RESPIRATOR,,Respiratory,Allergic Rhinitis,therapeutic_class,0.8
triprolidine,RESPIRATOR,,Respiratory,Cough,therapeutic_class,0.8
triprolidine,RESPIRATOR,,Respiratory,Common Cold,therapeutic_class,0.8
triprolidine,RESPIRATOR,,Respiratory,Nasal Congestion,therapeutic_class,0.8
triprolidine,RESPIRATOR,,Respiratory,Bronchitis,therapeutic_class,0.8
acarbose,ANTI DIABETIC,Alpha-glucosidase inhibitor,Endocrine / Metabolic,Diabetes Mellitus,therapeutic_class,0.8
acarbose,ANTI DIABETIC,Alpha-glucosidase inhibitor,Endocrine / Metabolic,Type 2 Diabetes,therapeutic_class,0.8
acarbose,ANTI DIABETIC,Alpha-glucosidase inhibitor,Endocrine / Metabolic,Hyperglycemia,therapeutic_class,0.8
biotin,DERM,,Dermatology,Skin Infection,therapeutic_class,0.8
biotin,DERM,,Dermatology,Dermatitis,therapeutic_class,0.8
biotin,DERM,,Dermatology,Fungal Infection,therapeutic_class,0.8
biotin,DERM,,Dermatology,Eczema,therapeutic_class,0.8
biotin,DERM,,Dermatology,Psoriasis,therapeutic_class,0.8
mometasone,RESPIRATORY,Glucocorticoid,Respiratory,Asthma,therapeutic_class,0.8
mometasone,RESPIRATORY,Glucocorticoid,Respiratory,Allergic Rhinitis,therapeutic_class,0.8
mometasone,RESPIRATORY,Glucocorticoid,Respiratory,COPD,therapeutic_class,0.8
mometasone,RESPIRATORY,Glucocorticoid,Respiratory,Cough,therapeutic_class,0.8
mometasone,RESPIRATORY,Glucocorticoid,Respiratory,Common Cold,therapeutic_class,0.8
mometasone,RESPIRATORY,Glucocorticoid,Respiratory,Bronchitis,therapeutic_class,0.8
risedronate,PAIN ANALGESIC,,Pain Management,Pain,therapeutic_class,0.8
risedronate,PAIN ANALGESIC,,Pain Management,Inflammation,therapeutic_class,0.8
risedronate,PAIN ANALGESIC,,Pain Management,Arthritis,therapeutic_class,0.8
risedronate,PAIN ANALGESIC,,Pain Management,Musculoskeletal Pain,therapeutic_class,0.8
zinc acetate,ANTI INFECTIVE,,Infectious Disease,Bacterial Infection,therapeutic_class,0.8
zinc acetate,ANTI INFECTIVE,,Infectious Disease,Infection,therapeutic_class,0.8
l-arginine,GYNAECOLOGICA,,Gynecology,Vaginal Infection,therapeutic_class,0.8
l-arginine,GYNAECOLOGICA,,Gynecology,Hormonal Irregularity,therapeutic_class,0.8
ethambutol,ANTI INFECTIVES,Mycobacterial cell wall inhibitors-Ethambuto,Infectious Disease,Bacterial Infection,therapeutic_class,0.8
ethambutol,ANTI INFECTIVES,Mycobacterial cell wall inhibitors-Ethambuto,Infectious Disease,Infection,therapeutic_class,0.8
ethambutol,ANTI INFECTIVES,Mycobacterial cell wall inhibitors-Ethambuto,Infectious Disease,Sepsis,therapeutic_class,0.8
trypsin chymotrypsin,PAIN ANALGESIC,,Pain Management,Pain,therapeutic_class,0.8
trypsin chymotrypsin,PAIN ANALGESIC,,Pain Management,Inflammation,therapeutic_class,0.8
trypsin chymotrypsin,PAIN ANALGESIC,,Pain Management,Arthritis,therapeutic_class,0.8
trypsin chymotrypsin,PAIN ANALGESIC,,Pain Management,Musculoskeletal Pain,therapeutic_class,0.8
lacto bacillus rhamnosus,GASTRO INTESTINAL,Probiotic,Gastroenterology,Acid Reflux,therapeutic_class,0.8
lacto bacillus rhamnosus,GASTRO INTESTINAL,Probiotic,Gastroenterology,GERD,therapeutic_class,0.8
lacto bacillus rhamnosus,GASTRO INTESTINAL,Probiotic,Gastroenterology,Peptic Ulcer,therapeutic_class,0.8
lacto bacillus rhamnosus,GASTRO INTESTINAL,Probiotic,Gastroenterology,Gastritis,therapeutic_class,0.8
lacto bacillus rhamnosus,GASTRO INTESTINAL,Probiotic,Gastroenterology,Nausea,therapeutic_class,0.8
lacto bacillus rhamnosus,GASTRO INTESTINAL,Probiotic,Gastroenterology,Diarrhea,therapeutic_class,0.8
triamcinolone acetonide,DERMA,Glucocorticoid,Dermatology,Skin Infection,therapeutic_class,0.8
triamcinolone acetonide,DERMA,Glucocorticoid,Dermatology,Dermatitis,therapeutic_class,0.8
triamcinolone acetonide,DERMA,Glucocorticoid,Dermatology,Fungal Infection,therapeutic_class,0.8
triamcinolone acetonide,DERMA,Glucocorticoid,Dermatology,Acne,therapeutic_class,0.8
triamcinolone acetonide,DERMA,Glucocorticoid,Dermatology,Eczema,therapeutic_class,0.8
favipiravir,ANTI INFECTIVE,,Infectious Disease,Bacterial Infection,therapeutic_class,0.8
favipiravir,ANTI INFECTIVE,,Infectious Disease,Infection,therapeutic_class,0.8
etoposide,ANTI NEOPLASTICS,Alkaloids-cytotoxic agent,Oncology,Cancer,therapeutic_class,0.8
etoposide,ANTI NEOPLASTICS,Alkaloids-cytotoxic agent,Oncology,Malignant Tumor,therapeutic_class,0.8
etoposide,ANTI NEOPLASTICS,Alkaloids-cytotoxic agent,Oncology,Leukemia,therapeutic_class,0.8
solifenacin,UROLOGY,Selective M3 anticholinergic (Bladder,Urology,Benign Prostatic Hyperplasia,therapeutic_class,0.8
solifenacin,UROLOGY,Selective M3 anticholinergic (Bladder,Urology,Urinary Tract Disorder,therapeutic_class,0.8
paracetamol/acetaminophen,PAIN ANALGESIC,,Pain Management,Pain,therapeutic_class,0.8
paracetamol/acetaminophen,PAIN ANALGESIC,,Pain Management,Inflammation,therapeutic_class,0.8
paracetamol/acetaminophen,PAIN ANALGESIC,,Pain Management,Arthritis,therapeutic_class,0.8
paracetamol/acetaminophen,PAIN ANALGESIC,,Pain Management,Musculoskeletal Pain,therapeutic_class,0.8
sparfloxacin,OPHTHAL,Quinolones/ Fluroquinolone,Ophthalmology,Eye Infection,therapeutic_class,0.8
sparfloxacin,OPHTHAL,Quinolones/ Fluroquinolone,Ophthalmology,Glaucoma,therapeutic_class,0.8
sparfloxacin,OPHTHAL,Quinolones/ Fluroquinolone,Ophthalmology,Conjunctivitis,therapeutic_class,0.8
sparfloxacin,OPHTHAL,Quinolones/ Fluroquinolone,Ophthalmology,Dry Eye,therapeutic_class,0.8
candesartan,CARDIAC,Angiotensin receptor blockers(ARB,Cardiovascular,Hypertension,therapeutic_class,0.8
candesartan,CARDIAC,Angiotensin receptor blockers(ARB,Cardiovascular,Heart Disease,therapeutic_class,0.8
candesartan,CARDIAC,Angiotensin receptor blockers(ARB,Cardiovascular,Angina,therapeutic_class,0.8
candesartan,CARDIAC,Angiotensin receptor blockers(ARB,Cardiovascular,Arrhythmia,therapeutic_class,0.8
candesartan,CARDIAC,Angiotensin receptor blockers(ARB,Cardiovascular,Heart Failure,therapeutic_class,0.8
candesartan,CARDIAC,Angiotensin receptor blockers(ARB,Cardiovascular,Hyperlipidemia,therapeutic_class,0.8
bromfenac,OPHTHA,,Ophthalmology,Eye Infection,therapeutic_class,0.8
bromfenac,OPHTHA,,Ophthalmology,Conjunctivitis,therapeutic_class,0.8
bromfenac,OPHTHA,,Ophthalmology,Dry Eye,therapeutic_class,0.8
clobazam,NEURO CNS,Benzodiazepine,Neurology / Psychiatry,Epilepsy,therapeutic_class,0.8
clobazam,NEURO CNS,Benzodiazepine,Neurology / Psychiatry,Anxiety,therapeutic_class,0.8
clobazam,NEURO CNS,Benzodiazepine,Neurology / Psychiatry,Depression,therapeutic_class,0.8
clobazam,NEURO CNS,Benzodiazepine,Neurology / Psychiatry,Insomnia,therapeutic_class,0.8
clobazam,NEURO CNS,Benzodiazepine,Neurology / Psychiatry,Seizure Disorder,therapeutic_class,0.8
clobazam,NEURO CNS,Benzodiazepine,Neurology / Psychiatry,Neuropathic Pain,therapeutic_class,0.8
lactulose,GASTRO INTESTINAL,Osmotic laxatives/Purgativ,Gastroenterology,Acid Reflux,therapeutic_class,0.8
lactulose,GASTRO INTESTINAL,Osmotic laxatives/Purgativ,Gastroenterology,GERD,therapeutic_class,0.8
lactulose,GASTRO INTESTINAL,Osmotic laxatives/Purgativ,Gastroenterology,Peptic Ulcer,therapeutic_class,0.8
lactulose,GASTRO INTESTINAL,Osmotic laxatives/Purgativ,Gastroenterology,Gastritis,therapeutic_class,0.8
lactulose,GASTRO INTESTINAL,Osmotic laxatives/Purgativ,Gastroenterology,Nausea,therapeutic_class,0.8
lactulose,GASTRO INTESTINAL,Osmotic laxatives/Purgativ,Gastroenterology,Diarrhea,therapeutic_class,0.8
ilaprazole,GASTRO INTESTINAL,Proton pump inhibitor,Gastroenterology,Acid Reflux,therapeutic_class,0.8
ilaprazole,GASTRO INTESTINAL,Proton pump inhibitor,Gastroenterology,GERD,therapeutic_class,0.8
ilaprazole,GASTRO INTESTINAL,Proton pump inhibitor,Gastroenterology,Peptic Ulcer,therapeutic_class,0.8
ilaprazole,GASTRO INTESTINAL,Proton pump inhibitor,Gastroenterology,Gastritis,therapeutic_class,0.8
ilaprazole,GASTRO INTESTINAL,Proton pump inhibitor,Gastroenterology,Nausea,therapeutic_class,0.8
ilaprazole,GASTRO INTESTINAL,Proton pump inhibitor,Gastroenterology,Diarrhea,therapeutic_class,0.8
letrozole,ANTI NEOPLASTICS,Aromatase inhibito,Oncology,Cancer,therapeutic_class,0.8
letrozole,ANTI NEOPLASTICS,Aromatase inhibito,Oncology,Malignant Tumor,therapeutic_class,0.8
letrozole,ANTI NEOPLASTICS,Aromatase inhibito,Oncology,Leukemia,therapeutic_class,0.8
rebamipide,GASTRO INTESTINAL,Prostaglandins & epidermal growth factor stimulato,Gastroenterology,Acid Reflux,therapeutic_class,0.8
rebamipide,GASTRO INTESTINAL,Prostaglandins & epidermal growth factor stimulato,Gastroenterology,GERD,therapeutic_class,0.8
rebamipide,GASTRO INTESTINAL,Prostaglandins & epidermal growth factor stimulato,Gastroenterology,Peptic Ulcer,therapeutic_class,0.8
rebamipide,GASTRO INTESTINAL,Prostaglandins & epidermal growth factor stimulato,Gastroenterology,Gastritis,therapeutic_class,0.8
rebamipide,GASTRO INTESTINAL,Prostaglandins & epidermal growth factor stimulato,Gastroenterology,Nausea,therapeutic_class,0.8
rebamipide,GASTRO INTESTINAL,Prostaglandins & epidermal growth factor stimulato,Gastroenterology,Diarrhea,therapeutic_class,0.8
mephentermine,CARDIAC,Sympathomimetics agonis,Cardiovascular,Hypertension,therapeutic_class,0.8
mephentermine,CARDIAC,Sympathomimetics agonis,Cardiovascular,Heart Disease,therapeutic_class,0.8
mephentermine,CARDIAC,Sympathomimetics agonis,Cardiovascular,Angina,therapeutic_class,0.8
mephentermine,CARDIAC,Sympathomimetics agonis,Cardiovascular,Arrhythmia,therapeutic_class,0.8
mephentermine,CARDIAC,Sympathomimetics agonis,Cardiovascular,Heart Failure,therapeutic_class,0.8
mephentermine,CARDIAC,Sympathomimetics agonis,Cardiovascular,Hyperlipidemia,therapeutic_class,0.8
dexchlorpheniramine,RESPIRATORY,H1 Antihistaminics (First Generation,Respiratory,Asthma,therapeutic_class,0.8
dexchlorpheniramine,RESPIRATORY,H1 Antihistaminics (First Generation,Respiratory,Allergic Rhinitis,therapeutic_class,0.8
dexchlorpheniramine,RESPIRATORY,H1 Antihistaminics (First Generation,Respiratory,COPD,therapeutic_class,0.8
dexchlorpheniramine,RESPIRATORY,H1 Antihistaminics (First Generation,Respiratory,Cough,therapeutic_class,0.8
dexchlorpheniramine,RESPIRATORY,H1 Antihistaminics (First Generation,Respiratory,Common Cold,therapeutic_class,0.8
dexchlorpheniramine,RESPIRATORY,H1 Antihistaminics (First Generation,Respiratory,Bronchitis,therapeutic_class,0.8
axitinib,ANTI NEOPLASTICS,Tyrosine kinase inhibitor,Oncology,Cancer,therapeutic_class,0.8
axitinib,ANTI NEOPLASTICS,Tyrosine kinase inhibitor,Oncology,Malignant Tumor,therapeutic_class,0.8
axitinib,ANTI NEOPLASTICS,Tyrosine kinase inhibitor,Oncology,Leukemia,therapeutic_class,0.8
sodium valproate,NEURO CNS,Sodium channel modulators (AED,Neurology / Psychiatry,Epilepsy,therapeutic_class,0.8
sodium valproate,NEURO CNS,Sodium channel modulators (AED,Neurology / Psychiatry,Anxiety,therapeutic_class,0.8
sodium valproate,NEURO CNS,Sodium channel modulators (AED,Neurology / Psychiatry,Depression,therapeutic_class,0.8
sodium valproate,NEURO CNS,Sodium channel modulators (AED,Neurology / Psychiatry,Insomnia,therapeutic_class,0.8
sodium valproate,NEURO CNS,Sodium channel modulators (AED,Neurology / Psychiatry,Seizure Disorder,therapeutic_class,0.8
sodium valproate,NEURO CNS,Sodium channel modulators (AED,Neurology / Psychiatry,Neuropathic Pain,therapeutic_class,0.8
l-ornithine l-aspartate,GASTRO INTESTINAL,Amino acid,Gastroenterology,Acid Reflux,therapeutic_class,0.8
l-ornithine l-aspartate,GASTRO INTESTINAL,Amino acid,Gastroenterology,GERD,therapeutic_class,0.8
l-ornithine l-aspartate,GASTRO INTESTINAL,Amino acid,Gastroenterology,Peptic Ulcer,therapeutic_class,0.8
l-ornithine l-aspartate,GASTRO INTESTINAL,Amino acid,Gastroenterology,Gastritis,therapeutic_class,0.8
l-ornithine l-aspartate,GASTRO INTESTINAL,Amino acid,Gastroenterology,Nausea,therapeutic_class,0.8
l-ornithine l-aspartate,GASTRO INTESTINAL,Amino acid,Gastroenterology,Diarrhea,therapeutic_class,0.8
urea,DERM,,Dermatology,Skin Infection,therapeutic_class,0.8
urea,DERM,,Dermatology,Dermatitis,therapeutic_class,0.8
urea,DERM,,Dermatology,Fungal Infection,therapeutic_class,0.8
urea,DERM,,Dermatology,Eczema,therapeutic_class,0.8
urea,DERM,,Dermatology,Psoriasis,therapeutic_class,0.8
proparacaine,OPHTHAL,Local anaesthetic (Esters,Ophthalmology,Eye Infection,therapeutic_class,0.8
proparacaine,OPHTHAL,Local anaesthetic (Esters,Ophthalmology,Glaucoma,therapeutic_class,0.8
proparacaine,OPHTHAL,Local anaesthetic (Esters,Ophthalmology,Conjunctivitis,therapeutic_class,0.8
proparacaine,OPHTHAL,Local anaesthetic (Esters,Ophthalmology,Dry Eye,therapeutic_class,0.8
charcoal,GASTRO INTESTINAL,Anti-foaming agen,Gastroenterology,Acid Reflux,therapeutic_class,0.8
charcoal,GASTRO INTESTINAL,Anti-foaming agen,Gastroenterology,GERD,therapeutic_class,0.8
charcoal,GASTRO INTESTINAL,Anti-foaming agen,Gastroenterology,Peptic Ulcer,therapeutic_class,0.8
charcoal,GASTRO INTESTINAL,Anti-foaming agen,Gastroenterology,Gastritis,therapeutic_class,0.8
charcoal,GASTRO INTESTINAL,Anti-foaming agen,Gastroenterology,Nausea,therapeutic_class,0.8
charcoal,GASTRO INTESTINAL,Anti-foaming agen,Gastroenterology,Diarrhea,therapeutic_class,0.8
neomycin,DERMA,Aminoglycoside,Dermatology,Skin Infection,therapeutic_class,0.8
neomycin,DERMA,Aminoglycoside,Dermatology,Dermatitis,therapeutic_class,0.8
neomycin,DERMA,Aminoglycoside,Dermatology,Fungal Infection,therapeutic_class,0.8
neomycin,DERMA,Aminoglycoside,Dermatology,Acne,therapeutic_class,0.8
neomycin,DERMA,Aminoglycoside,Dermatology,Eczema,therapeutic_class,0.8
doxofylline,RESPIRATORY,Theophylline & its derivative,Respiratory,Asthma,therapeutic_class,0.8
doxofylline,RESPIRATORY,Theophylline & its derivative,Respiratory,Allergic Rhinitis,therapeutic_class,0.8
doxofylline,RESPIRATORY,Theophylline & its derivative,Respiratory,COPD,therapeutic_class,0.8
doxofylline,RESPIRATORY,Theophylline & its derivative,Respiratory,Cough,therapeutic_class,0.8
doxofylline,RESPIRATORY,Theophylline & its derivative,Respiratory,Common Cold,therapeutic_class,0.8
doxofylline,RESPIRATORY,Theophylline & its derivative,Respiratory,Bronchitis,therapeutic_class,0.8
bepotastine,RESPIRATORY,H1 Antihistaminics (second Generation,Respiratory,Asthma,therapeutic_class,0.8
bepotastine,RESPIRATORY,H1 Antihistaminics (second Generation,Respiratory,Allergic Rhinitis,therapeutic_class,0.8
bepotastine,RESPIRATORY,H1 Antihistaminics (second Generation,Respiratory,COPD,therapeutic_class,0.8
bepotastine,RESPIRATORY,H1 Antihistaminics (second Generation,Respiratory,Cough,therapeutic_class,0.8
bepotastine,RESPIRATORY,H1 Antihistaminics (second Generation,Respiratory,Common Cold,therapeutic_class,0.8
bepotastine,RESPIRATORY,H1 Antihistaminics (second Generation,Respiratory,Bronchitis,therapeutic_class,0.8
ciclesonide,RESPIRATOR,,Respiratory,Allergic Rhinitis,therapeutic_class,0.8
ciclesonide,RESPIRATOR,,Respiratory,Cough,therapeutic_class,0.8
ciclesonide,RESPIRATOR,,Respiratory,Common Cold,therapeutic_class,0.8
ciclesonide,RESPIRATOR,,Respiratory,Nasal Congestion,therapeutic_class,0.8
ciclesonide,RESPIRATOR,,Respiratory,Bronchitis,therapeutic_class,0.8
cytarabine,ANTI NEOPLASTICS,Antimetabolite,Oncology,Cancer,therapeutic_class,0.8
cytarabine,ANTI NEOPLASTICS,Antimetabolite,Oncology,Malignant Tumor,therapeutic_class,0.8
cytarabine,ANTI NEOPLASTICS,Antimetabolite,Oncology,Leukemia,therapeutic_class,0.8
chondroitin,PAIN ANALGESIC,,Pain Management,Pain,therapeutic_class,0.8
chondroitin,PAIN ANALGESIC,,Pain Management,Inflammation,therapeutic_class,0.8
chondroitin,PAIN ANALGESIC,,Pain Management,Arthritis,therapeutic_class,0.8
chondroitin,PAIN ANALGESIC,,Pain Management,Musculoskeletal Pain,therapeutic_class,0.8
nitrofurantoin,UROLOGY,Urinary Antiseptic-Nitrofurantoi,Urology,Benign Prostatic Hyperplasia,therapeutic_class,0.8
nitrofurantoin,UROLOGY,Urinary Antiseptic-Nitrofurantoi,Urology,Urinary Tract Disorder,therapeutic_class,0.8
chlorhexidine gluconate,DERMA,Stomatologicals- Antimicrobial,Dermatology,Skin Infection,therapeutic_class,0.8
chlorhexidine gluconate,DERMA,Stomatologicals- Antimicrobial,Dermatology,Dermatitis,therapeutic_class,0.8
chlorhexidine gluconate,DERMA,Stomatologicals- Antimicrobial,Dermatology,Fungal Infection,therapeutic_class,0.8
chlorhexidine gluconate,DERMA,Stomatologicals- Antimicrobial,Dermatology,Acne,therapeutic_class,0.8
chlorhexidine gluconate,DERMA,Stomatologicals- Antimicrobial,Dermatology,Eczema,therapeutic_class,0.8
ritonavir,ANTI INFECTIVE,,Infectious Disease,Bacterial Infection,therapeutic_class,0.8
ritonavir,ANTI INFECTIVE,,Infectious Disease,Infection,therapeutic_class,0.8
granisetron,GASTRO INTESTINAL,Serotonin antagonists (5-HT3 antagonists,Gastroenterology,Acid Reflux,therapeutic_class,0.8
granisetron,GASTRO INTESTINAL,Serotonin antagonists (5-HT3 antagonists,Gastroenterology,GERD,therapeutic_class,0.8
granisetron,GASTRO INTESTINAL,Serotonin antagonists (5-HT3 antagonists,Gastroenterology,Peptic Ulcer,therapeutic_class,0.8
granisetron,GASTRO INTESTINAL,Serotonin antagonists (5-HT3 antagonists,Gastroenterology,Gastritis,therapeutic_class,0.8
granisetron,GASTRO INTESTINAL,Serotonin antagonists (5-HT3 antagonists,Gastroenterology,Nausea,therapeutic_class,0.8
granisetron,GASTRO INTESTINAL,Serotonin antagonists (5-HT3 antagonists,Gastroenterology,Diarrhea,therapeutic_class,0.8
temozolomide,ANTI NEOPLASTICS,Alkylating agen,Oncology,Cancer,therapeutic_class,0.8
temozolomide,ANTI NEOPLASTICS,Alkylating agen,Oncology,Malignant Tumor,therapeutic_class,0.8
temozolomide,ANTI NEOPLASTICS,Alkylating agen,Oncology,Leukemia,therapeutic_class,0.8
coenzyme q10,VITAMINS MINERALS NUTRIENT,,Nutrition,Nutritional Deficiency,therapeutic_class,0.8
coenzyme q10,VITAMINS MINERALS NUTRIENT,,Nutrition,Vitamin Deficiency,therapeutic_class,0.8
coenzyme q10,VITAMINS MINERALS NUTRIENT,,Nutrition,Mineral Deficiency,therapeutic_class,0.8
voglibose,ANTI DIABETIC,Alpha-glucosidase inhibitor,Endocrine / Metabolic,Diabetes Mellitus,therapeutic_class,0.8
voglibose,ANTI DIABETIC,Alpha-glucosidase inhibitor,Endocrine / Metabolic,Type 2 Diabetes,therapeutic_class,0.8
voglibose,ANTI DIABETIC,Alpha-glucosidase inhibitor,Endocrine / Metabolic,Hyperglycemia,therapeutic_class,0.8
cisatracurium,PAIN ANALGESICS,Skeletal muscle relaxant- Peripherally actin,Pain Management,Pain,therapeutic_class,0.8
cisatracurium,PAIN ANALGESICS,Skeletal muscle relaxant- Peripherally actin,Pain Management,Inflammation,therapeutic_class,0.8
cisatracurium,PAIN ANALGESICS,Skeletal muscle relaxant- Peripherally actin,Pain Management,Arthritis,therapeutic_class,0.8
cisatracurium,PAIN ANALGESICS,Skeletal muscle relaxant- Peripherally actin,Pain Management,Musculoskeletal Pain,therapeutic_class,0.8
piracetam,NEURO CNS,Nootropic agen,Neurology / Psychiatry,Epilepsy,therapeutic_class,0.8
piracetam,NEURO CNS,Nootropic agen,Neurology / Psychiatry,Anxiety,therapeutic_class,0.8
piracetam,NEURO CNS,Nootropic agen,Neurology / Psychiatry,Depression,therapeutic_class,0.8
piracetam,NEURO CNS,Nootropic agen,Neurology / Psychiatry,Insomnia,therapeutic_class,0.8
piracetam,NEURO CNS,Nootropic agen,Neurology / Psychiatry,Seizure Disorder,therapeutic_class,0.8
piracetam,NEURO CNS,Nootropic agen,Neurology / Psychiatry,Neuropathic Pain,therapeutic_class,0.8
arteether,ANTI MALARIALS,Antimalarial- Artemisinin and derivative,Infectious Disease,Malaria,therapeutic_class,0.8
tianeptine,NEURO CNS,Tricyclic antidepressant,Neurology / Psychiatry,Epilepsy,therapeutic_class,0.8
tianeptine,NEURO CNS,Tricyclic antidepressant,Neurology / Psychiatry,Anxiety,therapeutic_class,0.8
tianeptine,NEURO CNS,Tricyclic antidepressant,Neurology / Psychiatry,Depression,therapeutic_class,0.8
tianeptine,NEURO CNS,Tricyclic antidepressant,Neurology / Psychiatry,Insomnia,therapeutic_class,0.8
tianeptine,NEURO CNS,Tricyclic antidepressant,Neurology / Psychiatry,Seizure Disorder,therapeutic_class,0.8
tianeptine,NEURO CNS,Tricyclic antidepressant,Neurology / Psychiatry,Neuropathic Pain,therapeutic_class,0.8
silymarin,GASTRO INTESTINA,,Gastroenterology,Acid Reflux,therapeutic_class,0.8
silymarin,GASTRO INTESTINA,,Gastroenterology,GERD,therapeutic_class,0.8
silymarin,GASTRO INTESTINA,,Gastroenterology,Peptic Ulcer,therapeutic_class,0.8
silymarin,GASTRO INTESTINA,,Gastroenterology,Nausea,therapeutic_class,0.8
ropinirole,NEURO CN,,Neurology / Psychiatry,Anxiety,therapeutic_class,0.8
ropinirole,NEURO CN,,Neurology / Psychiatry,Depression,therapeutic_class,0.8
ropinirole,NEURO CN,,Neurology / Psychiatry,Insomnia,therapeutic_class,0.8
ropinirole,NEURO CN,,Neurology / Psychiatry,Vertigo,therapeutic_class,0.8
ropinirole,NEURO CN,,Neurology / Psychiatry,Neuropathy,therapeutic_class,0.8
palbociclib,ANTI NEOPLASTICS,Cyclin-Dependent Kinase Inhibito,Oncology,Cancer,therapeutic_class,0.8
palbociclib,ANTI NEOPLASTICS,Cyclin-Dependent Kinase Inhibito,Oncology,Malignant Tumor,therapeutic_class,0.8
palbociclib,ANTI NEOPLASTICS,Cyclin-Dependent Kinase Inhibito,Oncology,Leukemia,therapeutic_class,0.8
dasatinib,ANTI NEOPLASTICS,Tyrosine kinase inhibitor,Oncology,Cancer,therapeutic_class,0.8
dasatinib,ANTI NEOPLASTICS,Tyrosine kinase inhibitor,Oncology,Malignant Tumor,therapeutic_class,0.8
dasatinib,ANTI NEOPLASTICS,Tyrosine kinase inhibitor,Oncology,Leukemia,therapeutic_class,0.8
sulfadiazine,DERM,,Dermatology,Skin Infection,therapeutic_class,0.8
sulfadiazine,DERM,,Dermatology,Dermatitis,therapeutic_class,0.8
sulfadiazine,DERM,,Dermatology,Fungal Infection,therapeutic_class,0.8
sulfadiazine,DERM,,Dermatology,Eczema,therapeutic_class,0.8
sulfadiazine,DERM,,Dermatology,Psoriasis,therapeutic_class,0.8
tobramycin,OPHTHAL OTOLOGICAL,,Ophthalmology / ENT,Eye Infection,therapeutic_class,0.8
tobramycin,OPHTHAL OTOLOGICAL,,Ophthalmology / ENT,Ear Infection,therapeutic_class,0.8
cyclobenzaprine,PAIN ANALGESICS,Skeletal muscle relaxant- Centrally actin,Pain Management,Pain,therapeutic_class,0.8
cyclobenzaprine,PAIN ANALGESICS,Skeletal muscle relaxant- Centrally actin,Pain Management,Inflammation,therapeutic_class,0.8
cyclobenzaprine,PAIN ANALGESICS,Skeletal muscle relaxant- Centrally actin,Pain Management,Arthritis,therapeutic_class,0.8
cyclobenzaprine,PAIN ANALGESICS,Skeletal muscle relaxant- Centrally actin,Pain Management,Musculoskeletal Pain,therapeutic_class,0.8
clidinium,GASTRO INTESTINA,,Gastroenterology,Acid Reflux,therapeutic_class,0.8
clidinium,GASTRO INTESTINA,,Gastroenterology,GERD,therapeutic_class,0.8
clidinium,GASTRO INTESTINA,,Gastroenterology,Peptic Ulcer,therapeutic_class,0.8
clidinium,GASTRO INTESTINA,,Gastroenterology,Nausea,therapeutic_class,0.8
paradichlorobenzene,OTOLOGICAL,,ENT,Ear Infection,therapeutic_class,0.8
paradichlorobenzene,OTOLOGICAL,,ENT,Ear Pain,therapeutic_class,0.8
paradichlorobenzene,OTOLOGICAL,,ENT,Otitis,therapeutic_class,0.8
nizatidine,GASTRO INTESTINAL,H2 Receptor Blocke,Gastroenterology,Acid Reflux,therapeutic_class,0.8
nizatidine,GASTRO INTESTINAL,H2 Receptor Blocke,Gastroenterology,GERD,therapeutic_class,0.8
nizatidine,GASTRO INTESTINAL,H2 Receptor Blocke,Gastroenterology,Peptic Ulcer,therapeutic_class,0.8
nizatidine,GASTRO INTESTINAL,H2 Receptor Blocke,Gastroenterology,Gastritis,therapeutic_class,0.8
nizatidine,GASTRO INTESTINAL,H2 Receptor Blocke,Gastroenterology,Nausea,therapeutic_class,0.8
nizatidine,GASTRO INTESTINAL,H2 Receptor Blocke,Gastroenterology,Diarrhea,therapeutic_class,0.8
fluphenazine,NEURO CN,,Neurology / Psychiatry,Anxiety,therapeutic_class,0.8
fluphenazine,NEURO CN,,Neurology / Psychiatry,Depression,therapeutic_class,0.8
fluphenazine,NEURO CN,,Neurology / Psychiatry,Insomnia,therapeutic_class,0.8
fluphenazine,NEURO CN,,Neurology / Psychiatry,Vertigo,therapeutic_class,0.8
fluphenazine,NEURO CN,,Neurology / Psychiatry,Neuropathy,therapeutic_class,0.8
ebastine,RESPIRATORY,H1 Antihistaminics (second Generation,Respiratory,Asthma,therapeutic_class,0.8
ebastine,RESPIRATORY,H1 Antihistaminics (second Generation,Respiratory,Allergic Rhinitis,therapeutic_class,0.8
ebastine,RESPIRATORY,H1 Antihistaminics (second Generation,Respiratory,COPD,therapeutic_class,0.8
ebastine,RESPIRATORY,H1 Antihistaminics (second Generation,Respiratory,Cough,therapeutic_class,0.8
ebastine,RESPIRATORY,H1 Antihistaminics (second Generation,Respiratory,Common Cold,therapeutic_class,0.8
ebastine,RESPIRATORY,H1 Antihistaminics (second Generation,Respiratory,Bronchitis,therapeutic_class,0.8
cisplatin,ANTI NEOPLASTICS,Platinum compounds-Anticance,Oncology,Cancer,therapeutic_class,0.8
cisplatin,ANTI NEOPLASTICS,Platinum compounds-Anticance,Oncology,Malignant Tumor,therapeutic_class,0.8
cisplatin,ANTI NEOPLASTICS,Platinum compounds-Anticance,Oncology,Leukemia,therapeutic_class,0.8
l-alanyl-l-glutamine,NEURO CNS,Amino acid,Neurology / Psychiatry,Epilepsy,therapeutic_class,0.8
l-alanyl-l-glutamine,NEURO CNS,Amino acid,Neurology / Psychiatry,Anxiety,therapeutic_class,0.8
l-alanyl-l-glutamine,NEURO CNS,Amino acid,Neurology / Psychiatry,Depression,therapeutic_class,0.8
l-alanyl-l-glutamine,NEURO CNS,Amino acid,Neurology / Psychiatry,Insomnia,therapeutic_class,0.8
l-alanyl-l-glutamine,NEURO CNS,Amino acid,Neurology / Psychiatry,Seizure Disorder,therapeutic_class,0.8
l-alanyl-l-glutamine,NEURO CNS,Amino acid,Neurology / Psychiatry,Neuropathic Pain,therapeutic_class,0.8
clomiphene,GYNAECOLOGICA,,Gynecology,Vaginal Infection,therapeutic_class,0.8
clomiphene,GYNAECOLOGICA,,Gynecology,Hormonal Irregularity,therapeutic_class,0.8
calcium,VITAMINS MINERALS NUTRIENT,,Nutrition,Nutritional Deficiency,therapeutic_class,0.8
calcium,VITAMINS MINERALS NUTRIENT,,Nutrition,Vitamin Deficiency,therapeutic_class,0.8
calcium,VITAMINS MINERALS NUTRIENT,,Nutrition,Mineral Deficiency,therapeutic_class,0.8
oxaliplatin,ANTI NEOPLASTICS,Platinum compounds-Anticance,Oncology,Cancer,therapeutic_class,0.8
oxaliplatin,ANTI NEOPLASTICS,Platinum compounds-Anticance,Oncology,Malignant Tumor,therapeutic_class,0.8
oxaliplatin,ANTI NEOPLASTICS,Platinum compounds-Anticance,Oncology,Leukemia,therapeutic_class,0.8
zinc gluconate,VITAMINS MINERALS NUTRIENTS,Mineral,Nutrition,Nutritional Deficiency,therapeutic_class,0.8
zinc gluconate,VITAMINS MINERALS NUTRIENTS,Mineral,Nutrition,Vitamin Deficiency,therapeutic_class,0.8
ammonium chloride,RESPIRATOR,,Respiratory,Allergic Rhinitis,therapeutic_class,0.8
ammonium chloride,RESPIRATOR,,Respiratory,Cough,therapeutic_class,0.8
ammonium chloride,RESPIRATOR,,Respiratory,Common Cold,therapeutic_class,0.8
ammonium chloride,RESPIRATOR,,Respiratory,Nasal Congestion,therapeutic_class,0.8
ammonium chloride,RESPIRATOR,,Respiratory,Bronchitis,therapeutic_class,0.8
salmeterol,RESPIRATOR,,Respiratory,Allergic Rhinitis,therapeutic_class,0.8
salmeterol,RESPIRATOR,,Respiratory,Cough,therapeutic_class,0.8
salmeterol,RESPIRATOR,,Respiratory,Common Cold,therapeutic_class,0.8
salmeterol,RESPIRATOR,,Respiratory,Nasal Congestion,therapeutic_class,0.8
salmeterol,RESPIRATOR,,Respiratory,Bronchitis,therapeutic_class,0.8
pemetrexed,ANTI NEOPLASTICS,Antimetabolite,Oncology,Cancer,therapeutic_class,0.8
pemetrexed,ANTI NEOPLASTICS,Antimetabolite,Oncology,Malignant Tumor,therapeutic_class,0.8
pemetrexed,ANTI NEOPLASTICS,Antimetabolite,Oncology,Leukemia,therapeutic_class,0.8
rivaroxaban,BLOOD RELATED,Oral Factor Xa Inhibitor,Hematology,Anemia,therapeutic_class,0.8
rivaroxaban,BLOOD RELATED,Oral Factor Xa Inhibitor,Hematology,Thrombosis,therapeutic_class,0.8
rivaroxaban,BLOOD RELATED,Oral Factor Xa Inhibitor,Hematology,Blood Clotting Disorder,therapeutic_class,0.8
rivaroxaban,BLOOD RELATED,Oral Factor Xa Inhibitor,Hematology,Deep Vein Thrombosis,therapeutic_class,0.8
entecavir,ANTI INFECTIVES,Nucleoside/nucleotide reverse transcriptase inhibitors (NRTIs),Infectious Disease,Bacterial Infection,therapeutic_class,0.8
entecavir,ANTI INFECTIVES,Nucleoside/nucleotide reverse transcriptase inhibitors (NRTIs),Infectious Disease,Infection,therapeutic_class,0.8
entecavir,ANTI INFECTIVES,Nucleoside/nucleotide reverse transcriptase inhibitors (NRTIs),Infectious Disease,Sepsis,therapeutic_class,0.8
dehydroepiandrosterone,GYNAECOLOGICA,,Gynecology,Vaginal Infection,therapeutic_class,0.8
dehydroepiandrosterone,GYNAECOLOGICA,,Gynecology,Hormonal Irregularity,therapeutic_class,0.8
penicillamine,PAIN ANALGESICS,Disease Modifying Anti-Rheumatoid Drugs (DMARDs)- Non biologic,Pain Management,Pain,therapeutic_class,0.8
penicillamine,PAIN ANALGESICS,Disease Modifying Anti-Rheumatoid Drugs (DMARDs)- Non biologic,Pain Management,Inflammation,therapeutic_class,0.8
penicillamine,PAIN ANALGESICS,Disease Modifying Anti-Rheumatoid Drugs (DMARDs)- Non biologic,Pain Management,Arthritis,therapeutic_class,0.8
penicillamine,PAIN ANALGESICS,Disease Modifying Anti-Rheumatoid Drugs (DMARDs)- Non biologic,Pain Management,Musculoskeletal Pain,therapeutic_class,0.8
captopril,CARDIAC,Angiotensin-converting enzyme (ACE) inhibitor,Cardiovascular,Hypertension,therapeutic_class,0.8
captopril,CARDIAC,Angiotensin-converting enzyme (ACE) inhibitor,Cardiovascular,Heart Disease,therapeutic_class,0.8
captopril,CARDIAC,Angiotensin-converting enzyme (ACE) inhibitor,Cardiovascular,Angina,therapeutic_class,0.8
captopril,CARDIAC,Angiotensin-converting enzyme (ACE) inhibitor,Cardiovascular,Arrhythmia,therapeutic_class,0.8
captopril,CARDIAC,Angiotensin-converting enzyme (ACE) inhibitor,Cardiovascular,Heart Failure,therapeutic_class,0.8
captopril,CARDIAC,Angiotensin-converting enzyme (ACE) inhibitor,Cardiovascular,Hyperlipidemia,therapeutic_class,0.8
folic acid,VITAMINS MINERALS NUTRIENT,,Nutrition,Nutritional Deficiency,therapeutic_class,0.8
folic acid,VITAMINS MINERALS NUTRIENT,,Nutrition,Vitamin Deficiency,therapeutic_class,0.8
folic acid,VITAMINS MINERALS NUTRIENT,,Nutrition,Mineral Deficiency,therapeutic_class,0.8
interferon beta-1a,ANTI NEOPLASTICS,Interferon,Oncology,Cancer,therapeutic_class,0.8
interferon beta-1a,ANTI NEOPLASTICS,Interferon,Oncology,Malignant Tumor,therapeutic_class,0.8
interferon beta-1a,ANTI NEOPLASTICS,Interferon,Oncology,Leukemia,therapeutic_class,0.8
serratiopeptidase,PAIN ANALGESICS,Proteolytic Enzyme,Pain Management,Pain,therapeutic_class,0.8
serratiopeptidase,PAIN ANALGESICS,Proteolytic Enzyme,Pain Management,Inflammation,therapeutic_class,0.8
serratiopeptidase,PAIN ANALGESICS,Proteolytic Enzyme,Pain Management,Arthritis,therapeutic_class,0.8
serratiopeptidase,PAIN ANALGESICS,Proteolytic Enzyme,Pain Management,Musculoskeletal Pain,therapeutic_class,0.8
leuprolide,GYNAECOLOGICA,,Gynecology,Vaginal Infection,therapeutic_class,0.8
leuprolide,GYNAECOLOGICA,,Gynecology,Hormonal Irregularity,therapeutic_class,0.8
mupirocin,DERMA,Cell membrane active agen,Dermatology,Skin Infection,therapeutic_class,0.8
mupirocin,DERMA,Cell membrane active agen,Dermatology,Dermatitis,therapeutic_class,0.8
mupirocin,DERMA,Cell membrane active agen,Dermatology,Fungal Infection,therapeutic_class,0.8
mupirocin,DERMA,Cell membrane active agen,Dermatology,Acne,therapeutic_class,0.8
mupirocin,DERMA,Cell membrane active agen,Dermatology,Eczema,therapeutic_class,0.8
ranolazine,CARDIAC,Late Sodium channel blocker- angin,Cardiovascular,Hypertension,therapeutic_class,0.8
ranolazine,CARDIAC,Late Sodium channel blocker- angin,Cardiovascular,Heart Disease,therapeutic_class,0.8
ranolazine,CARDIAC,Late Sodium channel blocker- angin,Cardiovascular,Angina,therapeutic_class,0.8
ranolazine,CARDIAC,Late Sodium channel blocker- angin,Cardiovascular,Arrhythmia,therapeutic_class,0.8
ranolazine,CARDIAC,Late Sodium channel blocker- angin,Cardiovascular,Heart Failure,therapeutic_class,0.8
ranolazine,CARDIAC,Late Sodium channel blocker- angin,Cardiovascular,Hyperlipidemia,therapeutic_class,0.8
ticlopidine,BLOOD RELATED,P2Y12 inhibitors (ADP receptor,Hematology,Anemia,therapeutic_class,0.8
ticlopidine,BLOOD RELATED,P2Y12 inhibitors (ADP receptor,Hematology,Thrombosis,therapeutic_class,0.8
ticlopidine,BLOOD RELATED,P2Y12 inhibitors (ADP receptor,Hematology,Blood Clotting Disorder,therapeutic_class,0.8
ticlopidine,BLOOD RELATED,P2Y12 inhibitors (ADP receptor,Hematology,Deep Vein Thrombosis,therapeutic_class,0.8
famotidine,GASTRO INTESTINAL,H2 Receptor Blocke,Gastroenterology,Acid Reflux,therapeutic_class,0.8
famotidine,GASTRO INTESTINAL,H2 Receptor Blocke,Gastroenterology,GERD,therapeutic_class,0.8
famotidine,GASTRO INTESTINAL,H2 Receptor Blocke,Gastroenterology,Peptic Ulcer,therapeutic_class,0.8
famotidine,GASTRO INTESTINAL,H2 Receptor Blocke,Gastroenterology,Gastritis,therapeutic_class,0.8
famotidine,GASTRO INTESTINAL,H2 Receptor Blocke,Gastroenterology,Nausea,therapeutic_class,0.8
famotidine,GASTRO INTESTINAL,H2 Receptor Blocke,Gastroenterology,Diarrhea,therapeutic_class,0.8
quinapril,CARDIAC,Angiotensin-converting enzyme (ACE) inhibitor,Cardiovascular,Hypertension,therapeutic_class,0.8
quinapril,CARDIAC,Angiotensin-converting enzyme (ACE) inhibitor,Cardiovascular,Heart Disease,therapeutic_class,0.8
quinapril,CARDIAC,Angiotensin-converting enzyme (ACE) inhibitor,Cardiovascular,Angina,therapeutic_class,0.8
quinapril,CARDIAC,Angiotensin-converting enzyme (ACE) inhibitor,Cardiovascular,Arrhythmia,therapeutic_class,0.8
quinapril,CARDIAC,Angiotensin-converting enzyme (ACE) inhibitor,Cardiovascular,Heart Failure,therapeutic_class,0.8
quinapril,CARDIAC,Angiotensin-converting enzyme (ACE) inhibitor,Cardiovascular,Hyperlipidemia,therapeutic_class,0.8
valproic acid,NEURO CNS,Sodium channel modulators (AED,Neurology / Psychiatry,Epilepsy,therapeutic_class,0.8
valproic acid,NEURO CNS,Sodium channel modulators (AED,Neurology / Psychiatry,Anxiety,therapeutic_class,0.8
valproic acid,NEURO CNS,Sodium channel modulators (AED,Neurology / Psychiatry,Depression,therapeutic_class,0.8
valproic acid,NEURO CNS,Sodium channel modulators (AED,Neurology / Psychiatry,Insomnia,therapeutic_class,0.8
valproic acid,NEURO CNS,Sodium channel modulators (AED,Neurology / Psychiatry,Seizure Disorder,therapeutic_class,0.8
valproic acid,NEURO CNS,Sodium channel modulators (AED,Neurology / Psychiatry,Neuropathic Pain,therapeutic_class,0.8
roxithromycin,ANTI INFECTIVES,Macrolide,Infectious Disease,Bacterial Infection,therapeutic_class,0.8
roxithromycin,ANTI INFECTIVES,Macrolide,Infectious Disease,Infection,therapeutic_class,0.8
roxithromycin,ANTI INFECTIVES,Macrolide,Infectious Disease,Sepsis,therapeutic_class,0.8
famciclovir,ANTI INFECTIVES,Antiviral (Non-HIV) drug,Infectious Disease,Bacterial Infection,therapeutic_class,0.8
famciclovir,ANTI INFECTIVES,Antiviral (Non-HIV) drug,Infectious Disease,Infection,therapeutic_class,0.8
famciclovir,ANTI INFECTIVES,Antiviral (Non-HIV) drug,Infectious Disease,Sepsis,therapeutic_class,0.8
venlafaxine,NEURO CNS,Serotonin-norepinephrine reuptake inhibitors (SNRIs,Neurology / Psychiatry,Epilepsy,therapeutic_class,0.8
venlafaxine,NEURO CNS,Serotonin-norepinephrine reuptake inhibitors (SNRIs,Neurology / Psychiatry,Anxiety,therapeutic_class,0.8
venlafaxine,NEURO CNS,Serotonin-norepinephrine reuptake inhibitors (SNRIs,Neurology / Psychiatry,Depression,therapeutic_class,0.8
venlafaxine,NEURO CNS,Serotonin-norepinephrine reuptake inhibitors (SNRIs,Neurology / Psychiatry,Insomnia,therapeutic_class,0.8
venlafaxine,NEURO CNS,Serotonin-norepinephrine reuptake inhibitors (SNRIs,Neurology / Psychiatry,Seizure Disorder,therapeutic_class,0.8
venlafaxine,NEURO CNS,Serotonin-norepinephrine reuptake inhibitors (SNRIs,Neurology / Psychiatry,Neuropathic Pain,therapeutic_class,0.8
chloramphenicol,OPHTHA,,Ophthalmology,Eye Infection,therapeutic_class,0.8
chloramphenicol,OPHTHA,,Ophthalmology,Conjunctivitis,therapeutic_class,0.8
chloramphenicol,OPHTHA,,Ophthalmology,Dry Eye,therapeutic_class,0.8
divalproex,NEURO CNS,Sodium channel modulators (AED,Neurology / Psychiatry,Epilepsy,therapeutic_class,0.8
divalproex,NEURO CNS,Sodium channel modulators (AED,Neurology / Psychiatry,Anxiety,therapeutic_class,0.8
divalproex,NEURO CNS,Sodium channel modulators (AED,Neurology / Psychiatry,Depression,therapeutic_class,0.8
divalproex,NEURO CNS,Sodium channel modulators (AED,Neurology / Psychiatry,Insomnia,therapeutic_class,0.8
divalproex,NEURO CNS,Sodium channel modulators (AED,Neurology / Psychiatry,Seizure Disorder,therapeutic_class,0.8
divalproex,NEURO CNS,Sodium channel modulators (AED,Neurology / Psychiatry,Neuropathic Pain,therapeutic_class,0.8
astemizole,PAIN ANALGESICS,H1 Antihistaminics (second Generation,Pain Management,Pain,therapeutic_class,0.8
astemizole,PAIN ANALGESICS,H1 Antihistaminics (second Generation,Pain Management,Inflammation,therapeutic_class,0.8
astemizole,PAIN ANALGESICS,H1 Antihistaminics (second Generation,Pain Management,Arthritis,therapeutic_class,0.8
astemizole,PAIN ANALGESICS,H1 Antihistaminics (second Generation,Pain Management,Musculoskeletal Pain,therapeutic_class,0.8
paclitaxel,ANTI NEOPLASTICS,Antimicrotubule agents- Taxane,Oncology,Cancer,therapeutic_class,0.8
paclitaxel,ANTI NEOPLASTICS,Antimicrotubule agents- Taxane,Oncology,Malignant Tumor,therapeutic_class,0.8
paclitaxel,ANTI NEOPLASTICS,Antimicrotubule agents- Taxane,Oncology,Leukemia,therapeutic_class,0.8
carisoprodol,PAIN ANALGESICS,Skeletal muscle relaxant- Centrally actin,Pain Management,Pain,therapeutic_class,0.8
carisoprodol,PAIN ANALGESICS,Skeletal muscle relaxant- Centrally actin,Pain Management,Inflammation,therapeutic_class,0.8
carisoprodol,PAIN ANALGESICS,Skeletal muscle relaxant- Centrally actin,Pain Management,Arthritis,therapeutic_class,0.8
carisoprodol,PAIN ANALGESICS,Skeletal muscle relaxant- Centrally actin,Pain Management,Musculoskeletal Pain,therapeutic_class,0.8
desmopressin,HORMONES,Vasopressin analogue,Endocrinology,Hormonal Imbalance,therapeutic_class,0.8
desmopressin,HORMONES,Vasopressin analogue,Endocrinology,Hypothyroidism,therapeutic_class,0.8
desmopressin,HORMONES,Vasopressin analogue,Endocrinology,Adrenal Insufficiency,therapeutic_class,0.8
desmopressin,HORMONES,Vasopressin analogue,Endocrinology,Growth Disorder,therapeutic_class,0.8
atosiban,GYNAECOLOGICAL,Oxytocin Receptor Antagonis,Gynecology,Gynecological Infection,therapeutic_class,0.8
atosiban,GYNAECOLOGICAL,Oxytocin Receptor Antagonis,Gynecology,Hormonal Irregularity,therapeutic_class,0.8
atosiban,GYNAECOLOGICAL,Oxytocin Receptor Antagonis,Gynecology,PCOS,therapeutic_class,0.8
atosiban,GYNAECOLOGICAL,Oxytocin Receptor Antagonis,Gynecology,Menstrual Disorder,therapeutic_class,0.8
thalidomide,ANTI INFECTIVES,Thalidomide & its Immunomodulatory derivatives (IMiDs,Infectious Disease,Bacterial Infection,therapeutic_class,0.8
thalidomide,ANTI INFECTIVES,Thalidomide & its Immunomodulatory derivatives (IMiDs,Infectious Disease,Infection,therapeutic_class,0.8
thalidomide,ANTI INFECTIVES,Thalidomide & its Immunomodulatory derivatives (IMiDs,Infectious Disease,Sepsis,therapeutic_class,0.8
dapoxetine,SEX STIMULANTS REJUVENATORS,Selective Seretonin Reuptake inhibitors (SSRIs,Urology / Cardiology,Erectile Dysfunction,therapeutic_class,0.8
dapoxetine,SEX STIMULANTS REJUVENATORS,Selective Seretonin Reuptake inhibitors (SSRIs,Urology / Cardiology,Pulmonary Arterial Hypertension,therapeutic_class,0.8
chlorthalidone,CARDIAC,Low-ceiling Diuretics (Inhibitors of Na+Cl symport,Cardiovascular,Hypertension,therapeutic_class,0.8
chlorthalidone,CARDIAC,Low-ceiling Diuretics (Inhibitors of Na+Cl symport,Cardiovascular,Heart Disease,therapeutic_class,0.8
chlorthalidone,CARDIAC,Low-ceiling Diuretics (Inhibitors of Na+Cl symport,Cardiovascular,Angina,therapeutic_class,0.8
chlorthalidone,CARDIAC,Low-ceiling Diuretics (Inhibitors of Na+Cl symport,Cardiovascular,Arrhythmia,therapeutic_class,0.8
chlorthalidone,CARDIAC,Low-ceiling Diuretics (Inhibitors of Na+Cl symport,Cardiovascular,Heart Failure,therapeutic_class,0.8
chlorthalidone,CARDIAC,Low-ceiling Diuretics (Inhibitors of Na+Cl symport,Cardiovascular,Hyperlipidemia,therapeutic_class,0.8
clobetasone,DERMA,Glucocorticoid,Dermatology,Skin Infection,therapeutic_class,0.8
clobetasone,DERMA,Glucocorticoid,Dermatology,Dermatitis,therapeutic_class,0.8
clobetasone,DERMA,Glucocorticoid,Dermatology,Fungal Infection,therapeutic_class,0.8
clobetasone,DERMA,Glucocorticoid,Dermatology,Acne,therapeutic_class,0.8
clobetasone,DERMA,Glucocorticoid,Dermatology,Eczema,therapeutic_class,0.8
benzocaine,OTOLOGICAL,,ENT,Ear Infection,therapeutic_class,0.8
benzocaine,OTOLOGICAL,,ENT,Ear Pain,therapeutic_class,0.8
benzocaine,OTOLOGICAL,,ENT,Otitis,therapeutic_class,0.8
chlorpromazine,NEURO CNS,Typical Antipsychotic,Neurology / Psychiatry,Epilepsy,therapeutic_class,0.8
chlorpromazine,NEURO CNS,Typical Antipsychotic,Neurology / Psychiatry,Anxiety,therapeutic_class,0.8
chlorpromazine,NEURO CNS,Typical Antipsychotic,Neurology / Psychiatry,Depression,therapeutic_class,0.8
chlorpromazine,NEURO CNS,Typical Antipsychotic,Neurology / Psychiatry,Insomnia,therapeutic_class,0.8
chlorpromazine,NEURO CNS,Typical Antipsychotic,Neurology / Psychiatry,Seizure Disorder,therapeutic_class,0.8
chlorpromazine,NEURO CNS,Typical Antipsychotic,Neurology / Psychiatry,Neuropathic Pain,therapeutic_class,0.8
hydroxocobalamin,VITAMINS MINERALS NUTRIENT,,Nutrition,Nutritional Deficiency,therapeutic_class,0.8
hydroxocobalamin,VITAMINS MINERALS NUTRIENT,,Nutrition,Vitamin Deficiency,therapeutic_class,0.8
hydroxocobalamin,VITAMINS MINERALS NUTRIENT,,Nutrition,Mineral Deficiency,therapeutic_class,0.8
oxyphenonium,GASTRO INTESTINAL,Anticholinergic,Gastroenterology,Acid Reflux,therapeutic_class,0.8
oxyphenonium,GASTRO INTESTINAL,Anticholinergic,Gastroenterology,GERD,therapeutic_class,0.8
oxyphenonium,GASTRO INTESTINAL,Anticholinergic,Gastroenterology,Peptic Ulcer,therapeutic_class,0.8
oxyphenonium,GASTRO INTESTINAL,Anticholinergic,Gastroenterology,Gastritis,therapeutic_class,0.8
oxyphenonium,GASTRO INTESTINAL,Anticholinergic,Gastroenterology,Nausea,therapeutic_class,0.8
oxyphenonium,GASTRO INTESTINAL,Anticholinergic,Gastroenterology,Diarrhea,therapeutic_class,0.8
olmesartan medoxomil,CARDIAC,Angiotensin receptor blockers(ARB,Cardiovascular,Hypertension,therapeutic_class,0.8
olmesartan medoxomil,CARDIAC,Angiotensin receptor blockers(ARB,Cardiovascular,Heart Disease,therapeutic_class,0.8
olmesartan medoxomil,CARDIAC,Angiotensin receptor blockers(ARB,Cardiovascular,Angina,therapeutic_class,0.8
olmesartan medoxomil,CARDIAC,Angiotensin receptor blockers(ARB,Cardiovascular,Arrhythmia,therapeutic_class,0.8
olmesartan medoxomil,CARDIAC,Angiotensin receptor blockers(ARB,Cardiovascular,Heart Failure,therapeutic_class,0.8
olmesartan medoxomil,CARDIAC,Angiotensin receptor blockers(ARB,Cardiovascular,Hyperlipidemia,therapeutic_class,0.8
amrinone,CARDIAC,Phosphodiesterase-III inhibitors (HF,Cardiovascular,Hypertension,therapeutic_class,0.8
amrinone,CARDIAC,Phosphodiesterase-III inhibitors (HF,Cardiovascular,Heart Disease,therapeutic_class,0.8
amrinone,CARDIAC,Phosphodiesterase-III inhibitors (HF,Cardiovascular,Angina,therapeutic_class,0.8
amrinone,CARDIAC,Phosphodiesterase-III inhibitors (HF,Cardiovascular,Arrhythmia,therapeutic_class,0.8
amrinone,CARDIAC,Phosphodiesterase-III inhibitors (HF,Cardiovascular,Heart Failure,therapeutic_class,0.8
amrinone,CARDIAC,Phosphodiesterase-III inhibitors (HF,Cardiovascular,Hyperlipidemia,therapeutic_class,0.8
clindamycin+niacinamide,DERM,,Dermatology,Skin Infection,therapeutic_class,0.8
clindamycin+niacinamide,DERM,,Dermatology,Dermatitis,therapeutic_class,0.8
clindamycin+niacinamide,DERM,,Dermatology,Fungal Infection,therapeutic_class,0.8
clindamycin+niacinamide,DERM,,Dermatology,Eczema,therapeutic_class,0.8
clindamycin+niacinamide,DERM,,Dermatology,Psoriasis,therapeutic_class,0.8
citicoline,NEURO CNS,Nootropic agen,Neurology / Psychiatry,Epilepsy,therapeutic_class,0.8
citicoline,NEURO CNS,Nootropic agen,Neurology / Psychiatry,Anxiety,therapeutic_class,0.8
citicoline,NEURO CNS,Nootropic agen,Neurology / Psychiatry,Depression,therapeutic_class,0.8
citicoline,NEURO CNS,Nootropic agen,Neurology / Psychiatry,Insomnia,therapeutic_class,0.8
citicoline,NEURO CNS,Nootropic agen,Neurology / Psychiatry,Seizure Disorder,therapeutic_class,0.8
citicoline,NEURO CNS,Nootropic agen,Neurology / Psychiatry,Neuropathic Pain,therapeutic_class,0.8
nebivolol,CARDIAC,Beta blocker- Cardioselectiv,Cardiovascular,Hypertension,therapeutic_class,0.8
nebivolol,CARDIAC,Beta blocker- Cardioselectiv,Cardiovascular,Heart Disease,therapeutic_class,0.8
nebivolol,CARDIAC,Beta blocker- Cardioselectiv,Cardiovascular,Angina,therapeutic_class,0.8
nebivolol,CARDIAC,Beta blocker- Cardioselectiv,Cardiovascular,Arrhythmia,therapeutic_class,0.8
nebivolol,CARDIAC,Beta blocker- Cardioselectiv,Cardiovascular,Heart Failure,therapeutic_class,0.8
nebivolol,CARDIAC,Beta blocker- Cardioselectiv,Cardiovascular,Hyperlipidemia,therapeutic_class,0.8
teriflunomide,ANTI NEOPLASTIC,,Oncology,Cancer,therapeutic_class,0.8
teriflunomide,ANTI NEOPLASTIC,,Oncology,Prostate Cancer,therapeutic_class,0.8
teriflunomide,ANTI NEOPLASTIC,,Oncology,Breast Cancer,therapeutic_class,0.8
teriflunomide,ANTI NEOPLASTIC,,Oncology,Malignant Tumor,therapeutic_class,0.8
lansoprazole,GASTRO INTESTINAL,Proton pump inhibitor,Gastroenterology,Acid Reflux,therapeutic_class,0.8
lansoprazole,GASTRO INTESTINAL,Proton pump inhibitor,Gastroenterology,GERD,therapeutic_class,0.8
lansoprazole,GASTRO INTESTINAL,Proton pump inhibitor,Gastroenterology,Peptic Ulcer,therapeutic_class,0.8
lansoprazole,GASTRO INTESTINAL,Proton pump inhibitor,Gastroenterology,Gastritis,therapeutic_class,0.8
lansoprazole,GASTRO INTESTINAL,Proton pump inhibitor,Gastroenterology,Nausea,therapeutic_class,0.8
lansoprazole,GASTRO INTESTINAL,Proton pump inhibitor,Gastroenterology,Diarrhea,therapeutic_class,0.8
amifostine,BLOOD RELATED,Cytoprotective agents- Kidney & Salivary glan,Hematology,Anemia,therapeutic_class,0.8
amifostine,BLOOD RELATED,Cytoprotective agents- Kidney & Salivary glan,Hematology,Thrombosis,therapeutic_class,0.8
amifostine,BLOOD RELATED,Cytoprotective agents- Kidney & Salivary glan,Hematology,Blood Clotting Disorder,therapeutic_class,0.8
amifostine,BLOOD RELATED,Cytoprotective agents- Kidney & Salivary glan,Hematology,Deep Vein Thrombosis,therapeutic_class,0.8
fosaprepitant,GASTRO INTESTINAL,NK1 Antagonist,Gastroenterology,Acid Reflux,therapeutic_class,0.8
fosaprepitant,GASTRO INTESTINAL,NK1 Antagonist,Gastroenterology,GERD,therapeutic_class,0.8
fosaprepitant,GASTRO INTESTINAL,NK1 Antagonist,Gastroenterology,Peptic Ulcer,therapeutic_class,0.8
fosaprepitant,GASTRO INTESTINAL,NK1 Antagonist,Gastroenterology,Gastritis,therapeutic_class,0.8
fosaprepitant,GASTRO INTESTINAL,NK1 Antagonist,Gastroenterology,Nausea,therapeutic_class,0.8
fosaprepitant,GASTRO INTESTINAL,NK1 Antagonist,Gastroenterology,Diarrhea,therapeutic_class,0.8
irbesartan,CARDIAC,Angiotensin receptor blockers(ARB,Cardiovascular,Hypertension,therapeutic_class,0.8
irbesartan,CARDIAC,Angiotensin receptor blockers(ARB,Cardiovascular,Heart Disease,therapeutic_class,0.8
irbesartan,CARDIAC,Angiotensin receptor blockers(ARB,Cardiovascular,Angina,therapeutic_class,0.8
irbesartan,CARDIAC,Angiotensin receptor blockers(ARB,Cardiovascular,Arrhythmia,therapeutic_class,0.8
irbesartan,CARDIAC,Angiotensin receptor blockers(ARB,Cardiovascular,Heart Failure,therapeutic_class,0.8
irbesartan,CARDIAC,Angiotensin receptor blockers(ARB,Cardiovascular,Hyperlipidemia,therapeutic_class,0.8
mometasone+fusidic acid,DERM,,Dermatology,Skin Infection,therapeutic_class,0.8
mometasone+fusidic acid,DERM,,Dermatology,Dermatitis,therapeutic_class,0.8
mometasone+fusidic acid,DERM,,Dermatology,Fungal Infection,therapeutic_class,0.8
mometasone+fusidic acid,DERM,,Dermatology,Eczema,therapeutic_class,0.8
mometasone+fusidic acid,DERM,,Dermatology,Psoriasis,therapeutic_class,0.8
hydralazine,CARDIAC,Potassium channel opene,Cardiovascular,Hypertension,therapeutic_class,0.8
hydralazine,CARDIAC,Potassium channel opene,Cardiovascular,Heart Disease,therapeutic_class,0.8
hydralazine,CARDIAC,Potassium channel opene,Cardiovascular,Angina,therapeutic_class,0.8
hydralazine,CARDIAC,Potassium channel opene,Cardiovascular,Arrhythmia,therapeutic_class,0.8
hydralazine,CARDIAC,Potassium channel opene,Cardiovascular,Heart Failure,therapeutic_class,0.8
hydralazine,CARDIAC,Potassium channel opene,Cardiovascular,Hyperlipidemia,therapeutic_class,0.8
potassium nitrate+sodium monofluorophosphate,STOMATOLOGICAL,,Dentistry,Oral Ulcer,therapeutic_class,0.8
potassium nitrate+sodium monofluorophosphate,STOMATOLOGICAL,,Dentistry,Mouth Infection,therapeutic_class,0.8
iron hydroxide polymaltose,GYNAECOLOGICAL,Haemopoetic agent,Gynecology,Gynecological Infection,therapeutic_class,0.8
iron hydroxide polymaltose,GYNAECOLOGICAL,Haemopoetic agent,Gynecology,Hormonal Irregularity,therapeutic_class,0.8
iron hydroxide polymaltose,GYNAECOLOGICAL,Haemopoetic agent,Gynecology,PCOS,therapeutic_class,0.8
iron hydroxide polymaltose,GYNAECOLOGICAL,Haemopoetic agent,Gynecology,Menstrual Disorder,therapeutic_class,0.8
enoxaparin,BLOOD RELATED,Low molecular weight Heparin (LMWH,Hematology,Anemia,therapeutic_class,0.8
enoxaparin,BLOOD RELATED,Low molecular weight Heparin (LMWH,Hematology,Thrombosis,therapeutic_class,0.8
enoxaparin,BLOOD RELATED,Low molecular weight Heparin (LMWH,Hematology,Blood Clotting Disorder,therapeutic_class,0.8
enoxaparin,BLOOD RELATED,Low molecular weight Heparin (LMWH,Hematology,Deep Vein Thrombosis,therapeutic_class,0.8
iron sucrose,GYNAECOLOGICAL,Haemopoetic agent,Gynecology,Gynecological Infection,therapeutic_class,0.8
iron sucrose,GYNAECOLOGICAL,Haemopoetic agent,Gynecology,Hormonal Irregularity,therapeutic_class,0.8
iron sucrose,GYNAECOLOGICAL,Haemopoetic agent,Gynecology,PCOS,therapeutic_class,0.8
iron sucrose,GYNAECOLOGICAL,Haemopoetic agent,Gynecology,Menstrual Disorder,therapeutic_class,0.8
lenvatinib,ANTI NEOPLASTICS,Tyrosine kinase inhibitor,Oncology,Cancer,therapeutic_class,0.8
lenvatinib,ANTI NEOPLASTICS,Tyrosine kinase inhibitor,Oncology,Malignant Tumor,therapeutic_class,0.8
lenvatinib,ANTI NEOPLASTICS,Tyrosine kinase inhibitor,Oncology,Leukemia,therapeutic_class,0.8
calcium citrate,VITAMINS MINERALS NUTRIENT,,Nutrition,Nutritional Deficiency,therapeutic_class,0.8
calcium citrate,VITAMINS MINERALS NUTRIENT,,Nutrition,Vitamin Deficiency,therapeutic_class,0.8
calcium citrate,VITAMINS MINERALS NUTRIENT,,Nutrition,Mineral Deficiency,therapeutic_class,0.8
dextrose,BLOOD RELATE,,Hematology,Anemia,therapeutic_class,0.8
dextrose,BLOOD RELATE,,Hematology,Iron Deficiency,therapeutic_class,0.8
triamcinolone,DERMA,Glucocorticoid,Dermatology,Skin Infection,therapeutic_class,0.8
triamcinolone,DERMA,Glucocorticoid,Dermatology,Dermatitis,therapeutic_class,0.8
triamcinolone,DERMA,Glucocorticoid,Dermatology,Fungal Infection,therapeutic_class,0.8
triamcinolone,DERMA,Glucocorticoid,Dermatology,Acne,therapeutic_class,0.8
triamcinolone,DERMA,Glucocorticoid,Dermatology,Eczema,therapeutic_class,0.8
cefadroxil,ANTI INFECTIVE,,Infectious Disease,Bacterial Infection,therapeutic_class,0.8
cefadroxil,ANTI INFECTIVE,,Infectious Disease,Infection,therapeutic_class,0.8
codeine,RESPIRATOR,,Respiratory,Allergic Rhinitis,therapeutic_class,0.8
codeine,RESPIRATOR,,Respiratory,Cough,therapeutic_class,0.8
codeine,RESPIRATOR,,Respiratory,Common Cold,therapeutic_class,0.8
codeine,RESPIRATOR,,Respiratory,Nasal Congestion,therapeutic_class,0.8
codeine,RESPIRATOR,,Respiratory,Bronchitis,therapeutic_class,0.8
pentazocine,PAIN ANALGESICS,Opioid,Pain Management,Pain,therapeutic_class,0.8
pentazocine,PAIN ANALGESICS,Opioid,Pain Management,Inflammation,therapeutic_class,0.8
pentazocine,PAIN ANALGESICS,Opioid,Pain Management,Arthritis,therapeutic_class,0.8
pentazocine,PAIN ANALGESICS,Opioid,Pain Management,Musculoskeletal Pain,therapeutic_class,0.8
eflornithine,DERMA,Ornithine decarboxylase inhibitors- Facial hirsutis,Dermatology,Skin Infection,therapeutic_class,0.8
eflornithine,DERMA,Ornithine decarboxylase inhibitors- Facial hirsutis,Dermatology,Dermatitis,therapeutic_class,0.8
eflornithine,DERMA,Ornithine decarboxylase inhibitors- Facial hirsutis,Dermatology,Fungal Infection,therapeutic_class,0.8
eflornithine,DERMA,Ornithine decarboxylase inhibitors- Facial hirsutis,Dermatology,Acne,therapeutic_class,0.8
eflornithine,DERMA,Ornithine decarboxylase inhibitors- Facial hirsutis,Dermatology,Eczema,therapeutic_class,0.8
dexrabeprazole,GASTRO INTESTINAL,Proton pump inhibitor,Gastroenterology,Acid Reflux,therapeutic_class,0.8
dexrabeprazole,GASTRO INTESTINAL,Proton pump inhibitor,Gastroenterology,GERD,therapeutic_class,0.8
dexrabeprazole,GASTRO INTESTINAL,Proton pump inhibitor,Gastroenterology,Peptic Ulcer,therapeutic_class,0.8
dexrabeprazole,GASTRO INTESTINAL,Proton pump inhibitor,Gastroenterology,Gastritis,therapeutic_class,0.8
dexrabeprazole,GASTRO INTESTINAL,Proton pump inhibitor,Gastroenterology,Nausea,therapeutic_class,0.8
dexrabeprazole,GASTRO INTESTINAL,Proton pump inhibitor,Gastroenterology,Diarrhea,therapeutic_class,0.8
ephedrine,RESPIRATOR,,Respiratory,Allergic Rhinitis,therapeutic_class,0.8
ephedrine,RESPIRATOR,,Respiratory,Cough,therapeutic_class,0.8
ephedrine,RESPIRATOR,,Respiratory,Common Cold,therapeutic_class,0.8
ephedrine,RESPIRATOR,,Respiratory,Nasal Congestion,therapeutic_class,0.8
ephedrine,RESPIRATOR,,Respiratory,Bronchitis,therapeutic_class,0.8
benazepril,CARDIAC,Angiotensin-converting enzyme (ACE) inhibitor,Cardiovascular,Hypertension,therapeutic_class,0.8
benazepril,CARDIAC,Angiotensin-converting enzyme (ACE) inhibitor,Cardiovascular,Heart Disease,therapeutic_class,0.8
benazepril,CARDIAC,Angiotensin-converting enzyme (ACE) inhibitor,Cardiovascular,Angina,therapeutic_class,0.8
benazepril,CARDIAC,Angiotensin-converting enzyme (ACE) inhibitor,Cardiovascular,Arrhythmia,therapeutic_class,0.8
benazepril,CARDIAC,Angiotensin-converting enzyme (ACE) inhibitor,Cardiovascular,Heart Failure,therapeutic_class,0.8
benazepril,CARDIAC,Angiotensin-converting enzyme (ACE) inhibitor,Cardiovascular,Hyperlipidemia,therapeutic_class,0.8
triclosan,DERMA,Stomatologicals- Antimicrobial,Dermatology,Skin Infection,therapeutic_class,0.8
triclosan,DERMA,Stomatologicals- Antimicrobial,Dermatology,Dermatitis,therapeutic_class,0.8
triclosan,DERMA,Stomatologicals- Antimicrobial,Dermatology,Fungal Infection,therapeutic_class,0.8
triclosan,DERMA,Stomatologicals- Antimicrobial,Dermatology,Acne,therapeutic_class,0.8
triclosan,DERMA,Stomatologicals- Antimicrobial,Dermatology,Eczema,therapeutic_class,0.8
alpha-beta arteether,ANTI MALARIALS,Antimalarial- Artemisinin and derivative,Infectious Disease,Malaria,therapeutic_class,0.8
quetiapine,NEURO CN,,Neurology / Psychiatry,Anxiety,therapeutic_class,0.8
quetiapine,NEURO CN,,Neurology / Psychiatry,Depression,therapeutic_class,0.8
quetiapine,NEURO CN,,Neurology / Psychiatry,Insomnia,therapeutic_class,0.8
quetiapine,NEURO CN,,Neurology / Psychiatry,Vertigo,therapeutic_class,0.8
quetiapine,NEURO CN,,Neurology / Psychiatry,Neuropathy,therapeutic_class,0.8
sulfamethoxazole,ANTI INFECTIVE,,Infectious Disease,Bacterial Infection,therapeutic_class,0.8
sulfamethoxazole,ANTI INFECTIVE,,Infectious Disease,Infection,therapeutic_class,0.8
caspofungin,ANTI INFECTIVE,,Infectious Disease,Bacterial Infection,therapeutic_class,0.8
caspofungin,ANTI INFECTIVE,,Infectious Disease,Infection,therapeutic_class,0.8
flurbiprofen,OPHTHAL,NSAID,Ophthalmology,Eye Infection,therapeutic_class,0.8
flurbiprofen,OPHTHAL,NSAID,Ophthalmology,Glaucoma,therapeutic_class,0.8
flurbiprofen,OPHTHAL,NSAID,Ophthalmology,Conjunctivitis,therapeutic_class,0.8
flurbiprofen,OPHTHAL,NSAID,Ophthalmology,Dry Eye,therapeutic_class,0.8
lovastatin,CARDIAC,HMG CoA inhibitors (statins,Cardiovascular,Hypertension,therapeutic_class,0.8
lovastatin,CARDIAC,HMG CoA inhibitors (statins,Cardiovascular,Heart Disease,therapeutic_class,0.8
lovastatin,CARDIAC,HMG CoA inhibitors (statins,Cardiovascular,Angina,therapeutic_class,0.8
lovastatin,CARDIAC,HMG CoA inhibitors (statins,Cardiovascular,Arrhythmia,therapeutic_class,0.8
lovastatin,CARDIAC,HMG CoA inhibitors (statins,Cardiovascular,Heart Failure,therapeutic_class,0.8
lovastatin,CARDIAC,HMG CoA inhibitors (statins,Cardiovascular,Hyperlipidemia,therapeutic_class,0.8
bicalutamide,ANTI NEOPLASTIC,,Oncology,Cancer,therapeutic_class,0.8
bicalutamide,ANTI NEOPLASTIC,,Oncology,Prostate Cancer,therapeutic_class,0.8
bicalutamide,ANTI NEOPLASTIC,,Oncology,Breast Cancer,therapeutic_class,0.8
bicalutamide,ANTI NEOPLASTIC,,Oncology,Malignant Tumor,therapeutic_class,0.8
levosalbutamol+beclometasone,RESPIRATOR,,Respiratory,Allergic Rhinitis,therapeutic_class,0.8
levosalbutamol+beclometasone,RESPIRATOR,,Respiratory,Cough,therapeutic_class,0.8
levosalbutamol+beclometasone,RESPIRATOR,,Respiratory,Common Cold,therapeutic_class,0.8
levosalbutamol+beclometasone,RESPIRATOR,,Respiratory,Nasal Congestion,therapeutic_class,0.8
levosalbutamol+beclometasone,RESPIRATOR,,Respiratory,Bronchitis,therapeutic_class,0.8
terlipressin,HORMONES,Vasopressin analogue,Endocrinology,Hormonal Imbalance,therapeutic_class,0.8
terlipressin,HORMONES,Vasopressin analogue,Endocrinology,Hypothyroidism,therapeutic_class,0.8
terlipressin,HORMONES,Vasopressin analogue,Endocrinology,Adrenal Insufficiency,therapeutic_class,0.8
terlipressin,HORMONES,Vasopressin analogue,Endocrinology,Growth Disorder,therapeutic_class,0.8
nalidixic acid,GASTRO INTESTINAL,Quinolones/ Fluroquinolone,Gastroenterology,Acid Reflux,therapeutic_class,0.8
nalidixic acid,GASTRO INTESTINAL,Quinolones/ Fluroquinolone,Gastroenterology,GERD,therapeutic_class,0.8
nalidixic acid,GASTRO INTESTINAL,Quinolones/ Fluroquinolone,Gastroenterology,Peptic Ulcer,therapeutic_class,0.8
nalidixic acid,GASTRO INTESTINAL,Quinolones/ Fluroquinolone,Gastroenterology,Gastritis,therapeutic_class,0.8
nalidixic acid,GASTRO INTESTINAL,Quinolones/ Fluroquinolone,Gastroenterology,Nausea,therapeutic_class,0.8
nalidixic acid,GASTRO INTESTINAL,Quinolones/ Fluroquinolone,Gastroenterology,Diarrhea,therapeutic_class,0.8
choline,VITAMINS MINERALS NUTRIENT,,Nutrition,Nutritional Deficiency,therapeutic_class,0.8
choline,VITAMINS MINERALS NUTRIENT,,Nutrition,Vitamin Deficiency,therapeutic_class,0.8
choline,VITAMINS MINERALS NUTRIENT,,Nutrition,Mineral Deficiency,therapeutic_class,0.8
prasugrel,BLOOD RELATED,P2Y12 inhibitors (ADP receptor,Hematology,Anemia,therapeutic_class,0.8
prasugrel,BLOOD RELATED,P2Y12 inhibitors (ADP receptor,Hematology,Thrombosis,therapeutic_class,0.8
prasugrel,BLOOD RELATED,P2Y12 inhibitors (ADP receptor,Hematology,Blood Clotting Disorder,therapeutic_class,0.8
prasugrel,BLOOD RELATED,P2Y12 inhibitors (ADP receptor,Hematology,Deep Vein Thrombosis,therapeutic_class,0.8
modafinil,NEURO CN,,Neurology / Psychiatry,Anxiety,therapeutic_class,0.8
modafinil,NEURO CN,,Neurology / Psychiatry,Depression,therapeutic_class,0.8
modafinil,NEURO CN,,Neurology / Psychiatry,Insomnia,therapeutic_class,0.8
modafinil,NEURO CN,,Neurology / Psychiatry,Vertigo,therapeutic_class,0.8
modafinil,NEURO CN,,Neurology / Psychiatry,Neuropathy,therapeutic_class,0.8
mirtazapine,NEURO CNS,Noradrenergic and specific serotonergic antidepressants (NASSAs,Neurology / Psychiatry,Epilepsy,therapeutic_class,0.8
mirtazapine,NEURO CNS,Noradrenergic and specific serotonergic antidepressants (NASSAs,Neurology / Psychiatry,Anxiety,therapeutic_class,0.8
mirtazapine,NEURO CNS,Noradrenergic and specific serotonergic antidepressants (NASSAs,Neurology / Psychiatry,Depression,therapeutic_class,0.8
mirtazapine,NEURO CNS,Noradrenergic and specific serotonergic antidepressants (NASSAs,Neurology / Psychiatry,Insomnia,therapeutic_class,0.8
mirtazapine,NEURO CNS,Noradrenergic and specific serotonergic antidepressants (NASSAs,Neurology / Psychiatry,Seizure Disorder,therapeutic_class,0.8
mirtazapine,NEURO CNS,Noradrenergic and specific serotonergic antidepressants (NASSAs,Neurology / Psychiatry,Neuropathic Pain,therapeutic_class,0.8
rofecoxib,PAIN ANALGESICS,NSAID,Pain Management,Pain,therapeutic_class,0.8
rofecoxib,PAIN ANALGESICS,NSAID,Pain Management,Inflammation,therapeutic_class,0.8
rofecoxib,PAIN ANALGESICS,NSAID,Pain Management,Arthritis,therapeutic_class,0.8
rofecoxib,PAIN ANALGESICS,NSAID,Pain Management,Musculoskeletal Pain,therapeutic_class,0.8
carboplatin,ANTI NEOPLASTICS,Platinum compounds-Anticance,Oncology,Cancer,therapeutic_class,0.8
carboplatin,ANTI NEOPLASTICS,Platinum compounds-Anticance,Oncology,Malignant Tumor,therapeutic_class,0.8
carboplatin,ANTI NEOPLASTICS,Platinum compounds-Anticance,Oncology,Leukemia,therapeutic_class,0.8
quinine,ANTI MALARIALS,Antimalarial- other,Infectious Disease,Malaria,therapeutic_class,0.8
choline theophyllinate,RESPIRATOR,,Respiratory,Allergic Rhinitis,therapeutic_class,0.8
choline theophyllinate,RESPIRATOR,,Respiratory,Cough,therapeutic_class,0.8
choline theophyllinate,RESPIRATOR,,Respiratory,Common Cold,therapeutic_class,0.8
choline theophyllinate,RESPIRATOR,,Respiratory,Nasal Congestion,therapeutic_class,0.8
choline theophyllinate,RESPIRATOR,,Respiratory,Bronchitis,therapeutic_class,0.8
beta carotene,VITAMINS MINERALS NUTRIENT,,Nutrition,Nutritional Deficiency,therapeutic_class,0.8
beta carotene,VITAMINS MINERALS NUTRIENT,,Nutrition,Vitamin Deficiency,therapeutic_class,0.8
beta carotene,VITAMINS MINERALS NUTRIENT,,Nutrition,Mineral Deficiency,therapeutic_class,0.8
mebeverine,GASTRO INTESTINA,,Gastroenterology,Acid Reflux,therapeutic_class,0.8
mebeverine,GASTRO INTESTINA,,Gastroenterology,GERD,therapeutic_class,0.8
mebeverine,GASTRO INTESTINA,,Gastroenterology,Peptic Ulcer,therapeutic_class,0.8
mebeverine,GASTRO INTESTINA,,Gastroenterology,Nausea,therapeutic_class,0.8
polymyxin b,OPHTHAL OTOLOGICALS,Cell membrane active agen,Ophthalmology / ENT,Eye Infection,therapeutic_class,0.8
polymyxin b,OPHTHAL OTOLOGICALS,Cell membrane active agen,Ophthalmology / ENT,Ear Infection,therapeutic_class,0.8
polymyxin b,OPHTHAL OTOLOGICALS,Cell membrane active agen,Ophthalmology / ENT,Conjunctivitis,therapeutic_class,0.8
polymyxin b,OPHTHAL OTOLOGICALS,Cell membrane active agen,Ophthalmology / ENT,Otitis,therapeutic_class,0.8
buphenine,CARDIAC,Anticholinergic,Cardiovascular,Hypertension,therapeutic_class,0.8
buphenine,CARDIAC,Anticholinergic,Cardiovascular,Heart Disease,therapeutic_class,0.8
buphenine,CARDIAC,Anticholinergic,Cardiovascular,Angina,therapeutic_class,0.8
buphenine,CARDIAC,Anticholinergic,Cardiovascular,Arrhythmia,therapeutic_class,0.8
buphenine,CARDIAC,Anticholinergic,Cardiovascular,Heart Failure,therapeutic_class,0.8
buphenine,CARDIAC,Anticholinergic,Cardiovascular,Hyperlipidemia,therapeutic_class,0.8
olanzapine,NEURO CNS,Atypical Antipsychotic,Neurology / Psychiatry,Epilepsy,therapeutic_class,0.8
olanzapine,NEURO CNS,Atypical Antipsychotic,Neurology / Psychiatry,Anxiety,therapeutic_class,0.8
olanzapine,NEURO CNS,Atypical Antipsychotic,Neurology / Psychiatry,Depression,therapeutic_class,0.8
olanzapine,NEURO CNS,Atypical Antipsychotic,Neurology / Psychiatry,Insomnia,therapeutic_class,0.8
olanzapine,NEURO CNS,Atypical Antipsychotic,Neurology / Psychiatry,Seizure Disorder,therapeutic_class,0.8
olanzapine,NEURO CNS,Atypical Antipsychotic,Neurology / Psychiatry,Neuropathic Pain,therapeutic_class,0.8
etodolac,PAIN ANALGESIC,,Pain Management,Pain,therapeutic_class,0.8
etodolac,PAIN ANALGESIC,,Pain Management,Inflammation,therapeutic_class,0.8
etodolac,PAIN ANALGESIC,,Pain Management,Arthritis,therapeutic_class,0.8
etodolac,PAIN ANALGESIC,,Pain Management,Musculoskeletal Pain,therapeutic_class,0.8
monobenzone,DERMA,Anti Pigmentation & Skin lightening agen,Dermatology,Skin Infection,therapeutic_class,0.8
monobenzone,DERMA,Anti Pigmentation & Skin lightening agen,Dermatology,Dermatitis,therapeutic_class,0.8
monobenzone,DERMA,Anti Pigmentation & Skin lightening agen,Dermatology,Fungal Infection,therapeutic_class,0.8
monobenzone,DERMA,Anti Pigmentation & Skin lightening agen,Dermatology,Acne,therapeutic_class,0.8
monobenzone,DERMA,Anti Pigmentation & Skin lightening agen,Dermatology,Eczema,therapeutic_class,0.8
indomethacin,PAIN ANALGESICS,NSAID,Pain Management,Pain,therapeutic_class,0.8
indomethacin,PAIN ANALGESICS,NSAID,Pain Management,Inflammation,therapeutic_class,0.8
indomethacin,PAIN ANALGESICS,NSAID,Pain Management,Arthritis,therapeutic_class,0.8
indomethacin,PAIN ANALGESICS,NSAID,Pain Management,Musculoskeletal Pain,therapeutic_class,0.8
rosiglitazone,ANTI DIABETIC,Thiazolidinedione(PPAR gamma agonist,Endocrine / Metabolic,Diabetes Mellitus,therapeutic_class,0.8
rosiglitazone,ANTI DIABETIC,Thiazolidinedione(PPAR gamma agonist,Endocrine / Metabolic,Type 2 Diabetes,therapeutic_class,0.8
rosiglitazone,ANTI DIABETIC,Thiazolidinedione(PPAR gamma agonist,Endocrine / Metabolic,Hyperglycemia,therapeutic_class,0.8
rocuronium,PAIN ANALGESICS,Skeletal muscle relaxant- Peripherally actin,Pain Management,Pain,therapeutic_class,0.8
rocuronium,PAIN ANALGESICS,Skeletal muscle relaxant- Peripherally actin,Pain Management,Inflammation,therapeutic_class,0.8
rocuronium,PAIN ANALGESICS,Skeletal muscle relaxant- Peripherally actin,Pain Management,Arthritis,therapeutic_class,0.8
rocuronium,PAIN ANALGESICS,Skeletal muscle relaxant- Peripherally actin,Pain Management,Musculoskeletal Pain,therapeutic_class,0.8
potassium nitrate,STOMATOLOGICAL,,Dentistry,Oral Ulcer,therapeutic_class,0.8
potassium nitrate,STOMATOLOGICAL,,Dentistry,Mouth Infection,therapeutic_class,0.8
filgrastim,ANTI NEOPLASTICS,Granulocyte-colony stimulating factor (G-CSF,Oncology,Cancer,therapeutic_class,0.8
filgrastim,ANTI NEOPLASTICS,Granulocyte-colony stimulating factor (G-CSF,Oncology,Malignant Tumor,therapeutic_class,0.8
filgrastim,ANTI NEOPLASTICS,Granulocyte-colony stimulating factor (G-CSF,Oncology,Leukemia,therapeutic_class,0.8
minocycline,ANTI INFECTIVE,,Infectious Disease,Bacterial Infection,therapeutic_class,0.8
minocycline,ANTI INFECTIVE,,Infectious Disease,Infection,therapeutic_class,0.8
cefotaxime,ANTI INFECTIVES,Cephalosporins   3 generatio,Infectious Disease,Bacterial Infection,therapeutic_class,0.8
cefotaxime,ANTI INFECTIVES,Cephalosporins   3 generatio,Infectious Disease,Infection,therapeutic_class,0.8
cefotaxime,ANTI INFECTIVES,Cephalosporins   3 generatio,Infectious Disease,Sepsis,therapeutic_class,0.8
dolutegravir,ANTI INFECTIVE,,Infectious Disease,Bacterial Infection,therapeutic_class,0.8
dolutegravir,ANTI INFECTIVE,,Infectious Disease,Infection,therapeutic_class,0.8
sertaconazole,DERMA,Fungal ergosterol synthesis inhibito,Dermatology,Skin Infection,therapeutic_class,0.8
sertaconazole,DERMA,Fungal ergosterol synthesis inhibito,Dermatology,Dermatitis,therapeutic_class,0.8
sertaconazole,DERMA,Fungal ergosterol synthesis inhibito,Dermatology,Fungal Infection,therapeutic_class,0.8
sertaconazole,DERMA,Fungal ergosterol synthesis inhibito,Dermatology,Acne,therapeutic_class,0.8
sertaconazole,DERMA,Fungal ergosterol synthesis inhibito,Dermatology,Eczema,therapeutic_class,0.8
tetanus toxoid,VACCINE,,Preventive Medicine,Vaccination / Immunization,therapeutic_class,0.8
meloxicam,PAIN ANALGESICS,NSAID,Pain Management,Pain,therapeutic_class,0.8
meloxicam,PAIN ANALGESICS,NSAID,Pain Management,Inflammation,therapeutic_class,0.8
meloxicam,PAIN ANALGESICS,NSAID,Pain Management,Arthritis,therapeutic_class,0.8
meloxicam,PAIN ANALGESICS,NSAID,Pain Management,Musculoskeletal Pain,therapeutic_class,0.8
trastuzumab,ANTI NEOPLASTICS,HER2/neu (ErbB2) Inhibitor- Monoclonal antibod,Oncology,Cancer,therapeutic_class,0.8
trastuzumab,ANTI NEOPLASTICS,HER2/neu (ErbB2) Inhibitor- Monoclonal antibod,Oncology,Malignant Tumor,therapeutic_class,0.8
trastuzumab,ANTI NEOPLASTICS,HER2/neu (ErbB2) Inhibitor- Monoclonal antibod,Oncology,Leukemia,therapeutic_class,0.8
bleomycin,ANTI NEOPLASTICS,Alkaloids-cytotoxic agent,Oncology,Cancer,therapeutic_class,0.8
bleomycin,ANTI NEOPLASTICS,Alkaloids-cytotoxic agent,Oncology,Malignant Tumor,therapeutic_class,0.8
bleomycin,ANTI NEOPLASTICS,Alkaloids-cytotoxic agent,Oncology,Leukemia,therapeutic_class,0.8
avelumab,ANTI NEOPLASTICS,Anticancer-other,Oncology,Cancer,therapeutic_class,0.8
avelumab,ANTI NEOPLASTICS,Anticancer-other,Oncology,Malignant Tumor,therapeutic_class,0.8
avelumab,ANTI NEOPLASTICS,Anticancer-other,Oncology,Leukemia,therapeutic_class,0.8
budesonide,RESPIRATORY,Inhalational Corticosteriod,Respiratory,Asthma,therapeutic_class,0.8
budesonide,RESPIRATORY,Inhalational Corticosteriod,Respiratory,Allergic Rhinitis,therapeutic_class,0.8
budesonide,RESPIRATORY,Inhalational Corticosteriod,Respiratory,COPD,therapeutic_class,0.8
budesonide,RESPIRATORY,Inhalational Corticosteriod,Respiratory,Cough,therapeutic_class,0.8
budesonide,RESPIRATORY,Inhalational Corticosteriod,Respiratory,Common Cold,therapeutic_class,0.8
budesonide,RESPIRATORY,Inhalational Corticosteriod,Respiratory,Bronchitis,therapeutic_class,0.8
saroglitazar,ANTI DIABETIC,PPAR alpha / gamma agonis,Endocrine / Metabolic,Diabetes Mellitus,therapeutic_class,0.8
saroglitazar,ANTI DIABETIC,PPAR alpha / gamma agonis,Endocrine / Metabolic,Type 2 Diabetes,therapeutic_class,0.8
saroglitazar,ANTI DIABETIC,PPAR alpha / gamma agonis,Endocrine / Metabolic,Hyperglycemia,therapeutic_class,0.8
hyoscine butylbromide,GASTRO INTESTINAL,Anticholinergic,Gastroenterology,Acid Reflux,therapeutic_class,0.8
hyoscine butylbromide,GASTRO INTESTINAL,Anticholinergic,Gastroenterology,GERD,therapeutic_class,0.8
hyoscine butylbromide,GASTRO INTESTINAL,Anticholinergic,Gastroenterology,Peptic Ulcer,therapeutic_class,0.8
hyoscine butylbromide,GASTRO INTESTINAL,Anticholinergic,Gastroenterology,Gastritis,therapeutic_class,0.8
hyoscine butylbromide,GASTRO INTESTINAL,Anticholinergic,Gastroenterology,Nausea,therapeutic_class,0.8
hyoscine butylbromide,GASTRO INTESTINAL,Anticholinergic,Gastroenterology,Diarrhea,therapeutic_class,0.8
baclofen,PAIN ANALGESICS,Skeletal muscle relaxant- Centrally actin,Pain Management,Pain,therapeutic_class,0.8
baclofen,PAIN ANALGESICS,Skeletal muscle relaxant- Centrally actin,Pain Management,Inflammation,therapeutic_class,0.8
baclofen,PAIN ANALGESICS,Skeletal muscle relaxant- Centrally actin,Pain Management,Arthritis,therapeutic_class,0.8
baclofen,PAIN ANALGESICS,Skeletal muscle relaxant- Centrally actin,Pain Management,Musculoskeletal Pain,therapeutic_class,0.8
hemocoagulase,BLOOD RELATED,Haemostatic agen,Hematology,Anemia,therapeutic_class,0.8
hemocoagulase,BLOOD RELATED,Haemostatic agen,Hematology,Thrombosis,therapeutic_class,0.8
hemocoagulase,BLOOD RELATED,Haemostatic agen,Hematology,Blood Clotting Disorder,therapeutic_class,0.8
hemocoagulase,BLOOD RELATED,Haemostatic agen,Hematology,Deep Vein Thrombosis,therapeutic_class,0.8
brivaracetam,NEURO CNS,Synaptic vescicle 2 A protein ligand (AED,Neurology / Psychiatry,Epilepsy,therapeutic_class,0.8
brivaracetam,NEURO CNS,Synaptic vescicle 2 A protein ligand (AED,Neurology / Psychiatry,Anxiety,therapeutic_class,0.8
brivaracetam,NEURO CNS,Synaptic vescicle 2 A protein ligand (AED,Neurology / Psychiatry,Depression,therapeutic_class,0.8
brivaracetam,NEURO CNS,Synaptic vescicle 2 A protein ligand (AED,Neurology / Psychiatry,Insomnia,therapeutic_class,0.8
brivaracetam,NEURO CNS,Synaptic vescicle 2 A protein ligand (AED,Neurology / Psychiatry,Seizure Disorder,therapeutic_class,0.8
brivaracetam,NEURO CNS,Synaptic vescicle 2 A protein ligand (AED,Neurology / Psychiatry,Neuropathic Pain,therapeutic_class,0.8
vitamin b6,VITAMINS MINERALS NUTRIENTS,Vitamin,Nutrition,Nutritional Deficiency,therapeutic_class,0.8
vitamin b6,VITAMINS MINERALS NUTRIENTS,Vitamin,Nutrition,Vitamin Deficiency,therapeutic_class,0.8
benzonatate,RESPIRATORY,Cough suppressant,Respiratory,Asthma,therapeutic_class,0.8
benzonatate,RESPIRATORY,Cough suppressant,Respiratory,Allergic Rhinitis,therapeutic_class,0.8
benzonatate,RESPIRATORY,Cough suppressant,Respiratory,COPD,therapeutic_class,0.8
benzonatate,RESPIRATORY,Cough suppressant,Respiratory,Cough,therapeutic_class,0.8
benzonatate,RESPIRATORY,Cough suppressant,Respiratory,Common Cold,therapeutic_class,0.8
benzonatate,RESPIRATORY,Cough suppressant,Respiratory,Bronchitis,therapeutic_class,0.8
insulin glargine,ANTI DIABETIC,Insulin analogues- long actin,Endocrine / Metabolic,Diabetes Mellitus,therapeutic_class,0.8
insulin glargine,ANTI DIABETIC,Insulin analogues- long actin,Endocrine / Metabolic,Type 2 Diabetes,therapeutic_class,0.8
insulin glargine,ANTI DIABETIC,Insulin analogues- long actin,Endocrine / Metabolic,Hyperglycemia,therapeutic_class,0.8
human normal immunoglobulin,VACCINE,,Preventive Medicine,Vaccination / Immunization,therapeutic_class,0.8
bethanechol,UROLOGY,Cholinomimetic Ester,Urology,Benign Prostatic Hyperplasia,therapeutic_class,0.8
bethanechol,UROLOGY,Cholinomimetic Ester,Urology,Urinary Tract Disorder,therapeutic_class,0.8
buspirone,NEURO CNS,5-HT1A receptors partial agonis,Neurology / Psychiatry,Epilepsy,therapeutic_class,0.8
buspirone,NEURO CNS,5-HT1A receptors partial agonis,Neurology / Psychiatry,Anxiety,therapeutic_class,0.8
buspirone,NEURO CNS,5-HT1A receptors partial agonis,Neurology / Psychiatry,Depression,therapeutic_class,0.8
buspirone,NEURO CNS,5-HT1A receptors partial agonis,Neurology / Psychiatry,Insomnia,therapeutic_class,0.8
buspirone,NEURO CNS,5-HT1A receptors partial agonis,Neurology / Psychiatry,Seizure Disorder,therapeutic_class,0.8
buspirone,NEURO CNS,5-HT1A receptors partial agonis,Neurology / Psychiatry,Neuropathic Pain,therapeutic_class,0.8
pyridoxine hydrochloride,VITAMINS MINERALS NUTRIENT,,Nutrition,Nutritional Deficiency,therapeutic_class,0.8
pyridoxine hydrochloride,VITAMINS MINERALS NUTRIENT,,Nutrition,Vitamin Deficiency,therapeutic_class,0.8
pyridoxine hydrochloride,VITAMINS MINERALS NUTRIENT,,Nutrition,Mineral Deficiency,therapeutic_class,0.8
trimethoprim,ANTI INFECTIVES,Sulphonamide,Infectious Disease,Bacterial Infection,therapeutic_class,0.8
trimethoprim,ANTI INFECTIVES,Sulphonamide,Infectious Disease,Infection,therapeutic_class,0.8
trimethoprim,ANTI INFECTIVES,Sulphonamide,Infectious Disease,Sepsis,therapeutic_class,0.8
fusidic acid,DERMA,Protein synthesis inhibitor,Dermatology,Skin Infection,therapeutic_class,0.8
fusidic acid,DERMA,Protein synthesis inhibitor,Dermatology,Dermatitis,therapeutic_class,0.8
fusidic acid,DERMA,Protein synthesis inhibitor,Dermatology,Fungal Infection,therapeutic_class,0.8
fusidic acid,DERMA,Protein synthesis inhibitor,Dermatology,Acne,therapeutic_class,0.8
fusidic acid,DERMA,Protein synthesis inhibitor,Dermatology,Eczema,therapeutic_class,0.8
bosentan,CARDIAC,Endothelin receptor blocke,Cardiovascular,Hypertension,therapeutic_class,0.8
bosentan,CARDIAC,Endothelin receptor blocke,Cardiovascular,Heart Disease,therapeutic_class,0.8
bosentan,CARDIAC,Endothelin receptor blocke,Cardiovascular,Angina,therapeutic_class,0.8
bosentan,CARDIAC,Endothelin receptor blocke,Cardiovascular,Arrhythmia,therapeutic_class,0.8
bosentan,CARDIAC,Endothelin receptor blocke,Cardiovascular,Heart Failure,therapeutic_class,0.8
bosentan,CARDIAC,Endothelin receptor blocke,Cardiovascular,Hyperlipidemia,therapeutic_class,0.8
tannic acid,STOMATOLOGICAL,,Dentistry,Oral Ulcer,therapeutic_class,0.8
tannic acid,STOMATOLOGICAL,,Dentistry,Mouth Infection,therapeutic_class,0.8
ivabradine,CARDIAC,I F sodium channel (sinoatrial node) current blocker,Cardiovascular,Hypertension,therapeutic_class,0.8
ivabradine,CARDIAC,I F sodium channel (sinoatrial node) current blocker,Cardiovascular,Heart Disease,therapeutic_class,0.8
ivabradine,CARDIAC,I F sodium channel (sinoatrial node) current blocker,Cardiovascular,Angina,therapeutic_class,0.8
ivabradine,CARDIAC,I F sodium channel (sinoatrial node) current blocker,Cardiovascular,Arrhythmia,therapeutic_class,0.8
ivabradine,CARDIAC,I F sodium channel (sinoatrial node) current blocker,Cardiovascular,Heart Failure,therapeutic_class,0.8
ivabradine,CARDIAC,I F sodium channel (sinoatrial node) current blocker,Cardiovascular,Hyperlipidemia,therapeutic_class,0.8
glycopyrrolate+formoterol+budesonide,RESPIRATOR,,Respiratory,Allergic Rhinitis,therapeutic_class,0.8
glycopyrrolate+formoterol+budesonide,RESPIRATOR,,Respiratory,Cough,therapeutic_class,0.8
glycopyrrolate+formoterol+budesonide,RESPIRATOR,,Respiratory,Common Cold,therapeutic_class,0.8
glycopyrrolate+formoterol+budesonide,RESPIRATOR,,Respiratory,Nasal Congestion,therapeutic_class,0.8
glycopyrrolate+formoterol+budesonide,RESPIRATOR,,Respiratory,Bronchitis,therapeutic_class,0.8
bimatoprost,OPHTHAL,PG F2 Alpha analogu,Ophthalmology,Eye Infection,therapeutic_class,0.8
bimatoprost,OPHTHAL,PG F2 Alpha analogu,Ophthalmology,Glaucoma,therapeutic_class,0.8
bimatoprost,OPHTHAL,PG F2 Alpha analogu,Ophthalmology,Conjunctivitis,therapeutic_class,0.8
bimatoprost,OPHTHAL,PG F2 Alpha analogu,Ophthalmology,Dry Eye,therapeutic_class,0.8
colloidal bismuth subcitrate,GASTRO INTESTINA,,Gastroenterology,Acid Reflux,therapeutic_class,0.8
colloidal bismuth subcitrate,GASTRO INTESTINA,,Gastroenterology,GERD,therapeutic_class,0.8
colloidal bismuth subcitrate,GASTRO INTESTINA,,Gastroenterology,Peptic Ulcer,therapeutic_class,0.8
colloidal bismuth subcitrate,GASTRO INTESTINA,,Gastroenterology,Nausea,therapeutic_class,0.8
butorphanol,PAIN ANALGESICS,Opioid,Pain Management,Pain,therapeutic_class,0.8
butorphanol,PAIN ANALGESICS,Opioid,Pain Management,Inflammation,therapeutic_class,0.8
butorphanol,PAIN ANALGESICS,Opioid,Pain Management,Arthritis,therapeutic_class,0.8
butorphanol,PAIN ANALGESICS,Opioid,Pain Management,Musculoskeletal Pain,therapeutic_class,0.8
menthol,RESPIRATOR,,Respiratory,Allergic Rhinitis,therapeutic_class,0.8
menthol,RESPIRATOR,,Respiratory,Cough,therapeutic_class,0.8
menthol,RESPIRATOR,,Respiratory,Common Cold,therapeutic_class,0.8
menthol,RESPIRATOR,,Respiratory,Nasal Congestion,therapeutic_class,0.8
menthol,RESPIRATOR,,Respiratory,Bronchitis,therapeutic_class,0.8
vitamin b,VITAMINS MINERALS NUTRIENTS,Vitamin,Nutrition,Nutritional Deficiency,therapeutic_class,0.8
vitamin b,VITAMINS MINERALS NUTRIENTS,Vitamin,Nutrition,Vitamin Deficiency,therapeutic_class,0.8
cyanocobalamin,VITAMINS MINERALS NUTRIENTS,Vitamin,Nutrition,Nutritional Deficiency,therapeutic_class,0.8
cyanocobalamin,VITAMINS MINERALS NUTRIENTS,Vitamin,Nutrition,Vitamin Deficiency,therapeutic_class,0.8
bromocriptine,NEURO CNS,Dopamine agonists-Hyperprolactinemi,Neurology / Psychiatry,Epilepsy,therapeutic_class,0.8
bromocriptine,NEURO CNS,Dopamine agonists-Hyperprolactinemi,Neurology / Psychiatry,Anxiety,therapeutic_class,0.8
bromocriptine,NEURO CNS,Dopamine agonists-Hyperprolactinemi,Neurology / Psychiatry,Depression,therapeutic_class,0.8
bromocriptine,NEURO CNS,Dopamine agonists-Hyperprolactinemi,Neurology / Psychiatry,Insomnia,therapeutic_class,0.8
bromocriptine,NEURO CNS,Dopamine agonists-Hyperprolactinemi,Neurology / Psychiatry,Seizure Disorder,therapeutic_class,0.8
bromocriptine,NEURO CNS,Dopamine agonists-Hyperprolactinemi,Neurology / Psychiatry,Neuropathic Pain,therapeutic_class,0.8
human rabies immunoglobulin,VACCINE,,Preventive Medicine,Vaccination / Immunization,therapeutic_class,0.8
hepatitis b vaccine,VACCINE,,Preventive Medicine,Vaccination / Immunization,therapeutic_class,0.8
ibandronic acid,PAIN ANALGESICS,Bone resorption inhibitor -Bisphosphonate,Pain Management,Pain,therapeutic_class,0.8
ibandronic acid,PAIN ANALGESICS,Bone resorption inhibitor -Bisphosphonate,Pain Management,Inflammation,therapeutic_class,0.8
ibandronic acid,PAIN ANALGESICS,Bone resorption inhibitor -Bisphosphonate,Pain Management,Arthritis,therapeutic_class,0.8
ibandronic acid,PAIN ANALGESICS,Bone resorption inhibitor -Bisphosphonate,Pain Management,Musculoskeletal Pain,therapeutic_class,0.8
balofloxacin,ANTI INFECTIVES,Quinolones/ Fluroquinolone,Infectious Disease,Bacterial Infection,therapeutic_class,0.8
balofloxacin,ANTI INFECTIVES,Quinolones/ Fluroquinolone,Infectious Disease,Infection,therapeutic_class,0.8
balofloxacin,ANTI INFECTIVES,Quinolones/ Fluroquinolone,Infectious Disease,Sepsis,therapeutic_class,0.8
zinc oxide,DERM,,Dermatology,Skin Infection,therapeutic_class,0.8
zinc oxide,DERM,,Dermatology,Dermatitis,therapeutic_class,0.8
zinc oxide,DERM,,Dermatology,Fungal Infection,therapeutic_class,0.8
zinc oxide,DERM,,Dermatology,Eczema,therapeutic_class,0.8
zinc oxide,DERM,,Dermatology,Psoriasis,therapeutic_class,0.8
bisacodyl,GASTRO INTESTINAL,Stimulant laxatives/purgativ,Gastroenterology,Acid Reflux,therapeutic_class,0.8
bisacodyl,GASTRO INTESTINAL,Stimulant laxatives/purgativ,Gastroenterology,GERD,therapeutic_class,0.8
bisacodyl,GASTRO INTESTINAL,Stimulant laxatives/purgativ,Gastroenterology,Peptic Ulcer,therapeutic_class,0.8
bisacodyl,GASTRO INTESTINAL,Stimulant laxatives/purgativ,Gastroenterology,Gastritis,therapeutic_class,0.8
bisacodyl,GASTRO INTESTINAL,Stimulant laxatives/purgativ,Gastroenterology,Nausea,therapeutic_class,0.8
bisacodyl,GASTRO INTESTINAL,Stimulant laxatives/purgativ,Gastroenterology,Diarrhea,therapeutic_class,0.8
bortezomib,ANTI NEOPLASTICS,Proteasome inhibito,Oncology,Cancer,therapeutic_class,0.8
bortezomib,ANTI NEOPLASTICS,Proteasome inhibito,Oncology,Malignant Tumor,therapeutic_class,0.8
bortezomib,ANTI NEOPLASTICS,Proteasome inhibito,Oncology,Leukemia,therapeutic_class,0.8
olaparib,ANTI NEOPLASTIC,,Oncology,Cancer,therapeutic_class,0.8
olaparib,ANTI NEOPLASTIC,,Oncology,Prostate Cancer,therapeutic_class,0.8
olaparib,ANTI NEOPLASTIC,,Oncology,Breast Cancer,therapeutic_class,0.8
olaparib,ANTI NEOPLASTIC,,Oncology,Malignant Tumor,therapeutic_class,0.8
vitamin b12,VITAMINS MINERALS NUTRIENTS,Vitamin,Nutrition,Nutritional Deficiency,therapeutic_class,0.8
vitamin b12,VITAMINS MINERALS NUTRIENTS,Vitamin,Nutrition,Vitamin Deficiency,therapeutic_class,0.8
eicosapentaenoic acid,VITAMINS MINERALS NUTRIENT,,Nutrition,Nutritional Deficiency,therapeutic_class,0.8
eicosapentaenoic acid,VITAMINS MINERALS NUTRIENT,,Nutrition,Vitamin Deficiency,therapeutic_class,0.8
eicosapentaenoic acid,VITAMINS MINERALS NUTRIENT,,Nutrition,Mineral Deficiency,therapeutic_class,0.8
dimethicone,GASTRO INTESTINAL,Anti-foaming agen,Gastroenterology,Acid Reflux,therapeutic_class,0.8
dimethicone,GASTRO INTESTINAL,Anti-foaming agen,Gastroenterology,GERD,therapeutic_class,0.8
dimethicone,GASTRO INTESTINAL,Anti-foaming agen,Gastroenterology,Peptic Ulcer,therapeutic_class,0.8
dimethicone,GASTRO INTESTINAL,Anti-foaming agen,Gastroenterology,Gastritis,therapeutic_class,0.8
dimethicone,GASTRO INTESTINAL,Anti-foaming agen,Gastroenterology,Nausea,therapeutic_class,0.8
dimethicone,GASTRO INTESTINAL,Anti-foaming agen,Gastroenterology,Diarrhea,therapeutic_class,0.8
prazosin,CARDIAC,Adrenergic receptor (alpha) antagonist- selectiv,Cardiovascular,Hypertension,therapeutic_class,0.8
prazosin,CARDIAC,Adrenergic receptor (alpha) antagonist- selectiv,Cardiovascular,Heart Disease,therapeutic_class,0.8
prazosin,CARDIAC,Adrenergic receptor (alpha) antagonist- selectiv,Cardiovascular,Angina,therapeutic_class,0.8
prazosin,CARDIAC,Adrenergic receptor (alpha) antagonist- selectiv,Cardiovascular,Arrhythmia,therapeutic_class,0.8
prazosin,CARDIAC,Adrenergic receptor (alpha) antagonist- selectiv,Cardiovascular,Heart Failure,therapeutic_class,0.8
prazosin,CARDIAC,Adrenergic receptor (alpha) antagonist- selectiv,Cardiovascular,Hyperlipidemia,therapeutic_class,0.8
probenecid,PAIN ANALGESICS,Uricosuric agent-gou,Pain Management,Pain,therapeutic_class,0.8
probenecid,PAIN ANALGESICS,Uricosuric agent-gou,Pain Management,Inflammation,therapeutic_class,0.8
probenecid,PAIN ANALGESICS,Uricosuric agent-gou,Pain Management,Arthritis,therapeutic_class,0.8
probenecid,PAIN ANALGESICS,Uricosuric agent-gou,Pain Management,Musculoskeletal Pain,therapeutic_class,0.8
baricitinib,PAIN ANALGESICS,Janus kinase inhibitor,Pain Management,Pain,therapeutic_class,0.8
baricitinib,PAIN ANALGESICS,Janus kinase inhibitor,Pain Management,Inflammation,therapeutic_class,0.8
baricitinib,PAIN ANALGESICS,Janus kinase inhibitor,Pain Management,Arthritis,therapeutic_class,0.8
baricitinib,PAIN ANALGESICS,Janus kinase inhibitor,Pain Management,Musculoskeletal Pain,therapeutic_class,0.8
penicillin g,ANTI INFECTIVE,,Infectious Disease,Bacterial Infection,therapeutic_class,0.8
penicillin g,ANTI INFECTIVE,,Infectious Disease,Infection,therapeutic_class,0.8
blonanserin,NEURO CNS,Atypical Antipsychotic,Neurology / Psychiatry,Epilepsy,therapeutic_class,0.8
blonanserin,NEURO CNS,Atypical Antipsychotic,Neurology / Psychiatry,Anxiety,therapeutic_class,0.8
blonanserin,NEURO CNS,Atypical Antipsychotic,Neurology / Psychiatry,Depression,therapeutic_class,0.8
blonanserin,NEURO CNS,Atypical Antipsychotic,Neurology / Psychiatry,Insomnia,therapeutic_class,0.8
blonanserin,NEURO CNS,Atypical Antipsychotic,Neurology / Psychiatry,Seizure Disorder,therapeutic_class,0.8
blonanserin,NEURO CNS,Atypical Antipsychotic,Neurology / Psychiatry,Neuropathic Pain,therapeutic_class,0.8
cetilistat,OTHERS,Lipase inhibito,General Medicine,Weight Management,therapeutic_class,0.8
cetilistat,OTHERS,Lipase inhibito,General Medicine,Obesity,therapeutic_class,0.8
clostridium botulinum type a toxin-haemagglutinin complex,VACCINE,,Preventive Medicine,Vaccination / Immunization,therapeutic_class,0.8
levodropropizine,RESPIRATORY,Cough suppressant,Respiratory,Asthma,therapeutic_class,0.8
levodropropizine,RESPIRATORY,Cough suppressant,Respiratory,Allergic Rhinitis,therapeutic_class,0.8
levodropropizine,RESPIRATORY,Cough suppressant,Respiratory,COPD,therapeutic_class,0.8
levodropropizine,RESPIRATORY,Cough suppressant,Respiratory,Cough,therapeutic_class,0.8
levodropropizine,RESPIRATORY,Cough suppressant,Respiratory,Common Cold,therapeutic_class,0.8
levodropropizine,RESPIRATORY,Cough suppressant,Respiratory,Bronchitis,therapeutic_class,0.8
ethamsylate,BLOOD RELATED,Haemostatic agen,Hematology,Anemia,therapeutic_class,0.8
ethamsylate,BLOOD RELATED,Haemostatic agen,Hematology,Thrombosis,therapeutic_class,0.8
ethamsylate,BLOOD RELATED,Haemostatic agen,Hematology,Blood Clotting Disorder,therapeutic_class,0.8
ethamsylate,BLOOD RELATED,Haemostatic agen,Hematology,Deep Vein Thrombosis,therapeutic_class,0.8
calcium leucovorin,BLOOD RELATED,Cytoprotective agents- methotrexat,Hematology,Anemia,therapeutic_class,0.8
calcium leucovorin,BLOOD RELATED,Cytoprotective agents- methotrexat,Hematology,Thrombosis,therapeutic_class,0.8
calcium leucovorin,BLOOD RELATED,Cytoprotective agents- methotrexat,Hematology,Blood Clotting Disorder,therapeutic_class,0.8
calcium leucovorin,BLOOD RELATED,Cytoprotective agents- methotrexat,Hematology,Deep Vein Thrombosis,therapeutic_class,0.8
polio vaccine,VACCINE,,Preventive Medicine,Vaccination / Immunization,therapeutic_class,0.8
bifonazole,DERMA,Fungal ergosterol synthesis inhibito,Dermatology,Skin Infection,therapeutic_class,0.8
bifonazole,DERMA,Fungal ergosterol synthesis inhibito,Dermatology,Dermatitis,therapeutic_class,0.8
bifonazole,DERMA,Fungal ergosterol synthesis inhibito,Dermatology,Fungal Infection,therapeutic_class,0.8
bifonazole,DERMA,Fungal ergosterol synthesis inhibito,Dermatology,Acne,therapeutic_class,0.8
bifonazole,DERMA,Fungal ergosterol synthesis inhibito,Dermatology,Eczema,therapeutic_class,0.8
benzathine penicillin g,ANTI INFECTIVES,Cell wall active agent - Narrow spectrum Penicilli,Infectious Disease,Bacterial Infection,therapeutic_class,0.8
benzathine penicillin g,ANTI INFECTIVES,Cell wall active agent - Narrow spectrum Penicilli,Infectious Disease,Infection,therapeutic_class,0.8
benzathine penicillin g,ANTI INFECTIVES,Cell wall active agent - Narrow spectrum Penicilli,Infectious Disease,Sepsis,therapeutic_class,0.8
bacterial lysate,ANTI INFECTIVES,Immunostimulant- Respiratory tract infections,Infectious Disease,Bacterial Infection,therapeutic_class,0.8
bacterial lysate,ANTI INFECTIVES,Immunostimulant- Respiratory tract infections,Infectious Disease,Infection,therapeutic_class,0.8
bacterial lysate,ANTI INFECTIVES,Immunostimulant- Respiratory tract infections,Infectious Disease,Sepsis,therapeutic_class,0.8
benzydamine,PAIN ANALGESICS,NSAID,Pain Management,Pain,therapeutic_class,0.8
benzydamine,PAIN ANALGESICS,NSAID,Pain Management,Inflammation,therapeutic_class,0.8
benzydamine,PAIN ANALGESICS,NSAID,Pain Management,Arthritis,therapeutic_class,0.8
benzydamine,PAIN ANALGESICS,NSAID,Pain Management,Musculoskeletal Pain,therapeutic_class,0.8
trifluoperazine,NEURO CN,,Neurology / Psychiatry,Anxiety,therapeutic_class,0.8
trifluoperazine,NEURO CN,,Neurology / Psychiatry,Depression,therapeutic_class,0.8
trifluoperazine,NEURO CN,,Neurology / Psychiatry,Insomnia,therapeutic_class,0.8
trifluoperazine,NEURO CN,,Neurology / Psychiatry,Vertigo,therapeutic_class,0.8
trifluoperazine,NEURO CN,,Neurology / Psychiatry,Neuropathy,therapeutic_class,0.8
nimotuzumab,ANTI NEOPLASTICS,EGFR (ErbB1 or HER1) inhibitors- Monoclonal antibod,Oncology,Cancer,therapeutic_class,0.8
nimotuzumab,ANTI NEOPLASTICS,EGFR (ErbB1 or HER1) inhibitors- Monoclonal antibod,Oncology,Malignant Tumor,therapeutic_class,0.8
nimotuzumab,ANTI NEOPLASTICS,EGFR (ErbB1 or HER1) inhibitors- Monoclonal antibod,Oncology,Leukemia,therapeutic_class,0.8
varicella vaccine,VACCINE,,Preventive Medicine,Vaccination / Immunization,therapeutic_class,0.8
bifidobacterium longum,GASTRO INTESTINA,,Gastroenterology,Acid Reflux,therapeutic_class,0.8
bifidobacterium longum,GASTRO INTESTINA,,Gastroenterology,GERD,therapeutic_class,0.8
bifidobacterium longum,GASTRO INTESTINA,,Gastroenterology,Peptic Ulcer,therapeutic_class,0.8
bifidobacterium longum,GASTRO INTESTINA,,Gastroenterology,Nausea,therapeutic_class,0.8
enrofloxacin,ANTI INFECTIVES,Quinolones/ Fluroquinolone,Infectious Disease,Bacterial Infection,therapeutic_class,0.8
enrofloxacin,ANTI INFECTIVES,Quinolones/ Fluroquinolone,Infectious Disease,Infection,therapeutic_class,0.8
enrofloxacin,ANTI INFECTIVES,Quinolones/ Fluroquinolone,Infectious Disease,Sepsis,therapeutic_class,0.8
ciclopirox,DERMA,Antifungal Other,Dermatology,Skin Infection,therapeutic_class,0.8
ciclopirox,DERMA,Antifungal Other,Dermatology,Dermatitis,therapeutic_class,0.8
ciclopirox,DERMA,Antifungal Other,Dermatology,Fungal Infection,therapeutic_class,0.8
ciclopirox,DERMA,Antifungal Other,Dermatology,Acne,therapeutic_class,0.8
ciclopirox,DERMA,Antifungal Other,Dermatology,Eczema,therapeutic_class,0.8
primidone,NEURO CNS,Barbiturat,Neurology / Psychiatry,Epilepsy,therapeutic_class,0.8
primidone,NEURO CNS,Barbiturat,Neurology / Psychiatry,Anxiety,therapeutic_class,0.8
primidone,NEURO CNS,Barbiturat,Neurology / Psychiatry,Depression,therapeutic_class,0.8
primidone,NEURO CNS,Barbiturat,Neurology / Psychiatry,Insomnia,therapeutic_class,0.8
primidone,NEURO CNS,Barbiturat,Neurology / Psychiatry,Seizure Disorder,therapeutic_class,0.8
primidone,NEURO CNS,Barbiturat,Neurology / Psychiatry,Neuropathic Pain,therapeutic_class,0.8
colistin sulphate,GASTRO INTESTINAL,Cell membrane active agen,Gastroenterology,Acid Reflux,therapeutic_class,0.8
colistin sulphate,GASTRO INTESTINAL,Cell membrane active agen,Gastroenterology,GERD,therapeutic_class,0.8
colistin sulphate,GASTRO INTESTINAL,Cell membrane active agen,Gastroenterology,Peptic Ulcer,therapeutic_class,0.8
colistin sulphate,GASTRO INTESTINAL,Cell membrane active agen,Gastroenterology,Gastritis,therapeutic_class,0.8
colistin sulphate,GASTRO INTESTINAL,Cell membrane active agen,Gastroenterology,Nausea,therapeutic_class,0.8
colistin sulphate,GASTRO INTESTINAL,Cell membrane active agen,Gastroenterology,Diarrhea,therapeutic_class,0.8
silver nitrate,DERMA,Antiseptics and disinfectant,Dermatology,Skin Infection,therapeutic_class,0.8
silver nitrate,DERMA,Antiseptics and disinfectant,Dermatology,Dermatitis,therapeutic_class,0.8
silver nitrate,DERMA,Antiseptics and disinfectant,Dermatology,Fungal Infection,therapeutic_class,0.8
silver nitrate,DERMA,Antiseptics and disinfectant,Dermatology,Acne,therapeutic_class,0.8
silver nitrate,DERMA,Antiseptics and disinfectant,Dermatology,Eczema,therapeutic_class,0.8
recombinant follicle stimulating hormone,GYNAECOLOGICAL,Gonadotropin,Gynecology,Gynecological Infection,therapeutic_class,0.8
recombinant follicle stimulating hormone,GYNAECOLOGICAL,Gonadotropin,Gynecology,Hormonal Irregularity,therapeutic_class,0.8
recombinant follicle stimulating hormone,GYNAECOLOGICAL,Gonadotropin,Gynecology,PCOS,therapeutic_class,0.8
recombinant follicle stimulating hormone,GYNAECOLOGICAL,Gonadotropin,Gynecology,Menstrual Disorder,therapeutic_class,0.8
oxetacaine,PAIN ANALGESICS,Local anaesthetic (Esters,Pain Management,Pain,therapeutic_class,0.8
oxetacaine,PAIN ANALGESICS,Local anaesthetic (Esters,Pain Management,Inflammation,therapeutic_class,0.8
oxetacaine,PAIN ANALGESICS,Local anaesthetic (Esters,Pain Management,Arthritis,therapeutic_class,0.8
oxetacaine,PAIN ANALGESICS,Local anaesthetic (Esters,Pain Management,Musculoskeletal Pain,therapeutic_class,0.8
purified vi polysaccharide typhoid vaccine,VACCINE,,Preventive Medicine,Vaccination / Immunization,therapeutic_class,0.8
besifloxacin,OPHTHAL,Quinolones/ Fluroquinolone,Ophthalmology,Eye Infection,therapeutic_class,0.8
besifloxacin,OPHTHAL,Quinolones/ Fluroquinolone,Ophthalmology,Glaucoma,therapeutic_class,0.8
besifloxacin,OPHTHAL,Quinolones/ Fluroquinolone,Ophthalmology,Conjunctivitis,therapeutic_class,0.8
besifloxacin,OPHTHAL,Quinolones/ Fluroquinolone,Ophthalmology,Dry Eye,therapeutic_class,0.8
meclizine,GASTRO INTESTINAL,H1 Antihistaminics (First Generation,Gastroenterology,Acid Reflux,therapeutic_class,0.8
meclizine,GASTRO INTESTINAL,H1 Antihistaminics (First Generation,Gastroenterology,GERD,therapeutic_class,0.8
meclizine,GASTRO INTESTINAL,H1 Antihistaminics (First Generation,Gastroenterology,Peptic Ulcer,therapeutic_class,0.8
meclizine,GASTRO INTESTINAL,H1 Antihistaminics (First Generation,Gastroenterology,Gastritis,therapeutic_class,0.8
meclizine,GASTRO INTESTINAL,H1 Antihistaminics (First Generation,Gastroenterology,Nausea,therapeutic_class,0.8
meclizine,GASTRO INTESTINAL,H1 Antihistaminics (First Generation,Gastroenterology,Diarrhea,therapeutic_class,0.8
ferrous bisglycinate,GYNAECOLOGICA,,Gynecology,Vaginal Infection,therapeutic_class,0.8
ferrous bisglycinate,GYNAECOLOGICA,,Gynecology,Hormonal Irregularity,therapeutic_class,0.8
curcuma longa,VITAMINS MINERALS NUTRIENTS,Herba,Nutrition,Nutritional Deficiency,therapeutic_class,0.8
curcuma longa,VITAMINS MINERALS NUTRIENTS,Herba,Nutrition,Vitamin Deficiency,therapeutic_class,0.8
mycophenolate sodium,ANTI NEOPLASTICS,Immunosuppressant- Purine analog,Oncology,Cancer,therapeutic_class,0.8
mycophenolate sodium,ANTI NEOPLASTICS,Immunosuppressant- Purine analog,Oncology,Malignant Tumor,therapeutic_class,0.8
mycophenolate sodium,ANTI NEOPLASTICS,Immunosuppressant- Purine analog,Oncology,Leukemia,therapeutic_class,0.8
hyoscyamine,GASTRO INTESTINAL,Herba,Gastroenterology,Acid Reflux,therapeutic_class,0.8
hyoscyamine,GASTRO INTESTINAL,Herba,Gastroenterology,GERD,therapeutic_class,0.8
hyoscyamine,GASTRO INTESTINAL,Herba,Gastroenterology,Peptic Ulcer,therapeutic_class,0.8
hyoscyamine,GASTRO INTESTINAL,Herba,Gastroenterology,Gastritis,therapeutic_class,0.8
hyoscyamine,GASTRO INTESTINAL,Herba,Gastroenterology,Nausea,therapeutic_class,0.8
hyoscyamine,GASTRO INTESTINAL,Herba,Gastroenterology,Diarrhea,therapeutic_class,0.8
nitazoxanide,ANTI INFECTIVE,,Infectious Disease,Bacterial Infection,therapeutic_class,0.8
nitazoxanide,ANTI INFECTIVE,,Infectious Disease,Infection,therapeutic_class,0.8
lymecycline,ANTI INFECTIVE,,Infectious Disease,Bacterial Infection,therapeutic_class,0.8
lymecycline,ANTI INFECTIVE,,Infectious Disease,Infection,therapeutic_class,0.8
fructo oligosaccharide,GASTRO INTESTINA,,Gastroenterology,Acid Reflux,therapeutic_class,0.8
fructo oligosaccharide,GASTRO INTESTINA,,Gastroenterology,GERD,therapeutic_class,0.8
fructo oligosaccharide,GASTRO INTESTINA,,Gastroenterology,Peptic Ulcer,therapeutic_class,0.8
fructo oligosaccharide,GASTRO INTESTINA,,Gastroenterology,Nausea,therapeutic_class,0.8
flavoxate,UROLOGY,Direct antispasmodic (Bladder,Urology,Benign Prostatic Hyperplasia,therapeutic_class,0.8
flavoxate,UROLOGY,Direct antispasmodic (Bladder,Urology,Urinary Tract Disorder,therapeutic_class,0.8
silver sulfadiazine,DERMA,Sulphonamide,Dermatology,Skin Infection,therapeutic_class,0.8
silver sulfadiazine,DERMA,Sulphonamide,Dermatology,Dermatitis,therapeutic_class,0.8
silver sulfadiazine,DERMA,Sulphonamide,Dermatology,Fungal Infection,therapeutic_class,0.8
silver sulfadiazine,DERMA,Sulphonamide,Dermatology,Acne,therapeutic_class,0.8
silver sulfadiazine,DERMA,Sulphonamide,Dermatology,Eczema,therapeutic_class,0.8
bambuterol,RESPIRATOR,,Respiratory,Allergic Rhinitis,therapeutic_class,0.8
bambuterol,RESPIRATOR,,Respiratory,Cough,therapeutic_class,0.8
bambuterol,RESPIRATOR,,Respiratory,Common Cold,therapeutic_class,0.8
bambuterol,RESPIRATOR,,Respiratory,Nasal Congestion,therapeutic_class,0.8
bambuterol,RESPIRATOR,,Respiratory,Bronchitis,therapeutic_class,0.8
mycophenolate mofetil,ANTI NEOPLASTICS,Immunosuppressant- Purine analog,Oncology,Cancer,therapeutic_class,0.8
mycophenolate mofetil,ANTI NEOPLASTICS,Immunosuppressant- Purine analog,Oncology,Malignant Tumor,therapeutic_class,0.8
mycophenolate mofetil,ANTI NEOPLASTICS,Immunosuppressant- Purine analog,Oncology,Leukemia,therapeutic_class,0.8
calcium polystyrene sulphonate,UROLOGY,Ion exchange resins (Potassium Binders,Urology,Benign Prostatic Hyperplasia,therapeutic_class,0.8
calcium polystyrene sulphonate,UROLOGY,Ion exchange resins (Potassium Binders,Urology,Urinary Tract Disorder,therapeutic_class,0.8
simethicone,GASTRO INTESTINAL,Anti-foaming agen,Gastroenterology,Acid Reflux,therapeutic_class,0.8
simethicone,GASTRO INTESTINAL,Anti-foaming agen,Gastroenterology,GERD,therapeutic_class,0.8
simethicone,GASTRO INTESTINAL,Anti-foaming agen,Gastroenterology,Peptic Ulcer,therapeutic_class,0.8
simethicone,GASTRO INTESTINAL,Anti-foaming agen,Gastroenterology,Gastritis,therapeutic_class,0.8
simethicone,GASTRO INTESTINAL,Anti-foaming agen,Gastroenterology,Nausea,therapeutic_class,0.8
simethicone,GASTRO INTESTINAL,Anti-foaming agen,Gastroenterology,Diarrhea,therapeutic_class,0.8
salmonella typhi vaccine,VACCINE,,Preventive Medicine,Vaccination / Immunization,therapeutic_class,0.8
human gamma globulin,VACCINES,Immunoglobuli,Preventive Medicine,Vaccination / Immunization,therapeutic_class,0.8
milk of magnesia,GASTRO INTESTINA,,Gastroenterology,Acid Reflux,therapeutic_class,0.8
milk of magnesia,GASTRO INTESTINA,,Gastroenterology,GERD,therapeutic_class,0.8
milk of magnesia,GASTRO INTESTINA,,Gastroenterology,Peptic Ulcer,therapeutic_class,0.8
milk of magnesia,GASTRO INTESTINA,,Gastroenterology,Nausea,therapeutic_class,0.8
biapenem,ANTI INFECTIVE,,Infectious Disease,Bacterial Infection,therapeutic_class,0.8
biapenem,ANTI INFECTIVE,,Infectious Disease,Infection,therapeutic_class,0.8
bosutinib,ANTI NEOPLASTICS,Tyrosine kinase inhibitor,Oncology,Cancer,therapeutic_class,0.8
bosutinib,ANTI NEOPLASTICS,Tyrosine kinase inhibitor,Oncology,Malignant Tumor,therapeutic_class,0.8
bosutinib,ANTI NEOPLASTICS,Tyrosine kinase inhibitor,Oncology,Leukemia,therapeutic_class,0.8
bendamustine,ANTI NEOPLASTICS,Alkylating agen,Oncology,Cancer,therapeutic_class,0.8
bendamustine,ANTI NEOPLASTICS,Alkylating agen,Oncology,Malignant Tumor,therapeutic_class,0.8
bendamustine,ANTI NEOPLASTICS,Alkylating agen,Oncology,Leukemia,therapeutic_class,0.8
pamidronate,PAIN ANALGESICS,Bone resorption inhibitor -Bisphosphonate,Pain Management,Pain,therapeutic_class,0.8
pamidronate,PAIN ANALGESICS,Bone resorption inhibitor -Bisphosphonate,Pain Management,Inflammation,therapeutic_class,0.8
pamidronate,PAIN ANALGESICS,Bone resorption inhibitor -Bisphosphonate,Pain Management,Arthritis,therapeutic_class,0.8
pamidronate,PAIN ANALGESICS,Bone resorption inhibitor -Bisphosphonate,Pain Management,Musculoskeletal Pain,therapeutic_class,0.8
lomustine,ANTI NEOPLASTICS,Alkylating agen,Oncology,Cancer,therapeutic_class,0.8
lomustine,ANTI NEOPLASTICS,Alkylating agen,Oncology,Malignant Tumor,therapeutic_class,0.8
lomustine,ANTI NEOPLASTICS,Alkylating agen,Oncology,Leukemia,therapeutic_class,0.8
bezafibrate,CARDIAC,PPAR alpha agonists (Fibrate,Cardiovascular,Hypertension,therapeutic_class,0.8
bezafibrate,CARDIAC,PPAR alpha agonists (Fibrate,Cardiovascular,Heart Disease,therapeutic_class,0.8
bezafibrate,CARDIAC,PPAR alpha agonists (Fibrate,Cardiovascular,Angina,therapeutic_class,0.8
bezafibrate,CARDIAC,PPAR alpha agonists (Fibrate,Cardiovascular,Arrhythmia,therapeutic_class,0.8
bezafibrate,CARDIAC,PPAR alpha agonists (Fibrate,Cardiovascular,Heart Failure,therapeutic_class,0.8
bezafibrate,CARDIAC,PPAR alpha agonists (Fibrate,Cardiovascular,Hyperlipidemia,therapeutic_class,0.8
levobunolol,OPHTHAL,Beta blocker (Topical,Ophthalmology,Eye Infection,therapeutic_class,0.8
levobunolol,OPHTHAL,Beta blocker (Topical,Ophthalmology,Glaucoma,therapeutic_class,0.8
levobunolol,OPHTHAL,Beta blocker (Topical,Ophthalmology,Conjunctivitis,therapeutic_class,0.8
levobunolol,OPHTHAL,Beta blocker (Topical,Ophthalmology,Dry Eye,therapeutic_class,0.8
idebenone,VITAMINS MINERALS NUTRIENTS,Antioxidant agen,Nutrition,Nutritional Deficiency,therapeutic_class,0.8
idebenone,VITAMINS MINERALS NUTRIENTS,Antioxidant agen,Nutrition,Vitamin Deficiency,therapeutic_class,0.8
halobetasol,DERMA,Glucocorticoid,Dermatology,Skin Infection,therapeutic_class,0.8
halobetasol,DERMA,Glucocorticoid,Dermatology,Dermatitis,therapeutic_class,0.8
halobetasol,DERMA,Glucocorticoid,Dermatology,Fungal Infection,therapeutic_class,0.8
halobetasol,DERMA,Glucocorticoid,Dermatology,Acne,therapeutic_class,0.8
halobetasol,DERMA,Glucocorticoid,Dermatology,Eczema,therapeutic_class,0.8
calcium dobesilate,CARDIAC,Capillary permeability reduce,Cardiovascular,Hypertension,therapeutic_class,0.8
calcium dobesilate,CARDIAC,Capillary permeability reduce,Cardiovascular,Heart Disease,therapeutic_class,0.8
calcium dobesilate,CARDIAC,Capillary permeability reduce,Cardiovascular,Angina,therapeutic_class,0.8
calcium dobesilate,CARDIAC,Capillary permeability reduce,Cardiovascular,Arrhythmia,therapeutic_class,0.8
calcium dobesilate,CARDIAC,Capillary permeability reduce,Cardiovascular,Heart Failure,therapeutic_class,0.8
calcium dobesilate,CARDIAC,Capillary permeability reduce,Cardiovascular,Hyperlipidemia,therapeutic_class,0.8
tegafur,ANTI NEOPLASTIC,,Oncology,Cancer,therapeutic_class,0.8
tegafur,ANTI NEOPLASTIC,,Oncology,Prostate Cancer,therapeutic_class,0.8
tegafur,ANTI NEOPLASTIC,,Oncology,Breast Cancer,therapeutic_class,0.8
tegafur,ANTI NEOPLASTIC,,Oncology,Malignant Tumor,therapeutic_class,0.8
alpha-amylase,GASTRO INTESTINA,,Gastroenterology,Acid Reflux,therapeutic_class,0.8
alpha-amylase,GASTRO INTESTINA,,Gastroenterology,GERD,therapeutic_class,0.8
alpha-amylase,GASTRO INTESTINA,,Gastroenterology,Peptic Ulcer,therapeutic_class,0.8
alpha-amylase,GASTRO INTESTINA,,Gastroenterology,Nausea,therapeutic_class,0.8
buserelin,HORMONES,GNRH agonists/analogu,Endocrinology,Hormonal Imbalance,therapeutic_class,0.8
buserelin,HORMONES,GNRH agonists/analogu,Endocrinology,Hypothyroidism,therapeutic_class,0.8
buserelin,HORMONES,GNRH agonists/analogu,Endocrinology,Adrenal Insufficiency,therapeutic_class,0.8
buserelin,HORMONES,GNRH agonists/analogu,Endocrinology,Growth Disorder,therapeutic_class,0.8
alprostadil,CARDIAC,Prostaglandin E1 (PGE1) analogue- E,Cardiovascular,Hypertension,therapeutic_class,0.8
alprostadil,CARDIAC,Prostaglandin E1 (PGE1) analogue- E,Cardiovascular,Heart Disease,therapeutic_class,0.8
alprostadil,CARDIAC,Prostaglandin E1 (PGE1) analogue- E,Cardiovascular,Angina,therapeutic_class,0.8
alprostadil,CARDIAC,Prostaglandin E1 (PGE1) analogue- E,Cardiovascular,Arrhythmia,therapeutic_class,0.8
alprostadil,CARDIAC,Prostaglandin E1 (PGE1) analogue- E,Cardiovascular,Heart Failure,therapeutic_class,0.8
alprostadil,CARDIAC,Prostaglandin E1 (PGE1) analogue- E,Cardiovascular,Hyperlipidemia,therapeutic_class,0.8
busulfan,ANTI NEOPLASTICS,Alkylating agen,Oncology,Cancer,therapeutic_class,0.8
busulfan,ANTI NEOPLASTICS,Alkylating agen,Oncology,Malignant Tumor,therapeutic_class,0.8
busulfan,ANTI NEOPLASTICS,Alkylating agen,Oncology,Leukemia,therapeutic_class,0.8
boron,VITAMINS MINERALS NUTRIENT,,Nutrition,Nutritional Deficiency,therapeutic_class,0.8
boron,VITAMINS MINERALS NUTRIENT,,Nutrition,Vitamin Deficiency,therapeutic_class,0.8
boron,VITAMINS MINERALS NUTRIENT,,Nutrition,Mineral Deficiency,therapeutic_class,0.8
betaxolol,OPHTHAL,Beta blocker (Topical,Ophthalmology,Eye Infection,therapeutic_class,0.8
betaxolol,OPHTHAL,Beta blocker (Topical,Ophthalmology,Glaucoma,therapeutic_class,0.8
betaxolol,OPHTHAL,Beta blocker (Topical,Ophthalmology,Conjunctivitis,therapeutic_class,0.8
betaxolol,OPHTHAL,Beta blocker (Topical,Ophthalmology,Dry Eye,therapeutic_class,0.8
rucaparib,ANTI NEOPLASTIC,,Oncology,Cancer,therapeutic_class,0.8
rucaparib,ANTI NEOPLASTIC,,Oncology,Prostate Cancer,therapeutic_class,0.8
rucaparib,ANTI NEOPLASTIC,,Oncology,Breast Cancer,therapeutic_class,0.8
rucaparib,ANTI NEOPLASTIC,,Oncology,Malignant Tumor,therapeutic_class,0.8
onabotulinumtoxina,VACCINE,,Preventive Medicine,Vaccination / Immunization,therapeutic_class,0.8
niacinamide,VITAMINS MINERALS NUTRIENTS,Vitamin,Nutrition,Nutritional Deficiency,therapeutic_class,0.8
niacinamide,VITAMINS MINERALS NUTRIENTS,Vitamin,Nutrition,Vitamin Deficiency,therapeutic_class,0.8
calcitonin,PAIN ANALGESICS,Bone resorption inhibitors- Calcitoni,Pain Management,Pain,therapeutic_class,0.8
calcitonin,PAIN ANALGESICS,Bone resorption inhibitors- Calcitoni,Pain Management,Inflammation,therapeutic_class,0.8
calcitonin,PAIN ANALGESICS,Bone resorption inhibitors- Calcitoni,Pain Management,Arthritis,therapeutic_class,0.8
calcitonin,PAIN ANALGESICS,Bone resorption inhibitors- Calcitoni,Pain Management,Musculoskeletal Pain,therapeutic_class,0.8
ferric carboxymaltose,GYNAECOLOGICAL,Haemopoetic agent,Gynecology,Gynecological Infection,therapeutic_class,0.8
ferric carboxymaltose,GYNAECOLOGICAL,Haemopoetic agent,Gynecology,Hormonal Irregularity,therapeutic_class,0.8
ferric carboxymaltose,GYNAECOLOGICAL,Haemopoetic agent,Gynecology,PCOS,therapeutic_class,0.8
ferric carboxymaltose,GYNAECOLOGICAL,Haemopoetic agent,Gynecology,Menstrual Disorder,therapeutic_class,0.8
phenoxybenzamine,CARDIAC,Adrenergic receptor antagonist - non selectiv,Cardiovascular,Hypertension,therapeutic_class,0.8
phenoxybenzamine,CARDIAC,Adrenergic receptor antagonist - non selectiv,Cardiovascular,Heart Disease,therapeutic_class,0.8
phenoxybenzamine,CARDIAC,Adrenergic receptor antagonist - non selectiv,Cardiovascular,Angina,therapeutic_class,0.8
phenoxybenzamine,CARDIAC,Adrenergic receptor antagonist - non selectiv,Cardiovascular,Arrhythmia,therapeutic_class,0.8
phenoxybenzamine,CARDIAC,Adrenergic receptor antagonist - non selectiv,Cardiovascular,Heart Failure,therapeutic_class,0.8
phenoxybenzamine,CARDIAC,Adrenergic receptor antagonist - non selectiv,Cardiovascular,Hyperlipidemia,therapeutic_class,0.8
vincristine,ANTI NEOPLASTICS,Antimicrotubule agents- Vinka alkaloi,Oncology,Cancer,therapeutic_class,0.8
vincristine,ANTI NEOPLASTICS,Antimicrotubule agents- Vinka alkaloi,Oncology,Malignant Tumor,therapeutic_class,0.8
vincristine,ANTI NEOPLASTICS,Antimicrotubule agents- Vinka alkaloi,Oncology,Leukemia,therapeutic_class,0.8
haemophilus type b conjugate vaccine,VACCINE,,Preventive Medicine,Vaccination / Immunization,therapeutic_class,0.8
phenobarbitone,NEURO CNS,Barbiturat,Neurology / Psychiatry,Epilepsy,therapeutic_class,0.8
phenobarbitone,NEURO CNS,Barbiturat,Neurology / Psychiatry,Anxiety,therapeutic_class,0.8
phenobarbitone,NEURO CNS,Barbiturat,Neurology / Psychiatry,Depression,therapeutic_class,0.8
phenobarbitone,NEURO CNS,Barbiturat,Neurology / Psychiatry,Insomnia,therapeutic_class,0.8
phenobarbitone,NEURO CNS,Barbiturat,Neurology / Psychiatry,Seizure Disorder,therapeutic_class,0.8
phenobarbitone,NEURO CNS,Barbiturat,Neurology / Psychiatry,Neuropathic Pain,therapeutic_class,0.8
midazolam,NEURO CNS,Benzodiazepine,Neurology / Psychiatry,Epilepsy,therapeutic_class,0.8
midazolam,NEURO CNS,Benzodiazepine,Neurology / Psychiatry,Anxiety,therapeutic_class,0.8
midazolam,NEURO CNS,Benzodiazepine,Neurology / Psychiatry,Depression,therapeutic_class,0.8
midazolam,NEURO CNS,Benzodiazepine,Neurology / Psychiatry,Insomnia,therapeutic_class,0.8
midazolam,NEURO CNS,Benzodiazepine,Neurology / Psychiatry,Seizure Disorder,therapeutic_class,0.8
midazolam,NEURO CNS,Benzodiazepine,Neurology / Psychiatry,Neuropathic Pain,therapeutic_class,0.8
asparaginase,ANTI NEOPLASTICS,Anticancer-other,Oncology,Cancer,therapeutic_class,0.8
asparaginase,ANTI NEOPLASTICS,Anticancer-other,Oncology,Malignant Tumor,therapeutic_class,0.8
asparaginase,ANTI NEOPLASTICS,Anticancer-other,Oncology,Leukemia,therapeutic_class,0.8
nitrazepam,NEURO CNS,Benzodiazepine,Neurology / Psychiatry,Epilepsy,therapeutic_class,0.8
nitrazepam,NEURO CNS,Benzodiazepine,Neurology / Psychiatry,Anxiety,therapeutic_class,0.8
nitrazepam,NEURO CNS,Benzodiazepine,Neurology / Psychiatry,Depression,therapeutic_class,0.8
nitrazepam,NEURO CNS,Benzodiazepine,Neurology / Psychiatry,Insomnia,therapeutic_class,0.8
nitrazepam,NEURO CNS,Benzodiazepine,Neurology / Psychiatry,Seizure Disorder,therapeutic_class,0.8
nitrazepam,NEURO CNS,Benzodiazepine,Neurology / Psychiatry,Neuropathic Pain,therapeutic_class,0.8
exenatide,ANTI DIABETIC,Insulin Secretogogues   GLP-1 agonist,Endocrine / Metabolic,Diabetes Mellitus,therapeutic_class,0.8
exenatide,ANTI DIABETIC,Insulin Secretogogues   GLP-1 agonist,Endocrine / Metabolic,Type 2 Diabetes,therapeutic_class,0.8
exenatide,ANTI DIABETIC,Insulin Secretogogues   GLP-1 agonist,Endocrine / Metabolic,Hyperglycemia,therapeutic_class,0.8
elemental iron,BLOOD RELATED,Haemopoetic agent,Hematology,Anemia,therapeutic_class,0.8
elemental iron,BLOOD RELATED,Haemopoetic agent,Hematology,Thrombosis,therapeutic_class,0.8
elemental iron,BLOOD RELATED,Haemopoetic agent,Hematology,Blood Clotting Disorder,therapeutic_class,0.8
elemental iron,BLOOD RELATED,Haemopoetic agent,Hematology,Deep Vein Thrombosis,therapeutic_class,0.8
dimercaprol,BLOOD RELATE,,Hematology,Anemia,therapeutic_class,0.8
dimercaprol,BLOOD RELATE,,Hematology,Iron Deficiency,therapeutic_class,0.8
cyclopentolate,OPHTHA,,Ophthalmology,Eye Infection,therapeutic_class,0.8
cyclopentolate,OPHTHA,,Ophthalmology,Conjunctivitis,therapeutic_class,0.8
cyclopentolate,OPHTHA,,Ophthalmology,Dry Eye,therapeutic_class,0.8
cyproterone,GYNAECOLOGICA,,Gynecology,Vaginal Infection,therapeutic_class,0.8
cyproterone,GYNAECOLOGICA,,Gynecology,Hormonal Irregularity,therapeutic_class,0.8
trimethoprim combinations,ANTI INFECTIVE,,Infectious Disease,Bacterial Infection,therapeutic_class,0.8
trimethoprim combinations,ANTI INFECTIVE,,Infectious Disease,Infection,therapeutic_class,0.8
medroxyprogesterone acetate,GYNAECOLOGICAL,Progestins (First generation,Gynecology,Gynecological Infection,therapeutic_class,0.8
medroxyprogesterone acetate,GYNAECOLOGICAL,Progestins (First generation,Gynecology,Hormonal Irregularity,therapeutic_class,0.8
medroxyprogesterone acetate,GYNAECOLOGICAL,Progestins (First generation,Gynecology,PCOS,therapeutic_class,0.8
medroxyprogesterone acetate,GYNAECOLOGICAL,Progestins (First generation,Gynecology,Menstrual Disorder,therapeutic_class,0.8
bivalirudin,CARDIAC,Direct thrombin inhibitor- parentera,Cardiovascular,Hypertension,therapeutic_class,0.8
bivalirudin,CARDIAC,Direct thrombin inhibitor- parentera,Cardiovascular,Heart Disease,therapeutic_class,0.8
bivalirudin,CARDIAC,Direct thrombin inhibitor- parentera,Cardiovascular,Angina,therapeutic_class,0.8
bivalirudin,CARDIAC,Direct thrombin inhibitor- parentera,Cardiovascular,Arrhythmia,therapeutic_class,0.8
bivalirudin,CARDIAC,Direct thrombin inhibitor- parentera,Cardiovascular,Heart Failure,therapeutic_class,0.8
bivalirudin,CARDIAC,Direct thrombin inhibitor- parentera,Cardiovascular,Hyperlipidemia,therapeutic_class,0.8
imipenem,ANTI INFECTIVE,,Infectious Disease,Bacterial Infection,therapeutic_class,0.8
imipenem,ANTI INFECTIVE,,Infectious Disease,Infection,therapeutic_class,0.8
capecitabine,ANTI NEOPLASTICS,Antimetabolite,Oncology,Cancer,therapeutic_class,0.8
capecitabine,ANTI NEOPLASTICS,Antimetabolite,Oncology,Malignant Tumor,therapeutic_class,0.8
capecitabine,ANTI NEOPLASTICS,Antimetabolite,Oncology,Leukemia,therapeutic_class,0.8
cerebroprotein hydrolysate,NEURO CN,,Neurology / Psychiatry,Anxiety,therapeutic_class,0.8
cerebroprotein hydrolysate,NEURO CN,,Neurology / Psychiatry,Depression,therapeutic_class,0.8
cerebroprotein hydrolysate,NEURO CN,,Neurology / Psychiatry,Insomnia,therapeutic_class,0.8
cerebroprotein hydrolysate,NEURO CN,,Neurology / Psychiatry,Vertigo,therapeutic_class,0.8
cerebroprotein hydrolysate,NEURO CN,,Neurology / Psychiatry,Neuropathy,therapeutic_class,0.8
tinidazole,GASTRO INTESTINAL,5-Nitroimidazole (Antiprotozoal & Antibacterial,Gastroenterology,Acid Reflux,therapeutic_class,0.8
tinidazole,GASTRO INTESTINAL,5-Nitroimidazole (Antiprotozoal & Antibacterial,Gastroenterology,GERD,therapeutic_class,0.8
tinidazole,GASTRO INTESTINAL,5-Nitroimidazole (Antiprotozoal & Antibacterial,Gastroenterology,Peptic Ulcer,therapeutic_class,0.8
tinidazole,GASTRO INTESTINAL,5-Nitroimidazole (Antiprotozoal & Antibacterial,Gastroenterology,Gastritis,therapeutic_class,0.8
tinidazole,GASTRO INTESTINAL,5-Nitroimidazole (Antiprotozoal & Antibacterial,Gastroenterology,Nausea,therapeutic_class,0.8
tinidazole,GASTRO INTESTINAL,5-Nitroimidazole (Antiprotozoal & Antibacterial,Gastroenterology,Diarrhea,therapeutic_class,0.8
boric acid,OPHTHA,,Ophthalmology,Eye Infection,therapeutic_class,0.8
boric acid,OPHTHA,,Ophthalmology,Conjunctivitis,therapeutic_class,0.8
boric acid,OPHTHA,,Ophthalmology,Dry Eye,therapeutic_class,0.8
balsalazide,GASTRO INTESTINAL,5- Aminosalicylic acid (5-ASA,Gastroenterology,Acid Reflux,therapeutic_class,0.8
balsalazide,GASTRO INTESTINAL,5- Aminosalicylic acid (5-ASA,Gastroenterology,GERD,therapeutic_class,0.8
balsalazide,GASTRO INTESTINAL,5- Aminosalicylic acid (5-ASA,Gastroenterology,Peptic Ulcer,therapeutic_class,0.8
balsalazide,GASTRO INTESTINAL,5- Aminosalicylic acid (5-ASA,Gastroenterology,Gastritis,therapeutic_class,0.8
balsalazide,GASTRO INTESTINAL,5- Aminosalicylic acid (5-ASA,Gastroenterology,Nausea,therapeutic_class,0.8
balsalazide,GASTRO INTESTINAL,5- Aminosalicylic acid (5-ASA,Gastroenterology,Diarrhea,therapeutic_class,0.8
dexibuprofen,PAIN ANALGESICS,NSAID,Pain Management,Pain,therapeutic_class,0.8
dexibuprofen,PAIN ANALGESICS,NSAID,Pain Management,Inflammation,therapeutic_class,0.8
dexibuprofen,PAIN ANALGESICS,NSAID,Pain Management,Arthritis,therapeutic_class,0.8
dexibuprofen,PAIN ANALGESICS,NSAID,Pain Management,Musculoskeletal Pain,therapeutic_class,0.8
thioridazine,NEURO CNS,Typical Antipsychotic,Neurology / Psychiatry,Epilepsy,therapeutic_class,0.8
thioridazine,NEURO CNS,Typical Antipsychotic,Neurology / Psychiatry,Anxiety,therapeutic_class,0.8
thioridazine,NEURO CNS,Typical Antipsychotic,Neurology / Psychiatry,Depression,therapeutic_class,0.8
thioridazine,NEURO CNS,Typical Antipsychotic,Neurology / Psychiatry,Insomnia,therapeutic_class,0.8
thioridazine,NEURO CNS,Typical Antipsychotic,Neurology / Psychiatry,Seizure Disorder,therapeutic_class,0.8
thioridazine,NEURO CNS,Typical Antipsychotic,Neurology / Psychiatry,Neuropathic Pain,therapeutic_class,0.8
vi capsular polysaccharide of salmonella typhi,VACCINE,,Preventive Medicine,Vaccination / Immunization,therapeutic_class,0.8
tolperisone,PAIN ANALGESICS,Skeletal muscle relaxant- Centrally actin,Pain Management,Pain,therapeutic_class,0.8
tolperisone,PAIN ANALGESICS,Skeletal muscle relaxant- Centrally actin,Pain Management,Inflammation,therapeutic_class,0.8
tolperisone,PAIN ANALGESICS,Skeletal muscle relaxant- Centrally actin,Pain Management,Arthritis,therapeutic_class,0.8
tolperisone,PAIN ANALGESICS,Skeletal muscle relaxant- Centrally actin,Pain Management,Musculoskeletal Pain,therapeutic_class,0.8
calcium chloride,OPHTHA,,Ophthalmology,Eye Infection,therapeutic_class,0.8
calcium chloride,OPHTHA,,Ophthalmology,Conjunctivitis,therapeutic_class,0.8
calcium chloride,OPHTHA,,Ophthalmology,Dry Eye,therapeutic_class,0.8
micafungin,ANTI INFECTIVES,Fungal cell wall synthesis inhibitor (Echiocandins,Infectious Disease,Bacterial Infection,therapeutic_class,0.8
micafungin,ANTI INFECTIVES,Fungal cell wall synthesis inhibitor (Echiocandins,Infectious Disease,Infection,therapeutic_class,0.8
micafungin,ANTI INFECTIVES,Fungal cell wall synthesis inhibitor (Echiocandins,Infectious Disease,Sepsis,therapeutic_class,0.8
methoxsalen,DERMA,Psoralen & derivative,Dermatology,Skin Infection,therapeutic_class,0.8
methoxsalen,DERMA,Psoralen & derivative,Dermatology,Dermatitis,therapeutic_class,0.8
methoxsalen,DERMA,Psoralen & derivative,Dermatology,Fungal Infection,therapeutic_class,0.8
methoxsalen,DERMA,Psoralen & derivative,Dermatology,Acne,therapeutic_class,0.8
methoxsalen,DERMA,Psoralen & derivative,Dermatology,Eczema,therapeutic_class,0.8
glutathione,GASTRO INTESTINAL,Antioxidan,Gastroenterology,Acid Reflux,therapeutic_class,0.8
glutathione,GASTRO INTESTINAL,Antioxidan,Gastroenterology,GERD,therapeutic_class,0.8
glutathione,GASTRO INTESTINAL,Antioxidan,Gastroenterology,Peptic Ulcer,therapeutic_class,0.8
glutathione,GASTRO INTESTINAL,Antioxidan,Gastroenterology,Gastritis,therapeutic_class,0.8
glutathione,GASTRO INTESTINAL,Antioxidan,Gastroenterology,Nausea,therapeutic_class,0.8
glutathione,GASTRO INTESTINAL,Antioxidan,Gastroenterology,Diarrhea,therapeutic_class,0.8
collagen peptide,PAIN ANALGESICS,Proteoglycan synthesis Stimulato,Pain Management,Pain,therapeutic_class,0.8
collagen peptide,PAIN ANALGESICS,Proteoglycan synthesis Stimulato,Pain Management,Inflammation,therapeutic_class,0.8
collagen peptide,PAIN ANALGESICS,Proteoglycan synthesis Stimulato,Pain Management,Arthritis,therapeutic_class,0.8
collagen peptide,PAIN ANALGESICS,Proteoglycan synthesis Stimulato,Pain Management,Musculoskeletal Pain,therapeutic_class,0.8
cefaclor,ANTI INFECTIVES,Cephalosporins   2nd generatio,Infectious Disease,Bacterial Infection,therapeutic_class,0.8
cefaclor,ANTI INFECTIVES,Cephalosporins   2nd generatio,Infectious Disease,Infection,therapeutic_class,0.8
cefaclor,ANTI INFECTIVES,Cephalosporins   2nd generatio,Infectious Disease,Sepsis,therapeutic_class,0.8
duloxetine,NEURO CN,,Neurology / Psychiatry,Anxiety,therapeutic_class,0.8
duloxetine,NEURO CN,,Neurology / Psychiatry,Depression,therapeutic_class,0.8
duloxetine,NEURO CN,,Neurology / Psychiatry,Insomnia,therapeutic_class,0.8
duloxetine,NEURO CN,,Neurology / Psychiatry,Vertigo,therapeutic_class,0.8
duloxetine,NEURO CN,,Neurology / Psychiatry,Neuropathy,therapeutic_class,0.8
pyrazinamide,ANTI INFECTIVES,Mycobacterial fatty acid synthas,Infectious Disease,Bacterial Infection,therapeutic_class,0.8
pyrazinamide,ANTI INFECTIVES,Mycobacterial fatty acid synthas,Infectious Disease,Infection,therapeutic_class,0.8
pyrazinamide,ANTI INFECTIVES,Mycobacterial fatty acid synthas,Infectious Disease,Sepsis,therapeutic_class,0.8
levodopa,NEURO CN,,Neurology / Psychiatry,Anxiety,therapeutic_class,0.8
levodopa,NEURO CN,,Neurology / Psychiatry,Depression,therapeutic_class,0.8
levodopa,NEURO CN,,Neurology / Psychiatry,Insomnia,therapeutic_class,0.8
levodopa,NEURO CN,,Neurology / Psychiatry,Vertigo,therapeutic_class,0.8
levodopa,NEURO CN,,Neurology / Psychiatry,Neuropathy,therapeutic_class,0.8
cloxacillin,ANTI INFECTIVES,Cell wall active agent- Penicillinase resistant Penicilli,Infectious Disease,Bacterial Infection,therapeutic_class,0.8
cloxacillin,ANTI INFECTIVES,Cell wall active agent- Penicillinase resistant Penicilli,Infectious Disease,Infection,therapeutic_class,0.8
cloxacillin,ANTI INFECTIVES,Cell wall active agent- Penicillinase resistant Penicilli,Infectious Disease,Sepsis,therapeutic_class,0.8
meningococcal,VACCINE,,Preventive Medicine,Vaccination / Immunization,therapeutic_class,0.8
fosfomycin,ANTI INFECTIVE,,Infectious Disease,Bacterial Infection,therapeutic_class,0.8
fosfomycin,ANTI INFECTIVE,,Infectious Disease,Infection,therapeutic_class,0.8
carvedilol,CARDIAC,Alpha & beta blocke,Cardiovascular,Hypertension,therapeutic_class,0.8
carvedilol,CARDIAC,Alpha & beta blocke,Cardiovascular,Heart Disease,therapeutic_class,0.8
carvedilol,CARDIAC,Alpha & beta blocke,Cardiovascular,Angina,therapeutic_class,0.8
carvedilol,CARDIAC,Alpha & beta blocke,Cardiovascular,Arrhythmia,therapeutic_class,0.8
carvedilol,CARDIAC,Alpha & beta blocke,Cardiovascular,Heart Failure,therapeutic_class,0.8
carvedilol,CARDIAC,Alpha & beta blocke,Cardiovascular,Hyperlipidemia,therapeutic_class,0.8
thyroxine,HORMONES,Thyroid hormone,Endocrinology,Hormonal Imbalance,therapeutic_class,0.8
thyroxine,HORMONES,Thyroid hormone,Endocrinology,Hypothyroidism,therapeutic_class,0.8
thyroxine,HORMONES,Thyroid hormone,Endocrinology,Adrenal Insufficiency,therapeutic_class,0.8
thyroxine,HORMONES,Thyroid hormone,Endocrinology,Growth Disorder,therapeutic_class,0.8
amodiaquine,ANTI MALARIALS,Antimalarial- Aminoquinoline,Infectious Disease,Malaria,therapeutic_class,0.8
pomalidomide,ANTI NEOPLASTICS,Immunomodulatory derivatives of thalidomid,Oncology,Cancer,therapeutic_class,0.8
pomalidomide,ANTI NEOPLASTICS,Immunomodulatory derivatives of thalidomid,Oncology,Malignant Tumor,therapeutic_class,0.8
pomalidomide,ANTI NEOPLASTICS,Immunomodulatory derivatives of thalidomid,Oncology,Leukemia,therapeutic_class,0.8
teicoplanin,ANTI INFECTIVES,Glycopeptide,Infectious Disease,Bacterial Infection,therapeutic_class,0.8
teicoplanin,ANTI INFECTIVES,Glycopeptide,Infectious Disease,Infection,therapeutic_class,0.8
teicoplanin,ANTI INFECTIVES,Glycopeptide,Infectious Disease,Sepsis,therapeutic_class,0.8
nicotinamide,VITAMINS MINERALS NUTRIENT,,Nutrition,Nutritional Deficiency,therapeutic_class,0.8
nicotinamide,VITAMINS MINERALS NUTRIENT,,Nutrition,Vitamin Deficiency,therapeutic_class,0.8
nicotinamide,VITAMINS MINERALS NUTRIENT,,Nutrition,Mineral Deficiency,therapeutic_class,0.8
butenafine,DERMA,Antifungal Other,Dermatology,Skin Infection,therapeutic_class,0.8
butenafine,DERMA,Antifungal Other,Dermatology,Dermatitis,therapeutic_class,0.8
butenafine,DERMA,Antifungal Other,Dermatology,Fungal Infection,therapeutic_class,0.8
butenafine,DERMA,Antifungal Other,Dermatology,Acne,therapeutic_class,0.8
butenafine,DERMA,Antifungal Other,Dermatology,Eczema,therapeutic_class,0.8
chlorpheniramine maleate+dextromethorphan hydrobromide+phenylephrine,RESPIRATOR,,Respiratory,Allergic Rhinitis,therapeutic_class,0.8
chlorpheniramine maleate+dextromethorphan hydrobromide+phenylephrine,RESPIRATOR,,Respiratory,Cough,therapeutic_class,0.8
chlorpheniramine maleate+dextromethorphan hydrobromide+phenylephrine,RESPIRATOR,,Respiratory,Common Cold,therapeutic_class,0.8
chlorpheniramine maleate+dextromethorphan hydrobromide+phenylephrine,RESPIRATOR,,Respiratory,Nasal Congestion,therapeutic_class,0.8
chlorpheniramine maleate+dextromethorphan hydrobromide+phenylephrine,RESPIRATOR,,Respiratory,Bronchitis,therapeutic_class,0.8
enalapril,CARDIAC,Angiotensin-converting enzyme (ACE) inhibitor,Cardiovascular,Hypertension,therapeutic_class,0.8
enalapril,CARDIAC,Angiotensin-converting enzyme (ACE) inhibitor,Cardiovascular,Heart Disease,therapeutic_class,0.8
enalapril,CARDIAC,Angiotensin-converting enzyme (ACE) inhibitor,Cardiovascular,Angina,therapeutic_class,0.8
enalapril,CARDIAC,Angiotensin-converting enzyme (ACE) inhibitor,Cardiovascular,Arrhythmia,therapeutic_class,0.8
enalapril,CARDIAC,Angiotensin-converting enzyme (ACE) inhibitor,Cardiovascular,Heart Failure,therapeutic_class,0.8
enalapril,CARDIAC,Angiotensin-converting enzyme (ACE) inhibitor,Cardiovascular,Hyperlipidemia,therapeutic_class,0.8
pazopanib,ANTI NEOPLASTICS,Tyrosine kinase inhibitor,Oncology,Cancer,therapeutic_class,0.8
pazopanib,ANTI NEOPLASTICS,Tyrosine kinase inhibitor,Oncology,Malignant Tumor,therapeutic_class,0.8
pazopanib,ANTI NEOPLASTICS,Tyrosine kinase inhibitor,Oncology,Leukemia,therapeutic_class,0.8
lactobacillus,GASTRO INTESTINA,,Gastroenterology,Acid Reflux,therapeutic_class,0.8
lactobacillus,GASTRO INTESTINA,,Gastroenterology,GERD,therapeutic_class,0.8
lactobacillus,GASTRO INTESTINA,,Gastroenterology,Peptic Ulcer,therapeutic_class,0.8
lactobacillus,GASTRO INTESTINA,,Gastroenterology,Nausea,therapeutic_class,0.8
valdecoxib,PAIN ANALGESICS,NSAID,Pain Management,Pain,therapeutic_class,0.8
valdecoxib,PAIN ANALGESICS,NSAID,Pain Management,Inflammation,therapeutic_class,0.8
valdecoxib,PAIN ANALGESICS,NSAID,Pain Management,Arthritis,therapeutic_class,0.8
valdecoxib,PAIN ANALGESICS,NSAID,Pain Management,Musculoskeletal Pain,therapeutic_class,0.8
rizatriptan,NEURO CN,,Neurology / Psychiatry,Anxiety,therapeutic_class,0.8
rizatriptan,NEURO CN,,Neurology / Psychiatry,Depression,therapeutic_class,0.8
rizatriptan,NEURO CN,,Neurology / Psychiatry,Insomnia,therapeutic_class,0.8
rizatriptan,NEURO CN,,Neurology / Psychiatry,Vertigo,therapeutic_class,0.8
rizatriptan,NEURO CN,,Neurology / Psychiatry,Neuropathy,therapeutic_class,0.8
cefetamet,ANTI INFECTIVES,Cephalosporins   3 generatio,Infectious Disease,Bacterial Infection,therapeutic_class,0.8
cefetamet,ANTI INFECTIVES,Cephalosporins   3 generatio,Infectious Disease,Infection,therapeutic_class,0.8
cefetamet,ANTI INFECTIVES,Cephalosporins   3 generatio,Infectious Disease,Sepsis,therapeutic_class,0.8
vancomycin,ANTI INFECTIVES,Glycopeptide,Infectious Disease,Bacterial Infection,therapeutic_class,0.8
vancomycin,ANTI INFECTIVES,Glycopeptide,Infectious Disease,Infection,therapeutic_class,0.8
vancomycin,ANTI INFECTIVES,Glycopeptide,Infectious Disease,Sepsis,therapeutic_class,0.8
colistimethate sodium,GASTRO INTESTINAL,Cell membrane active agen,Gastroenterology,Acid Reflux,therapeutic_class,0.8
colistimethate sodium,GASTRO INTESTINAL,Cell membrane active agen,Gastroenterology,GERD,therapeutic_class,0.8
colistimethate sodium,GASTRO INTESTINAL,Cell membrane active agen,Gastroenterology,Peptic Ulcer,therapeutic_class,0.8
colistimethate sodium,GASTRO INTESTINAL,Cell membrane active agen,Gastroenterology,Gastritis,therapeutic_class,0.8
colistimethate sodium,GASTRO INTESTINAL,Cell membrane active agen,Gastroenterology,Nausea,therapeutic_class,0.8
colistimethate sodium,GASTRO INTESTINAL,Cell membrane active agen,Gastroenterology,Diarrhea,therapeutic_class,0.8
ulipristal acetate,GYNAECOLOGICA,,Gynecology,Vaginal Infection,therapeutic_class,0.8
ulipristal acetate,GYNAECOLOGICA,,Gynecology,Hormonal Irregularity,therapeutic_class,0.8
chloroquine,OPHTHAL,Antimalarial- Aminoquinoline,Ophthalmology,Eye Infection,therapeutic_class,0.8
chloroquine,OPHTHAL,Antimalarial- Aminoquinoline,Ophthalmology,Glaucoma,therapeutic_class,0.8
chloroquine,OPHTHAL,Antimalarial- Aminoquinoline,Ophthalmology,Conjunctivitis,therapeutic_class,0.8
chloroquine,OPHTHAL,Antimalarial- Aminoquinoline,Ophthalmology,Dry Eye,therapeutic_class,0.8
urofollitropin,GYNAECOLOGICAL,Gonadotropin,Gynecology,Gynecological Infection,therapeutic_class,0.8
urofollitropin,GYNAECOLOGICAL,Gonadotropin,Gynecology,Hormonal Irregularity,therapeutic_class,0.8
urofollitropin,GYNAECOLOGICAL,Gonadotropin,Gynecology,PCOS,therapeutic_class,0.8
urofollitropin,GYNAECOLOGICAL,Gonadotropin,Gynecology,Menstrual Disorder,therapeutic_class,0.8
difluprednate,OPHTHAL,Topical Glucocorticoid,Ophthalmology,Eye Infection,therapeutic_class,0.8
difluprednate,OPHTHAL,Topical Glucocorticoid,Ophthalmology,Glaucoma,therapeutic_class,0.8
difluprednate,OPHTHAL,Topical Glucocorticoid,Ophthalmology,Conjunctivitis,therapeutic_class,0.8
difluprednate,OPHTHAL,Topical Glucocorticoid,Ophthalmology,Dry Eye,therapeutic_class,0.8
cimetidine,GASTRO INTESTINAL,H2 Receptor Blocke,Gastroenterology,Acid Reflux,therapeutic_class,0.8
cimetidine,GASTRO INTESTINAL,H2 Receptor Blocke,Gastroenterology,GERD,therapeutic_class,0.8
cimetidine,GASTRO INTESTINAL,H2 Receptor Blocke,Gastroenterology,Peptic Ulcer,therapeutic_class,0.8
cimetidine,GASTRO INTESTINAL,H2 Receptor Blocke,Gastroenterology,Gastritis,therapeutic_class,0.8
cimetidine,GASTRO INTESTINAL,H2 Receptor Blocke,Gastroenterology,Nausea,therapeutic_class,0.8
cimetidine,GASTRO INTESTINAL,H2 Receptor Blocke,Gastroenterology,Diarrhea,therapeutic_class,0.8
fluvoxamine,NEURO CNS,Selective Seretonin Reuptake inhibitors (SSRIs,Neurology / Psychiatry,Epilepsy,therapeutic_class,0.8
fluvoxamine,NEURO CNS,Selective Seretonin Reuptake inhibitors (SSRIs,Neurology / Psychiatry,Anxiety,therapeutic_class,0.8
fluvoxamine,NEURO CNS,Selective Seretonin Reuptake inhibitors (SSRIs,Neurology / Psychiatry,Depression,therapeutic_class,0.8
fluvoxamine,NEURO CNS,Selective Seretonin Reuptake inhibitors (SSRIs,Neurology / Psychiatry,Insomnia,therapeutic_class,0.8
fluvoxamine,NEURO CNS,Selective Seretonin Reuptake inhibitors (SSRIs,Neurology / Psychiatry,Seizure Disorder,therapeutic_class,0.8
fluvoxamine,NEURO CNS,Selective Seretonin Reuptake inhibitors (SSRIs,Neurology / Psychiatry,Neuropathic Pain,therapeutic_class,0.8
lactitol+ispaghula,GASTRO INTESTINA,,Gastroenterology,Acid Reflux,therapeutic_class,0.8
lactitol+ispaghula,GASTRO INTESTINA,,Gastroenterology,GERD,therapeutic_class,0.8
lactitol+ispaghula,GASTRO INTESTINA,,Gastroenterology,Peptic Ulcer,therapeutic_class,0.8
lactitol+ispaghula,GASTRO INTESTINA,,Gastroenterology,Nausea,therapeutic_class,0.8
calcium gluconate,VITAMINS MINERALS NUTRIENT,,Nutrition,Nutritional Deficiency,therapeutic_class,0.8
calcium gluconate,VITAMINS MINERALS NUTRIENT,,Nutrition,Vitamin Deficiency,therapeutic_class,0.8
calcium gluconate,VITAMINS MINERALS NUTRIENT,,Nutrition,Mineral Deficiency,therapeutic_class,0.8
epirubicin,ANTI NEOPLASTICS,Alkaloids-cytotoxic agent,Oncology,Cancer,therapeutic_class,0.8
epirubicin,ANTI NEOPLASTICS,Alkaloids-cytotoxic agent,Oncology,Malignant Tumor,therapeutic_class,0.8
epirubicin,ANTI NEOPLASTICS,Alkaloids-cytotoxic agent,Oncology,Leukemia,therapeutic_class,0.8
liquid paraffin,GASTRO INTESTINA,,Gastroenterology,Acid Reflux,therapeutic_class,0.8
liquid paraffin,GASTRO INTESTINA,,Gastroenterology,GERD,therapeutic_class,0.8
liquid paraffin,GASTRO INTESTINA,,Gastroenterology,Peptic Ulcer,therapeutic_class,0.8
liquid paraffin,GASTRO INTESTINA,,Gastroenterology,Nausea,therapeutic_class,0.8
gemifloxacin,GASTRO INTESTINAL,Quinolones/ Fluroquinolone,Gastroenterology,Acid Reflux,therapeutic_class,0.8
gemifloxacin,GASTRO INTESTINAL,Quinolones/ Fluroquinolone,Gastroenterology,GERD,therapeutic_class,0.8
gemifloxacin,GASTRO INTESTINAL,Quinolones/ Fluroquinolone,Gastroenterology,Peptic Ulcer,therapeutic_class,0.8
gemifloxacin,GASTRO INTESTINAL,Quinolones/ Fluroquinolone,Gastroenterology,Gastritis,therapeutic_class,0.8
gemifloxacin,GASTRO INTESTINAL,Quinolones/ Fluroquinolone,Gastroenterology,Nausea,therapeutic_class,0.8
gemifloxacin,GASTRO INTESTINAL,Quinolones/ Fluroquinolone,Gastroenterology,Diarrhea,therapeutic_class,0.8
cefpirome,ANTI INFECTIVES,Cephalosporins   4th generatio,Infectious Disease,Bacterial Infection,therapeutic_class,0.8
cefpirome,ANTI INFECTIVES,Cephalosporins   4th generatio,Infectious Disease,Infection,therapeutic_class,0.8
cefpirome,ANTI INFECTIVES,Cephalosporins   4th generatio,Infectious Disease,Sepsis,therapeutic_class,0.8
vinpocetine,ANTI NEOPLASTICS,Nootropic agen,Oncology,Cancer,therapeutic_class,0.8
vinpocetine,ANTI NEOPLASTICS,Nootropic agen,Oncology,Malignant Tumor,therapeutic_class,0.8
vinpocetine,ANTI NEOPLASTICS,Nootropic agen,Oncology,Leukemia,therapeutic_class,0.8
oxytocin,GYNAECOLOGICAL,Uterotonic and abortificien,Gynecology,Gynecological Infection,therapeutic_class,0.8
oxytocin,GYNAECOLOGICAL,Uterotonic and abortificien,Gynecology,Hormonal Irregularity,therapeutic_class,0.8
oxytocin,GYNAECOLOGICAL,Uterotonic and abortificien,Gynecology,PCOS,therapeutic_class,0.8
oxytocin,GYNAECOLOGICAL,Uterotonic and abortificien,Gynecology,Menstrual Disorder,therapeutic_class,0.8
docosahexanoic acid,VITAMINS MINERALS NUTRIENT,,Nutrition,Nutritional Deficiency,therapeutic_class,0.8
docosahexanoic acid,VITAMINS MINERALS NUTRIENT,,Nutrition,Vitamin Deficiency,therapeutic_class,0.8
docosahexanoic acid,VITAMINS MINERALS NUTRIENT,,Nutrition,Mineral Deficiency,therapeutic_class,0.8
benzoxonium chloride,PAIN ANALGESIC,,Pain Management,Pain,therapeutic_class,0.8
benzoxonium chloride,PAIN ANALGESIC,,Pain Management,Inflammation,therapeutic_class,0.8
benzoxonium chloride,PAIN ANALGESIC,,Pain Management,Arthritis,therapeutic_class,0.8
benzoxonium chloride,PAIN ANALGESIC,,Pain Management,Musculoskeletal Pain,therapeutic_class,0.8
cabergoline,GYNAECOLOGICAL,Dopamine agonists-Hyperprolactinemi,Gynecology,Gynecological Infection,therapeutic_class,0.8
cabergoline,GYNAECOLOGICAL,Dopamine agonists-Hyperprolactinemi,Gynecology,Hormonal Irregularity,therapeutic_class,0.8
cabergoline,GYNAECOLOGICAL,Dopamine agonists-Hyperprolactinemi,Gynecology,PCOS,therapeutic_class,0.8
cabergoline,GYNAECOLOGICAL,Dopamine agonists-Hyperprolactinemi,Gynecology,Menstrual Disorder,therapeutic_class,0.8
obeticholic acid,GASTRO INTESTINA,,Gastroenterology,Acid Reflux,therapeutic_class,0.8
obeticholic acid,GASTRO INTESTINA,,Gastroenterology,GERD,therapeutic_class,0.8
obeticholic acid,GASTRO INTESTINA,,Gastroenterology,Peptic Ulcer,therapeutic_class,0.8
obeticholic acid,GASTRO INTESTINA,,Gastroenterology,Nausea,therapeutic_class,0.8
ibrutinib,ANTI NEOPLASTICS,Bruton,Oncology,Cancer,therapeutic_class,0.8
ibrutinib,ANTI NEOPLASTICS,Bruton,Oncology,Malignant Tumor,therapeutic_class,0.8
ibrutinib,ANTI NEOPLASTICS,Bruton,Oncology,Leukemia,therapeutic_class,0.8
linagliptin,ANTI DIABETIC,DPP-4 inhibitor,Endocrine / Metabolic,Diabetes Mellitus,therapeutic_class,0.8
linagliptin,ANTI DIABETIC,DPP-4 inhibitor,Endocrine / Metabolic,Type 2 Diabetes,therapeutic_class,0.8
linagliptin,ANTI DIABETIC,DPP-4 inhibitor,Endocrine / Metabolic,Hyperglycemia,therapeutic_class,0.8
calcitriol+calcium carbonate+vitamin k2-7,VITAMINS MINERALS NUTRIENT,,Nutrition,Nutritional Deficiency,therapeutic_class,0.8
calcitriol+calcium carbonate+vitamin k2-7,VITAMINS MINERALS NUTRIENT,,Nutrition,Vitamin Deficiency,therapeutic_class,0.8
calcitriol+calcium carbonate+vitamin k2-7,VITAMINS MINERALS NUTRIENT,,Nutrition,Mineral Deficiency,therapeutic_class,0.8
human chorionic gonadotropin,GYNAECOLOGICAL,Gonadotropin,Gynecology,Gynecological Infection,therapeutic_class,0.8
human chorionic gonadotropin,GYNAECOLOGICAL,Gonadotropin,Gynecology,Hormonal Irregularity,therapeutic_class,0.8
human chorionic gonadotropin,GYNAECOLOGICAL,Gonadotropin,Gynecology,PCOS,therapeutic_class,0.8
human chorionic gonadotropin,GYNAECOLOGICAL,Gonadotropin,Gynecology,Menstrual Disorder,therapeutic_class,0.8
ofatumumab,ANTI NEOPLASTICS,CD 20 Inhibito,Oncology,Cancer,therapeutic_class,0.8
ofatumumab,ANTI NEOPLASTICS,CD 20 Inhibito,Oncology,Malignant Tumor,therapeutic_class,0.8
ofatumumab,ANTI NEOPLASTICS,CD 20 Inhibito,Oncology,Leukemia,therapeutic_class,0.8
darifenacin,UROLOGY,Selective M3 anticholinergic (Bladder,Urology,Benign Prostatic Hyperplasia,therapeutic_class,0.8
darifenacin,UROLOGY,Selective M3 anticholinergic (Bladder,Urology,Urinary Tract Disorder,therapeutic_class,0.8
gemcitabine,ANTI NEOPLASTICS,Antimetabolite,Oncology,Cancer,therapeutic_class,0.8
gemcitabine,ANTI NEOPLASTICS,Antimetabolite,Oncology,Malignant Tumor,therapeutic_class,0.8
gemcitabine,ANTI NEOPLASTICS,Antimetabolite,Oncology,Leukemia,therapeutic_class,0.8
raloxifene,GYNAECOLOGICAL,Selective estrogen receptor modulators (SERM)- Osteoporosi,Gynecology,Gynecological Infection,therapeutic_class,0.8
raloxifene,GYNAECOLOGICAL,Selective estrogen receptor modulators (SERM)- Osteoporosi,Gynecology,Hormonal Irregularity,therapeutic_class,0.8
raloxifene,GYNAECOLOGICAL,Selective estrogen receptor modulators (SERM)- Osteoporosi,Gynecology,PCOS,therapeutic_class,0.8
raloxifene,GYNAECOLOGICAL,Selective estrogen receptor modulators (SERM)- Osteoporosi,Gynecology,Menstrual Disorder,therapeutic_class,0.8
phenolphthalein,GASTRO INTESTINAL,Stimulant laxatives/purgativ,Gastroenterology,Acid Reflux,therapeutic_class,0.8
phenolphthalein,GASTRO INTESTINAL,Stimulant laxatives/purgativ,Gastroenterology,GERD,therapeutic_class,0.8
phenolphthalein,GASTRO INTESTINAL,Stimulant laxatives/purgativ,Gastroenterology,Peptic Ulcer,therapeutic_class,0.8
phenolphthalein,GASTRO INTESTINAL,Stimulant laxatives/purgativ,Gastroenterology,Gastritis,therapeutic_class,0.8
phenolphthalein,GASTRO INTESTINAL,Stimulant laxatives/purgativ,Gastroenterology,Nausea,therapeutic_class,0.8
phenolphthalein,GASTRO INTESTINAL,Stimulant laxatives/purgativ,Gastroenterology,Diarrhea,therapeutic_class,0.8
isavuconazole,ANTI INFECTIVE,,Infectious Disease,Bacterial Infection,therapeutic_class,0.8
isavuconazole,ANTI INFECTIVE,,Infectious Disease,Infection,therapeutic_class,0.8
cabozantinib,ANTI NEOPLASTICS,Tyrosine kinase inhibitor,Oncology,Cancer,therapeutic_class,0.8
cabozantinib,ANTI NEOPLASTICS,Tyrosine kinase inhibitor,Oncology,Malignant Tumor,therapeutic_class,0.8
cabozantinib,ANTI NEOPLASTICS,Tyrosine kinase inhibitor,Oncology,Leukemia,therapeutic_class,0.8
vinblastine,ANTI NEOPLASTICS,Antimicrotubule agents- Vinka alkaloi,Oncology,Cancer,therapeutic_class,0.8
vinblastine,ANTI NEOPLASTICS,Antimicrotubule agents- Vinka alkaloi,Oncology,Malignant Tumor,therapeutic_class,0.8
vinblastine,ANTI NEOPLASTICS,Antimicrotubule agents- Vinka alkaloi,Oncology,Leukemia,therapeutic_class,0.8
irinotecan,ANTI NEOPLASTICS,Topoisomerase Inhibito,Oncology,Cancer,therapeutic_class,0.8
irinotecan,ANTI NEOPLASTICS,Topoisomerase Inhibito,Oncology,Malignant Tumor,therapeutic_class,0.8
irinotecan,ANTI NEOPLASTICS,Topoisomerase Inhibito,Oncology,Leukemia,therapeutic_class,0.8
crizotinib,ANTI NEOPLASTICS,Tyrosine kinase inhibitor,Oncology,Cancer,therapeutic_class,0.8
crizotinib,ANTI NEOPLASTICS,Tyrosine kinase inhibitor,Oncology,Malignant Tumor,therapeutic_class,0.8
crizotinib,ANTI NEOPLASTICS,Tyrosine kinase inhibitor,Oncology,Leukemia,therapeutic_class,0.8
hydroxyurea,ANTI NEOPLASTICS,Anticancer-other,Oncology,Cancer,therapeutic_class,0.8
hydroxyurea,ANTI NEOPLASTICS,Anticancer-other,Oncology,Malignant Tumor,therapeutic_class,0.8
hydroxyurea,ANTI NEOPLASTICS,Anticancer-other,Oncology,Leukemia,therapeutic_class,0.8
lapatinib,ANTI NEOPLASTICS,Tyrosine kinase inhibitor,Oncology,Cancer,therapeutic_class,0.8
lapatinib,ANTI NEOPLASTICS,Tyrosine kinase inhibitor,Oncology,Malignant Tumor,therapeutic_class,0.8
lapatinib,ANTI NEOPLASTICS,Tyrosine kinase inhibitor,Oncology,Leukemia,therapeutic_class,0.8
tamoxifen,ANTI NEOPLASTICS,Selective estrogen receptor modulators (SERM)- Breast C,Oncology,Cancer,therapeutic_class,0.8
tamoxifen,ANTI NEOPLASTICS,Selective estrogen receptor modulators (SERM)- Breast C,Oncology,Malignant Tumor,therapeutic_class,0.8
tamoxifen,ANTI NEOPLASTICS,Selective estrogen receptor modulators (SERM)- Breast C,Oncology,Leukemia,therapeutic_class,0.8
cinitapride,GASTRO INTESTINA,,Gastroenterology,Acid Reflux,therapeutic_class,0.8
cinitapride,GASTRO INTESTINA,,Gastroenterology,GERD,therapeutic_class,0.8
cinitapride,GASTRO INTESTINA,,Gastroenterology,Peptic Ulcer,therapeutic_class,0.8
cinitapride,GASTRO INTESTINA,,Gastroenterology,Nausea,therapeutic_class,0.8
xantinol nicotinate,CARDIAC,Anticholinergic,Cardiovascular,Hypertension,therapeutic_class,0.8
xantinol nicotinate,CARDIAC,Anticholinergic,Cardiovascular,Heart Disease,therapeutic_class,0.8
xantinol nicotinate,CARDIAC,Anticholinergic,Cardiovascular,Angina,therapeutic_class,0.8
xantinol nicotinate,CARDIAC,Anticholinergic,Cardiovascular,Arrhythmia,therapeutic_class,0.8
xantinol nicotinate,CARDIAC,Anticholinergic,Cardiovascular,Heart Failure,therapeutic_class,0.8
xantinol nicotinate,CARDIAC,Anticholinergic,Cardiovascular,Hyperlipidemia,therapeutic_class,0.8
dinoprostone,GYNAECOLOGICAL,PG E2 analogu,Gynecology,Gynecological Infection,therapeutic_class,0.8
dinoprostone,GYNAECOLOGICAL,PG E2 analogu,Gynecology,Hormonal Irregularity,therapeutic_class,0.8
dinoprostone,GYNAECOLOGICAL,PG E2 analogu,Gynecology,PCOS,therapeutic_class,0.8
dinoprostone,GYNAECOLOGICAL,PG E2 analogu,Gynecology,Menstrual Disorder,therapeutic_class,0.8
noscapine,RESPIRATOR,,Respiratory,Allergic Rhinitis,therapeutic_class,0.8
noscapine,RESPIRATOR,,Respiratory,Cough,therapeutic_class,0.8
noscapine,RESPIRATOR,,Respiratory,Common Cold,therapeutic_class,0.8
noscapine,RESPIRATOR,,Respiratory,Nasal Congestion,therapeutic_class,0.8
noscapine,RESPIRATOR,,Respiratory,Bronchitis,therapeutic_class,0.8
sodium sulphate,GASTRO INTESTINA,,Gastroenterology,Acid Reflux,therapeutic_class,0.8
sodium sulphate,GASTRO INTESTINA,,Gastroenterology,GERD,therapeutic_class,0.8
sodium sulphate,GASTRO INTESTINA,,Gastroenterology,Peptic Ulcer,therapeutic_class,0.8
sodium sulphate,GASTRO INTESTINA,,Gastroenterology,Nausea,therapeutic_class,0.8
pentosan polysulfate sodium,UROLOGY,interstitial cystitis dru,Urology,Benign Prostatic Hyperplasia,therapeutic_class,0.8
pentosan polysulfate sodium,UROLOGY,interstitial cystitis dru,Urology,Urinary Tract Disorder,therapeutic_class,0.8
cholestyramine,CARDIAC,Bile acid Sequesterant,Cardiovascular,Hypertension,therapeutic_class,0.8
cholestyramine,CARDIAC,Bile acid Sequesterant,Cardiovascular,Heart Disease,therapeutic_class,0.8
cholestyramine,CARDIAC,Bile acid Sequesterant,Cardiovascular,Angina,therapeutic_class,0.8
cholestyramine,CARDIAC,Bile acid Sequesterant,Cardiovascular,Arrhythmia,therapeutic_class,0.8
cholestyramine,CARDIAC,Bile acid Sequesterant,Cardiovascular,Heart Failure,therapeutic_class,0.8
cholestyramine,CARDIAC,Bile acid Sequesterant,Cardiovascular,Hyperlipidemia,therapeutic_class,0.8
desogestrel,GYNAECOLOGICAL,Progestins (Third generation,Gynecology,Gynecological Infection,therapeutic_class,0.8
desogestrel,GYNAECOLOGICAL,Progestins (Third generation,Gynecology,Hormonal Irregularity,therapeutic_class,0.8
desogestrel,GYNAECOLOGICAL,Progestins (Third generation,Gynecology,PCOS,therapeutic_class,0.8
desogestrel,GYNAECOLOGICAL,Progestins (Third generation,Gynecology,Menstrual Disorder,therapeutic_class,0.8
cariprazine,NEURO CNS,Atypical Antipsychotic,Neurology / Psychiatry,Epilepsy,therapeutic_class,0.8
cariprazine,NEURO CNS,Atypical Antipsychotic,Neurology / Psychiatry,Anxiety,therapeutic_class,0.8
cariprazine,NEURO CNS,Atypical Antipsychotic,Neurology / Psychiatry,Depression,therapeutic_class,0.8
cariprazine,NEURO CNS,Atypical Antipsychotic,Neurology / Psychiatry,Insomnia,therapeutic_class,0.8
cariprazine,NEURO CNS,Atypical Antipsychotic,Neurology / Psychiatry,Seizure Disorder,therapeutic_class,0.8
cariprazine,NEURO CNS,Atypical Antipsychotic,Neurology / Psychiatry,Neuropathic Pain,therapeutic_class,0.8
human papillomavirus quadrivalent,VACCINE,,Preventive Medicine,Vaccination / Immunization,therapeutic_class,0.8
tolfenamic acid,PAIN ANALGESICS,NSAID,Pain Management,Pain,therapeutic_class,0.8
tolfenamic acid,PAIN ANALGESICS,NSAID,Pain Management,Inflammation,therapeutic_class,0.8
tolfenamic acid,PAIN ANALGESICS,NSAID,Pain Management,Arthritis,therapeutic_class,0.8
tolfenamic acid,PAIN ANALGESICS,NSAID,Pain Management,Musculoskeletal Pain,therapeutic_class,0.8
clofazimine,ANTI INFECTIVES,Anti leproti,Infectious Disease,Bacterial Infection,therapeutic_class,0.8
clofazimine,ANTI INFECTIVES,Anti leproti,Infectious Disease,Infection,therapeutic_class,0.8
clofazimine,ANTI INFECTIVES,Anti leproti,Infectious Disease,Sepsis,therapeutic_class,0.8
sodium fusidate,DERMA,Protein synthesis inhibitor,Dermatology,Skin Infection,therapeutic_class,0.8
sodium fusidate,DERMA,Protein synthesis inhibitor,Dermatology,Dermatitis,therapeutic_class,0.8
sodium fusidate,DERMA,Protein synthesis inhibitor,Dermatology,Fungal Infection,therapeutic_class,0.8
sodium fusidate,DERMA,Protein synthesis inhibitor,Dermatology,Acne,therapeutic_class,0.8
sodium fusidate,DERMA,Protein synthesis inhibitor,Dermatology,Eczema,therapeutic_class,0.8
human papillomavirus bivalent,VACCINE,,Preventive Medicine,Vaccination / Immunization,therapeutic_class,0.8
climbazole,DERM,,Dermatology,Skin Infection,therapeutic_class,0.8
climbazole,DERM,,Dermatology,Dermatitis,therapeutic_class,0.8
climbazole,DERM,,Dermatology,Fungal Infection,therapeutic_class,0.8
climbazole,DERM,,Dermatology,Eczema,therapeutic_class,0.8
climbazole,DERM,,Dermatology,Psoriasis,therapeutic_class,0.8
magnesium bisglycinate,VITAMINS MINERALS NUTRIENTS,Mineral,Nutrition,Nutritional Deficiency,therapeutic_class,0.8
magnesium bisglycinate,VITAMINS MINERALS NUTRIENTS,Mineral,Nutrition,Vitamin Deficiency,therapeutic_class,0.8
crotamiton,DERMA,Ectoparasiticide,Dermatology,Skin Infection,therapeutic_class,0.8
crotamiton,DERMA,Ectoparasiticide,Dermatology,Dermatitis,therapeutic_class,0.8
crotamiton,DERMA,Ectoparasiticide,Dermatology,Fungal Infection,therapeutic_class,0.8
crotamiton,DERMA,Ectoparasiticide,Dermatology,Acne,therapeutic_class,0.8
crotamiton,DERMA,Ectoparasiticide,Dermatology,Eczema,therapeutic_class,0.8
calcipotriol,DERM,,Dermatology,Skin Infection,therapeutic_class,0.8
calcipotriol,DERM,,Dermatology,Dermatitis,therapeutic_class,0.8
calcipotriol,DERM,,Dermatology,Fungal Infection,therapeutic_class,0.8
calcipotriol,DERM,,Dermatology,Eczema,therapeutic_class,0.8
calcipotriol,DERM,,Dermatology,Psoriasis,therapeutic_class,0.8
zuclopenthixol,NEURO CNS,Typical Antipsychotic,Neurology / Psychiatry,Epilepsy,therapeutic_class,0.8
zuclopenthixol,NEURO CNS,Typical Antipsychotic,Neurology / Psychiatry,Anxiety,therapeutic_class,0.8
zuclopenthixol,NEURO CNS,Typical Antipsychotic,Neurology / Psychiatry,Depression,therapeutic_class,0.8
zuclopenthixol,NEURO CNS,Typical Antipsychotic,Neurology / Psychiatry,Insomnia,therapeutic_class,0.8
zuclopenthixol,NEURO CNS,Typical Antipsychotic,Neurology / Psychiatry,Seizure Disorder,therapeutic_class,0.8
zuclopenthixol,NEURO CNS,Typical Antipsychotic,Neurology / Psychiatry,Neuropathic Pain,therapeutic_class,0.8
oxybutynin,UROLOGY,Non selective Anticholinergic (Bladder,Urology,Benign Prostatic Hyperplasia,therapeutic_class,0.8
oxybutynin,UROLOGY,Non selective Anticholinergic (Bladder,Urology,Urinary Tract Disorder,therapeutic_class,0.8
fenticonazole,DERMA,Fungal ergosterol synthesis inhibito,Dermatology,Skin Infection,therapeutic_class,0.8
fenticonazole,DERMA,Fungal ergosterol synthesis inhibito,Dermatology,Dermatitis,therapeutic_class,0.8
fenticonazole,DERMA,Fungal ergosterol synthesis inhibito,Dermatology,Fungal Infection,therapeutic_class,0.8
fenticonazole,DERMA,Fungal ergosterol synthesis inhibito,Dermatology,Acne,therapeutic_class,0.8
fenticonazole,DERMA,Fungal ergosterol synthesis inhibito,Dermatology,Eczema,therapeutic_class,0.8
prucalopride,GASTRO INTESTINAL,Serotonin (5-HT4) receptor agonist-Prokinetic agen,Gastroenterology,Acid Reflux,therapeutic_class,0.8
prucalopride,GASTRO INTESTINAL,Serotonin (5-HT4) receptor agonist-Prokinetic agen,Gastroenterology,GERD,therapeutic_class,0.8
prucalopride,GASTRO INTESTINAL,Serotonin (5-HT4) receptor agonist-Prokinetic agen,Gastroenterology,Peptic Ulcer,therapeutic_class,0.8
prucalopride,GASTRO INTESTINAL,Serotonin (5-HT4) receptor agonist-Prokinetic agen,Gastroenterology,Gastritis,therapeutic_class,0.8
prucalopride,GASTRO INTESTINAL,Serotonin (5-HT4) receptor agonist-Prokinetic agen,Gastroenterology,Nausea,therapeutic_class,0.8
prucalopride,GASTRO INTESTINAL,Serotonin (5-HT4) receptor agonist-Prokinetic agen,Gastroenterology,Diarrhea,therapeutic_class,0.8
ringer's lactate,BLOOD RELATED,Crystalloid,Hematology,Anemia,therapeutic_class,0.8
ringer's lactate,BLOOD RELATED,Crystalloid,Hematology,Thrombosis,therapeutic_class,0.8
ringer's lactate,BLOOD RELATED,Crystalloid,Hematology,Blood Clotting Disorder,therapeutic_class,0.8
ringer's lactate,BLOOD RELATED,Crystalloid,Hematology,Deep Vein Thrombosis,therapeutic_class,0.8
l-methyl folate calcium,VITAMINS MINERALS NUTRIENT,,Nutrition,Nutritional Deficiency,therapeutic_class,0.8
l-methyl folate calcium,VITAMINS MINERALS NUTRIENT,,Nutrition,Vitamin Deficiency,therapeutic_class,0.8
l-methyl folate calcium,VITAMINS MINERALS NUTRIENT,,Nutrition,Mineral Deficiency,therapeutic_class,0.8
carboprost,GYNAECOLOGICA,,Gynecology,Vaginal Infection,therapeutic_class,0.8
carboprost,GYNAECOLOGICA,,Gynecology,Hormonal Irregularity,therapeutic_class,0.8
carbetocin,GYNAECOLOGICAL,Oxytocin Receptor Antagonis,Gynecology,Gynecological Infection,therapeutic_class,0.8
carbetocin,GYNAECOLOGICAL,Oxytocin Receptor Antagonis,Gynecology,Hormonal Irregularity,therapeutic_class,0.8
carbetocin,GYNAECOLOGICAL,Oxytocin Receptor Antagonis,Gynecology,PCOS,therapeutic_class,0.8
carbetocin,GYNAECOLOGICAL,Oxytocin Receptor Antagonis,Gynecology,Menstrual Disorder,therapeutic_class,0.8
magnesium citrate,VITAMINS MINERALS NUTRIENT,,Nutrition,Nutritional Deficiency,therapeutic_class,0.8
magnesium citrate,VITAMINS MINERALS NUTRIENT,,Nutrition,Vitamin Deficiency,therapeutic_class,0.8
magnesium citrate,VITAMINS MINERALS NUTRIENT,,Nutrition,Mineral Deficiency,therapeutic_class,0.8
cycloserine,ANTI INFECTIVES,Cell wall active agen,Infectious Disease,Bacterial Infection,therapeutic_class,0.8
cycloserine,ANTI INFECTIVES,Cell wall active agen,Infectious Disease,Infection,therapeutic_class,0.8
cycloserine,ANTI INFECTIVES,Cell wall active agen,Infectious Disease,Sepsis,therapeutic_class,0.8
tetracycline,ANTI INFECTIVES,Tetracycline,Infectious Disease,Bacterial Infection,therapeutic_class,0.8
tetracycline,ANTI INFECTIVES,Tetracycline,Infectious Disease,Infection,therapeutic_class,0.8
tetracycline,ANTI INFECTIVES,Tetracycline,Infectious Disease,Sepsis,therapeutic_class,0.8
phenytoin,NEURO CNS,Sodium channel modulators (AED,Neurology / Psychiatry,Epilepsy,therapeutic_class,0.8
phenytoin,NEURO CNS,Sodium channel modulators (AED,Neurology / Psychiatry,Anxiety,therapeutic_class,0.8
phenytoin,NEURO CNS,Sodium channel modulators (AED,Neurology / Psychiatry,Depression,therapeutic_class,0.8
phenytoin,NEURO CNS,Sodium channel modulators (AED,Neurology / Psychiatry,Insomnia,therapeutic_class,0.8
phenytoin,NEURO CNS,Sodium channel modulators (AED,Neurology / Psychiatry,Seizure Disorder,therapeutic_class,0.8
phenytoin,NEURO CNS,Sodium channel modulators (AED,Neurology / Psychiatry,Neuropathic Pain,therapeutic_class,0.8
otilonium bromide,GASTRO INTESTINAL,Anticholinergic,Gastroenterology,Acid Reflux,therapeutic_class,0.8
otilonium bromide,GASTRO INTESTINAL,Anticholinergic,Gastroenterology,GERD,therapeutic_class,0.8
otilonium bromide,GASTRO INTESTINAL,Anticholinergic,Gastroenterology,Peptic Ulcer,therapeutic_class,0.8
otilonium bromide,GASTRO INTESTINAL,Anticholinergic,Gastroenterology,Gastritis,therapeutic_class,0.8
otilonium bromide,GASTRO INTESTINAL,Anticholinergic,Gastroenterology,Nausea,therapeutic_class,0.8
otilonium bromide,GASTRO INTESTINAL,Anticholinergic,Gastroenterology,Diarrhea,therapeutic_class,0.8
clemastine,RESPIRATORY,H1 Antihistaminics (First Generation,Respiratory,Asthma,therapeutic_class,0.8
clemastine,RESPIRATORY,H1 Antihistaminics (First Generation,Respiratory,Allergic Rhinitis,therapeutic_class,0.8
clemastine,RESPIRATORY,H1 Antihistaminics (First Generation,Respiratory,COPD,therapeutic_class,0.8
clemastine,RESPIRATORY,H1 Antihistaminics (First Generation,Respiratory,Cough,therapeutic_class,0.8
clemastine,RESPIRATORY,H1 Antihistaminics (First Generation,Respiratory,Common Cold,therapeutic_class,0.8
clemastine,RESPIRATORY,H1 Antihistaminics (First Generation,Respiratory,Bronchitis,therapeutic_class,0.8
chadox1 ncov-19 corona virus vaccine,VACCINE,,Preventive Medicine,Vaccination / Immunization,therapeutic_class,0.8
ethylmorphine,RESPIRATORY,Opioid,Respiratory,Asthma,therapeutic_class,0.8
ethylmorphine,RESPIRATORY,Opioid,Respiratory,Allergic Rhinitis,therapeutic_class,0.8
ethylmorphine,RESPIRATORY,Opioid,Respiratory,COPD,therapeutic_class,0.8
ethylmorphine,RESPIRATORY,Opioid,Respiratory,Cough,therapeutic_class,0.8
ethylmorphine,RESPIRATORY,Opioid,Respiratory,Common Cold,therapeutic_class,0.8
ethylmorphine,RESPIRATORY,Opioid,Respiratory,Bronchitis,therapeutic_class,0.8
adrenochrome monosemicarbazone,BLOOD RELATED,Haemostatic agen,Hematology,Anemia,therapeutic_class,0.8
adrenochrome monosemicarbazone,BLOOD RELATED,Haemostatic agen,Hematology,Thrombosis,therapeutic_class,0.8
adrenochrome monosemicarbazone,BLOOD RELATED,Haemostatic agen,Hematology,Blood Clotting Disorder,therapeutic_class,0.8
adrenochrome monosemicarbazone,BLOOD RELATED,Haemostatic agen,Hematology,Deep Vein Thrombosis,therapeutic_class,0.8
potassium iodide,STOMATOLOGICAL,,Dentistry,Oral Ulcer,therapeutic_class,0.8
potassium iodide,STOMATOLOGICAL,,Dentistry,Mouth Infection,therapeutic_class,0.8
cinacalcet,VITAMINS MINERALS NUTRIENTS,Calcimimetic agen,Nutrition,Nutritional Deficiency,therapeutic_class,0.8
cinacalcet,VITAMINS MINERALS NUTRIENTS,Calcimimetic agen,Nutrition,Vitamin Deficiency,therapeutic_class,0.8
calcium citrate malate+vitamin d3+vitamin k2-7+methylcobalamin+magnesium oxide+zinc oxide,VITAMINS MINERALS NUTRIENT,,Nutrition,Nutritional Deficiency,therapeutic_class,0.8
calcium citrate malate+vitamin d3+vitamin k2-7+methylcobalamin+magnesium oxide+zinc oxide,VITAMINS MINERALS NUTRIENT,,Nutrition,Vitamin Deficiency,therapeutic_class,0.8
calcium citrate malate+vitamin d3+vitamin k2-7+methylcobalamin+magnesium oxide+zinc oxide,VITAMINS MINERALS NUTRIENT,,Nutrition,Mineral Deficiency,therapeutic_class,0.8
allantoin,DERM,,Dermatology,Skin Infection,therapeutic_class,0.8
allantoin,DERM,,Dermatology,Dermatitis,therapeutic_class,0.8
allantoin,DERM,,Dermatology,Fungal Infection,therapeutic_class,0.8
allantoin,DERM,,Dermatology,Eczema,therapeutic_class,0.8
allantoin,DERM,,Dermatology,Psoriasis,therapeutic_class,0.8
flutamide,ANTI NEOPLASTICS,Androgen receptor antagonis,Oncology,Cancer,therapeutic_class,0.8
flutamide,ANTI NEOPLASTICS,Androgen receptor antagonis,Oncology,Malignant Tumor,therapeutic_class,0.8
flutamide,ANTI NEOPLASTICS,Androgen receptor antagonis,Oncology,Leukemia,therapeutic_class,0.8
citalopram,NEURO CNS,Selective Seretonin Reuptake inhibitors (SSRIs,Neurology / Psychiatry,Epilepsy,therapeutic_class,0.8
citalopram,NEURO CNS,Selective Seretonin Reuptake inhibitors (SSRIs,Neurology / Psychiatry,Anxiety,therapeutic_class,0.8
citalopram,NEURO CNS,Selective Seretonin Reuptake inhibitors (SSRIs,Neurology / Psychiatry,Depression,therapeutic_class,0.8
citalopram,NEURO CNS,Selective Seretonin Reuptake inhibitors (SSRIs,Neurology / Psychiatry,Insomnia,therapeutic_class,0.8
citalopram,NEURO CNS,Selective Seretonin Reuptake inhibitors (SSRIs,Neurology / Psychiatry,Seizure Disorder,therapeutic_class,0.8
citalopram,NEURO CNS,Selective Seretonin Reuptake inhibitors (SSRIs,Neurology / Psychiatry,Neuropathic Pain,therapeutic_class,0.8
remdesivir,ANTI INFECTIVE,,Infectious Disease,Bacterial Infection,therapeutic_class,0.8
remdesivir,ANTI INFECTIVE,,Infectious Disease,Infection,therapeutic_class,0.8
trientine hydrochloride,GASTRO INTESTINA,,Gastroenterology,Acid Reflux,therapeutic_class,0.8
trientine hydrochloride,GASTRO INTESTINA,,Gastroenterology,GERD,therapeutic_class,0.8
trientine hydrochloride,GASTRO INTESTINA,,Gastroenterology,Peptic Ulcer,therapeutic_class,0.8
trientine hydrochloride,GASTRO INTESTINA,,Gastroenterology,Nausea,therapeutic_class,0.8
dienogest,GYNAECOLOGICAL,Progestins (Third generation,Gynecology,Gynecological Infection,therapeutic_class,0.8
dienogest,GYNAECOLOGICAL,Progestins (Third generation,Gynecology,Hormonal Irregularity,therapeutic_class,0.8
dienogest,GYNAECOLOGICAL,Progestins (Third generation,Gynecology,PCOS,therapeutic_class,0.8
dienogest,GYNAECOLOGICAL,Progestins (Third generation,Gynecology,Menstrual Disorder,therapeutic_class,0.8
dill oil,GASTRO INTESTINA,,Gastroenterology,Acid Reflux,therapeutic_class,0.8
dill oil,GASTRO INTESTINA,,Gastroenterology,GERD,therapeutic_class,0.8
dill oil,GASTRO INTESTINA,,Gastroenterology,Peptic Ulcer,therapeutic_class,0.8
dill oil,GASTRO INTESTINA,,Gastroenterology,Nausea,therapeutic_class,0.8
cetrimide,DERM,,Dermatology,Skin Infection,therapeutic_class,0.8
cetrimide,DERM,,Dermatology,Dermatitis,therapeutic_class,0.8
cetrimide,DERM,,Dermatology,Fungal Infection,therapeutic_class,0.8
cetrimide,DERM,,Dermatology,Eczema,therapeutic_class,0.8
cetrimide,DERM,,Dermatology,Psoriasis,therapeutic_class,0.8
coral calcium,VITAMINS MINERALS NUTRIENT,,Nutrition,Nutritional Deficiency,therapeutic_class,0.8
coral calcium,VITAMINS MINERALS NUTRIENT,,Nutrition,Vitamin Deficiency,therapeutic_class,0.8
coral calcium,VITAMINS MINERALS NUTRIENT,,Nutrition,Mineral Deficiency,therapeutic_class,0.8
vasopressin,HORMONES,Vasopressin analogue,Endocrinology,Hormonal Imbalance,therapeutic_class,0.8
vasopressin,HORMONES,Vasopressin analogue,Endocrinology,Hypothyroidism,therapeutic_class,0.8
vasopressin,HORMONES,Vasopressin analogue,Endocrinology,Adrenal Insufficiency,therapeutic_class,0.8
vasopressin,HORMONES,Vasopressin analogue,Endocrinology,Growth Disorder,therapeutic_class,0.8
dipyridamole,BLOOD RELATED,Phosphodiesterase III inhibitors (anti-thrombotic,Hematology,Anemia,therapeutic_class,0.8
dipyridamole,BLOOD RELATED,Phosphodiesterase III inhibitors (anti-thrombotic,Hematology,Thrombosis,therapeutic_class,0.8
dipyridamole,BLOOD RELATED,Phosphodiesterase III inhibitors (anti-thrombotic,Hematology,Blood Clotting Disorder,therapeutic_class,0.8
dipyridamole,BLOOD RELATED,Phosphodiesterase III inhibitors (anti-thrombotic,Hematology,Deep Vein Thrombosis,therapeutic_class,0.8
fluticasone propionate+mupirocin,DERM,,Dermatology,Skin Infection,therapeutic_class,0.8
fluticasone propionate+mupirocin,DERM,,Dermatology,Dermatitis,therapeutic_class,0.8
fluticasone propionate+mupirocin,DERM,,Dermatology,Fungal Infection,therapeutic_class,0.8
fluticasone propionate+mupirocin,DERM,,Dermatology,Eczema,therapeutic_class,0.8
fluticasone propionate+mupirocin,DERM,,Dermatology,Psoriasis,therapeutic_class,0.8
spiramycin,ANTI INFECTIVES,Macrolide,Infectious Disease,Bacterial Infection,therapeutic_class,0.8
spiramycin,ANTI INFECTIVES,Macrolide,Infectious Disease,Infection,therapeutic_class,0.8
spiramycin,ANTI INFECTIVES,Macrolide,Infectious Disease,Sepsis,therapeutic_class,0.8
nicergoline,NEURO CNS,Ergot derivativ,Neurology / Psychiatry,Epilepsy,therapeutic_class,0.8
nicergoline,NEURO CNS,Ergot derivativ,Neurology / Psychiatry,Anxiety,therapeutic_class,0.8
nicergoline,NEURO CNS,Ergot derivativ,Neurology / Psychiatry,Depression,therapeutic_class,0.8
nicergoline,NEURO CNS,Ergot derivativ,Neurology / Psychiatry,Insomnia,therapeutic_class,0.8
nicergoline,NEURO CNS,Ergot derivativ,Neurology / Psychiatry,Seizure Disorder,therapeutic_class,0.8
nicergoline,NEURO CNS,Ergot derivativ,Neurology / Psychiatry,Neuropathic Pain,therapeutic_class,0.8
posaconazole,ANTI INFECTIVES,Fungal ergosterol synthesis inhibito,Infectious Disease,Bacterial Infection,therapeutic_class,0.8
posaconazole,ANTI INFECTIVES,Fungal ergosterol synthesis inhibito,Infectious Disease,Infection,therapeutic_class,0.8
posaconazole,ANTI INFECTIVES,Fungal ergosterol synthesis inhibito,Infectious Disease,Sepsis,therapeutic_class,0.8
pilocarpine,ANTI NEOPLASTICS,Cholinomimetic Alkaloids- Pilocarpin,Oncology,Cancer,therapeutic_class,0.8
pilocarpine,ANTI NEOPLASTICS,Cholinomimetic Alkaloids- Pilocarpin,Oncology,Malignant Tumor,therapeutic_class,0.8
pilocarpine,ANTI NEOPLASTICS,Cholinomimetic Alkaloids- Pilocarpin,Oncology,Leukemia,therapeutic_class,0.8
caroverine,GASTRO INTESTINA,,Gastroenterology,Acid Reflux,therapeutic_class,0.8
caroverine,GASTRO INTESTINA,,Gastroenterology,GERD,therapeutic_class,0.8
caroverine,GASTRO INTESTINA,,Gastroenterology,Peptic Ulcer,therapeutic_class,0.8
caroverine,GASTRO INTESTINA,,Gastroenterology,Nausea,therapeutic_class,0.8
cannabidiol,NEURO CN,,Neurology / Psychiatry,Anxiety,therapeutic_class,0.8
cannabidiol,NEURO CN,,Neurology / Psychiatry,Depression,therapeutic_class,0.8
cannabidiol,NEURO CN,,Neurology / Psychiatry,Insomnia,therapeutic_class,0.8
cannabidiol,NEURO CN,,Neurology / Psychiatry,Vertigo,therapeutic_class,0.8
cannabidiol,NEURO CN,,Neurology / Psychiatry,Neuropathy,therapeutic_class,0.8
iohexol,OTHERS,X ray contrast media (Diagnostic agents,General Medicine,Weight Management,therapeutic_class,0.8
iohexol,OTHERS,X ray contrast media (Diagnostic agents,General Medicine,Obesity,therapeutic_class,0.8
flucytosine,ANTI INFECTIVES,Fluorinated pyrimidine-antifunga,Infectious Disease,Bacterial Infection,therapeutic_class,0.8
flucytosine,ANTI INFECTIVES,Fluorinated pyrimidine-antifunga,Infectious Disease,Infection,therapeutic_class,0.8
flucytosine,ANTI INFECTIVES,Fluorinated pyrimidine-antifunga,Infectious Disease,Sepsis,therapeutic_class,0.8
calcium acetate,BLOOD RELATE,,Hematology,Anemia,therapeutic_class,0.8
calcium acetate,BLOOD RELATE,,Hematology,Iron Deficiency,therapeutic_class,0.8
eltrombopag,BLOOD RELATED,Thrombopoietin agonis,Hematology,Anemia,therapeutic_class,0.8
eltrombopag,BLOOD RELATED,Thrombopoietin agonis,Hematology,Thrombosis,therapeutic_class,0.8
eltrombopag,BLOOD RELATED,Thrombopoietin agonis,Hematology,Blood Clotting Disorder,therapeutic_class,0.8
eltrombopag,BLOOD RELATED,Thrombopoietin agonis,Hematology,Deep Vein Thrombosis,therapeutic_class,0.8
clinidipine,CARDIAC,Calcium channel blockers- Dihydropyridines (DHP,Cardiovascular,Hypertension,therapeutic_class,0.8
clinidipine,CARDIAC,Calcium channel blockers- Dihydropyridines (DHP,Cardiovascular,Heart Disease,therapeutic_class,0.8
clinidipine,CARDIAC,Calcium channel blockers- Dihydropyridines (DHP,Cardiovascular,Angina,therapeutic_class,0.8
clinidipine,CARDIAC,Calcium channel blockers- Dihydropyridines (DHP,Cardiovascular,Arrhythmia,therapeutic_class,0.8
clinidipine,CARDIAC,Calcium channel blockers- Dihydropyridines (DHP,Cardiovascular,Heart Failure,therapeutic_class,0.8
clinidipine,CARDIAC,Calcium channel blockers- Dihydropyridines (DHP,Cardiovascular,Hyperlipidemia,therapeutic_class,0.8
lithium carbonate,NEURO CN,,Neurology / Psychiatry,Anxiety,therapeutic_class,0.8
lithium carbonate,NEURO CN,,Neurology / Psychiatry,Depression,therapeutic_class,0.8
lithium carbonate,NEURO CN,,Neurology / Psychiatry,Insomnia,therapeutic_class,0.8
lithium carbonate,NEURO CN,,Neurology / Psychiatry,Vertigo,therapeutic_class,0.8
lithium carbonate,NEURO CN,,Neurology / Psychiatry,Neuropathy,therapeutic_class,0.8
cyclandelate,CARDIAC,Anticholinergic,Cardiovascular,Hypertension,therapeutic_class,0.8
cyclandelate,CARDIAC,Anticholinergic,Cardiovascular,Heart Disease,therapeutic_class,0.8
cyclandelate,CARDIAC,Anticholinergic,Cardiovascular,Angina,therapeutic_class,0.8
cyclandelate,CARDIAC,Anticholinergic,Cardiovascular,Arrhythmia,therapeutic_class,0.8
cyclandelate,CARDIAC,Anticholinergic,Cardiovascular,Heart Failure,therapeutic_class,0.8
cyclandelate,CARDIAC,Anticholinergic,Cardiovascular,Hyperlipidemia,therapeutic_class,0.8
carfilzomib,ANTI NEOPLASTICS,Proteasome inhibito,Oncology,Cancer,therapeutic_class,0.8
carfilzomib,ANTI NEOPLASTICS,Proteasome inhibito,Oncology,Malignant Tumor,therapeutic_class,0.8
carfilzomib,ANTI NEOPLASTICS,Proteasome inhibito,Oncology,Leukemia,therapeutic_class,0.8
lecithin,CARDIAC,Antioxidan,Cardiovascular,Hypertension,therapeutic_class,0.8
lecithin,CARDIAC,Antioxidan,Cardiovascular,Heart Disease,therapeutic_class,0.8
lecithin,CARDIAC,Antioxidan,Cardiovascular,Angina,therapeutic_class,0.8
lecithin,CARDIAC,Antioxidan,Cardiovascular,Arrhythmia,therapeutic_class,0.8
lecithin,CARDIAC,Antioxidan,Cardiovascular,Heart Failure,therapeutic_class,0.8
lecithin,CARDIAC,Antioxidan,Cardiovascular,Hyperlipidemia,therapeutic_class,0.8
urea+lactic acid+glycine+ammonium chloride+sodium chloride+potassium chloride+calcium lactate+magnesium chloride+sodium dihydrogen phosphate dihydrate,DERM,,Dermatology,Skin Infection,therapeutic_class,0.8
urea+lactic acid+glycine+ammonium chloride+sodium chloride+potassium chloride+calcium lactate+magnesium chloride+sodium dihydrogen phosphate dihydrate,DERM,,Dermatology,Dermatitis,therapeutic_class,0.8
urea+lactic acid+glycine+ammonium chloride+sodium chloride+potassium chloride+calcium lactate+magnesium chloride+sodium dihydrogen phosphate dihydrate,DERM,,Dermatology,Fungal Infection,therapeutic_class,0.8
urea+lactic acid+glycine+ammonium chloride+sodium chloride+potassium chloride+calcium lactate+magnesium chloride+sodium dihydrogen phosphate dihydrate,DERM,,Dermatology,Eczema,therapeutic_class,0.8
urea+lactic acid+glycine+ammonium chloride+sodium chloride+potassium chloride+calcium lactate+magnesium chloride+sodium dihydrogen phosphate dihydrate,DERM,,Dermatology,Psoriasis,therapeutic_class,0.8
calamine,DERMA,Anti-inflammatory & Antipruritic agen,Dermatology,Skin Infection,therapeutic_class,0.8
calamine,DERMA,Anti-inflammatory & Antipruritic agen,Dermatology,Dermatitis,therapeutic_class,0.8
calamine,DERMA,Anti-inflammatory & Antipruritic agen,Dermatology,Fungal Infection,therapeutic_class,0.8
calamine,DERMA,Anti-inflammatory & Antipruritic agen,Dermatology,Acne,therapeutic_class,0.8
calamine,DERMA,Anti-inflammatory & Antipruritic agen,Dermatology,Eczema,therapeutic_class,0.8
eberconazole,DERMA,Fungal ergosterol synthesis inhibito,Dermatology,Skin Infection,therapeutic_class,0.8
eberconazole,DERMA,Fungal ergosterol synthesis inhibito,Dermatology,Dermatitis,therapeutic_class,0.8
eberconazole,DERMA,Fungal ergosterol synthesis inhibito,Dermatology,Fungal Infection,therapeutic_class,0.8
eberconazole,DERMA,Fungal ergosterol synthesis inhibito,Dermatology,Acne,therapeutic_class,0.8
eberconazole,DERMA,Fungal ergosterol synthesis inhibito,Dermatology,Eczema,therapeutic_class,0.8
zinc carnosine,OTHERS,Mineral,General Medicine,Weight Management,therapeutic_class,0.8
zinc carnosine,OTHERS,Mineral,General Medicine,Obesity,therapeutic_class,0.8
ticarcillin,ANTI INFECTIVE,,Infectious Disease,Bacterial Infection,therapeutic_class,0.8
ticarcillin,ANTI INFECTIVE,,Infectious Disease,Infection,therapeutic_class,0.8
centchroman,GYNAECOLOGICAL,Selective estrogen receptor modulators (SERM)- OC,Gynecology,Gynecological Infection,therapeutic_class,0.8
centchroman,GYNAECOLOGICAL,Selective estrogen receptor modulators (SERM)- OC,Gynecology,Hormonal Irregularity,therapeutic_class,0.8
centchroman,GYNAECOLOGICAL,Selective estrogen receptor modulators (SERM)- OC,Gynecology,PCOS,therapeutic_class,0.8
centchroman,GYNAECOLOGICAL,Selective estrogen receptor modulators (SERM)- OC,Gynecology,Menstrual Disorder,therapeutic_class,0.8
ganciclovir,ANTI INFECTIVES,Antiviral (Non-HIV) drug,Infectious Disease,Bacterial Infection,therapeutic_class,0.8
ganciclovir,ANTI INFECTIVES,Antiviral (Non-HIV) drug,Infectious Disease,Infection,therapeutic_class,0.8
ganciclovir,ANTI INFECTIVES,Antiviral (Non-HIV) drug,Infectious Disease,Sepsis,therapeutic_class,0.8
ceftizoxime,ANTI INFECTIVES,Cephalosporins   3 generatio,Infectious Disease,Bacterial Infection,therapeutic_class,0.8
ceftizoxime,ANTI INFECTIVES,Cephalosporins   3 generatio,Infectious Disease,Infection,therapeutic_class,0.8
ceftizoxime,ANTI INFECTIVES,Cephalosporins   3 generatio,Infectious Disease,Sepsis,therapeutic_class,0.8
procyclidine,NEURO CNS,Anticholinergic- centrally actin,Neurology / Psychiatry,Epilepsy,therapeutic_class,0.8
procyclidine,NEURO CNS,Anticholinergic- centrally actin,Neurology / Psychiatry,Anxiety,therapeutic_class,0.8
procyclidine,NEURO CNS,Anticholinergic- centrally actin,Neurology / Psychiatry,Depression,therapeutic_class,0.8
procyclidine,NEURO CNS,Anticholinergic- centrally actin,Neurology / Psychiatry,Insomnia,therapeutic_class,0.8
procyclidine,NEURO CNS,Anticholinergic- centrally actin,Neurology / Psychiatry,Seizure Disorder,therapeutic_class,0.8
procyclidine,NEURO CNS,Anticholinergic- centrally actin,Neurology / Psychiatry,Neuropathic Pain,therapeutic_class,0.8
doxapram,RESPIRATORY,Respiratory stimulan,Respiratory,Asthma,therapeutic_class,0.8
doxapram,RESPIRATORY,Respiratory stimulan,Respiratory,Allergic Rhinitis,therapeutic_class,0.8
doxapram,RESPIRATORY,Respiratory stimulan,Respiratory,COPD,therapeutic_class,0.8
doxapram,RESPIRATORY,Respiratory stimulan,Respiratory,Cough,therapeutic_class,0.8
doxapram,RESPIRATORY,Respiratory stimulan,Respiratory,Common Cold,therapeutic_class,0.8
doxapram,RESPIRATORY,Respiratory stimulan,Respiratory,Bronchitis,therapeutic_class,0.8
coal tar,DERM,,Dermatology,Skin Infection,therapeutic_class,0.8
coal tar,DERM,,Dermatology,Dermatitis,therapeutic_class,0.8
coal tar,DERM,,Dermatology,Fungal Infection,therapeutic_class,0.8
coal tar,DERM,,Dermatology,Eczema,therapeutic_class,0.8
coal tar,DERM,,Dermatology,Psoriasis,therapeutic_class,0.8
cidofovir,ANTI INFECTIVES,Antiviral (Non-HIV) drug,Infectious Disease,Bacterial Infection,therapeutic_class,0.8
cidofovir,ANTI INFECTIVES,Antiviral (Non-HIV) drug,Infectious Disease,Infection,therapeutic_class,0.8
cidofovir,ANTI INFECTIVES,Antiviral (Non-HIV) drug,Infectious Disease,Sepsis,therapeutic_class,0.8
glycerin,BLOOD RELATE,,Hematology,Anemia,therapeutic_class,0.8
glycerin,BLOOD RELATE,,Hematology,Iron Deficiency,therapeutic_class,0.8
dexlansoprazole,GASTRO INTESTINAL,Proton pump inhibitor,Gastroenterology,Acid Reflux,therapeutic_class,0.8
dexlansoprazole,GASTRO INTESTINAL,Proton pump inhibitor,Gastroenterology,GERD,therapeutic_class,0.8
dexlansoprazole,GASTRO INTESTINAL,Proton pump inhibitor,Gastroenterology,Peptic Ulcer,therapeutic_class,0.8
dexlansoprazole,GASTRO INTESTINAL,Proton pump inhibitor,Gastroenterology,Gastritis,therapeutic_class,0.8
dexlansoprazole,GASTRO INTESTINAL,Proton pump inhibitor,Gastroenterology,Nausea,therapeutic_class,0.8
dexlansoprazole,GASTRO INTESTINAL,Proton pump inhibitor,Gastroenterology,Diarrhea,therapeutic_class,0.8
beta-cyclodextrin,VITAMINS MINERALS NUTRIENT,,Nutrition,Nutritional Deficiency,therapeutic_class,0.8
beta-cyclodextrin,VITAMINS MINERALS NUTRIENT,,Nutrition,Vitamin Deficiency,therapeutic_class,0.8
beta-cyclodextrin,VITAMINS MINERALS NUTRIENT,,Nutrition,Mineral Deficiency,therapeutic_class,0.8
cefditoren,ANTI INFECTIVES,Cephalosporins   3 generatio,Infectious Disease,Bacterial Infection,therapeutic_class,0.8
cefditoren,ANTI INFECTIVES,Cephalosporins   3 generatio,Infectious Disease,Infection,therapeutic_class,0.8
cefditoren,ANTI INFECTIVES,Cephalosporins   3 generatio,Infectious Disease,Sepsis,therapeutic_class,0.8
chlorambucil,ANTI NEOPLASTICS,Alkylating agen,Oncology,Cancer,therapeutic_class,0.8
chlorambucil,ANTI NEOPLASTICS,Alkylating agen,Oncology,Malignant Tumor,therapeutic_class,0.8
chlorambucil,ANTI NEOPLASTICS,Alkylating agen,Oncology,Leukemia,therapeutic_class,0.8
celiprolol,CARDIAC,Beta blocker- Cardioselectiv,Cardiovascular,Hypertension,therapeutic_class,0.8
celiprolol,CARDIAC,Beta blocker- Cardioselectiv,Cardiovascular,Heart Disease,therapeutic_class,0.8
celiprolol,CARDIAC,Beta blocker- Cardioselectiv,Cardiovascular,Angina,therapeutic_class,0.8
celiprolol,CARDIAC,Beta blocker- Cardioselectiv,Cardiovascular,Arrhythmia,therapeutic_class,0.8
celiprolol,CARDIAC,Beta blocker- Cardioselectiv,Cardiovascular,Heart Failure,therapeutic_class,0.8
celiprolol,CARDIAC,Beta blocker- Cardioselectiv,Cardiovascular,Hyperlipidemia,therapeutic_class,0.8
indapamide,CARDIAC,Low-ceiling Diuretics (Inhibitors of Na+Cl symport,Cardiovascular,Hypertension,therapeutic_class,0.8
indapamide,CARDIAC,Low-ceiling Diuretics (Inhibitors of Na+Cl symport,Cardiovascular,Heart Disease,therapeutic_class,0.8
indapamide,CARDIAC,Low-ceiling Diuretics (Inhibitors of Na+Cl symport,Cardiovascular,Angina,therapeutic_class,0.8
indapamide,CARDIAC,Low-ceiling Diuretics (Inhibitors of Na+Cl symport,Cardiovascular,Arrhythmia,therapeutic_class,0.8
indapamide,CARDIAC,Low-ceiling Diuretics (Inhibitors of Na+Cl symport,Cardiovascular,Heart Failure,therapeutic_class,0.8
indapamide,CARDIAC,Low-ceiling Diuretics (Inhibitors of Na+Cl symport,Cardiovascular,Hyperlipidemia,therapeutic_class,0.8
enclomiphene,GYNAECOLOGICAL,Partial estrogen agonis,Gynecology,Gynecological Infection,therapeutic_class,0.8
enclomiphene,GYNAECOLOGICAL,Partial estrogen agonis,Gynecology,Hormonal Irregularity,therapeutic_class,0.8
enclomiphene,GYNAECOLOGICAL,Partial estrogen agonis,Gynecology,PCOS,therapeutic_class,0.8
enclomiphene,GYNAECOLOGICAL,Partial estrogen agonis,Gynecology,Menstrual Disorder,therapeutic_class,0.8
amylmetacresol,RESPIRATOR,,Respiratory,Allergic Rhinitis,therapeutic_class,0.8
amylmetacresol,RESPIRATOR,,Respiratory,Cough,therapeutic_class,0.8
amylmetacresol,RESPIRATOR,,Respiratory,Common Cold,therapeutic_class,0.8
amylmetacresol,RESPIRATOR,,Respiratory,Nasal Congestion,therapeutic_class,0.8
amylmetacresol,RESPIRATOR,,Respiratory,Bronchitis,therapeutic_class,0.8
colostrum,VITAMINS MINERALS NUTRIENT,,Nutrition,Nutritional Deficiency,therapeutic_class,0.8
colostrum,VITAMINS MINERALS NUTRIENT,,Nutrition,Vitamin Deficiency,therapeutic_class,0.8
colostrum,VITAMINS MINERALS NUTRIENT,,Nutrition,Mineral Deficiency,therapeutic_class,0.8
cisapride,GASTRO INTESTINAL,Serotonin (5-HT4) receptor agonist-Prokinetic agen,Gastroenterology,Acid Reflux,therapeutic_class,0.8
cisapride,GASTRO INTESTINAL,Serotonin (5-HT4) receptor agonist-Prokinetic agen,Gastroenterology,GERD,therapeutic_class,0.8
cisapride,GASTRO INTESTINAL,Serotonin (5-HT4) receptor agonist-Prokinetic agen,Gastroenterology,Peptic Ulcer,therapeutic_class,0.8
cisapride,GASTRO INTESTINAL,Serotonin (5-HT4) receptor agonist-Prokinetic agen,Gastroenterology,Gastritis,therapeutic_class,0.8
cisapride,GASTRO INTESTINAL,Serotonin (5-HT4) receptor agonist-Prokinetic agen,Gastroenterology,Nausea,therapeutic_class,0.8
cisapride,GASTRO INTESTINAL,Serotonin (5-HT4) receptor agonist-Prokinetic agen,Gastroenterology,Diarrhea,therapeutic_class,0.8
voriconazole,ANTI INFECTIVES,Fungal ergosterol synthesis inhibito,Infectious Disease,Bacterial Infection,therapeutic_class,0.8
voriconazole,ANTI INFECTIVES,Fungal ergosterol synthesis inhibito,Infectious Disease,Infection,therapeutic_class,0.8
voriconazole,ANTI INFECTIVES,Fungal ergosterol synthesis inhibito,Infectious Disease,Sepsis,therapeutic_class,0.8
ramucirumab,ANTI NEOPLASTICS,Vascular endothelial growth factor (VEGF) inhibitor,Oncology,Cancer,therapeutic_class,0.8
ramucirumab,ANTI NEOPLASTICS,Vascular endothelial growth factor (VEGF) inhibitor,Oncology,Malignant Tumor,therapeutic_class,0.8
ramucirumab,ANTI NEOPLASTICS,Vascular endothelial growth factor (VEGF) inhibitor,Oncology,Leukemia,therapeutic_class,0.8
l-methyltetrahydrofolate clacium,VITAMINS MINERALS NUTRIENT,,Nutrition,Nutritional Deficiency,therapeutic_class,0.8
l-methyltetrahydrofolate clacium,VITAMINS MINERALS NUTRIENT,,Nutrition,Vitamin Deficiency,therapeutic_class,0.8
l-methyltetrahydrofolate clacium,VITAMINS MINERALS NUTRIENT,,Nutrition,Mineral Deficiency,therapeutic_class,0.8
pentoxifylline,CARDIAC,Rheologic modifie,Cardiovascular,Hypertension,therapeutic_class,0.8
pentoxifylline,CARDIAC,Rheologic modifie,Cardiovascular,Heart Disease,therapeutic_class,0.8
pentoxifylline,CARDIAC,Rheologic modifie,Cardiovascular,Angina,therapeutic_class,0.8
pentoxifylline,CARDIAC,Rheologic modifie,Cardiovascular,Arrhythmia,therapeutic_class,0.8
pentoxifylline,CARDIAC,Rheologic modifie,Cardiovascular,Heart Failure,therapeutic_class,0.8
pentoxifylline,CARDIAC,Rheologic modifie,Cardiovascular,Hyperlipidemia,therapeutic_class,0.8
poractant alfa,RESPIRATORY,Pulmonary Surfactan,Respiratory,Asthma,therapeutic_class,0.8
poractant alfa,RESPIRATORY,Pulmonary Surfactan,Respiratory,Allergic Rhinitis,therapeutic_class,0.8
poractant alfa,RESPIRATORY,Pulmonary Surfactan,Respiratory,COPD,therapeutic_class,0.8
poractant alfa,RESPIRATORY,Pulmonary Surfactan,Respiratory,Cough,therapeutic_class,0.8
poractant alfa,RESPIRATORY,Pulmonary Surfactan,Respiratory,Common Cold,therapeutic_class,0.8
poractant alfa,RESPIRATORY,Pulmonary Surfactan,Respiratory,Bronchitis,therapeutic_class,0.8
human menopausal gonadotrophin,GYNAECOLOGICAL,Gonadotropin,Gynecology,Gynecological Infection,therapeutic_class,0.8
human menopausal gonadotrophin,GYNAECOLOGICAL,Gonadotropin,Gynecology,Hormonal Irregularity,therapeutic_class,0.8
human menopausal gonadotrophin,GYNAECOLOGICAL,Gonadotropin,Gynecology,PCOS,therapeutic_class,0.8
human menopausal gonadotrophin,GYNAECOLOGICAL,Gonadotropin,Gynecology,Menstrual Disorder,therapeutic_class,0.8
valganciclovir,ANTI INFECTIVES,Antiviral (Non-HIV) drug,Infectious Disease,Bacterial Infection,therapeutic_class,0.8
valganciclovir,ANTI INFECTIVES,Antiviral (Non-HIV) drug,Infectious Disease,Infection,therapeutic_class,0.8
valganciclovir,ANTI INFECTIVES,Antiviral (Non-HIV) drug,Infectious Disease,Sepsis,therapeutic_class,0.8
reviparin,BLOOD RELATED,Low molecular weight Heparin (LMWH,Hematology,Anemia,therapeutic_class,0.8
reviparin,BLOOD RELATED,Low molecular weight Heparin (LMWH,Hematology,Thrombosis,therapeutic_class,0.8
reviparin,BLOOD RELATED,Low molecular weight Heparin (LMWH,Hematology,Blood Clotting Disorder,therapeutic_class,0.8
reviparin,BLOOD RELATED,Low molecular weight Heparin (LMWH,Hematology,Deep Vein Thrombosis,therapeutic_class,0.8
ergoloid mesylates,NEURO CNS,Nootropic agen,Neurology / Psychiatry,Epilepsy,therapeutic_class,0.8
ergoloid mesylates,NEURO CNS,Nootropic agen,Neurology / Psychiatry,Anxiety,therapeutic_class,0.8
ergoloid mesylates,NEURO CNS,Nootropic agen,Neurology / Psychiatry,Depression,therapeutic_class,0.8
ergoloid mesylates,NEURO CNS,Nootropic agen,Neurology / Psychiatry,Insomnia,therapeutic_class,0.8
ergoloid mesylates,NEURO CNS,Nootropic agen,Neurology / Psychiatry,Seizure Disorder,therapeutic_class,0.8
ergoloid mesylates,NEURO CNS,Nootropic agen,Neurology / Psychiatry,Neuropathic Pain,therapeutic_class,0.8
carmustine,ANTI NEOPLASTICS,Alkylating agen,Oncology,Cancer,therapeutic_class,0.8
carmustine,ANTI NEOPLASTICS,Alkylating agen,Oncology,Malignant Tumor,therapeutic_class,0.8
carmustine,ANTI NEOPLASTICS,Alkylating agen,Oncology,Leukemia,therapeutic_class,0.8
conjugated estrogens,GYNAECOLOGICA,,Gynecology,Vaginal Infection,therapeutic_class,0.8
conjugated estrogens,GYNAECOLOGICA,,Gynecology,Hormonal Irregularity,therapeutic_class,0.8
diphtheria immune globulin,VACCINE,,Preventive Medicine,Vaccination / Immunization,therapeutic_class,0.8
clebopride,GASTRO INTESTINAL,Dopamine (D2) receptor antagonist-Prokinetic agen,Gastroenterology,Acid Reflux,therapeutic_class,0.8
clebopride,GASTRO INTESTINAL,Dopamine (D2) receptor antagonist-Prokinetic agen,Gastroenterology,GERD,therapeutic_class,0.8
clebopride,GASTRO INTESTINAL,Dopamine (D2) receptor antagonist-Prokinetic agen,Gastroenterology,Peptic Ulcer,therapeutic_class,0.8
clebopride,GASTRO INTESTINAL,Dopamine (D2) receptor antagonist-Prokinetic agen,Gastroenterology,Gastritis,therapeutic_class,0.8
clebopride,GASTRO INTESTINAL,Dopamine (D2) receptor antagonist-Prokinetic agen,Gastroenterology,Nausea,therapeutic_class,0.8
clebopride,GASTRO INTESTINAL,Dopamine (D2) receptor antagonist-Prokinetic agen,Gastroenterology,Diarrhea,therapeutic_class,0.8
sulfamethopyrazine,ANTI INFECTIVE,,Infectious Disease,Bacterial Infection,therapeutic_class,0.8
sulfamethopyrazine,ANTI INFECTIVE,,Infectious Disease,Infection,therapeutic_class,0.8
gefitinib,ANTI NEOPLASTICS,Tyrosine kinase inhibitor,Oncology,Cancer,therapeutic_class,0.8
gefitinib,ANTI NEOPLASTICS,Tyrosine kinase inhibitor,Oncology,Malignant Tumor,therapeutic_class,0.8
gefitinib,ANTI NEOPLASTICS,Tyrosine kinase inhibitor,Oncology,Leukemia,therapeutic_class,0.8
lactase,GASTRO INTESTINAL,Digestive enzyme,Gastroenterology,Acid Reflux,therapeutic_class,0.8
lactase,GASTRO INTESTINAL,Digestive enzyme,Gastroenterology,GERD,therapeutic_class,0.8
lactase,GASTRO INTESTINAL,Digestive enzyme,Gastroenterology,Peptic Ulcer,therapeutic_class,0.8
lactase,GASTRO INTESTINAL,Digestive enzyme,Gastroenterology,Gastritis,therapeutic_class,0.8
lactase,GASTRO INTESTINAL,Digestive enzyme,Gastroenterology,Nausea,therapeutic_class,0.8
lactase,GASTRO INTESTINAL,Digestive enzyme,Gastroenterology,Diarrhea,therapeutic_class,0.8
plerixafor,ANTI NEOPLASTICS,Hematopoietic stem cell mobilize,Oncology,Cancer,therapeutic_class,0.8
plerixafor,ANTI NEOPLASTICS,Hematopoietic stem cell mobilize,Oncology,Malignant Tumor,therapeutic_class,0.8
plerixafor,ANTI NEOPLASTICS,Hematopoietic stem cell mobilize,Oncology,Leukemia,therapeutic_class,0.8
carbenicillin,ANTI INFECTIVES,Cell wall active agent -Extended spectrum Penicilli,Infectious Disease,Bacterial Infection,therapeutic_class,0.8
carbenicillin,ANTI INFECTIVES,Cell wall active agent -Extended spectrum Penicilli,Infectious Disease,Infection,therapeutic_class,0.8
carbenicillin,ANTI INFECTIVES,Cell wall active agent -Extended spectrum Penicilli,Infectious Disease,Sepsis,therapeutic_class,0.8
sulfasalazine,GASTRO INTESTINAL,Disease Modifying Anti-Rheumatoid Drugs (DMARDs)- Non biologic,Gastroenterology,Acid Reflux,therapeutic_class,0.8
sulfasalazine,GASTRO INTESTINAL,Disease Modifying Anti-Rheumatoid Drugs (DMARDs)- Non biologic,Gastroenterology,GERD,therapeutic_class,0.8
sulfasalazine,GASTRO INTESTINAL,Disease Modifying Anti-Rheumatoid Drugs (DMARDs)- Non biologic,Gastroenterology,Peptic Ulcer,therapeutic_class,0.8
sulfasalazine,GASTRO INTESTINAL,Disease Modifying Anti-Rheumatoid Drugs (DMARDs)- Non biologic,Gastroenterology,Gastritis,therapeutic_class,0.8
sulfasalazine,GASTRO INTESTINAL,Disease Modifying Anti-Rheumatoid Drugs (DMARDs)- Non biologic,Gastroenterology,Nausea,therapeutic_class,0.8
sulfasalazine,GASTRO INTESTINAL,Disease Modifying Anti-Rheumatoid Drugs (DMARDs)- Non biologic,Gastroenterology,Diarrhea,therapeutic_class,0.8
topiramate,NEURO CN,,Neurology / Psychiatry,Anxiety,therapeutic_class,0.8
topiramate,NEURO CN,,Neurology / Psychiatry,Depression,therapeutic_class,0.8
topiramate,NEURO CN,,Neurology / Psychiatry,Insomnia,therapeutic_class,0.8
topiramate,NEURO CN,,Neurology / Psychiatry,Vertigo,therapeutic_class,0.8
topiramate,NEURO CN,,Neurology / Psychiatry,Neuropathy,therapeutic_class,0.8
phytomenadione,BLOOD RELATED,Vitamin,Hematology,Anemia,therapeutic_class,0.8
phytomenadione,BLOOD RELATED,Vitamin,Hematology,Thrombosis,therapeutic_class,0.8
phytomenadione,BLOOD RELATED,Vitamin,Hematology,Blood Clotting Disorder,therapeutic_class,0.8
phytomenadione,BLOOD RELATED,Vitamin,Hematology,Deep Vein Thrombosis,therapeutic_class,0.8
vandetanib,ANTI NEOPLASTICS,Protein synthesis inhibitor,Oncology,Cancer,therapeutic_class,0.8
vandetanib,ANTI NEOPLASTICS,Protein synthesis inhibitor,Oncology,Malignant Tumor,therapeutic_class,0.8
vandetanib,ANTI NEOPLASTICS,Protein synthesis inhibitor,Oncology,Leukemia,therapeutic_class,0.8
daratumumab,ANTI NEOPLASTIC,,Oncology,Cancer,therapeutic_class,0.8
daratumumab,ANTI NEOPLASTIC,,Oncology,Prostate Cancer,therapeutic_class,0.8
daratumumab,ANTI NEOPLASTIC,,Oncology,Breast Cancer,therapeutic_class,0.8
daratumumab,ANTI NEOPLASTIC,,Oncology,Malignant Tumor,therapeutic_class,0.8
daunorubicin,ANTI NEOPLASTICS,Alkaloids-cytotoxic agent,Oncology,Cancer,therapeutic_class,0.8
daunorubicin,ANTI NEOPLASTICS,Alkaloids-cytotoxic agent,Oncology,Malignant Tumor,therapeutic_class,0.8
daunorubicin,ANTI NEOPLASTICS,Alkaloids-cytotoxic agent,Oncology,Leukemia,therapeutic_class,0.8
lemborexant,NEURO CN,,Neurology / Psychiatry,Anxiety,therapeutic_class,0.8
lemborexant,NEURO CN,,Neurology / Psychiatry,Depression,therapeutic_class,0.8
lemborexant,NEURO CN,,Neurology / Psychiatry,Insomnia,therapeutic_class,0.8
lemborexant,NEURO CN,,Neurology / Psychiatry,Vertigo,therapeutic_class,0.8
lemborexant,NEURO CN,,Neurology / Psychiatry,Neuropathy,therapeutic_class,0.8
denosumab,PAIN ANALGESIC,,Pain Management,Pain,therapeutic_class,0.8
denosumab,PAIN ANALGESIC,,Pain Management,Inflammation,therapeutic_class,0.8
denosumab,PAIN ANALGESIC,,Pain Management,Arthritis,therapeutic_class,0.8
denosumab,PAIN ANALGESIC,,Pain Management,Musculoskeletal Pain,therapeutic_class,0.8
dacomitinib,ANTI NEOPLASTIC,,Oncology,Cancer,therapeutic_class,0.8
dacomitinib,ANTI NEOPLASTIC,,Oncology,Prostate Cancer,therapeutic_class,0.8
dacomitinib,ANTI NEOPLASTIC,,Oncology,Breast Cancer,therapeutic_class,0.8
dacomitinib,ANTI NEOPLASTIC,,Oncology,Malignant Tumor,therapeutic_class,0.8
glycopyrronium,RESPIRATOR,,Respiratory,Allergic Rhinitis,therapeutic_class,0.8
glycopyrronium,RESPIRATOR,,Respiratory,Cough,therapeutic_class,0.8
glycopyrronium,RESPIRATOR,,Respiratory,Common Cold,therapeutic_class,0.8
glycopyrronium,RESPIRATOR,,Respiratory,Nasal Congestion,therapeutic_class,0.8
glycopyrronium,RESPIRATOR,,Respiratory,Bronchitis,therapeutic_class,0.8
drotaverine+paracetamol,GASTRO INTESTINA,,Gastroenterology,Acid Reflux,therapeutic_class,0.8
drotaverine+paracetamol,GASTRO INTESTINA,,Gastroenterology,GERD,therapeutic_class,0.8
drotaverine+paracetamol,GASTRO INTESTINA,,Gastroenterology,Peptic Ulcer,therapeutic_class,0.8
drotaverine+paracetamol,GASTRO INTESTINA,,Gastroenterology,Nausea,therapeutic_class,0.8
dorzolamide,OPHTHA,,Ophthalmology,Eye Infection,therapeutic_class,0.8
dorzolamide,OPHTHA,,Ophthalmology,Conjunctivitis,therapeutic_class,0.8
dorzolamide,OPHTHA,,Ophthalmology,Dry Eye,therapeutic_class,0.8
pyridostigmine,NEURO CNS,Cholinesterase inhibitors- carbamate,Neurology / Psychiatry,Epilepsy,therapeutic_class,0.8
pyridostigmine,NEURO CNS,Cholinesterase inhibitors- carbamate,Neurology / Psychiatry,Anxiety,therapeutic_class,0.8
pyridostigmine,NEURO CNS,Cholinesterase inhibitors- carbamate,Neurology / Psychiatry,Depression,therapeutic_class,0.8
pyridostigmine,NEURO CNS,Cholinesterase inhibitors- carbamate,Neurology / Psychiatry,Insomnia,therapeutic_class,0.8
pyridostigmine,NEURO CNS,Cholinesterase inhibitors- carbamate,Neurology / Psychiatry,Seizure Disorder,therapeutic_class,0.8
pyridostigmine,NEURO CNS,Cholinesterase inhibitors- carbamate,Neurology / Psychiatry,Neuropathic Pain,therapeutic_class,0.8
dopamine,CARDIAC,Sympathomimetics agonist-Inotrope,Cardiovascular,Hypertension,therapeutic_class,0.8
dopamine,CARDIAC,Sympathomimetics agonist-Inotrope,Cardiovascular,Heart Disease,therapeutic_class,0.8
dopamine,CARDIAC,Sympathomimetics agonist-Inotrope,Cardiovascular,Angina,therapeutic_class,0.8
dopamine,CARDIAC,Sympathomimetics agonist-Inotrope,Cardiovascular,Arrhythmia,therapeutic_class,0.8
dopamine,CARDIAC,Sympathomimetics agonist-Inotrope,Cardiovascular,Heart Failure,therapeutic_class,0.8
dopamine,CARDIAC,Sympathomimetics agonist-Inotrope,Cardiovascular,Hyperlipidemia,therapeutic_class,0.8
dalfampridine,NEURO CN,,Neurology / Psychiatry,Anxiety,therapeutic_class,0.8
dalfampridine,NEURO CN,,Neurology / Psychiatry,Depression,therapeutic_class,0.8
dalfampridine,NEURO CN,,Neurology / Psychiatry,Insomnia,therapeutic_class,0.8
dalfampridine,NEURO CN,,Neurology / Psychiatry,Vertigo,therapeutic_class,0.8
dalfampridine,NEURO CN,,Neurology / Psychiatry,Neuropathy,therapeutic_class,0.8
drospirenone,GYNAECOLOGICAL,Progestins (Third generation,Gynecology,Gynecological Infection,therapeutic_class,0.8
drospirenone,GYNAECOLOGICAL,Progestins (Third generation,Gynecology,Hormonal Irregularity,therapeutic_class,0.8
drospirenone,GYNAECOLOGICAL,Progestins (Third generation,Gynecology,PCOS,therapeutic_class,0.8
drospirenone,GYNAECOLOGICAL,Progestins (Third generation,Gynecology,Menstrual Disorder,therapeutic_class,0.8
alginic acid,GASTRO INTESTINA,,Gastroenterology,Acid Reflux,therapeutic_class,0.8
alginic acid,GASTRO INTESTINA,,Gastroenterology,GERD,therapeutic_class,0.8
alginic acid,GASTRO INTESTINA,,Gastroenterology,Peptic Ulcer,therapeutic_class,0.8
alginic acid,GASTRO INTESTINA,,Gastroenterology,Nausea,therapeutic_class,0.8
triptorelin,HORMONES,GNRH agonists/analogu,Endocrinology,Hormonal Imbalance,therapeutic_class,0.8
triptorelin,HORMONES,GNRH agonists/analogu,Endocrinology,Hypothyroidism,therapeutic_class,0.8
triptorelin,HORMONES,GNRH agonists/analogu,Endocrinology,Adrenal Insufficiency,therapeutic_class,0.8
triptorelin,HORMONES,GNRH agonists/analogu,Endocrinology,Growth Disorder,therapeutic_class,0.8
papain,DERM,,Dermatology,Skin Infection,therapeutic_class,0.8
papain,DERM,,Dermatology,Dermatitis,therapeutic_class,0.8
papain,DERM,,Dermatology,Fungal Infection,therapeutic_class,0.8
papain,DERM,,Dermatology,Eczema,therapeutic_class,0.8
papain,DERM,,Dermatology,Psoriasis,therapeutic_class,0.8
tenofovir alafenamide,ANTI INFECTIVES,Nucleoside/nucleotide reverse transcriptase inhibitors (NRTIs),Infectious Disease,Bacterial Infection,therapeutic_class,0.8
tenofovir alafenamide,ANTI INFECTIVES,Nucleoside/nucleotide reverse transcriptase inhibitors (NRTIs),Infectious Disease,Infection,therapeutic_class,0.8
tenofovir alafenamide,ANTI INFECTIVES,Nucleoside/nucleotide reverse transcriptase inhibitors (NRTIs),Infectious Disease,Sepsis,therapeutic_class,0.8
sucroferric oxyhydroxide,BLOOD RELATE,,Hematology,Anemia,therapeutic_class,0.8
sucroferric oxyhydroxide,BLOOD RELATE,,Hematology,Iron Deficiency,therapeutic_class,0.8
doxepin,NEURO CNS,Tricyclic antidepressant,Neurology / Psychiatry,Epilepsy,therapeutic_class,0.8
doxepin,NEURO CNS,Tricyclic antidepressant,Neurology / Psychiatry,Anxiety,therapeutic_class,0.8
doxepin,NEURO CNS,Tricyclic antidepressant,Neurology / Psychiatry,Depression,therapeutic_class,0.8
doxepin,NEURO CNS,Tricyclic antidepressant,Neurology / Psychiatry,Insomnia,therapeutic_class,0.8
doxepin,NEURO CNS,Tricyclic antidepressant,Neurology / Psychiatry,Seizure Disorder,therapeutic_class,0.8
doxepin,NEURO CNS,Tricyclic antidepressant,Neurology / Psychiatry,Neuropathic Pain,therapeutic_class,0.8
dimenhydrinate,RESPIRATORY,H1 Antihistaminics (First Generation,Respiratory,Asthma,therapeutic_class,0.8
dimenhydrinate,RESPIRATORY,H1 Antihistaminics (First Generation,Respiratory,Allergic Rhinitis,therapeutic_class,0.8
dimenhydrinate,RESPIRATORY,H1 Antihistaminics (First Generation,Respiratory,COPD,therapeutic_class,0.8
dimenhydrinate,RESPIRATORY,H1 Antihistaminics (First Generation,Respiratory,Cough,therapeutic_class,0.8
dimenhydrinate,RESPIRATORY,H1 Antihistaminics (First Generation,Respiratory,Common Cold,therapeutic_class,0.8
dimenhydrinate,RESPIRATORY,H1 Antihistaminics (First Generation,Respiratory,Bronchitis,therapeutic_class,0.8
dexmedetomidine,NEURO CNS,Alpha 2-Adrenoceptor agonists (Anaesthetic,Neurology / Psychiatry,Epilepsy,therapeutic_class,0.8
dexmedetomidine,NEURO CNS,Alpha 2-Adrenoceptor agonists (Anaesthetic,Neurology / Psychiatry,Anxiety,therapeutic_class,0.8
dexmedetomidine,NEURO CNS,Alpha 2-Adrenoceptor agonists (Anaesthetic,Neurology / Psychiatry,Depression,therapeutic_class,0.8
dexmedetomidine,NEURO CNS,Alpha 2-Adrenoceptor agonists (Anaesthetic,Neurology / Psychiatry,Insomnia,therapeutic_class,0.8
dexmedetomidine,NEURO CNS,Alpha 2-Adrenoceptor agonists (Anaesthetic,Neurology / Psychiatry,Seizure Disorder,therapeutic_class,0.8
dexmedetomidine,NEURO CNS,Alpha 2-Adrenoceptor agonists (Anaesthetic,Neurology / Psychiatry,Neuropathic Pain,therapeutic_class,0.8
dimethyl fumarate,NEURO CNS,Immunomodulator- Multiple sclerosis (oral,Neurology / Psychiatry,Epilepsy,therapeutic_class,0.8
dimethyl fumarate,NEURO CNS,Immunomodulator- Multiple sclerosis (oral,Neurology / Psychiatry,Anxiety,therapeutic_class,0.8
dimethyl fumarate,NEURO CNS,Immunomodulator- Multiple sclerosis (oral,Neurology / Psychiatry,Depression,therapeutic_class,0.8
dimethyl fumarate,NEURO CNS,Immunomodulator- Multiple sclerosis (oral,Neurology / Psychiatry,Insomnia,therapeutic_class,0.8
dimethyl fumarate,NEURO CNS,Immunomodulator- Multiple sclerosis (oral,Neurology / Psychiatry,Seizure Disorder,therapeutic_class,0.8
dimethyl fumarate,NEURO CNS,Immunomodulator- Multiple sclerosis (oral,Neurology / Psychiatry,Neuropathic Pain,therapeutic_class,0.8
methdilazine,RESPIRATORY,H1 Antihistaminics (First Generation,Respiratory,Asthma,therapeutic_class,0.8
methdilazine,RESPIRATORY,H1 Antihistaminics (First Generation,Respiratory,Allergic Rhinitis,therapeutic_class,0.8
methdilazine,RESPIRATORY,H1 Antihistaminics (First Generation,Respiratory,COPD,therapeutic_class,0.8
methdilazine,RESPIRATORY,H1 Antihistaminics (First Generation,Respiratory,Cough,therapeutic_class,0.8
methdilazine,RESPIRATORY,H1 Antihistaminics (First Generation,Respiratory,Common Cold,therapeutic_class,0.8
methdilazine,RESPIRATORY,H1 Antihistaminics (First Generation,Respiratory,Bronchitis,therapeutic_class,0.8
fentanyl,PAIN ANALGESICS,Opioid,Pain Management,Pain,therapeutic_class,0.8
fentanyl,PAIN ANALGESICS,Opioid,Pain Management,Inflammation,therapeutic_class,0.8
fentanyl,PAIN ANALGESICS,Opioid,Pain Management,Arthritis,therapeutic_class,0.8
fentanyl,PAIN ANALGESICS,Opioid,Pain Management,Musculoskeletal Pain,therapeutic_class,0.8
sodium fluoride,OPHTHAL,Stomatological-Hypersensitivit,Ophthalmology,Eye Infection,therapeutic_class,0.8
sodium fluoride,OPHTHAL,Stomatological-Hypersensitivit,Ophthalmology,Glaucoma,therapeutic_class,0.8
sodium fluoride,OPHTHAL,Stomatological-Hypersensitivit,Ophthalmology,Conjunctivitis,therapeutic_class,0.8
sodium fluoride,OPHTHAL,Stomatological-Hypersensitivit,Ophthalmology,Dry Eye,therapeutic_class,0.8
deferoxamine,BLOOD RELATED,Iron chelating agent,Hematology,Anemia,therapeutic_class,0.8
deferoxamine,BLOOD RELATED,Iron chelating agent,Hematology,Thrombosis,therapeutic_class,0.8
deferoxamine,BLOOD RELATED,Iron chelating agent,Hematology,Blood Clotting Disorder,therapeutic_class,0.8
deferoxamine,BLOOD RELATED,Iron chelating agent,Hematology,Deep Vein Thrombosis,therapeutic_class,0.8
menotrophin,GYNAECOLOGICAL,Gonadotropin,Gynecology,Gynecological Infection,therapeutic_class,0.8
menotrophin,GYNAECOLOGICAL,Gonadotropin,Gynecology,Hormonal Irregularity,therapeutic_class,0.8
menotrophin,GYNAECOLOGICAL,Gonadotropin,Gynecology,PCOS,therapeutic_class,0.8
menotrophin,GYNAECOLOGICAL,Gonadotropin,Gynecology,Menstrual Disorder,therapeutic_class,0.8
degarelix,HORMONES,GNRH antagonist,Endocrinology,Hormonal Imbalance,therapeutic_class,0.8
degarelix,HORMONES,GNRH antagonist,Endocrinology,Hypothyroidism,therapeutic_class,0.8
degarelix,HORMONES,GNRH antagonist,Endocrinology,Adrenal Insufficiency,therapeutic_class,0.8
degarelix,HORMONES,GNRH antagonist,Endocrinology,Growth Disorder,therapeutic_class,0.8
mebendazole,ANTI INFECTIVES,Antiprotozoal agent,Infectious Disease,Bacterial Infection,therapeutic_class,0.8
mebendazole,ANTI INFECTIVES,Antiprotozoal agent,Infectious Disease,Infection,therapeutic_class,0.8
mebendazole,ANTI INFECTIVES,Antiprotozoal agent,Infectious Disease,Sepsis,therapeutic_class,0.8
daclatasvir,ANTI INFECTIVE,,Infectious Disease,Bacterial Infection,therapeutic_class,0.8
daclatasvir,ANTI INFECTIVE,,Infectious Disease,Infection,therapeutic_class,0.8
dobutamine,CARDIAC,Sympathomimetics agonist-Inotrope,Cardiovascular,Hypertension,therapeutic_class,0.8
dobutamine,CARDIAC,Sympathomimetics agonist-Inotrope,Cardiovascular,Heart Disease,therapeutic_class,0.8
dobutamine,CARDIAC,Sympathomimetics agonist-Inotrope,Cardiovascular,Angina,therapeutic_class,0.8
dobutamine,CARDIAC,Sympathomimetics agonist-Inotrope,Cardiovascular,Arrhythmia,therapeutic_class,0.8
dobutamine,CARDIAC,Sympathomimetics agonist-Inotrope,Cardiovascular,Heart Failure,therapeutic_class,0.8
dobutamine,CARDIAC,Sympathomimetics agonist-Inotrope,Cardiovascular,Hyperlipidemia,therapeutic_class,0.8
trioxasalen,DERMA,Psoralen & derivative,Dermatology,Skin Infection,therapeutic_class,0.8
trioxasalen,DERMA,Psoralen & derivative,Dermatology,Dermatitis,therapeutic_class,0.8
trioxasalen,DERMA,Psoralen & derivative,Dermatology,Fungal Infection,therapeutic_class,0.8
trioxasalen,DERMA,Psoralen & derivative,Dermatology,Acne,therapeutic_class,0.8
trioxasalen,DERMA,Psoralen & derivative,Dermatology,Eczema,therapeutic_class,0.8
calcium ascorbate,VITAMINS MINERALS NUTRIENT,,Nutrition,Nutritional Deficiency,therapeutic_class,0.8
calcium ascorbate,VITAMINS MINERALS NUTRIENT,,Nutrition,Vitamin Deficiency,therapeutic_class,0.8
calcium ascorbate,VITAMINS MINERALS NUTRIENT,,Nutrition,Mineral Deficiency,therapeutic_class,0.8
doripenem,ANTI INFECTIVES,Cell wall active agent -Carbapenem,Infectious Disease,Bacterial Infection,therapeutic_class,0.8
doripenem,ANTI INFECTIVES,Cell wall active agent -Carbapenem,Infectious Disease,Infection,therapeutic_class,0.8
doripenem,ANTI INFECTIVES,Cell wall active agent -Carbapenem,Infectious Disease,Sepsis,therapeutic_class,0.8
desoximetasone,DERMA,Glucocorticoid,Dermatology,Skin Infection,therapeutic_class,0.8
desoximetasone,DERMA,Glucocorticoid,Dermatology,Dermatitis,therapeutic_class,0.8
desoximetasone,DERMA,Glucocorticoid,Dermatology,Fungal Infection,therapeutic_class,0.8
desoximetasone,DERMA,Glucocorticoid,Dermatology,Acne,therapeutic_class,0.8
desoximetasone,DERMA,Glucocorticoid,Dermatology,Eczema,therapeutic_class,0.8
tolterodine,UROLOGY,Non selective Anticholinergic (Bladder,Urology,Benign Prostatic Hyperplasia,therapeutic_class,0.8
tolterodine,UROLOGY,Non selective Anticholinergic (Bladder,Urology,Urinary Tract Disorder,therapeutic_class,0.8
doxazosin,CARDIAC,Adrenergic receptor (alpha) antagonist- selectiv,Cardiovascular,Hypertension,therapeutic_class,0.8
doxazosin,CARDIAC,Adrenergic receptor (alpha) antagonist- selectiv,Cardiovascular,Heart Disease,therapeutic_class,0.8
doxazosin,CARDIAC,Adrenergic receptor (alpha) antagonist- selectiv,Cardiovascular,Angina,therapeutic_class,0.8
doxazosin,CARDIAC,Adrenergic receptor (alpha) antagonist- selectiv,Cardiovascular,Arrhythmia,therapeutic_class,0.8
doxazosin,CARDIAC,Adrenergic receptor (alpha) antagonist- selectiv,Cardiovascular,Heart Failure,therapeutic_class,0.8
doxazosin,CARDIAC,Adrenergic receptor (alpha) antagonist- selectiv,Cardiovascular,Hyperlipidemia,therapeutic_class,0.8
daptomycin,ANTI INFECTIVES,Cell membrane active agen,Infectious Disease,Bacterial Infection,therapeutic_class,0.8
daptomycin,ANTI INFECTIVES,Cell membrane active agen,Infectious Disease,Infection,therapeutic_class,0.8
daptomycin,ANTI INFECTIVES,Cell membrane active agen,Infectious Disease,Sepsis,therapeutic_class,0.8
clioquinol,DERM,,Dermatology,Skin Infection,therapeutic_class,0.8
clioquinol,DERM,,Dermatology,Dermatitis,therapeutic_class,0.8
clioquinol,DERM,,Dermatology,Fungal Infection,therapeutic_class,0.8
clioquinol,DERM,,Dermatology,Eczema,therapeutic_class,0.8
clioquinol,DERM,,Dermatology,Psoriasis,therapeutic_class,0.8
vitamin d,VITAMINS MINERALS NUTRIENTS,Vitamin,Nutrition,Nutritional Deficiency,therapeutic_class,0.8
vitamin d,VITAMINS MINERALS NUTRIENTS,Vitamin,Nutrition,Vitamin Deficiency,therapeutic_class,0.8
ramosetron,GASTRO INTESTINA,,Gastroenterology,Acid Reflux,therapeutic_class,0.8
ramosetron,GASTRO INTESTINA,,Gastroenterology,GERD,therapeutic_class,0.8
ramosetron,GASTRO INTESTINA,,Gastroenterology,Peptic Ulcer,therapeutic_class,0.8
ramosetron,GASTRO INTESTINA,,Gastroenterology,Nausea,therapeutic_class,0.8
polyvinyl alcohol,OPHTHA,,Ophthalmology,Eye Infection,therapeutic_class,0.8
polyvinyl alcohol,OPHTHA,,Ophthalmology,Conjunctivitis,therapeutic_class,0.8
polyvinyl alcohol,OPHTHA,,Ophthalmology,Dry Eye,therapeutic_class,0.8
didanosine,ANTI INFECTIVES,Nucleoside/nucleotide reverse transcriptase inhibitors (NRTIs),Infectious Disease,Bacterial Infection,therapeutic_class,0.8
didanosine,ANTI INFECTIVES,Nucleoside/nucleotide reverse transcriptase inhibitors (NRTIs),Infectious Disease,Infection,therapeutic_class,0.8
didanosine,ANTI INFECTIVES,Nucleoside/nucleotide reverse transcriptase inhibitors (NRTIs),Infectious Disease,Sepsis,therapeutic_class,0.8
diclofenac+linseed oil+methyl salicylate+menthol+benzyl alcohol,PAIN ANALGESIC,,Pain Management,Pain,therapeutic_class,0.8
diclofenac+linseed oil+methyl salicylate+menthol+benzyl alcohol,PAIN ANALGESIC,,Pain Management,Inflammation,therapeutic_class,0.8
diclofenac+linseed oil+methyl salicylate+menthol+benzyl alcohol,PAIN ANALGESIC,,Pain Management,Arthritis,therapeutic_class,0.8
diclofenac+linseed oil+methyl salicylate+menthol+benzyl alcohol,PAIN ANALGESIC,,Pain Management,Musculoskeletal Pain,therapeutic_class,0.8
dacarbazine,ANTI NEOPLASTICS,Alkylating agen,Oncology,Cancer,therapeutic_class,0.8
dacarbazine,ANTI NEOPLASTICS,Alkylating agen,Oncology,Malignant Tumor,therapeutic_class,0.8
dacarbazine,ANTI NEOPLASTICS,Alkylating agen,Oncology,Leukemia,therapeutic_class,0.8
decitabine,ANTI NEOPLASTICS,Antimetabolite,Oncology,Cancer,therapeutic_class,0.8
decitabine,ANTI NEOPLASTICS,Antimetabolite,Oncology,Malignant Tumor,therapeutic_class,0.8
decitabine,ANTI NEOPLASTICS,Antimetabolite,Oncology,Leukemia,therapeutic_class,0.8
diflorasone diacetate,DERMA,Topical Glucocorticoid,Dermatology,Skin Infection,therapeutic_class,0.8
diflorasone diacetate,DERMA,Topical Glucocorticoid,Dermatology,Dermatitis,therapeutic_class,0.8
diflorasone diacetate,DERMA,Topical Glucocorticoid,Dermatology,Fungal Infection,therapeutic_class,0.8
diflorasone diacetate,DERMA,Topical Glucocorticoid,Dermatology,Acne,therapeutic_class,0.8
diflorasone diacetate,DERMA,Topical Glucocorticoid,Dermatology,Eczema,therapeutic_class,0.8
darunavir,ANTI INFECTIVES,Protease (HIV) inhibitor,Infectious Disease,Bacterial Infection,therapeutic_class,0.8
darunavir,ANTI INFECTIVES,Protease (HIV) inhibitor,Infectious Disease,Infection,therapeutic_class,0.8
darunavir,ANTI INFECTIVES,Protease (HIV) inhibitor,Infectious Disease,Sepsis,therapeutic_class,0.8
domperidone+pantoprazole,GASTRO INTESTINA,,Gastroenterology,Acid Reflux,therapeutic_class,0.8
domperidone+pantoprazole,GASTRO INTESTINA,,Gastroenterology,GERD,therapeutic_class,0.8
domperidone+pantoprazole,GASTRO INTESTINA,,Gastroenterology,Peptic Ulcer,therapeutic_class,0.8
domperidone+pantoprazole,GASTRO INTESTINA,,Gastroenterology,Nausea,therapeutic_class,0.8
rimonabant,VITAMINS MINERALS NUTRIENTS,CB 1 Antagonis,Nutrition,Nutritional Deficiency,therapeutic_class,0.8
rimonabant,VITAMINS MINERALS NUTRIENTS,CB 1 Antagonis,Nutrition,Vitamin Deficiency,therapeutic_class,0.8
phenindione,BLOOD RELATED,Vitamin K antagonist,Hematology,Anemia,therapeutic_class,0.8
phenindione,BLOOD RELATED,Vitamin K antagonist,Hematology,Thrombosis,therapeutic_class,0.8
phenindione,BLOOD RELATED,Vitamin K antagonist,Hematology,Blood Clotting Disorder,therapeutic_class,0.8
phenindione,BLOOD RELATED,Vitamin K antagonist,Hematology,Deep Vein Thrombosis,therapeutic_class,0.8
univestin,PAIN ANALGESICS,Herba,Pain Management,Pain,therapeutic_class,0.8
univestin,PAIN ANALGESICS,Herba,Pain Management,Inflammation,therapeutic_class,0.8
univestin,PAIN ANALGESICS,Herba,Pain Management,Arthritis,therapeutic_class,0.8
univestin,PAIN ANALGESICS,Herba,Pain Management,Musculoskeletal Pain,therapeutic_class,0.8
adapting electrolyte solutions,BLOOD RELATED,Crystalloid,Hematology,Anemia,therapeutic_class,0.8
adapting electrolyte solutions,BLOOD RELATED,Crystalloid,Hematology,Thrombosis,therapeutic_class,0.8
adapting electrolyte solutions,BLOOD RELATED,Crystalloid,Hematology,Blood Clotting Disorder,therapeutic_class,0.8
adapting electrolyte solutions,BLOOD RELATED,Crystalloid,Hematology,Deep Vein Thrombosis,therapeutic_class,0.8
diclofenac+paracetamol+chlorzoxazone,PAIN ANALGESIC,,Pain Management,Pain,therapeutic_class,0.8
diclofenac+paracetamol+chlorzoxazone,PAIN ANALGESIC,,Pain Management,Inflammation,therapeutic_class,0.8
diclofenac+paracetamol+chlorzoxazone,PAIN ANALGESIC,,Pain Management,Arthritis,therapeutic_class,0.8
diclofenac+paracetamol+chlorzoxazone,PAIN ANALGESIC,,Pain Management,Musculoskeletal Pain,therapeutic_class,0.8
phenylephrine+chlorpheniramine maleate,RESPIRATOR,,Respiratory,Allergic Rhinitis,therapeutic_class,0.8
phenylephrine+chlorpheniramine maleate,RESPIRATOR,,Respiratory,Cough,therapeutic_class,0.8
phenylephrine+chlorpheniramine maleate,RESPIRATOR,,Respiratory,Common Cold,therapeutic_class,0.8
phenylephrine+chlorpheniramine maleate,RESPIRATOR,,Respiratory,Nasal Congestion,therapeutic_class,0.8
phenylephrine+chlorpheniramine maleate,RESPIRATOR,,Respiratory,Bronchitis,therapeutic_class,0.8
etidronate,PAIN ANALGESICS,Bone resorption inhibitor -Bisphosphonate,Pain Management,Pain,therapeutic_class,0.8
etidronate,PAIN ANALGESICS,Bone resorption inhibitor -Bisphosphonate,Pain Management,Inflammation,therapeutic_class,0.8
etidronate,PAIN ANALGESICS,Bone resorption inhibitor -Bisphosphonate,Pain Management,Arthritis,therapeutic_class,0.8
etidronate,PAIN ANALGESICS,Bone resorption inhibitor -Bisphosphonate,Pain Management,Musculoskeletal Pain,therapeutic_class,0.8
mianserin,NEURO CNS,Noradrenergic and specific serotonergic antidepressants (NASSAs,Neurology / Psychiatry,Epilepsy,therapeutic_class,0.8
mianserin,NEURO CNS,Noradrenergic and specific serotonergic antidepressants (NASSAs,Neurology / Psychiatry,Anxiety,therapeutic_class,0.8
mianserin,NEURO CNS,Noradrenergic and specific serotonergic antidepressants (NASSAs,Neurology / Psychiatry,Depression,therapeutic_class,0.8
mianserin,NEURO CNS,Noradrenergic and specific serotonergic antidepressants (NASSAs,Neurology / Psychiatry,Insomnia,therapeutic_class,0.8
mianserin,NEURO CNS,Noradrenergic and specific serotonergic antidepressants (NASSAs,Neurology / Psychiatry,Seizure Disorder,therapeutic_class,0.8
mianserin,NEURO CNS,Noradrenergic and specific serotonergic antidepressants (NASSAs,Neurology / Psychiatry,Neuropathic Pain,therapeutic_class,0.8
miglitol,ANTI DIABETIC,Alpha-glucosidase inhibitor,Endocrine / Metabolic,Diabetes Mellitus,therapeutic_class,0.8
miglitol,ANTI DIABETIC,Alpha-glucosidase inhibitor,Endocrine / Metabolic,Type 2 Diabetes,therapeutic_class,0.8
miglitol,ANTI DIABETIC,Alpha-glucosidase inhibitor,Endocrine / Metabolic,Hyperglycemia,therapeutic_class,0.8
valethamate,PAIN ANALGESICS,Anticholinergic,Pain Management,Pain,therapeutic_class,0.8
valethamate,PAIN ANALGESICS,Anticholinergic,Pain Management,Inflammation,therapeutic_class,0.8
valethamate,PAIN ANALGESICS,Anticholinergic,Pain Management,Arthritis,therapeutic_class,0.8
valethamate,PAIN ANALGESICS,Anticholinergic,Pain Management,Musculoskeletal Pain,therapeutic_class,0.8
etanercept,PAIN ANALGESICS,Disease Modifying Anti-Rheumatoid Drugs (DMARDs)- Biologic,Pain Management,Pain,therapeutic_class,0.8
etanercept,PAIN ANALGESICS,Disease Modifying Anti-Rheumatoid Drugs (DMARDs)- Biologic,Pain Management,Inflammation,therapeutic_class,0.8
etanercept,PAIN ANALGESICS,Disease Modifying Anti-Rheumatoid Drugs (DMARDs)- Biologic,Pain Management,Arthritis,therapeutic_class,0.8
etanercept,PAIN ANALGESICS,Disease Modifying Anti-Rheumatoid Drugs (DMARDs)- Biologic,Pain Management,Musculoskeletal Pain,therapeutic_class,0.8
omalizumab,RESPIRATORY,Anti IgE monoclonal antibodie,Respiratory,Asthma,therapeutic_class,0.8
omalizumab,RESPIRATORY,Anti IgE monoclonal antibodie,Respiratory,Allergic Rhinitis,therapeutic_class,0.8
omalizumab,RESPIRATORY,Anti IgE monoclonal antibodie,Respiratory,COPD,therapeutic_class,0.8
omalizumab,RESPIRATORY,Anti IgE monoclonal antibodie,Respiratory,Cough,therapeutic_class,0.8
omalizumab,RESPIRATORY,Anti IgE monoclonal antibodie,Respiratory,Common Cold,therapeutic_class,0.8
omalizumab,RESPIRATORY,Anti IgE monoclonal antibodie,Respiratory,Bronchitis,therapeutic_class,0.8
rivastigmine,NEURO CN,,Neurology / Psychiatry,Anxiety,therapeutic_class,0.8
rivastigmine,NEURO CN,,Neurology / Psychiatry,Depression,therapeutic_class,0.8
rivastigmine,NEURO CN,,Neurology / Psychiatry,Insomnia,therapeutic_class,0.8
rivastigmine,NEURO CN,,Neurology / Psychiatry,Vertigo,therapeutic_class,0.8
rivastigmine,NEURO CN,,Neurology / Psychiatry,Neuropathy,therapeutic_class,0.8
propylene glycol,OPHTHA,,Ophthalmology,Eye Infection,therapeutic_class,0.8
propylene glycol,OPHTHA,,Ophthalmology,Conjunctivitis,therapeutic_class,0.8
propylene glycol,OPHTHA,,Ophthalmology,Dry Eye,therapeutic_class,0.8
quiniodochlor,ANTI INFECTIVES,Antiprotozoal agent,Infectious Disease,Bacterial Infection,therapeutic_class,0.8
quiniodochlor,ANTI INFECTIVES,Antiprotozoal agent,Infectious Disease,Infection,therapeutic_class,0.8
quiniodochlor,ANTI INFECTIVES,Antiprotozoal agent,Infectious Disease,Sepsis,therapeutic_class,0.8
saccharomyces boulardii,GASTRO INTESTINAL,Probiotic,Gastroenterology,Acid Reflux,therapeutic_class,0.8
saccharomyces boulardii,GASTRO INTESTINAL,Probiotic,Gastroenterology,GERD,therapeutic_class,0.8
saccharomyces boulardii,GASTRO INTESTINAL,Probiotic,Gastroenterology,Peptic Ulcer,therapeutic_class,0.8
saccharomyces boulardii,GASTRO INTESTINAL,Probiotic,Gastroenterology,Gastritis,therapeutic_class,0.8
saccharomyces boulardii,GASTRO INTESTINAL,Probiotic,Gastroenterology,Nausea,therapeutic_class,0.8
saccharomyces boulardii,GASTRO INTESTINAL,Probiotic,Gastroenterology,Diarrhea,therapeutic_class,0.8
estriol,GYNAECOLOGICAL,Estrogen,Gynecology,Gynecological Infection,therapeutic_class,0.8
estriol,GYNAECOLOGICAL,Estrogen,Gynecology,Hormonal Irregularity,therapeutic_class,0.8
estriol,GYNAECOLOGICAL,Estrogen,Gynecology,PCOS,therapeutic_class,0.8
estriol,GYNAECOLOGICAL,Estrogen,Gynecology,Menstrual Disorder,therapeutic_class,0.8
pinaverium bromide,GASTRO INTESTINAL,Gastro intestinal calcium antagonis,Gastroenterology,Acid Reflux,therapeutic_class,0.8
pinaverium bromide,GASTRO INTESTINAL,Gastro intestinal calcium antagonis,Gastroenterology,GERD,therapeutic_class,0.8
pinaverium bromide,GASTRO INTESTINAL,Gastro intestinal calcium antagonis,Gastroenterology,Peptic Ulcer,therapeutic_class,0.8
pinaverium bromide,GASTRO INTESTINAL,Gastro intestinal calcium antagonis,Gastroenterology,Gastritis,therapeutic_class,0.8
pinaverium bromide,GASTRO INTESTINAL,Gastro intestinal calcium antagonis,Gastroenterology,Nausea,therapeutic_class,0.8
pinaverium bromide,GASTRO INTESTINAL,Gastro intestinal calcium antagonis,Gastroenterology,Diarrhea,therapeutic_class,0.8
tenecteplase,CARDIAC,Plasminogen Activators- Thrombolytic,Cardiovascular,Hypertension,therapeutic_class,0.8
tenecteplase,CARDIAC,Plasminogen Activators- Thrombolytic,Cardiovascular,Heart Disease,therapeutic_class,0.8
tenecteplase,CARDIAC,Plasminogen Activators- Thrombolytic,Cardiovascular,Angina,therapeutic_class,0.8
tenecteplase,CARDIAC,Plasminogen Activators- Thrombolytic,Cardiovascular,Arrhythmia,therapeutic_class,0.8
tenecteplase,CARDIAC,Plasminogen Activators- Thrombolytic,Cardiovascular,Heart Failure,therapeutic_class,0.8
tenecteplase,CARDIAC,Plasminogen Activators- Thrombolytic,Cardiovascular,Hyperlipidemia,therapeutic_class,0.8
efonidipine,CARDIAC,Calcium channel blockers- Dihydropyridines (DHP,Cardiovascular,Hypertension,therapeutic_class,0.8
efonidipine,CARDIAC,Calcium channel blockers- Dihydropyridines (DHP,Cardiovascular,Heart Disease,therapeutic_class,0.8
efonidipine,CARDIAC,Calcium channel blockers- Dihydropyridines (DHP,Cardiovascular,Angina,therapeutic_class,0.8
efonidipine,CARDIAC,Calcium channel blockers- Dihydropyridines (DHP,Cardiovascular,Arrhythmia,therapeutic_class,0.8
efonidipine,CARDIAC,Calcium channel blockers- Dihydropyridines (DHP,Cardiovascular,Heart Failure,therapeutic_class,0.8
efonidipine,CARDIAC,Calcium channel blockers- Dihydropyridines (DHP,Cardiovascular,Hyperlipidemia,therapeutic_class,0.8
lactobacillus salivarius,GYNAECOLOGICA,,Gynecology,Vaginal Infection,therapeutic_class,0.8
lactobacillus salivarius,GYNAECOLOGICA,,Gynecology,Hormonal Irregularity,therapeutic_class,0.8
levonadifloxacin,DERM,,Dermatology,Skin Infection,therapeutic_class,0.8
levonadifloxacin,DERM,,Dermatology,Dermatitis,therapeutic_class,0.8
levonadifloxacin,DERM,,Dermatology,Fungal Infection,therapeutic_class,0.8
levonadifloxacin,DERM,,Dermatology,Eczema,therapeutic_class,0.8
levonadifloxacin,DERM,,Dermatology,Psoriasis,therapeutic_class,0.8
mizolastine,RESPIRATORY,H1 Antihistaminics (second Generation,Respiratory,Asthma,therapeutic_class,0.8
mizolastine,RESPIRATORY,H1 Antihistaminics (second Generation,Respiratory,Allergic Rhinitis,therapeutic_class,0.8
mizolastine,RESPIRATORY,H1 Antihistaminics (second Generation,Respiratory,COPD,therapeutic_class,0.8
mizolastine,RESPIRATORY,H1 Antihistaminics (second Generation,Respiratory,Cough,therapeutic_class,0.8
mizolastine,RESPIRATORY,H1 Antihistaminics (second Generation,Respiratory,Common Cold,therapeutic_class,0.8
mizolastine,RESPIRATORY,H1 Antihistaminics (second Generation,Respiratory,Bronchitis,therapeutic_class,0.8
insulin lispro,ANTI DIABETIC,Insulin analogues- rapid actin,Endocrine / Metabolic,Diabetes Mellitus,therapeutic_class,0.8
insulin lispro,ANTI DIABETIC,Insulin analogues- rapid actin,Endocrine / Metabolic,Type 2 Diabetes,therapeutic_class,0.8
insulin lispro,ANTI DIABETIC,Insulin analogues- rapid actin,Endocrine / Metabolic,Hyperglycemia,therapeutic_class,0.8
pimecrolimus,DERM,,Dermatology,Skin Infection,therapeutic_class,0.8
pimecrolimus,DERM,,Dermatology,Dermatitis,therapeutic_class,0.8
pimecrolimus,DERM,,Dermatology,Fungal Infection,therapeutic_class,0.8
pimecrolimus,DERM,,Dermatology,Eczema,therapeutic_class,0.8
pimecrolimus,DERM,,Dermatology,Psoriasis,therapeutic_class,0.8
eslicarbazepine,NEURO CNS,Sodium channel modulators (AED,Neurology / Psychiatry,Epilepsy,therapeutic_class,0.8
eslicarbazepine,NEURO CNS,Sodium channel modulators (AED,Neurology / Psychiatry,Anxiety,therapeutic_class,0.8
eslicarbazepine,NEURO CNS,Sodium channel modulators (AED,Neurology / Psychiatry,Depression,therapeutic_class,0.8
eslicarbazepine,NEURO CNS,Sodium channel modulators (AED,Neurology / Psychiatry,Insomnia,therapeutic_class,0.8
eslicarbazepine,NEURO CNS,Sodium channel modulators (AED,Neurology / Psychiatry,Seizure Disorder,therapeutic_class,0.8
eslicarbazepine,NEURO CNS,Sodium channel modulators (AED,Neurology / Psychiatry,Neuropathic Pain,therapeutic_class,0.8
palonosetron,GASTRO INTESTINAL,Serotonin antagonists (5-HT3 antagonists,Gastroenterology,Acid Reflux,therapeutic_class,0.8
palonosetron,GASTRO INTESTINAL,Serotonin antagonists (5-HT3 antagonists,Gastroenterology,GERD,therapeutic_class,0.8
palonosetron,GASTRO INTESTINAL,Serotonin antagonists (5-HT3 antagonists,Gastroenterology,Peptic Ulcer,therapeutic_class,0.8
palonosetron,GASTRO INTESTINAL,Serotonin antagonists (5-HT3 antagonists,Gastroenterology,Gastritis,therapeutic_class,0.8
palonosetron,GASTRO INTESTINAL,Serotonin antagonists (5-HT3 antagonists,Gastroenterology,Nausea,therapeutic_class,0.8
palonosetron,GASTRO INTESTINAL,Serotonin antagonists (5-HT3 antagonists,Gastroenterology,Diarrhea,therapeutic_class,0.8
aflibercept,OPHTHAL,Vascular endothelial growth factor (VEGF) inhibitor for AM,Ophthalmology,Eye Infection,therapeutic_class,0.8
aflibercept,OPHTHAL,Vascular endothelial growth factor (VEGF) inhibitor for AM,Ophthalmology,Glaucoma,therapeutic_class,0.8
aflibercept,OPHTHAL,Vascular endothelial growth factor (VEGF) inhibitor for AM,Ophthalmology,Conjunctivitis,therapeutic_class,0.8
aflibercept,OPHTHAL,Vascular endothelial growth factor (VEGF) inhibitor for AM,Ophthalmology,Dry Eye,therapeutic_class,0.8
enalaprilat,CARDIAC,Angiotensin-converting enzyme (ACE) inhibitor,Cardiovascular,Hypertension,therapeutic_class,0.8
enalaprilat,CARDIAC,Angiotensin-converting enzyme (ACE) inhibitor,Cardiovascular,Heart Disease,therapeutic_class,0.8
enalaprilat,CARDIAC,Angiotensin-converting enzyme (ACE) inhibitor,Cardiovascular,Angina,therapeutic_class,0.8
enalaprilat,CARDIAC,Angiotensin-converting enzyme (ACE) inhibitor,Cardiovascular,Arrhythmia,therapeutic_class,0.8
enalaprilat,CARDIAC,Angiotensin-converting enzyme (ACE) inhibitor,Cardiovascular,Heart Failure,therapeutic_class,0.8
enalaprilat,CARDIAC,Angiotensin-converting enzyme (ACE) inhibitor,Cardiovascular,Hyperlipidemia,therapeutic_class,0.8
pyritinol,NEURO CNS,Nootropic agen,Neurology / Psychiatry,Epilepsy,therapeutic_class,0.8
pyritinol,NEURO CNS,Nootropic agen,Neurology / Psychiatry,Anxiety,therapeutic_class,0.8
pyritinol,NEURO CNS,Nootropic agen,Neurology / Psychiatry,Depression,therapeutic_class,0.8
pyritinol,NEURO CNS,Nootropic agen,Neurology / Psychiatry,Insomnia,therapeutic_class,0.8
pyritinol,NEURO CNS,Nootropic agen,Neurology / Psychiatry,Seizure Disorder,therapeutic_class,0.8
pyritinol,NEURO CNS,Nootropic agen,Neurology / Psychiatry,Neuropathic Pain,therapeutic_class,0.8
pegylated recombinant human erythropoietin,BLOOD RELATE,,Hematology,Anemia,therapeutic_class,0.8
pegylated recombinant human erythropoietin,BLOOD RELATE,,Hematology,Iron Deficiency,therapeutic_class,0.8
rituximab,ANTI NEOPLASTICS,CD 20 Inhibito,Oncology,Cancer,therapeutic_class,0.8
rituximab,ANTI NEOPLASTICS,CD 20 Inhibito,Oncology,Malignant Tumor,therapeutic_class,0.8
rituximab,ANTI NEOPLASTICS,CD 20 Inhibito,Oncology,Leukemia,therapeutic_class,0.8
eptifibatide,BLOOD RELATED,Glycoprotein IIb/IIIa inhibitor,Hematology,Anemia,therapeutic_class,0.8
eptifibatide,BLOOD RELATED,Glycoprotein IIb/IIIa inhibitor,Hematology,Thrombosis,therapeutic_class,0.8
eptifibatide,BLOOD RELATED,Glycoprotein IIb/IIIa inhibitor,Hematology,Blood Clotting Disorder,therapeutic_class,0.8
eptifibatide,BLOOD RELATED,Glycoprotein IIb/IIIa inhibitor,Hematology,Deep Vein Thrombosis,therapeutic_class,0.8
vardenafil,SEX STIMULANTS REJUVENATORS,Phosphodiesterase-V inhibitor,Urology / Cardiology,Erectile Dysfunction,therapeutic_class,0.8
vardenafil,SEX STIMULANTS REJUVENATORS,Phosphodiesterase-V inhibitor,Urology / Cardiology,Pulmonary Arterial Hypertension,therapeutic_class,0.8
ethionamide,ANTI INFECTIVES,Mycobacterial cell wall inhibitors-Ethambuto,Infectious Disease,Bacterial Infection,therapeutic_class,0.8
ethionamide,ANTI INFECTIVES,Mycobacterial cell wall inhibitors-Ethambuto,Infectious Disease,Infection,therapeutic_class,0.8
ethionamide,ANTI INFECTIVES,Mycobacterial cell wall inhibitors-Ethambuto,Infectious Disease,Sepsis,therapeutic_class,0.8
isopropyl alcohol,DERMA,Antiseptics and disinfectant,Dermatology,Skin Infection,therapeutic_class,0.8
isopropyl alcohol,DERMA,Antiseptics and disinfectant,Dermatology,Dermatitis,therapeutic_class,0.8
isopropyl alcohol,DERMA,Antiseptics and disinfectant,Dermatology,Fungal Infection,therapeutic_class,0.8
isopropyl alcohol,DERMA,Antiseptics and disinfectant,Dermatology,Acne,therapeutic_class,0.8
isopropyl alcohol,DERMA,Antiseptics and disinfectant,Dermatology,Eczema,therapeutic_class,0.8
omega-3 fatty acid,VITAMINS MINERALS NUTRIENTS,Antioxidant- Omega-3-Fatty acid,Nutrition,Nutritional Deficiency,therapeutic_class,0.8
omega-3 fatty acid,VITAMINS MINERALS NUTRIENTS,Antioxidant- Omega-3-Fatty acid,Nutrition,Vitamin Deficiency,therapeutic_class,0.8
benzoic acid,DERM,,Dermatology,Skin Infection,therapeutic_class,0.8
benzoic acid,DERM,,Dermatology,Dermatitis,therapeutic_class,0.8
benzoic acid,DERM,,Dermatology,Fungal Infection,therapeutic_class,0.8
benzoic acid,DERM,,Dermatology,Eczema,therapeutic_class,0.8
benzoic acid,DERM,,Dermatology,Psoriasis,therapeutic_class,0.8
hydroxyethyl starch,BLOOD RELATED,Colloids (Plasma substitutes,Hematology,Anemia,therapeutic_class,0.8
hydroxyethyl starch,BLOOD RELATED,Colloids (Plasma substitutes,Hematology,Thrombosis,therapeutic_class,0.8
hydroxyethyl starch,BLOOD RELATED,Colloids (Plasma substitutes,Hematology,Blood Clotting Disorder,therapeutic_class,0.8
hydroxyethyl starch,BLOOD RELATED,Colloids (Plasma substitutes,Hematology,Deep Vein Thrombosis,therapeutic_class,0.8
n-butyl-2-cyanoacrylate,OTHERS,Haemostatic agen,General Medicine,Weight Management,therapeutic_class,0.8
n-butyl-2-cyanoacrylate,OTHERS,Haemostatic agen,General Medicine,Obesity,therapeutic_class,0.8
esmolol,CARDIAC,Beta blocker- Cardioselectiv,Cardiovascular,Hypertension,therapeutic_class,0.8
esmolol,CARDIAC,Beta blocker- Cardioselectiv,Cardiovascular,Heart Disease,therapeutic_class,0.8
esmolol,CARDIAC,Beta blocker- Cardioselectiv,Cardiovascular,Angina,therapeutic_class,0.8
esmolol,CARDIAC,Beta blocker- Cardioselectiv,Cardiovascular,Arrhythmia,therapeutic_class,0.8
esmolol,CARDIAC,Beta blocker- Cardioselectiv,Cardiovascular,Heart Failure,therapeutic_class,0.8
esmolol,CARDIAC,Beta blocker- Cardioselectiv,Cardiovascular,Hyperlipidemia,therapeutic_class,0.8
sulphur,DERM,,Dermatology,Skin Infection,therapeutic_class,0.8
sulphur,DERM,,Dermatology,Dermatitis,therapeutic_class,0.8
sulphur,DERM,,Dermatology,Fungal Infection,therapeutic_class,0.8
sulphur,DERM,,Dermatology,Eczema,therapeutic_class,0.8
sulphur,DERM,,Dermatology,Psoriasis,therapeutic_class,0.8
ergotamine,NEURO CN,,Neurology / Psychiatry,Anxiety,therapeutic_class,0.8
ergotamine,NEURO CN,,Neurology / Psychiatry,Depression,therapeutic_class,0.8
ergotamine,NEURO CN,,Neurology / Psychiatry,Insomnia,therapeutic_class,0.8
ergotamine,NEURO CN,,Neurology / Psychiatry,Vertigo,therapeutic_class,0.8
ergotamine,NEURO CN,,Neurology / Psychiatry,Neuropathy,therapeutic_class,0.8
cetuximab,ANTI NEOPLASTICS,EGFR (ErbB1 or HER1) inhibitors- Monoclonal antibod,Oncology,Cancer,therapeutic_class,0.8
cetuximab,ANTI NEOPLASTICS,EGFR (ErbB1 or HER1) inhibitors- Monoclonal antibod,Oncology,Malignant Tumor,therapeutic_class,0.8
cetuximab,ANTI NEOPLASTICS,EGFR (ErbB1 or HER1) inhibitors- Monoclonal antibod,Oncology,Leukemia,therapeutic_class,0.8
ertapenem,ANTI INFECTIVES,Cell wall active agent -Carbapenem,Infectious Disease,Bacterial Infection,therapeutic_class,0.8
ertapenem,ANTI INFECTIVES,Cell wall active agent -Carbapenem,Infectious Disease,Infection,therapeutic_class,0.8
ertapenem,ANTI INFECTIVES,Cell wall active agent -Carbapenem,Infectious Disease,Sepsis,therapeutic_class,0.8
recombinant human epidermal growth factor,HORMONES,Recombinant human epidermal growth factor (rhEGF)- Diabetic foot ulce,Endocrinology,Hormonal Imbalance,therapeutic_class,0.8
recombinant human epidermal growth factor,HORMONES,Recombinant human epidermal growth factor (rhEGF)- Diabetic foot ulce,Endocrinology,Hypothyroidism,therapeutic_class,0.8
recombinant human epidermal growth factor,HORMONES,Recombinant human epidermal growth factor (rhEGF)- Diabetic foot ulce,Endocrinology,Adrenal Insufficiency,therapeutic_class,0.8
recombinant human epidermal growth factor,HORMONES,Recombinant human epidermal growth factor (rhEGF)- Diabetic foot ulce,Endocrinology,Growth Disorder,therapeutic_class,0.8
evening primrose oil,SEX STIMULANTS REJUVENATOR,,Urology,Erectile Dysfunction,therapeutic_class,0.8
epinastine,OPHTHAL,H1 Antihistaminics (second Generation,Ophthalmology,Eye Infection,therapeutic_class,0.8
epinastine,OPHTHAL,H1 Antihistaminics (second Generation,Ophthalmology,Glaucoma,therapeutic_class,0.8
epinastine,OPHTHAL,H1 Antihistaminics (second Generation,Ophthalmology,Conjunctivitis,therapeutic_class,0.8
epinastine,OPHTHAL,H1 Antihistaminics (second Generation,Ophthalmology,Dry Eye,therapeutic_class,0.8
lamotrigine,NEURO CNS,Sodium channel modulators (AED,Neurology / Psychiatry,Epilepsy,therapeutic_class,0.8
lamotrigine,NEURO CNS,Sodium channel modulators (AED,Neurology / Psychiatry,Anxiety,therapeutic_class,0.8
lamotrigine,NEURO CNS,Sodium channel modulators (AED,Neurology / Psychiatry,Depression,therapeutic_class,0.8
lamotrigine,NEURO CNS,Sodium channel modulators (AED,Neurology / Psychiatry,Insomnia,therapeutic_class,0.8
lamotrigine,NEURO CNS,Sodium channel modulators (AED,Neurology / Psychiatry,Seizure Disorder,therapeutic_class,0.8
lamotrigine,NEURO CNS,Sodium channel modulators (AED,Neurology / Psychiatry,Neuropathic Pain,therapeutic_class,0.8
levonorgestrel,GYNAECOLOGICA,,Gynecology,Vaginal Infection,therapeutic_class,0.8
levonorgestrel,GYNAECOLOGICA,,Gynecology,Hormonal Irregularity,therapeutic_class,0.8
efavirenz,ANTI INFECTIVES,Non-Nucleoside reverse transcriptase inhibitors (NNRTIs,Infectious Disease,Bacterial Infection,therapeutic_class,0.8
efavirenz,ANTI INFECTIVES,Non-Nucleoside reverse transcriptase inhibitors (NNRTIs,Infectious Disease,Infection,therapeutic_class,0.8
efavirenz,ANTI INFECTIVES,Non-Nucleoside reverse transcriptase inhibitors (NNRTIs,Infectious Disease,Sepsis,therapeutic_class,0.8
etomidate,PAIN ANALGESICS,General anaesthetic agent,Pain Management,Pain,therapeutic_class,0.8
etomidate,PAIN ANALGESICS,General anaesthetic agent,Pain Management,Inflammation,therapeutic_class,0.8
etomidate,PAIN ANALGESICS,General anaesthetic agent,Pain Management,Arthritis,therapeutic_class,0.8
etomidate,PAIN ANALGESICS,General anaesthetic agent,Pain Management,Musculoskeletal Pain,therapeutic_class,0.8
apalutamide,ANTI NEOPLASTIC,,Oncology,Cancer,therapeutic_class,0.8
apalutamide,ANTI NEOPLASTIC,,Oncology,Prostate Cancer,therapeutic_class,0.8
apalutamide,ANTI NEOPLASTIC,,Oncology,Breast Cancer,therapeutic_class,0.8
apalutamide,ANTI NEOPLASTIC,,Oncology,Malignant Tumor,therapeutic_class,0.8
nadifloxacin,DERM,,Dermatology,Skin Infection,therapeutic_class,0.8
nadifloxacin,DERM,,Dermatology,Dermatitis,therapeutic_class,0.8
nadifloxacin,DERM,,Dermatology,Fungal Infection,therapeutic_class,0.8
nadifloxacin,DERM,,Dermatology,Eczema,therapeutic_class,0.8
nadifloxacin,DERM,,Dermatology,Psoriasis,therapeutic_class,0.8
eribulin mesylate,ANTI NEOPLASTICS,Antimicrotubule agents- Non Taxane,Oncology,Cancer,therapeutic_class,0.8
eribulin mesylate,ANTI NEOPLASTICS,Antimicrotubule agents- Non Taxane,Oncology,Malignant Tumor,therapeutic_class,0.8
eribulin mesylate,ANTI NEOPLASTICS,Antimicrotubule agents- Non Taxane,Oncology,Leukemia,therapeutic_class,0.8
lacosamide,NEURO CNS,Sodium channel modulators (AED,Neurology / Psychiatry,Epilepsy,therapeutic_class,0.8
lacosamide,NEURO CNS,Sodium channel modulators (AED,Neurology / Psychiatry,Anxiety,therapeutic_class,0.8
lacosamide,NEURO CNS,Sodium channel modulators (AED,Neurology / Psychiatry,Depression,therapeutic_class,0.8
lacosamide,NEURO CNS,Sodium channel modulators (AED,Neurology / Psychiatry,Insomnia,therapeutic_class,0.8
lacosamide,NEURO CNS,Sodium channel modulators (AED,Neurology / Psychiatry,Seizure Disorder,therapeutic_class,0.8
lacosamide,NEURO CNS,Sodium channel modulators (AED,Neurology / Psychiatry,Neuropathic Pain,therapeutic_class,0.8
fludarabine,ANTI NEOPLASTICS,Antimetabolite,Oncology,Cancer,therapeutic_class,0.8
fludarabine,ANTI NEOPLASTICS,Antimetabolite,Oncology,Malignant Tumor,therapeutic_class,0.8
fludarabine,ANTI NEOPLASTICS,Antimetabolite,Oncology,Leukemia,therapeutic_class,0.8
dibasic sodium phosphate,STOMATOLOGICAL,,Dentistry,Oral Ulcer,therapeutic_class,0.8
dibasic sodium phosphate,STOMATOLOGICAL,,Dentistry,Mouth Infection,therapeutic_class,0.8
methylergometrine,GYNAECOLOGICAL,Uterotonic and abortificien,Gynecology,Gynecological Infection,therapeutic_class,0.8
methylergometrine,GYNAECOLOGICAL,Uterotonic and abortificien,Gynecology,Hormonal Irregularity,therapeutic_class,0.8
methylergometrine,GYNAECOLOGICAL,Uterotonic and abortificien,Gynecology,PCOS,therapeutic_class,0.8
methylergometrine,GYNAECOLOGICAL,Uterotonic and abortificien,Gynecology,Menstrual Disorder,therapeutic_class,0.8
phenyramidol,PAIN ANALGESICS,Skeletal muscle relaxant- Centrally actin,Pain Management,Pain,therapeutic_class,0.8
phenyramidol,PAIN ANALGESICS,Skeletal muscle relaxant- Centrally actin,Pain Management,Inflammation,therapeutic_class,0.8
phenyramidol,PAIN ANALGESICS,Skeletal muscle relaxant- Centrally actin,Pain Management,Arthritis,therapeutic_class,0.8
phenyramidol,PAIN ANALGESICS,Skeletal muscle relaxant- Centrally actin,Pain Management,Musculoskeletal Pain,therapeutic_class,0.8
secnidazole,ANTI INFECTIVES,5-Nitroimidazole (Antiprotozoal & Antibacterial,Infectious Disease,Bacterial Infection,therapeutic_class,0.8
secnidazole,ANTI INFECTIVES,5-Nitroimidazole (Antiprotozoal & Antibacterial,Infectious Disease,Infection,therapeutic_class,0.8
secnidazole,ANTI INFECTIVES,5-Nitroimidazole (Antiprotozoal & Antibacterial,Infectious Disease,Sepsis,therapeutic_class,0.8
ethacridine,GYNAECOLOGICAL,Uterotonic and abortificien,Gynecology,Gynecological Infection,therapeutic_class,0.8
ethacridine,GYNAECOLOGICAL,Uterotonic and abortificien,Gynecology,Hormonal Irregularity,therapeutic_class,0.8
ethacridine,GYNAECOLOGICAL,Uterotonic and abortificien,Gynecology,PCOS,therapeutic_class,0.8
ethacridine,GYNAECOLOGICAL,Uterotonic and abortificien,Gynecology,Menstrual Disorder,therapeutic_class,0.8
propofol,PAIN ANALGESICS,General anaesthetic agent,Pain Management,Pain,therapeutic_class,0.8
propofol,PAIN ANALGESICS,General anaesthetic agent,Pain Management,Inflammation,therapeutic_class,0.8
propofol,PAIN ANALGESICS,General anaesthetic agent,Pain Management,Arthritis,therapeutic_class,0.8
propofol,PAIN ANALGESICS,General anaesthetic agent,Pain Management,Musculoskeletal Pain,therapeutic_class,0.8
emtricitabine,ANTI INFECTIVE,,Infectious Disease,Bacterial Infection,therapeutic_class,0.8
emtricitabine,ANTI INFECTIVE,,Infectious Disease,Infection,therapeutic_class,0.8
roflumilast,RESPIRATORY,Phosphodiesterase-IV inhibitors (COPD,Respiratory,Asthma,therapeutic_class,0.8
roflumilast,RESPIRATORY,Phosphodiesterase-IV inhibitors (COPD,Respiratory,Allergic Rhinitis,therapeutic_class,0.8
roflumilast,RESPIRATORY,Phosphodiesterase-IV inhibitors (COPD,Respiratory,COPD,therapeutic_class,0.8
roflumilast,RESPIRATORY,Phosphodiesterase-IV inhibitors (COPD,Respiratory,Cough,therapeutic_class,0.8
roflumilast,RESPIRATORY,Phosphodiesterase-IV inhibitors (COPD,Respiratory,Common Cold,therapeutic_class,0.8
roflumilast,RESPIRATORY,Phosphodiesterase-IV inhibitors (COPD,Respiratory,Bronchitis,therapeutic_class,0.8
oxaceprol,PAIN ANALGESICS,Amino acid derivative- Osteoarthriti,Pain Management,Pain,therapeutic_class,0.8
oxaceprol,PAIN ANALGESICS,Amino acid derivative- Osteoarthriti,Pain Management,Inflammation,therapeutic_class,0.8
oxaceprol,PAIN ANALGESICS,Amino acid derivative- Osteoarthriti,Pain Management,Arthritis,therapeutic_class,0.8
oxaceprol,PAIN ANALGESICS,Amino acid derivative- Osteoarthriti,Pain Management,Musculoskeletal Pain,therapeutic_class,0.8
sargramostim,ANTI NEOPLASTICS,Granulocyte-macrophage colony stimulating factor (GM-CSF,Oncology,Cancer,therapeutic_class,0.8
sargramostim,ANTI NEOPLASTICS,Granulocyte-macrophage colony stimulating factor (GM-CSF,Oncology,Malignant Tumor,therapeutic_class,0.8
sargramostim,ANTI NEOPLASTICS,Granulocyte-macrophage colony stimulating factor (GM-CSF,Oncology,Leukemia,therapeutic_class,0.8
pramipexole,NEURO CNS,Dopamine agonist,Neurology / Psychiatry,Epilepsy,therapeutic_class,0.8
pramipexole,NEURO CNS,Dopamine agonist,Neurology / Psychiatry,Anxiety,therapeutic_class,0.8
pramipexole,NEURO CNS,Dopamine agonist,Neurology / Psychiatry,Depression,therapeutic_class,0.8
pramipexole,NEURO CNS,Dopamine agonist,Neurology / Psychiatry,Insomnia,therapeutic_class,0.8
pramipexole,NEURO CNS,Dopamine agonist,Neurology / Psychiatry,Seizure Disorder,therapeutic_class,0.8
pramipexole,NEURO CNS,Dopamine agonist,Neurology / Psychiatry,Neuropathic Pain,therapeutic_class,0.8
sisomicin,DERMA,Aminoglycoside,Dermatology,Skin Infection,therapeutic_class,0.8
sisomicin,DERMA,Aminoglycoside,Dermatology,Dermatitis,therapeutic_class,0.8
sisomicin,DERMA,Aminoglycoside,Dermatology,Fungal Infection,therapeutic_class,0.8
sisomicin,DERMA,Aminoglycoside,Dermatology,Acne,therapeutic_class,0.8
sisomicin,DERMA,Aminoglycoside,Dermatology,Eczema,therapeutic_class,0.8
domperidone+esomeprazole,GASTRO INTESTINA,,Gastroenterology,Acid Reflux,therapeutic_class,0.8
domperidone+esomeprazole,GASTRO INTESTINA,,Gastroenterology,GERD,therapeutic_class,0.8
domperidone+esomeprazole,GASTRO INTESTINA,,Gastroenterology,Peptic Ulcer,therapeutic_class,0.8
domperidone+esomeprazole,GASTRO INTESTINA,,Gastroenterology,Nausea,therapeutic_class,0.8
estramustine,ANTI NEOPLASTICS,Anticancer-other,Oncology,Cancer,therapeutic_class,0.8
estramustine,ANTI NEOPLASTICS,Anticancer-other,Oncology,Malignant Tumor,therapeutic_class,0.8
estramustine,ANTI NEOPLASTICS,Anticancer-other,Oncology,Leukemia,therapeutic_class,0.8
eprosartan,CARDIAC,Angiotensin receptor blockers(ARB,Cardiovascular,Hypertension,therapeutic_class,0.8
eprosartan,CARDIAC,Angiotensin receptor blockers(ARB,Cardiovascular,Heart Disease,therapeutic_class,0.8
eprosartan,CARDIAC,Angiotensin receptor blockers(ARB,Cardiovascular,Angina,therapeutic_class,0.8
eprosartan,CARDIAC,Angiotensin receptor blockers(ARB,Cardiovascular,Arrhythmia,therapeutic_class,0.8
eprosartan,CARDIAC,Angiotensin receptor blockers(ARB,Cardiovascular,Heart Failure,therapeutic_class,0.8
eprosartan,CARDIAC,Angiotensin receptor blockers(ARB,Cardiovascular,Hyperlipidemia,therapeutic_class,0.8
flucloxacillin sodium,ANTI INFECTIVES,Cell wall active agent- Penicillinase resistant Penicilli,Infectious Disease,Bacterial Infection,therapeutic_class,0.8
flucloxacillin sodium,ANTI INFECTIVES,Cell wall active agent- Penicillinase resistant Penicilli,Infectious Disease,Infection,therapeutic_class,0.8
flucloxacillin sodium,ANTI INFECTIVES,Cell wall active agent- Penicillinase resistant Penicilli,Infectious Disease,Sepsis,therapeutic_class,0.8
eszopiclone,NEURO CNS,Non-benzodiazepine hypnotics (Z Compounds,Neurology / Psychiatry,Epilepsy,therapeutic_class,0.8
eszopiclone,NEURO CNS,Non-benzodiazepine hypnotics (Z Compounds,Neurology / Psychiatry,Anxiety,therapeutic_class,0.8
eszopiclone,NEURO CNS,Non-benzodiazepine hypnotics (Z Compounds,Neurology / Psychiatry,Depression,therapeutic_class,0.8
eszopiclone,NEURO CNS,Non-benzodiazepine hypnotics (Z Compounds,Neurology / Psychiatry,Insomnia,therapeutic_class,0.8
eszopiclone,NEURO CNS,Non-benzodiazepine hypnotics (Z Compounds,Neurology / Psychiatry,Seizure Disorder,therapeutic_class,0.8
eszopiclone,NEURO CNS,Non-benzodiazepine hypnotics (Z Compounds,Neurology / Psychiatry,Neuropathic Pain,therapeutic_class,0.8
pyrantel pamoate,ANTI INFECTIVES,Antiprotozoal agent,Infectious Disease,Bacterial Infection,therapeutic_class,0.8
pyrantel pamoate,ANTI INFECTIVES,Antiprotozoal agent,Infectious Disease,Infection,therapeutic_class,0.8
pyrantel pamoate,ANTI INFECTIVES,Antiprotozoal agent,Infectious Disease,Sepsis,therapeutic_class,0.8
ulinastatin,UROLOGY,Protease inhibitors- Pancreatiti,Urology,Benign Prostatic Hyperplasia,therapeutic_class,0.8
ulinastatin,UROLOGY,Protease inhibitors- Pancreatiti,Urology,Urinary Tract Disorder,therapeutic_class,0.8
selegiline,NEURO CNS,MAO-B Inhibitor,Neurology / Psychiatry,Epilepsy,therapeutic_class,0.8
selegiline,NEURO CNS,MAO-B Inhibitor,Neurology / Psychiatry,Anxiety,therapeutic_class,0.8
selegiline,NEURO CNS,MAO-B Inhibitor,Neurology / Psychiatry,Depression,therapeutic_class,0.8
selegiline,NEURO CNS,MAO-B Inhibitor,Neurology / Psychiatry,Insomnia,therapeutic_class,0.8
selegiline,NEURO CNS,MAO-B Inhibitor,Neurology / Psychiatry,Seizure Disorder,therapeutic_class,0.8
selegiline,NEURO CNS,MAO-B Inhibitor,Neurology / Psychiatry,Neuropathic Pain,therapeutic_class,0.8
beclometasone+clotrimazole+chloramphenicol+lignocaine,OTOLOGICAL,,ENT,Ear Infection,therapeutic_class,0.8
beclometasone+clotrimazole+chloramphenicol+lignocaine,OTOLOGICAL,,ENT,Ear Pain,therapeutic_class,0.8
beclometasone+clotrimazole+chloramphenicol+lignocaine,OTOLOGICAL,,ENT,Otitis,therapeutic_class,0.8
kanamycin,ANTI INFECTIVES,Aminoglycoside,Infectious Disease,Bacterial Infection,therapeutic_class,0.8
kanamycin,ANTI INFECTIVES,Aminoglycoside,Infectious Disease,Infection,therapeutic_class,0.8
kanamycin,ANTI INFECTIVES,Aminoglycoside,Infectious Disease,Sepsis,therapeutic_class,0.8
stavudine,ANTI INFECTIVES,Nucleoside/nucleotide reverse transcriptase inhibitors (NRTIs),Infectious Disease,Bacterial Infection,therapeutic_class,0.8
stavudine,ANTI INFECTIVES,Nucleoside/nucleotide reverse transcriptase inhibitors (NRTIs),Infectious Disease,Infection,therapeutic_class,0.8
stavudine,ANTI INFECTIVES,Nucleoside/nucleotide reverse transcriptase inhibitors (NRTIs),Infectious Disease,Sepsis,therapeutic_class,0.8
sirolimus,ANTI NEOPLASTICS,Immunosuppressant- mTOR inhibitor,Oncology,Cancer,therapeutic_class,0.8
sirolimus,ANTI NEOPLASTICS,Immunosuppressant- mTOR inhibitor,Oncology,Malignant Tumor,therapeutic_class,0.8
sirolimus,ANTI NEOPLASTICS,Immunosuppressant- mTOR inhibitor,Oncology,Leukemia,therapeutic_class,0.8
pimozide,NEURO CNS,Typical Antipsychotic,Neurology / Psychiatry,Epilepsy,therapeutic_class,0.8
pimozide,NEURO CNS,Typical Antipsychotic,Neurology / Psychiatry,Anxiety,therapeutic_class,0.8
pimozide,NEURO CNS,Typical Antipsychotic,Neurology / Psychiatry,Depression,therapeutic_class,0.8
pimozide,NEURO CNS,Typical Antipsychotic,Neurology / Psychiatry,Insomnia,therapeutic_class,0.8
pimozide,NEURO CNS,Typical Antipsychotic,Neurology / Psychiatry,Seizure Disorder,therapeutic_class,0.8
pimozide,NEURO CNS,Typical Antipsychotic,Neurology / Psychiatry,Neuropathic Pain,therapeutic_class,0.8
streptokinase,CARDIAC,First Generation Thrombolytic,Cardiovascular,Hypertension,therapeutic_class,0.8
streptokinase,CARDIAC,First Generation Thrombolytic,Cardiovascular,Heart Disease,therapeutic_class,0.8
streptokinase,CARDIAC,First Generation Thrombolytic,Cardiovascular,Angina,therapeutic_class,0.8
streptokinase,CARDIAC,First Generation Thrombolytic,Cardiovascular,Arrhythmia,therapeutic_class,0.8
streptokinase,CARDIAC,First Generation Thrombolytic,Cardiovascular,Heart Failure,therapeutic_class,0.8
streptokinase,CARDIAC,First Generation Thrombolytic,Cardiovascular,Hyperlipidemia,therapeutic_class,0.8
methoxy polyethylene glycol-epoetin beta,BLOOD RELATE,,Hematology,Anemia,therapeutic_class,0.8
methoxy polyethylene glycol-epoetin beta,BLOOD RELATE,,Hematology,Iron Deficiency,therapeutic_class,0.8
ketoprofen,PAIN ANALGESIC,,Pain Management,Pain,therapeutic_class,0.8
ketoprofen,PAIN ANALGESIC,,Pain Management,Inflammation,therapeutic_class,0.8
ketoprofen,PAIN ANALGESIC,,Pain Management,Arthritis,therapeutic_class,0.8
ketoprofen,PAIN ANALGESIC,,Pain Management,Musculoskeletal Pain,therapeutic_class,0.8
eletriptan,NEURO CNS,Triptans (5HT 1B/1D Agonist,Neurology / Psychiatry,Epilepsy,therapeutic_class,0.8
eletriptan,NEURO CNS,Triptans (5HT 1B/1D Agonist,Neurology / Psychiatry,Anxiety,therapeutic_class,0.8
eletriptan,NEURO CNS,Triptans (5HT 1B/1D Agonist,Neurology / Psychiatry,Depression,therapeutic_class,0.8
eletriptan,NEURO CNS,Triptans (5HT 1B/1D Agonist,Neurology / Psychiatry,Insomnia,therapeutic_class,0.8
eletriptan,NEURO CNS,Triptans (5HT 1B/1D Agonist,Neurology / Psychiatry,Seizure Disorder,therapeutic_class,0.8
eletriptan,NEURO CNS,Triptans (5HT 1B/1D Agonist,Neurology / Psychiatry,Neuropathic Pain,therapeutic_class,0.8
loxapine,NEURO CNS,Typical Antipsychotic,Neurology / Psychiatry,Epilepsy,therapeutic_class,0.8
loxapine,NEURO CNS,Typical Antipsychotic,Neurology / Psychiatry,Anxiety,therapeutic_class,0.8
loxapine,NEURO CNS,Typical Antipsychotic,Neurology / Psychiatry,Depression,therapeutic_class,0.8
loxapine,NEURO CNS,Typical Antipsychotic,Neurology / Psychiatry,Insomnia,therapeutic_class,0.8
loxapine,NEURO CNS,Typical Antipsychotic,Neurology / Psychiatry,Seizure Disorder,therapeutic_class,0.8
loxapine,NEURO CNS,Typical Antipsychotic,Neurology / Psychiatry,Neuropathic Pain,therapeutic_class,0.8
tolvaptan,UROLOGY,Vasopressin antagonis,Urology,Benign Prostatic Hyperplasia,therapeutic_class,0.8
tolvaptan,UROLOGY,Vasopressin antagonis,Urology,Urinary Tract Disorder,therapeutic_class,0.8
dronedarone,CARDIAC,Class III Agents- anti arrhythmi,Cardiovascular,Hypertension,therapeutic_class,0.8
dronedarone,CARDIAC,Class III Agents- anti arrhythmi,Cardiovascular,Heart Disease,therapeutic_class,0.8
dronedarone,CARDIAC,Class III Agents- anti arrhythmi,Cardiovascular,Angina,therapeutic_class,0.8
dronedarone,CARDIAC,Class III Agents- anti arrhythmi,Cardiovascular,Arrhythmia,therapeutic_class,0.8
dronedarone,CARDIAC,Class III Agents- anti arrhythmi,Cardiovascular,Heart Failure,therapeutic_class,0.8
dronedarone,CARDIAC,Class III Agents- anti arrhythmi,Cardiovascular,Hyperlipidemia,therapeutic_class,0.8
dalteparin,BLOOD RELATED,Low molecular weight Heparin (LMWH,Hematology,Anemia,therapeutic_class,0.8
dalteparin,BLOOD RELATED,Low molecular weight Heparin (LMWH,Hematology,Thrombosis,therapeutic_class,0.8
dalteparin,BLOOD RELATED,Low molecular weight Heparin (LMWH,Hematology,Blood Clotting Disorder,therapeutic_class,0.8
dalteparin,BLOOD RELATED,Low molecular weight Heparin (LMWH,Hematology,Deep Vein Thrombosis,therapeutic_class,0.8
inactivated influenza vaccine,VACCINES,Killed vaccin,Preventive Medicine,Vaccination / Immunization,therapeutic_class,0.8
fulvestrant,ANTI NEOPLASTICS,Estrogen receptor antagonis,Oncology,Cancer,therapeutic_class,0.8
fulvestrant,ANTI NEOPLASTICS,Estrogen receptor antagonis,Oncology,Malignant Tumor,therapeutic_class,0.8
fulvestrant,ANTI NEOPLASTICS,Estrogen receptor antagonis,Oncology,Leukemia,therapeutic_class,0.8
benralizumab,RESPIRATORY,Monoclonal antibodie,Respiratory,Asthma,therapeutic_class,0.8
benralizumab,RESPIRATORY,Monoclonal antibodie,Respiratory,Allergic Rhinitis,therapeutic_class,0.8
benralizumab,RESPIRATORY,Monoclonal antibodie,Respiratory,COPD,therapeutic_class,0.8
benralizumab,RESPIRATORY,Monoclonal antibodie,Respiratory,Cough,therapeutic_class,0.8
benralizumab,RESPIRATORY,Monoclonal antibodie,Respiratory,Common Cold,therapeutic_class,0.8
benralizumab,RESPIRATORY,Monoclonal antibodie,Respiratory,Bronchitis,therapeutic_class,0.8
betamethasone+fusidic acid,DERM,,Dermatology,Skin Infection,therapeutic_class,0.8
betamethasone+fusidic acid,DERM,,Dermatology,Dermatitis,therapeutic_class,0.8
betamethasone+fusidic acid,DERM,,Dermatology,Fungal Infection,therapeutic_class,0.8
betamethasone+fusidic acid,DERM,,Dermatology,Eczema,therapeutic_class,0.8
betamethasone+fusidic acid,DERM,,Dermatology,Psoriasis,therapeutic_class,0.8
fludrocortisone,HORMONES,Mineralocorticoid,Endocrinology,Hormonal Imbalance,therapeutic_class,0.8
fludrocortisone,HORMONES,Mineralocorticoid,Endocrinology,Hypothyroidism,therapeutic_class,0.8
fludrocortisone,HORMONES,Mineralocorticoid,Endocrinology,Adrenal Insufficiency,therapeutic_class,0.8
fludrocortisone,HORMONES,Mineralocorticoid,Endocrinology,Growth Disorder,therapeutic_class,0.8
dimethindene,RESPIRATORY,H1 Antihistaminics (First Generation,Respiratory,Asthma,therapeutic_class,0.8
dimethindene,RESPIRATORY,H1 Antihistaminics (First Generation,Respiratory,Allergic Rhinitis,therapeutic_class,0.8
dimethindene,RESPIRATORY,H1 Antihistaminics (First Generation,Respiratory,COPD,therapeutic_class,0.8
dimethindene,RESPIRATORY,H1 Antihistaminics (First Generation,Respiratory,Cough,therapeutic_class,0.8
dimethindene,RESPIRATORY,H1 Antihistaminics (First Generation,Respiratory,Common Cold,therapeutic_class,0.8
dimethindene,RESPIRATORY,H1 Antihistaminics (First Generation,Respiratory,Bronchitis,therapeutic_class,0.8
live freeze dried lactic acid bacteria and bifidobacteria,GASTRO INTESTINAL,Probiotic,Gastroenterology,Acid Reflux,therapeutic_class,0.8
live freeze dried lactic acid bacteria and bifidobacteria,GASTRO INTESTINAL,Probiotic,Gastroenterology,GERD,therapeutic_class,0.8
live freeze dried lactic acid bacteria and bifidobacteria,GASTRO INTESTINAL,Probiotic,Gastroenterology,Peptic Ulcer,therapeutic_class,0.8
live freeze dried lactic acid bacteria and bifidobacteria,GASTRO INTESTINAL,Probiotic,Gastroenterology,Gastritis,therapeutic_class,0.8
live freeze dried lactic acid bacteria and bifidobacteria,GASTRO INTESTINAL,Probiotic,Gastroenterology,Nausea,therapeutic_class,0.8
live freeze dried lactic acid bacteria and bifidobacteria,GASTRO INTESTINAL,Probiotic,Gastroenterology,Diarrhea,therapeutic_class,0.8
fluorouracil,ANTI NEOPLASTICS,Antimetabolite,Oncology,Cancer,therapeutic_class,0.8
fluorouracil,ANTI NEOPLASTICS,Antimetabolite,Oncology,Malignant Tumor,therapeutic_class,0.8
fluorouracil,ANTI NEOPLASTICS,Antimetabolite,Oncology,Leukemia,therapeutic_class,0.8
fosphenytoin,NEURO CNS,Sodium channel modulators (AED,Neurology / Psychiatry,Epilepsy,therapeutic_class,0.8
fosphenytoin,NEURO CNS,Sodium channel modulators (AED,Neurology / Psychiatry,Anxiety,therapeutic_class,0.8
fosphenytoin,NEURO CNS,Sodium channel modulators (AED,Neurology / Psychiatry,Depression,therapeutic_class,0.8
fosphenytoin,NEURO CNS,Sodium channel modulators (AED,Neurology / Psychiatry,Insomnia,therapeutic_class,0.8
fosphenytoin,NEURO CNS,Sodium channel modulators (AED,Neurology / Psychiatry,Seizure Disorder,therapeutic_class,0.8
fosphenytoin,NEURO CNS,Sodium channel modulators (AED,Neurology / Psychiatry,Neuropathic Pain,therapeutic_class,0.8
metaxalone,PAIN ANALGESICS,Skeletal muscle relaxant- Centrally actin,Pain Management,Pain,therapeutic_class,0.8
metaxalone,PAIN ANALGESICS,Skeletal muscle relaxant- Centrally actin,Pain Management,Inflammation,therapeutic_class,0.8
metaxalone,PAIN ANALGESICS,Skeletal muscle relaxant- Centrally actin,Pain Management,Arthritis,therapeutic_class,0.8
metaxalone,PAIN ANALGESICS,Skeletal muscle relaxant- Centrally actin,Pain Management,Musculoskeletal Pain,therapeutic_class,0.8
triticum vulgare extract,DERM,,Dermatology,Skin Infection,therapeutic_class,0.8
triticum vulgare extract,DERM,,Dermatology,Dermatitis,therapeutic_class,0.8
triticum vulgare extract,DERM,,Dermatology,Fungal Infection,therapeutic_class,0.8
triticum vulgare extract,DERM,,Dermatology,Eczema,therapeutic_class,0.8
triticum vulgare extract,DERM,,Dermatology,Psoriasis,therapeutic_class,0.8
invert sugar,BLOOD RELATED,"Additives, preservative",Hematology,Anemia,therapeutic_class,0.8
invert sugar,BLOOD RELATED,"Additives, preservative",Hematology,Thrombosis,therapeutic_class,0.8
invert sugar,BLOOD RELATED,"Additives, preservative",Hematology,Blood Clotting Disorder,therapeutic_class,0.8
invert sugar,BLOOD RELATED,"Additives, preservative",Hematology,Deep Vein Thrombosis,therapeutic_class,0.8
arformoterol,RESPIRATORY,Long acting β2-agonist,Respiratory,Asthma,therapeutic_class,0.8
arformoterol,RESPIRATORY,Long acting β2-agonist,Respiratory,Allergic Rhinitis,therapeutic_class,0.8
arformoterol,RESPIRATORY,Long acting β2-agonist,Respiratory,COPD,therapeutic_class,0.8
arformoterol,RESPIRATORY,Long acting β2-agonist,Respiratory,Cough,therapeutic_class,0.8
arformoterol,RESPIRATORY,Long acting β2-agonist,Respiratory,Common Cold,therapeutic_class,0.8
arformoterol,RESPIRATORY,Long acting β2-agonist,Respiratory,Bronchitis,therapeutic_class,0.8
pirfenidone,RESPIRATORY,Idiopathic pulmonary fibrosis (IPF,Respiratory,Asthma,therapeutic_class,0.8
pirfenidone,RESPIRATORY,Idiopathic pulmonary fibrosis (IPF,Respiratory,Allergic Rhinitis,therapeutic_class,0.8
pirfenidone,RESPIRATORY,Idiopathic pulmonary fibrosis (IPF,Respiratory,COPD,therapeutic_class,0.8
pirfenidone,RESPIRATORY,Idiopathic pulmonary fibrosis (IPF,Respiratory,Cough,therapeutic_class,0.8
pirfenidone,RESPIRATORY,Idiopathic pulmonary fibrosis (IPF,Respiratory,Common Cold,therapeutic_class,0.8
pirfenidone,RESPIRATORY,Idiopathic pulmonary fibrosis (IPF,Respiratory,Bronchitis,therapeutic_class,0.8
nintedanib,ANTI NEOPLASTICS,Tyrosine kinase inhibitor,Oncology,Cancer,therapeutic_class,0.8
nintedanib,ANTI NEOPLASTICS,Tyrosine kinase inhibitor,Oncology,Malignant Tumor,therapeutic_class,0.8
nintedanib,ANTI NEOPLASTICS,Tyrosine kinase inhibitor,Oncology,Leukemia,therapeutic_class,0.8
flumazenil,OTHERS,Benzodiazepine antagonis,General Medicine,Weight Management,therapeutic_class,0.8
flumazenil,OTHERS,Benzodiazepine antagonis,General Medicine,Obesity,therapeutic_class,0.8
sodium feredetate,GYNAECOLOGICAL,Haemopoetic agent,Gynecology,Gynecological Infection,therapeutic_class,0.8
sodium feredetate,GYNAECOLOGICAL,Haemopoetic agent,Gynecology,Hormonal Irregularity,therapeutic_class,0.8
sodium feredetate,GYNAECOLOGICAL,Haemopoetic agent,Gynecology,PCOS,therapeutic_class,0.8
sodium feredetate,GYNAECOLOGICAL,Haemopoetic agent,Gynecology,Menstrual Disorder,therapeutic_class,0.8
cinchocaine,PAIN ANALGESIC,,Pain Management,Pain,therapeutic_class,0.8
cinchocaine,PAIN ANALGESIC,,Pain Management,Inflammation,therapeutic_class,0.8
cinchocaine,PAIN ANALGESIC,,Pain Management,Arthritis,therapeutic_class,0.8
cinchocaine,PAIN ANALGESIC,,Pain Management,Musculoskeletal Pain,therapeutic_class,0.8
fingolimod,ANTI NEOPLASTIC,,Oncology,Cancer,therapeutic_class,0.8
fingolimod,ANTI NEOPLASTIC,,Oncology,Prostate Cancer,therapeutic_class,0.8
fingolimod,ANTI NEOPLASTIC,,Oncology,Breast Cancer,therapeutic_class,0.8
fingolimod,ANTI NEOPLASTIC,,Oncology,Malignant Tumor,therapeutic_class,0.8
l-carnitine l-tartrate,VITAMINS MINERALS NUTRIENT,,Nutrition,Nutritional Deficiency,therapeutic_class,0.8
l-carnitine l-tartrate,VITAMINS MINERALS NUTRIENT,,Nutrition,Vitamin Deficiency,therapeutic_class,0.8
l-carnitine l-tartrate,VITAMINS MINERALS NUTRIENT,,Nutrition,Mineral Deficiency,therapeutic_class,0.8
nitric oxide,ANTI INFECTIVE,,Infectious Disease,Bacterial Infection,therapeutic_class,0.8
nitric oxide,ANTI INFECTIVE,,Infectious Disease,Infection,therapeutic_class,0.8
iron isomaltoside,GYNAECOLOGICAL,Haemopoetic agent,Gynecology,Gynecological Infection,therapeutic_class,0.8
iron isomaltoside,GYNAECOLOGICAL,Haemopoetic agent,Gynecology,Hormonal Irregularity,therapeutic_class,0.8
iron isomaltoside,GYNAECOLOGICAL,Haemopoetic agent,Gynecology,PCOS,therapeutic_class,0.8
iron isomaltoside,GYNAECOLOGICAL,Haemopoetic agent,Gynecology,Menstrual Disorder,therapeutic_class,0.8
oxyphenbutazone,PAIN ANALGESICS,NSAID,Pain Management,Pain,therapeutic_class,0.8
oxyphenbutazone,PAIN ANALGESICS,NSAID,Pain Management,Inflammation,therapeutic_class,0.8
oxyphenbutazone,PAIN ANALGESICS,NSAID,Pain Management,Arthritis,therapeutic_class,0.8
oxyphenbutazone,PAIN ANALGESICS,NSAID,Pain Management,Musculoskeletal Pain,therapeutic_class,0.8
milnacipran,NEURO CNS,Serotonin-norepinephrine reuptake inhibitors (SNRIs,Neurology / Psychiatry,Epilepsy,therapeutic_class,0.8
milnacipran,NEURO CNS,Serotonin-norepinephrine reuptake inhibitors (SNRIs,Neurology / Psychiatry,Anxiety,therapeutic_class,0.8
milnacipran,NEURO CNS,Serotonin-norepinephrine reuptake inhibitors (SNRIs,Neurology / Psychiatry,Depression,therapeutic_class,0.8
milnacipran,NEURO CNS,Serotonin-norepinephrine reuptake inhibitors (SNRIs,Neurology / Psychiatry,Insomnia,therapeutic_class,0.8
milnacipran,NEURO CNS,Serotonin-norepinephrine reuptake inhibitors (SNRIs,Neurology / Psychiatry,Seizure Disorder,therapeutic_class,0.8
milnacipran,NEURO CNS,Serotonin-norepinephrine reuptake inhibitors (SNRIs,Neurology / Psychiatry,Neuropathic Pain,therapeutic_class,0.8
fluvastatin,CARDIAC,HMG CoA inhibitors (statins,Cardiovascular,Hypertension,therapeutic_class,0.8
fluvastatin,CARDIAC,HMG CoA inhibitors (statins,Cardiovascular,Heart Disease,therapeutic_class,0.8
fluvastatin,CARDIAC,HMG CoA inhibitors (statins,Cardiovascular,Angina,therapeutic_class,0.8
fluvastatin,CARDIAC,HMG CoA inhibitors (statins,Cardiovascular,Arrhythmia,therapeutic_class,0.8
fluvastatin,CARDIAC,HMG CoA inhibitors (statins,Cardiovascular,Heart Failure,therapeutic_class,0.8
fluvastatin,CARDIAC,HMG CoA inhibitors (statins,Cardiovascular,Hyperlipidemia,therapeutic_class,0.8
lanthanum carbonate,BLOOD RELATE,,Hematology,Anemia,therapeutic_class,0.8
lanthanum carbonate,BLOOD RELATE,,Hematology,Iron Deficiency,therapeutic_class,0.8
ibutilide,CARDIAC,Class III Agents- anti arrhythmi,Cardiovascular,Hypertension,therapeutic_class,0.8
ibutilide,CARDIAC,Class III Agents- anti arrhythmi,Cardiovascular,Heart Disease,therapeutic_class,0.8
ibutilide,CARDIAC,Class III Agents- anti arrhythmi,Cardiovascular,Angina,therapeutic_class,0.8
ibutilide,CARDIAC,Class III Agents- anti arrhythmi,Cardiovascular,Arrhythmia,therapeutic_class,0.8
ibutilide,CARDIAC,Class III Agents- anti arrhythmi,Cardiovascular,Heart Failure,therapeutic_class,0.8
ibutilide,CARDIAC,Class III Agents- anti arrhythmi,Cardiovascular,Hyperlipidemia,therapeutic_class,0.8
nitrofurazone,DERMA,Nitrofuran & its derivative,Dermatology,Skin Infection,therapeutic_class,0.8
nitrofurazone,DERMA,Nitrofuran & its derivative,Dermatology,Dermatitis,therapeutic_class,0.8
nitrofurazone,DERMA,Nitrofuran & its derivative,Dermatology,Fungal Infection,therapeutic_class,0.8
nitrofurazone,DERMA,Nitrofuran & its derivative,Dermatology,Acne,therapeutic_class,0.8
nitrofurazone,DERMA,Nitrofuran & its derivative,Dermatology,Eczema,therapeutic_class,0.8
glucosamine sulfate potassium chloride,PAIN ANALGESICS,Proteoglycan synthesis Stimulato,Pain Management,Pain,therapeutic_class,0.8
glucosamine sulfate potassium chloride,PAIN ANALGESICS,Proteoglycan synthesis Stimulato,Pain Management,Inflammation,therapeutic_class,0.8
glucosamine sulfate potassium chloride,PAIN ANALGESICS,Proteoglycan synthesis Stimulato,Pain Management,Arthritis,therapeutic_class,0.8
glucosamine sulfate potassium chloride,PAIN ANALGESICS,Proteoglycan synthesis Stimulato,Pain Management,Musculoskeletal Pain,therapeutic_class,0.8
ferric citrate,GYNAECOLOGICA,,Gynecology,Vaginal Infection,therapeutic_class,0.8
ferric citrate,GYNAECOLOGICA,,Gynecology,Hormonal Irregularity,therapeutic_class,0.8
fimasartan,CARDIAC,Angiotensin receptor blockers(ARB,Cardiovascular,Hypertension,therapeutic_class,0.8
fimasartan,CARDIAC,Angiotensin receptor blockers(ARB,Cardiovascular,Heart Disease,therapeutic_class,0.8
fimasartan,CARDIAC,Angiotensin receptor blockers(ARB,Cardiovascular,Angina,therapeutic_class,0.8
fimasartan,CARDIAC,Angiotensin receptor blockers(ARB,Cardiovascular,Arrhythmia,therapeutic_class,0.8
fimasartan,CARDIAC,Angiotensin receptor blockers(ARB,Cardiovascular,Heart Failure,therapeutic_class,0.8
fimasartan,CARDIAC,Angiotensin receptor blockers(ARB,Cardiovascular,Hyperlipidemia,therapeutic_class,0.8
iron polysaccharide complex,BLOOD RELATE,,Hematology,Anemia,therapeutic_class,0.8
iron polysaccharide complex,BLOOD RELATE,,Hematology,Iron Deficiency,therapeutic_class,0.8
norgestrel,GYNAECOLOGICA,,Gynecology,Vaginal Infection,therapeutic_class,0.8
norgestrel,GYNAECOLOGICA,,Gynecology,Hormonal Irregularity,therapeutic_class,0.8
sumatriptan,NEURO CN,,Neurology / Psychiatry,Anxiety,therapeutic_class,0.8
sumatriptan,NEURO CN,,Neurology / Psychiatry,Depression,therapeutic_class,0.8
sumatriptan,NEURO CN,,Neurology / Psychiatry,Insomnia,therapeutic_class,0.8
sumatriptan,NEURO CN,,Neurology / Psychiatry,Vertigo,therapeutic_class,0.8
sumatriptan,NEURO CN,,Neurology / Psychiatry,Neuropathy,therapeutic_class,0.8
ferrous asparto glycinate,BLOOD RELATE,,Hematology,Anemia,therapeutic_class,0.8
ferrous asparto glycinate,BLOOD RELATE,,Hematology,Iron Deficiency,therapeutic_class,0.8
mefloquine,ANTI MALARIALS,Antimalarial- other,Infectious Disease,Malaria,therapeutic_class,0.8
tenofovir disoproxil fumarate,ANTI INFECTIVES,Nucleoside/nucleotide reverse transcriptase inhibitors (NRTIs),Infectious Disease,Bacterial Infection,therapeutic_class,0.8
tenofovir disoproxil fumarate,ANTI INFECTIVES,Nucleoside/nucleotide reverse transcriptase inhibitors (NRTIs),Infectious Disease,Infection,therapeutic_class,0.8
tenofovir disoproxil fumarate,ANTI INFECTIVES,Nucleoside/nucleotide reverse transcriptase inhibitors (NRTIs),Infectious Disease,Sepsis,therapeutic_class,0.8
felbinac,PAIN ANALGESICS,NSAID,Pain Management,Pain,therapeutic_class,0.8
felbinac,PAIN ANALGESICS,NSAID,Pain Management,Inflammation,therapeutic_class,0.8
felbinac,PAIN ANALGESICS,NSAID,Pain Management,Arthritis,therapeutic_class,0.8
felbinac,PAIN ANALGESICS,NSAID,Pain Management,Musculoskeletal Pain,therapeutic_class,0.8
pegfilgrastim,ANTI NEOPLASTICS,Granulocyte-colony stimulating factor (G-CSF,Oncology,Cancer,therapeutic_class,0.8
pegfilgrastim,ANTI NEOPLASTICS,Granulocyte-colony stimulating factor (G-CSF,Oncology,Malignant Tumor,therapeutic_class,0.8
pegfilgrastim,ANTI NEOPLASTICS,Granulocyte-colony stimulating factor (G-CSF,Oncology,Leukemia,therapeutic_class,0.8
gimeracil,ANTI NEOPLASTIC,,Oncology,Cancer,therapeutic_class,0.8
gimeracil,ANTI NEOPLASTIC,,Oncology,Prostate Cancer,therapeutic_class,0.8
gimeracil,ANTI NEOPLASTIC,,Oncology,Breast Cancer,therapeutic_class,0.8
gimeracil,ANTI NEOPLASTIC,,Oncology,Malignant Tumor,therapeutic_class,0.8
felodipine,CARDIAC,Calcium channel blockers- Dihydropyridines (DHP,Cardiovascular,Hypertension,therapeutic_class,0.8
felodipine,CARDIAC,Calcium channel blockers- Dihydropyridines (DHP,Cardiovascular,Heart Disease,therapeutic_class,0.8
felodipine,CARDIAC,Calcium channel blockers- Dihydropyridines (DHP,Cardiovascular,Angina,therapeutic_class,0.8
felodipine,CARDIAC,Calcium channel blockers- Dihydropyridines (DHP,Cardiovascular,Arrhythmia,therapeutic_class,0.8
felodipine,CARDIAC,Calcium channel blockers- Dihydropyridines (DHP,Cardiovascular,Heart Failure,therapeutic_class,0.8
felodipine,CARDIAC,Calcium channel blockers- Dihydropyridines (DHP,Cardiovascular,Hyperlipidemia,therapeutic_class,0.8
trospium,UROLOGY,Non selective Anticholinergic (Bladder,Urology,Benign Prostatic Hyperplasia,therapeutic_class,0.8
trospium,UROLOGY,Non selective Anticholinergic (Bladder,Urology,Urinary Tract Disorder,therapeutic_class,0.8
flurazepam,NEURO CNS,Benzodiazepine,Neurology / Psychiatry,Epilepsy,therapeutic_class,0.8
flurazepam,NEURO CNS,Benzodiazepine,Neurology / Psychiatry,Anxiety,therapeutic_class,0.8
flurazepam,NEURO CNS,Benzodiazepine,Neurology / Psychiatry,Depression,therapeutic_class,0.8
flurazepam,NEURO CNS,Benzodiazepine,Neurology / Psychiatry,Insomnia,therapeutic_class,0.8
flurazepam,NEURO CNS,Benzodiazepine,Neurology / Psychiatry,Seizure Disorder,therapeutic_class,0.8
flurazepam,NEURO CNS,Benzodiazepine,Neurology / Psychiatry,Neuropathic Pain,therapeutic_class,0.8
triclofos,NEURO CNS,Insomina dru,Neurology / Psychiatry,Epilepsy,therapeutic_class,0.8
triclofos,NEURO CNS,Insomina dru,Neurology / Psychiatry,Anxiety,therapeutic_class,0.8
triclofos,NEURO CNS,Insomina dru,Neurology / Psychiatry,Depression,therapeutic_class,0.8
triclofos,NEURO CNS,Insomina dru,Neurology / Psychiatry,Insomnia,therapeutic_class,0.8
triclofos,NEURO CNS,Insomina dru,Neurology / Psychiatry,Seizure Disorder,therapeutic_class,0.8
triclofos,NEURO CNS,Insomina dru,Neurology / Psychiatry,Neuropathic Pain,therapeutic_class,0.8
tofisopam,NEURO CNS,Benzodiazepine,Neurology / Psychiatry,Epilepsy,therapeutic_class,0.8
tofisopam,NEURO CNS,Benzodiazepine,Neurology / Psychiatry,Anxiety,therapeutic_class,0.8
tofisopam,NEURO CNS,Benzodiazepine,Neurology / Psychiatry,Depression,therapeutic_class,0.8
tofisopam,NEURO CNS,Benzodiazepine,Neurology / Psychiatry,Insomnia,therapeutic_class,0.8
tofisopam,NEURO CNS,Benzodiazepine,Neurology / Psychiatry,Seizure Disorder,therapeutic_class,0.8
tofisopam,NEURO CNS,Benzodiazepine,Neurology / Psychiatry,Neuropathic Pain,therapeutic_class,0.8
nadroparin,BLOOD RELATED,Low molecular weight Heparin (LMWH,Hematology,Anemia,therapeutic_class,0.8
nadroparin,BLOOD RELATED,Low molecular weight Heparin (LMWH,Hematology,Thrombosis,therapeutic_class,0.8
nadroparin,BLOOD RELATED,Low molecular weight Heparin (LMWH,Hematology,Blood Clotting Disorder,therapeutic_class,0.8
nadroparin,BLOOD RELATED,Low molecular weight Heparin (LMWH,Hematology,Deep Vein Thrombosis,therapeutic_class,0.8
polycarbophil,GASTRO INTESTINAL,Bulk-forming laxative,Gastroenterology,Acid Reflux,therapeutic_class,0.8
polycarbophil,GASTRO INTESTINAL,Bulk-forming laxative,Gastroenterology,GERD,therapeutic_class,0.8
polycarbophil,GASTRO INTESTINAL,Bulk-forming laxative,Gastroenterology,Peptic Ulcer,therapeutic_class,0.8
polycarbophil,GASTRO INTESTINAL,Bulk-forming laxative,Gastroenterology,Gastritis,therapeutic_class,0.8
polycarbophil,GASTRO INTESTINAL,Bulk-forming laxative,Gastroenterology,Nausea,therapeutic_class,0.8
polycarbophil,GASTRO INTESTINAL,Bulk-forming laxative,Gastroenterology,Diarrhea,therapeutic_class,0.8
fluorescein,OPHTHAL,Dye-Ocula,Ophthalmology,Eye Infection,therapeutic_class,0.8
fluorescein,OPHTHAL,Dye-Ocula,Ophthalmology,Glaucoma,therapeutic_class,0.8
fluorescein,OPHTHAL,Dye-Ocula,Ophthalmology,Conjunctivitis,therapeutic_class,0.8
fluorescein,OPHTHAL,Dye-Ocula,Ophthalmology,Dry Eye,therapeutic_class,0.8
ifosfamide,ANTI NEOPLASTICS,Alkylating agen,Oncology,Cancer,therapeutic_class,0.8
ifosfamide,ANTI NEOPLASTICS,Alkylating agen,Oncology,Malignant Tumor,therapeutic_class,0.8
ifosfamide,ANTI NEOPLASTICS,Alkylating agen,Oncology,Leukemia,therapeutic_class,0.8
gemfibrozil,CARDIAC,PPAR alpha agonists (Fibrate,Cardiovascular,Hypertension,therapeutic_class,0.8
gemfibrozil,CARDIAC,PPAR alpha agonists (Fibrate,Cardiovascular,Heart Disease,therapeutic_class,0.8
gemfibrozil,CARDIAC,PPAR alpha agonists (Fibrate,Cardiovascular,Angina,therapeutic_class,0.8
gemfibrozil,CARDIAC,PPAR alpha agonists (Fibrate,Cardiovascular,Arrhythmia,therapeutic_class,0.8
gemfibrozil,CARDIAC,PPAR alpha agonists (Fibrate,Cardiovascular,Heart Failure,therapeutic_class,0.8
gemfibrozil,CARDIAC,PPAR alpha agonists (Fibrate,Cardiovascular,Hyperlipidemia,therapeutic_class,0.8
fosinopril,CARDIAC,Angiotensin-converting enzyme (ACE) inhibitor,Cardiovascular,Hypertension,therapeutic_class,0.8
fosinopril,CARDIAC,Angiotensin-converting enzyme (ACE) inhibitor,Cardiovascular,Heart Disease,therapeutic_class,0.8
fosinopril,CARDIAC,Angiotensin-converting enzyme (ACE) inhibitor,Cardiovascular,Angina,therapeutic_class,0.8
fosinopril,CARDIAC,Angiotensin-converting enzyme (ACE) inhibitor,Cardiovascular,Arrhythmia,therapeutic_class,0.8
fosinopril,CARDIAC,Angiotensin-converting enzyme (ACE) inhibitor,Cardiovascular,Heart Failure,therapeutic_class,0.8
fosinopril,CARDIAC,Angiotensin-converting enzyme (ACE) inhibitor,Cardiovascular,Hyperlipidemia,therapeutic_class,0.8
feracrylum,CARDIAC,Haemostatic agen,Cardiovascular,Hypertension,therapeutic_class,0.8
feracrylum,CARDIAC,Haemostatic agen,Cardiovascular,Heart Disease,therapeutic_class,0.8
feracrylum,CARDIAC,Haemostatic agen,Cardiovascular,Angina,therapeutic_class,0.8
feracrylum,CARDIAC,Haemostatic agen,Cardiovascular,Arrhythmia,therapeutic_class,0.8
feracrylum,CARDIAC,Haemostatic agen,Cardiovascular,Heart Failure,therapeutic_class,0.8
feracrylum,CARDIAC,Haemostatic agen,Cardiovascular,Hyperlipidemia,therapeutic_class,0.8
melitracen,NEURO CNS,Tricyclic antidepressant,Neurology / Psychiatry,Epilepsy,therapeutic_class,0.8
melitracen,NEURO CNS,Tricyclic antidepressant,Neurology / Psychiatry,Anxiety,therapeutic_class,0.8
melitracen,NEURO CNS,Tricyclic antidepressant,Neurology / Psychiatry,Depression,therapeutic_class,0.8
melitracen,NEURO CNS,Tricyclic antidepressant,Neurology / Psychiatry,Insomnia,therapeutic_class,0.8
melitracen,NEURO CNS,Tricyclic antidepressant,Neurology / Psychiatry,Seizure Disorder,therapeutic_class,0.8
melitracen,NEURO CNS,Tricyclic antidepressant,Neurology / Psychiatry,Neuropathic Pain,therapeutic_class,0.8
nicotine,NEURO CN,,Neurology / Psychiatry,Anxiety,therapeutic_class,0.8
nicotine,NEURO CN,,Neurology / Psychiatry,Depression,therapeutic_class,0.8
nicotine,NEURO CN,,Neurology / Psychiatry,Insomnia,therapeutic_class,0.8
nicotine,NEURO CN,,Neurology / Psychiatry,Vertigo,therapeutic_class,0.8
nicotine,NEURO CN,,Neurology / Psychiatry,Neuropathy,therapeutic_class,0.8
fibrinogen,BLOOD RELATED,Haemostatic agen,Hematology,Anemia,therapeutic_class,0.8
fibrinogen,BLOOD RELATED,Haemostatic agen,Hematology,Thrombosis,therapeutic_class,0.8
fibrinogen,BLOOD RELATED,Haemostatic agen,Hematology,Blood Clotting Disorder,therapeutic_class,0.8
fibrinogen,BLOOD RELATED,Haemostatic agen,Hematology,Deep Vein Thrombosis,therapeutic_class,0.8
lafutidine,GASTRO INTESTINA,,Gastroenterology,Acid Reflux,therapeutic_class,0.8
lafutidine,GASTRO INTESTINA,,Gastroenterology,GERD,therapeutic_class,0.8
lafutidine,GASTRO INTESTINA,,Gastroenterology,Peptic Ulcer,therapeutic_class,0.8
lafutidine,GASTRO INTESTINA,,Gastroenterology,Nausea,therapeutic_class,0.8
"oral corticosteroids, plain",HORMONE,,Endocrinology,Hormonal Imbalance,therapeutic_class,0.8
"oral corticosteroids, plain",HORMONE,,Endocrinology,Inflammation,therapeutic_class,0.8
"oral corticosteroids, plain",HORMONE,,Endocrinology,Osteoporosis,therapeutic_class,0.8
vecuronium,PAIN ANALGESICS,Skeletal muscle relaxant- Peripherally actin,Pain Management,Pain,therapeutic_class,0.8
vecuronium,PAIN ANALGESICS,Skeletal muscle relaxant- Peripherally actin,Pain Management,Inflammation,therapeutic_class,0.8
vecuronium,PAIN ANALGESICS,Skeletal muscle relaxant- Peripherally actin,Pain Management,Arthritis,therapeutic_class,0.8
vecuronium,PAIN ANALGESICS,Skeletal muscle relaxant- Peripherally actin,Pain Management,Musculoskeletal Pain,therapeutic_class,0.8
astaxanthin+coenzyme q10,VITAMINS MINERALS NUTRIENT,,Nutrition,Nutritional Deficiency,therapeutic_class,0.8
astaxanthin+coenzyme q10,VITAMINS MINERALS NUTRIENT,,Nutrition,Vitamin Deficiency,therapeutic_class,0.8
astaxanthin+coenzyme q10,VITAMINS MINERALS NUTRIENT,,Nutrition,Mineral Deficiency,therapeutic_class,0.8
pefloxacin,OPHTHAL OTOLOGICALS,Quinolones/ Fluroquinolone,Ophthalmology / ENT,Eye Infection,therapeutic_class,0.8
pefloxacin,OPHTHAL OTOLOGICALS,Quinolones/ Fluroquinolone,Ophthalmology / ENT,Ear Infection,therapeutic_class,0.8
pefloxacin,OPHTHAL OTOLOGICALS,Quinolones/ Fluroquinolone,Ophthalmology / ENT,Conjunctivitis,therapeutic_class,0.8
pefloxacin,OPHTHAL OTOLOGICALS,Quinolones/ Fluroquinolone,Ophthalmology / ENT,Otitis,therapeutic_class,0.8
penicillin,ANTI INFECTIVES,Cell wall active agent - Narrow spectrum Penicilli,Infectious Disease,Bacterial Infection,therapeutic_class,0.8
penicillin,ANTI INFECTIVES,Cell wall active agent - Narrow spectrum Penicilli,Infectious Disease,Infection,therapeutic_class,0.8
penicillin,ANTI INFECTIVES,Cell wall active agent - Narrow spectrum Penicilli,Infectious Disease,Sepsis,therapeutic_class,0.8
lomefloxacin,GASTRO INTESTINAL,Quinolones/ Fluroquinolone,Gastroenterology,Acid Reflux,therapeutic_class,0.8
lomefloxacin,GASTRO INTESTINAL,Quinolones/ Fluroquinolone,Gastroenterology,GERD,therapeutic_class,0.8
lomefloxacin,GASTRO INTESTINAL,Quinolones/ Fluroquinolone,Gastroenterology,Peptic Ulcer,therapeutic_class,0.8
lomefloxacin,GASTRO INTESTINAL,Quinolones/ Fluroquinolone,Gastroenterology,Gastritis,therapeutic_class,0.8
lomefloxacin,GASTRO INTESTINAL,Quinolones/ Fluroquinolone,Gastroenterology,Nausea,therapeutic_class,0.8
lomefloxacin,GASTRO INTESTINAL,Quinolones/ Fluroquinolone,Gastroenterology,Diarrhea,therapeutic_class,0.8
parnaparin,BLOOD RELATED,Low molecular weight Heparin (LMWH,Hematology,Anemia,therapeutic_class,0.8
parnaparin,BLOOD RELATED,Low molecular weight Heparin (LMWH,Hematology,Thrombosis,therapeutic_class,0.8
parnaparin,BLOOD RELATED,Low molecular weight Heparin (LMWH,Hematology,Blood Clotting Disorder,therapeutic_class,0.8
parnaparin,BLOOD RELATED,Low molecular weight Heparin (LMWH,Hematology,Deep Vein Thrombosis,therapeutic_class,0.8
obinutuzumab,ANTI NEOPLASTICS,Monoclonal antibodie,Oncology,Cancer,therapeutic_class,0.8
obinutuzumab,ANTI NEOPLASTICS,Monoclonal antibodie,Oncology,Malignant Tumor,therapeutic_class,0.8
obinutuzumab,ANTI NEOPLASTICS,Monoclonal antibodie,Oncology,Leukemia,therapeutic_class,0.8
itopride,GASTRO INTESTINAL,Dopamine (D2) receptor antagonist-Prokinetic agen,Gastroenterology,Acid Reflux,therapeutic_class,0.8
itopride,GASTRO INTESTINAL,Dopamine (D2) receptor antagonist-Prokinetic agen,Gastroenterology,GERD,therapeutic_class,0.8
itopride,GASTRO INTESTINAL,Dopamine (D2) receptor antagonist-Prokinetic agen,Gastroenterology,Peptic Ulcer,therapeutic_class,0.8
itopride,GASTRO INTESTINAL,Dopamine (D2) receptor antagonist-Prokinetic agen,Gastroenterology,Gastritis,therapeutic_class,0.8
itopride,GASTRO INTESTINAL,Dopamine (D2) receptor antagonist-Prokinetic agen,Gastroenterology,Nausea,therapeutic_class,0.8
itopride,GASTRO INTESTINAL,Dopamine (D2) receptor antagonist-Prokinetic agen,Gastroenterology,Diarrhea,therapeutic_class,0.8
activated charcoal,GASTRO INTESTINA,,Gastroenterology,Acid Reflux,therapeutic_class,0.8
activated charcoal,GASTRO INTESTINA,,Gastroenterology,GERD,therapeutic_class,0.8
activated charcoal,GASTRO INTESTINA,,Gastroenterology,Peptic Ulcer,therapeutic_class,0.8
activated charcoal,GASTRO INTESTINA,,Gastroenterology,Nausea,therapeutic_class,0.8
glucagon,HORMONES,Anti-hypoglycemic agen,Endocrinology,Hormonal Imbalance,therapeutic_class,0.8
glucagon,HORMONES,Anti-hypoglycemic agen,Endocrinology,Hypothyroidism,therapeutic_class,0.8
glucagon,HORMONES,Anti-hypoglycemic agen,Endocrinology,Adrenal Insufficiency,therapeutic_class,0.8
glucagon,HORMONES,Anti-hypoglycemic agen,Endocrinology,Growth Disorder,therapeutic_class,0.8
galantamine,NEURO CNS,Cholinesterase inhibitors - Alzheimer,Neurology / Psychiatry,Epilepsy,therapeutic_class,0.8
galantamine,NEURO CNS,Cholinesterase inhibitors - Alzheimer,Neurology / Psychiatry,Anxiety,therapeutic_class,0.8
galantamine,NEURO CNS,Cholinesterase inhibitors - Alzheimer,Neurology / Psychiatry,Depression,therapeutic_class,0.8
galantamine,NEURO CNS,Cholinesterase inhibitors - Alzheimer,Neurology / Psychiatry,Insomnia,therapeutic_class,0.8
galantamine,NEURO CNS,Cholinesterase inhibitors - Alzheimer,Neurology / Psychiatry,Seizure Disorder,therapeutic_class,0.8
galantamine,NEURO CNS,Cholinesterase inhibitors - Alzheimer,Neurology / Psychiatry,Neuropathic Pain,therapeutic_class,0.8
deca peptide,DERMA,Re-pigmentation agent-Vitilig,Dermatology,Skin Infection,therapeutic_class,0.8
deca peptide,DERMA,Re-pigmentation agent-Vitilig,Dermatology,Dermatitis,therapeutic_class,0.8
deca peptide,DERMA,Re-pigmentation agent-Vitilig,Dermatology,Fungal Infection,therapeutic_class,0.8
deca peptide,DERMA,Re-pigmentation agent-Vitilig,Dermatology,Acne,therapeutic_class,0.8
deca peptide,DERMA,Re-pigmentation agent-Vitilig,Dermatology,Eczema,therapeutic_class,0.8
somatostatin,HORMONES,Somatostatin analogue,Endocrinology,Hormonal Imbalance,therapeutic_class,0.8
somatostatin,HORMONES,Somatostatin analogue,Endocrinology,Hypothyroidism,therapeutic_class,0.8
somatostatin,HORMONES,Somatostatin analogue,Endocrinology,Adrenal Insufficiency,therapeutic_class,0.8
somatostatin,HORMONES,Somatostatin analogue,Endocrinology,Growth Disorder,therapeutic_class,0.8
potassium magnesium citrate,UROLOGY,Mineral,Urology,Benign Prostatic Hyperplasia,therapeutic_class,0.8
potassium magnesium citrate,UROLOGY,Mineral,Urology,Urinary Tract Disorder,therapeutic_class,0.8
l-glutamine,VITAMINS MINERALS NUTRIENTS,Vitamin,Nutrition,Nutritional Deficiency,therapeutic_class,0.8
l-glutamine,VITAMINS MINERALS NUTRIENTS,Vitamin,Nutrition,Vitamin Deficiency,therapeutic_class,0.8
moxonidine,CARDIAC,Alpha 2 agonist (Imidazoline,Cardiovascular,Hypertension,therapeutic_class,0.8
moxonidine,CARDIAC,Alpha 2 agonist (Imidazoline,Cardiovascular,Heart Disease,therapeutic_class,0.8
moxonidine,CARDIAC,Alpha 2 agonist (Imidazoline,Cardiovascular,Angina,therapeutic_class,0.8
moxonidine,CARDIAC,Alpha 2 agonist (Imidazoline,Cardiovascular,Arrhythmia,therapeutic_class,0.8
moxonidine,CARDIAC,Alpha 2 agonist (Imidazoline,Cardiovascular,Heart Failure,therapeutic_class,0.8
moxonidine,CARDIAC,Alpha 2 agonist (Imidazoline,Cardiovascular,Hyperlipidemia,therapeutic_class,0.8
gamma benzene hexachloride,DERMA,Ectoparasiticide,Dermatology,Skin Infection,therapeutic_class,0.8
gamma benzene hexachloride,DERMA,Ectoparasiticide,Dermatology,Dermatitis,therapeutic_class,0.8
gamma benzene hexachloride,DERMA,Ectoparasiticide,Dermatology,Fungal Infection,therapeutic_class,0.8
gamma benzene hexachloride,DERMA,Ectoparasiticide,Dermatology,Acne,therapeutic_class,0.8
gamma benzene hexachloride,DERMA,Ectoparasiticide,Dermatology,Eczema,therapeutic_class,0.8
isopropamide,GASTRO INTESTINA,,Gastroenterology,Acid Reflux,therapeutic_class,0.8
isopropamide,GASTRO INTESTINA,,Gastroenterology,GERD,therapeutic_class,0.8
isopropamide,GASTRO INTESTINA,,Gastroenterology,Peptic Ulcer,therapeutic_class,0.8
isopropamide,GASTRO INTESTINA,,Gastroenterology,Nausea,therapeutic_class,0.8
tizanidine,PAIN ANALGESICS,Skeletal muscle relaxant- Centrally actin,Pain Management,Pain,therapeutic_class,0.8
tizanidine,PAIN ANALGESICS,Skeletal muscle relaxant- Centrally actin,Pain Management,Inflammation,therapeutic_class,0.8
tizanidine,PAIN ANALGESICS,Skeletal muscle relaxant- Centrally actin,Pain Management,Arthritis,therapeutic_class,0.8
tizanidine,PAIN ANALGESICS,Skeletal muscle relaxant- Centrally actin,Pain Management,Musculoskeletal Pain,therapeutic_class,0.8
capsaicin,PAIN ANALGESIC,,Pain Management,Pain,therapeutic_class,0.8
capsaicin,PAIN ANALGESIC,,Pain Management,Inflammation,therapeutic_class,0.8
capsaicin,PAIN ANALGESIC,,Pain Management,Arthritis,therapeutic_class,0.8
capsaicin,PAIN ANALGESIC,,Pain Management,Musculoskeletal Pain,therapeutic_class,0.8
granulocyte colony stimulating factor,ANTI NEOPLASTICS,Granulocyte-colony stimulating factor (G-CSF,Oncology,Cancer,therapeutic_class,0.8
granulocyte colony stimulating factor,ANTI NEOPLASTICS,Granulocyte-colony stimulating factor (G-CSF,Oncology,Malignant Tumor,therapeutic_class,0.8
granulocyte colony stimulating factor,ANTI NEOPLASTICS,Granulocyte-colony stimulating factor (G-CSF,Oncology,Leukemia,therapeutic_class,0.8
rosehip,PAIN ANALGESIC,,Pain Management,Pain,therapeutic_class,0.8
rosehip,PAIN ANALGESIC,,Pain Management,Inflammation,therapeutic_class,0.8
rosehip,PAIN ANALGESIC,,Pain Management,Arthritis,therapeutic_class,0.8
rosehip,PAIN ANALGESIC,,Pain Management,Musculoskeletal Pain,therapeutic_class,0.8
l-glutamate,HORMONES,Amino acid,Endocrinology,Hormonal Imbalance,therapeutic_class,0.8
l-glutamate,HORMONES,Amino acid,Endocrinology,Hypothyroidism,therapeutic_class,0.8
l-glutamate,HORMONES,Amino acid,Endocrinology,Adrenal Insufficiency,therapeutic_class,0.8
l-glutamate,HORMONES,Amino acid,Endocrinology,Growth Disorder,therapeutic_class,0.8
glatiramer acetate,ANTI NEOPLASTICS,Immunomodulator- Multiple sclerosis (Injectable,Oncology,Cancer,therapeutic_class,0.8
glatiramer acetate,ANTI NEOPLASTICS,Immunomodulator- Multiple sclerosis (Injectable,Oncology,Malignant Tumor,therapeutic_class,0.8
glatiramer acetate,ANTI NEOPLASTICS,Immunomodulator- Multiple sclerosis (Injectable,Oncology,Leukemia,therapeutic_class,0.8
diatrizoic acid,OTHERS,Radio contrast agent,General Medicine,Weight Management,therapeutic_class,0.8
diatrizoic acid,OTHERS,Radio contrast agent,General Medicine,Obesity,therapeutic_class,0.8
diacerein+glucosamine+methyl sulfonyl methane,PAIN ANALGESIC,,Pain Management,Pain,therapeutic_class,0.8
diacerein+glucosamine+methyl sulfonyl methane,PAIN ANALGESIC,,Pain Management,Inflammation,therapeutic_class,0.8
diacerein+glucosamine+methyl sulfonyl methane,PAIN ANALGESIC,,Pain Management,Arthritis,therapeutic_class,0.8
diacerein+glucosamine+methyl sulfonyl methane,PAIN ANALGESIC,,Pain Management,Musculoskeletal Pain,therapeutic_class,0.8
ganirelix,HORMONES,GNRH antagonist,Endocrinology,Hormonal Imbalance,therapeutic_class,0.8
ganirelix,HORMONES,GNRH antagonist,Endocrinology,Hypothyroidism,therapeutic_class,0.8
ganirelix,HORMONES,GNRH antagonist,Endocrinology,Adrenal Insufficiency,therapeutic_class,0.8
ganirelix,HORMONES,GNRH antagonist,Endocrinology,Growth Disorder,therapeutic_class,0.8
stanozolol,HORMONES,Anabolic steroi,Endocrinology,Hormonal Imbalance,therapeutic_class,0.8
stanozolol,HORMONES,Anabolic steroi,Endocrinology,Hypothyroidism,therapeutic_class,0.8
stanozolol,HORMONES,Anabolic steroi,Endocrinology,Adrenal Insufficiency,therapeutic_class,0.8
stanozolol,HORMONES,Anabolic steroi,Endocrinology,Growth Disorder,therapeutic_class,0.8
mesna,BLOOD RELATED,Cytoprotective agents- Bladde,Hematology,Anemia,therapeutic_class,0.8
mesna,BLOOD RELATED,Cytoprotective agents- Bladde,Hematology,Thrombosis,therapeutic_class,0.8
mesna,BLOOD RELATED,Cytoprotective agents- Bladde,Hematology,Blood Clotting Disorder,therapeutic_class,0.8
mesna,BLOOD RELATED,Cytoprotective agents- Bladde,Hematology,Deep Vein Thrombosis,therapeutic_class,0.8
zileuton,RESPIRATORY,5LOX inhibito,Respiratory,Asthma,therapeutic_class,0.8
zileuton,RESPIRATORY,5LOX inhibito,Respiratory,Allergic Rhinitis,therapeutic_class,0.8
zileuton,RESPIRATORY,5LOX inhibito,Respiratory,COPD,therapeutic_class,0.8
zileuton,RESPIRATORY,5LOX inhibito,Respiratory,Cough,therapeutic_class,0.8
zileuton,RESPIRATORY,5LOX inhibito,Respiratory,Common Cold,therapeutic_class,0.8
zileuton,RESPIRATORY,5LOX inhibito,Respiratory,Bronchitis,therapeutic_class,0.8
trazodone,NEURO CNS,Serotonin antagonist and reuptake inhibitors (SARIs,Neurology / Psychiatry,Epilepsy,therapeutic_class,0.8
trazodone,NEURO CNS,Serotonin antagonist and reuptake inhibitors (SARIs,Neurology / Psychiatry,Anxiety,therapeutic_class,0.8
trazodone,NEURO CNS,Serotonin antagonist and reuptake inhibitors (SARIs,Neurology / Psychiatry,Depression,therapeutic_class,0.8
trazodone,NEURO CNS,Serotonin antagonist and reuptake inhibitors (SARIs,Neurology / Psychiatry,Insomnia,therapeutic_class,0.8
trazodone,NEURO CNS,Serotonin antagonist and reuptake inhibitors (SARIs,Neurology / Psychiatry,Seizure Disorder,therapeutic_class,0.8
trazodone,NEURO CNS,Serotonin antagonist and reuptake inhibitors (SARIs,Neurology / Psychiatry,Neuropathic Pain,therapeutic_class,0.8
domperidone+rabeprazole,GASTRO INTESTINA,,Gastroenterology,Acid Reflux,therapeutic_class,0.8
domperidone+rabeprazole,GASTRO INTESTINA,,Gastroenterology,GERD,therapeutic_class,0.8
domperidone+rabeprazole,GASTRO INTESTINA,,Gastroenterology,Peptic Ulcer,therapeutic_class,0.8
domperidone+rabeprazole,GASTRO INTESTINA,,Gastroenterology,Nausea,therapeutic_class,0.8
sulfiram,DERMA,Ectoparasiticide,Dermatology,Skin Infection,therapeutic_class,0.8
sulfiram,DERMA,Ectoparasiticide,Dermatology,Dermatitis,therapeutic_class,0.8
sulfiram,DERMA,Ectoparasiticide,Dermatology,Fungal Infection,therapeutic_class,0.8
sulfiram,DERMA,Ectoparasiticide,Dermatology,Acne,therapeutic_class,0.8
sulfiram,DERMA,Ectoparasiticide,Dermatology,Eczema,therapeutic_class,0.8
mosapride,GASTRO INTESTINA,,Gastroenterology,Acid Reflux,therapeutic_class,0.8
mosapride,GASTRO INTESTINA,,Gastroenterology,GERD,therapeutic_class,0.8
mosapride,GASTRO INTESTINA,,Gastroenterology,Peptic Ulcer,therapeutic_class,0.8
mosapride,GASTRO INTESTINA,,Gastroenterology,Nausea,therapeutic_class,0.8
benzalkonium chloride,DERM,,Dermatology,Skin Infection,therapeutic_class,0.8
benzalkonium chloride,DERM,,Dermatology,Dermatitis,therapeutic_class,0.8
benzalkonium chloride,DERM,,Dermatology,Fungal Infection,therapeutic_class,0.8
benzalkonium chloride,DERM,,Dermatology,Eczema,therapeutic_class,0.8
benzalkonium chloride,DERM,,Dermatology,Psoriasis,therapeutic_class,0.8
proanthocyanidin,DERM,,Dermatology,Skin Infection,therapeutic_class,0.8
proanthocyanidin,DERM,,Dermatology,Dermatitis,therapeutic_class,0.8
proanthocyanidin,DERM,,Dermatology,Fungal Infection,therapeutic_class,0.8
proanthocyanidin,DERM,,Dermatology,Eczema,therapeutic_class,0.8
proanthocyanidin,DERM,,Dermatology,Psoriasis,therapeutic_class,0.8
lanolin,DERM,,Dermatology,Skin Infection,therapeutic_class,0.8
lanolin,DERM,,Dermatology,Dermatitis,therapeutic_class,0.8
lanolin,DERM,,Dermatology,Fungal Infection,therapeutic_class,0.8
lanolin,DERM,,Dermatology,Eczema,therapeutic_class,0.8
lanolin,DERM,,Dermatology,Psoriasis,therapeutic_class,0.8
polmacoxib,PAIN ANALGESIC,,Pain Management,Pain,therapeutic_class,0.8
polmacoxib,PAIN ANALGESIC,,Pain Management,Inflammation,therapeutic_class,0.8
polmacoxib,PAIN ANALGESIC,,Pain Management,Arthritis,therapeutic_class,0.8
polmacoxib,PAIN ANALGESIC,,Pain Management,Musculoskeletal Pain,therapeutic_class,0.8
homatropine,OPHTHAL,Anticholinergic- Mydriatic and cycloplegi,Ophthalmology,Eye Infection,therapeutic_class,0.8
homatropine,OPHTHAL,Anticholinergic- Mydriatic and cycloplegi,Ophthalmology,Glaucoma,therapeutic_class,0.8
homatropine,OPHTHAL,Anticholinergic- Mydriatic and cycloplegi,Ophthalmology,Conjunctivitis,therapeutic_class,0.8
homatropine,OPHTHAL,Anticholinergic- Mydriatic and cycloplegi,Ophthalmology,Dry Eye,therapeutic_class,0.8
hyaluronidase,BLOOD RELATED,"Additives, preservative",Hematology,Anemia,therapeutic_class,0.8
hyaluronidase,BLOOD RELATED,"Additives, preservative",Hematology,Thrombosis,therapeutic_class,0.8
hyaluronidase,BLOOD RELATED,"Additives, preservative",Hematology,Blood Clotting Disorder,therapeutic_class,0.8
hyaluronidase,BLOOD RELATED,"Additives, preservative",Hematology,Deep Vein Thrombosis,therapeutic_class,0.8
phenyl mercuric nitrate,OPHTHA,,Ophthalmology,Eye Infection,therapeutic_class,0.8
phenyl mercuric nitrate,OPHTHA,,Ophthalmology,Conjunctivitis,therapeutic_class,0.8
phenyl mercuric nitrate,OPHTHA,,Ophthalmology,Dry Eye,therapeutic_class,0.8
lidocaine+calcium dobesilate+hydrocortisone+phenylephrine+zinc oxide+troxerutin,GASTRO INTESTINA,,Gastroenterology,Acid Reflux,therapeutic_class,0.8
lidocaine+calcium dobesilate+hydrocortisone+phenylephrine+zinc oxide+troxerutin,GASTRO INTESTINA,,Gastroenterology,GERD,therapeutic_class,0.8
lidocaine+calcium dobesilate+hydrocortisone+phenylephrine+zinc oxide+troxerutin,GASTRO INTESTINA,,Gastroenterology,Peptic Ulcer,therapeutic_class,0.8
lidocaine+calcium dobesilate+hydrocortisone+phenylephrine+zinc oxide+troxerutin,GASTRO INTESTINA,,Gastroenterology,Nausea,therapeutic_class,0.8
allium cepa,DERM,,Dermatology,Skin Infection,therapeutic_class,0.8
allium cepa,DERM,,Dermatology,Dermatitis,therapeutic_class,0.8
allium cepa,DERM,,Dermatology,Fungal Infection,therapeutic_class,0.8
allium cepa,DERM,,Dermatology,Eczema,therapeutic_class,0.8
allium cepa,DERM,,Dermatology,Psoriasis,therapeutic_class,0.8
hydrogen peroxide,DERMA,Antiseptics and disinfectant,Dermatology,Skin Infection,therapeutic_class,0.8
hydrogen peroxide,DERMA,Antiseptics and disinfectant,Dermatology,Dermatitis,therapeutic_class,0.8
hydrogen peroxide,DERMA,Antiseptics and disinfectant,Dermatology,Fungal Infection,therapeutic_class,0.8
hydrogen peroxide,DERMA,Antiseptics and disinfectant,Dermatology,Acne,therapeutic_class,0.8
hydrogen peroxide,DERMA,Antiseptics and disinfectant,Dermatology,Eczema,therapeutic_class,0.8
mucopolysaccharide polysulfate,BLOOD RELATED,Semi-synthetic glycosaminoglyca,Hematology,Anemia,therapeutic_class,0.8
mucopolysaccharide polysulfate,BLOOD RELATED,Semi-synthetic glycosaminoglyca,Hematology,Thrombosis,therapeutic_class,0.8
mucopolysaccharide polysulfate,BLOOD RELATED,Semi-synthetic glycosaminoglyca,Hematology,Blood Clotting Disorder,therapeutic_class,0.8
mucopolysaccharide polysulfate,BLOOD RELATED,Semi-synthetic glycosaminoglyca,Hematology,Deep Vein Thrombosis,therapeutic_class,0.8
human hepatitis b immunoglobulin,VACCINES,Immunoglobuli,Preventive Medicine,Vaccination / Immunization,therapeutic_class,0.8
sofosbuvir,ANTI INFECTIVE,,Infectious Disease,Bacterial Infection,therapeutic_class,0.8
sofosbuvir,ANTI INFECTIVE,,Infectious Disease,Infection,therapeutic_class,0.8
fosfestrol,ANTI NEOPLASTICS,Estrogen,Oncology,Cancer,therapeutic_class,0.8
fosfestrol,ANTI NEOPLASTICS,Estrogen,Oncology,Malignant Tumor,therapeutic_class,0.8
fosfestrol,ANTI NEOPLASTICS,Estrogen,Oncology,Leukemia,therapeutic_class,0.8
silver nano particles,DERMA,Antiseptics and disinfectant,Dermatology,Skin Infection,therapeutic_class,0.8
silver nano particles,DERMA,Antiseptics and disinfectant,Dermatology,Dermatitis,therapeutic_class,0.8
silver nano particles,DERMA,Antiseptics and disinfectant,Dermatology,Fungal Infection,therapeutic_class,0.8
silver nano particles,DERMA,Antiseptics and disinfectant,Dermatology,Acne,therapeutic_class,0.8
silver nano particles,DERMA,Antiseptics and disinfectant,Dermatology,Eczema,therapeutic_class,0.8
terazosin,CARDIAC,Adrenergic receptor (alpha) antagonist- selectiv,Cardiovascular,Hypertension,therapeutic_class,0.8
terazosin,CARDIAC,Adrenergic receptor (alpha) antagonist- selectiv,Cardiovascular,Heart Disease,therapeutic_class,0.8
terazosin,CARDIAC,Adrenergic receptor (alpha) antagonist- selectiv,Cardiovascular,Angina,therapeutic_class,0.8
terazosin,CARDIAC,Adrenergic receptor (alpha) antagonist- selectiv,Cardiovascular,Arrhythmia,therapeutic_class,0.8
terazosin,CARDIAC,Adrenergic receptor (alpha) antagonist- selectiv,Cardiovascular,Heart Failure,therapeutic_class,0.8
terazosin,CARDIAC,Adrenergic receptor (alpha) antagonist- selectiv,Cardiovascular,Hyperlipidemia,therapeutic_class,0.8
inactivated hepatitis a vaccine,VACCINE,,Preventive Medicine,Vaccination / Immunization,therapeutic_class,0.8
conivaptan,CARDIAC,Vasopressin antagonis,Cardiovascular,Hypertension,therapeutic_class,0.8
conivaptan,CARDIAC,Vasopressin antagonis,Cardiovascular,Heart Disease,therapeutic_class,0.8
conivaptan,CARDIAC,Vasopressin antagonis,Cardiovascular,Angina,therapeutic_class,0.8
conivaptan,CARDIAC,Vasopressin antagonis,Cardiovascular,Arrhythmia,therapeutic_class,0.8
conivaptan,CARDIAC,Vasopressin antagonis,Cardiovascular,Heart Failure,therapeutic_class,0.8
conivaptan,CARDIAC,Vasopressin antagonis,Cardiovascular,Hyperlipidemia,therapeutic_class,0.8
magnesium oxide,GASTRO INTESTINAL,Antacid,Gastroenterology,Acid Reflux,therapeutic_class,0.8
magnesium oxide,GASTRO INTESTINAL,Antacid,Gastroenterology,GERD,therapeutic_class,0.8
magnesium oxide,GASTRO INTESTINAL,Antacid,Gastroenterology,Peptic Ulcer,therapeutic_class,0.8
magnesium oxide,GASTRO INTESTINAL,Antacid,Gastroenterology,Gastritis,therapeutic_class,0.8
magnesium oxide,GASTRO INTESTINAL,Antacid,Gastroenterology,Nausea,therapeutic_class,0.8
magnesium oxide,GASTRO INTESTINAL,Antacid,Gastroenterology,Diarrhea,therapeutic_class,0.8
ribavirin,ANTI INFECTIVES,Antiviral (Non-HIV) drug,Infectious Disease,Bacterial Infection,therapeutic_class,0.8
ribavirin,ANTI INFECTIVES,Antiviral (Non-HIV) drug,Infectious Disease,Infection,therapeutic_class,0.8
ribavirin,ANTI INFECTIVES,Antiviral (Non-HIV) drug,Infectious Disease,Sepsis,therapeutic_class,0.8
ledipasvir,ANTI INFECTIVE,,Infectious Disease,Bacterial Infection,therapeutic_class,0.8
ledipasvir,ANTI INFECTIVE,,Infectious Disease,Infection,therapeutic_class,0.8
epsilon aminocaproic acid,BLOOD RELATED,Antifibrinolyti,Hematology,Anemia,therapeutic_class,0.8
epsilon aminocaproic acid,BLOOD RELATED,Antifibrinolyti,Hematology,Thrombosis,therapeutic_class,0.8
epsilon aminocaproic acid,BLOOD RELATED,Antifibrinolyti,Hematology,Blood Clotting Disorder,therapeutic_class,0.8
epsilon aminocaproic acid,BLOOD RELATED,Antifibrinolyti,Hematology,Deep Vein Thrombosis,therapeutic_class,0.8
bemiparin,BLOOD RELATED,Low molecular weight Heparin (LMWH,Hematology,Anemia,therapeutic_class,0.8
bemiparin,BLOOD RELATED,Low molecular weight Heparin (LMWH,Hematology,Thrombosis,therapeutic_class,0.8
bemiparin,BLOOD RELATED,Low molecular weight Heparin (LMWH,Hematology,Blood Clotting Disorder,therapeutic_class,0.8
bemiparin,BLOOD RELATED,Low molecular weight Heparin (LMWH,Hematology,Deep Vein Thrombosis,therapeutic_class,0.8
codergocrine mesylate,NEURO CNS,Nootropic agen,Neurology / Psychiatry,Epilepsy,therapeutic_class,0.8
codergocrine mesylate,NEURO CNS,Nootropic agen,Neurology / Psychiatry,Anxiety,therapeutic_class,0.8
codergocrine mesylate,NEURO CNS,Nootropic agen,Neurology / Psychiatry,Depression,therapeutic_class,0.8
codergocrine mesylate,NEURO CNS,Nootropic agen,Neurology / Psychiatry,Insomnia,therapeutic_class,0.8
codergocrine mesylate,NEURO CNS,Nootropic agen,Neurology / Psychiatry,Seizure Disorder,therapeutic_class,0.8
codergocrine mesylate,NEURO CNS,Nootropic agen,Neurology / Psychiatry,Neuropathic Pain,therapeutic_class,0.8
sunitinib,ANTI NEOPLASTIC,,Oncology,Cancer,therapeutic_class,0.8
sunitinib,ANTI NEOPLASTIC,,Oncology,Prostate Cancer,therapeutic_class,0.8
sunitinib,ANTI NEOPLASTIC,,Oncology,Breast Cancer,therapeutic_class,0.8
sunitinib,ANTI NEOPLASTIC,,Oncology,Malignant Tumor,therapeutic_class,0.8
haloperidol decanoate,NEURO CNS,Typical Antipsychotic,Neurology / Psychiatry,Epilepsy,therapeutic_class,0.8
haloperidol decanoate,NEURO CNS,Typical Antipsychotic,Neurology / Psychiatry,Anxiety,therapeutic_class,0.8
haloperidol decanoate,NEURO CNS,Typical Antipsychotic,Neurology / Psychiatry,Depression,therapeutic_class,0.8
haloperidol decanoate,NEURO CNS,Typical Antipsychotic,Neurology / Psychiatry,Insomnia,therapeutic_class,0.8
haloperidol decanoate,NEURO CNS,Typical Antipsychotic,Neurology / Psychiatry,Seizure Disorder,therapeutic_class,0.8
haloperidol decanoate,NEURO CNS,Typical Antipsychotic,Neurology / Psychiatry,Neuropathic Pain,therapeutic_class,0.8
protamine sulfate,OTHERS,Heparin Antagonis,General Medicine,Weight Management,therapeutic_class,0.8
protamine sulfate,OTHERS,Heparin Antagonis,General Medicine,Obesity,therapeutic_class,0.8
policosanol,CARDIAC,Hypolipidemics-other,Cardiovascular,Hypertension,therapeutic_class,0.8
policosanol,CARDIAC,Hypolipidemics-other,Cardiovascular,Heart Disease,therapeutic_class,0.8
policosanol,CARDIAC,Hypolipidemics-other,Cardiovascular,Angina,therapeutic_class,0.8
policosanol,CARDIAC,Hypolipidemics-other,Cardiovascular,Arrhythmia,therapeutic_class,0.8
policosanol,CARDIAC,Hypolipidemics-other,Cardiovascular,Heart Failure,therapeutic_class,0.8
policosanol,CARDIAC,Hypolipidemics-other,Cardiovascular,Hyperlipidemia,therapeutic_class,0.8
hypromellose,OPHTHAL,Tear substitue,Ophthalmology,Eye Infection,therapeutic_class,0.8
hypromellose,OPHTHAL,Tear substitue,Ophthalmology,Glaucoma,therapeutic_class,0.8
hypromellose,OPHTHAL,Tear substitue,Ophthalmology,Conjunctivitis,therapeutic_class,0.8
hypromellose,OPHTHAL,Tear substitue,Ophthalmology,Dry Eye,therapeutic_class,0.8
pegylated interferon alpha 2b,ANTI NEOPLASTICS,Interferon,Oncology,Cancer,therapeutic_class,0.8
pegylated interferon alpha 2b,ANTI NEOPLASTICS,Interferon,Oncology,Malignant Tumor,therapeutic_class,0.8
pegylated interferon alpha 2b,ANTI NEOPLASTICS,Interferon,Oncology,Leukemia,therapeutic_class,0.8
mecetronium,DERMA,Antiseptics and disinfectant,Dermatology,Skin Infection,therapeutic_class,0.8
mecetronium,DERMA,Antiseptics and disinfectant,Dermatology,Dermatitis,therapeutic_class,0.8
mecetronium,DERMA,Antiseptics and disinfectant,Dermatology,Fungal Infection,therapeutic_class,0.8
mecetronium,DERMA,Antiseptics and disinfectant,Dermatology,Acne,therapeutic_class,0.8
mecetronium,DERMA,Antiseptics and disinfectant,Dermatology,Eczema,therapeutic_class,0.8
topotecan,ANTI NEOPLASTICS,Topoisomerase Inhibito,Oncology,Cancer,therapeutic_class,0.8
topotecan,ANTI NEOPLASTICS,Topoisomerase Inhibito,Oncology,Malignant Tumor,therapeutic_class,0.8
topotecan,ANTI NEOPLASTICS,Topoisomerase Inhibito,Oncology,Leukemia,therapeutic_class,0.8
zaleplon,NEURO CNS,Non-benzodiazepine hypnotics (Z Compounds,Neurology / Psychiatry,Epilepsy,therapeutic_class,0.8
zaleplon,NEURO CNS,Non-benzodiazepine hypnotics (Z Compounds,Neurology / Psychiatry,Anxiety,therapeutic_class,0.8
zaleplon,NEURO CNS,Non-benzodiazepine hypnotics (Z Compounds,Neurology / Psychiatry,Depression,therapeutic_class,0.8
zaleplon,NEURO CNS,Non-benzodiazepine hypnotics (Z Compounds,Neurology / Psychiatry,Insomnia,therapeutic_class,0.8
zaleplon,NEURO CNS,Non-benzodiazepine hypnotics (Z Compounds,Neurology / Psychiatry,Seizure Disorder,therapeutic_class,0.8
zaleplon,NEURO CNS,Non-benzodiazepine hypnotics (Z Compounds,Neurology / Psychiatry,Neuropathic Pain,therapeutic_class,0.8
paliperidone,NEURO CNS,Atypical Antipsychotic,Neurology / Psychiatry,Epilepsy,therapeutic_class,0.8
paliperidone,NEURO CNS,Atypical Antipsychotic,Neurology / Psychiatry,Anxiety,therapeutic_class,0.8
paliperidone,NEURO CNS,Atypical Antipsychotic,Neurology / Psychiatry,Depression,therapeutic_class,0.8
paliperidone,NEURO CNS,Atypical Antipsychotic,Neurology / Psychiatry,Insomnia,therapeutic_class,0.8
paliperidone,NEURO CNS,Atypical Antipsychotic,Neurology / Psychiatry,Seizure Disorder,therapeutic_class,0.8
paliperidone,NEURO CNS,Atypical Antipsychotic,Neurology / Psychiatry,Neuropathic Pain,therapeutic_class,0.8
durvalumab,ANTI NEOPLASTICS,Monoclonal antibodie,Oncology,Cancer,therapeutic_class,0.8
durvalumab,ANTI NEOPLASTICS,Monoclonal antibodie,Oncology,Malignant Tumor,therapeutic_class,0.8
durvalumab,ANTI NEOPLASTICS,Monoclonal antibodie,Oncology,Leukemia,therapeutic_class,0.8
inotuzumab ozogamacin,ANTI NEOPLASTIC,,Oncology,Cancer,therapeutic_class,0.8
inotuzumab ozogamacin,ANTI NEOPLASTIC,,Oncology,Prostate Cancer,therapeutic_class,0.8
inotuzumab ozogamacin,ANTI NEOPLASTIC,,Oncology,Breast Cancer,therapeutic_class,0.8
inotuzumab ozogamacin,ANTI NEOPLASTIC,,Oncology,Malignant Tumor,therapeutic_class,0.8
ipratropium,RESPIRATORY,Anticholinergic - COP,Respiratory,Asthma,therapeutic_class,0.8
ipratropium,RESPIRATORY,Anticholinergic - COP,Respiratory,Allergic Rhinitis,therapeutic_class,0.8
ipratropium,RESPIRATORY,Anticholinergic - COP,Respiratory,COPD,therapeutic_class,0.8
ipratropium,RESPIRATORY,Anticholinergic - COP,Respiratory,Cough,therapeutic_class,0.8
ipratropium,RESPIRATORY,Anticholinergic - COP,Respiratory,Common Cold,therapeutic_class,0.8
ipratropium,RESPIRATORY,Anticholinergic - COP,Respiratory,Bronchitis,therapeutic_class,0.8
imiquimod,DERM,,Dermatology,Skin Infection,therapeutic_class,0.8
imiquimod,DERM,,Dermatology,Dermatitis,therapeutic_class,0.8
imiquimod,DERM,,Dermatology,Fungal Infection,therapeutic_class,0.8
imiquimod,DERM,,Dermatology,Eczema,therapeutic_class,0.8
imiquimod,DERM,,Dermatology,Psoriasis,therapeutic_class,0.8
isoprenaline,RESPIRATORY,Sympathomimetics agonist-Inotrope,Respiratory,Asthma,therapeutic_class,0.8
isoprenaline,RESPIRATORY,Sympathomimetics agonist-Inotrope,Respiratory,Allergic Rhinitis,therapeutic_class,0.8
isoprenaline,RESPIRATORY,Sympathomimetics agonist-Inotrope,Respiratory,COPD,therapeutic_class,0.8
isoprenaline,RESPIRATORY,Sympathomimetics agonist-Inotrope,Respiratory,Cough,therapeutic_class,0.8
isoprenaline,RESPIRATORY,Sympathomimetics agonist-Inotrope,Respiratory,Common Cold,therapeutic_class,0.8
isoprenaline,RESPIRATORY,Sympathomimetics agonist-Inotrope,Respiratory,Bronchitis,therapeutic_class,0.8
indacaterol,RESPIRATORY,Long acting β2-agonist,Respiratory,Asthma,therapeutic_class,0.8
indacaterol,RESPIRATORY,Long acting β2-agonist,Respiratory,Allergic Rhinitis,therapeutic_class,0.8
indacaterol,RESPIRATORY,Long acting β2-agonist,Respiratory,COPD,therapeutic_class,0.8
indacaterol,RESPIRATORY,Long acting β2-agonist,Respiratory,Cough,therapeutic_class,0.8
indacaterol,RESPIRATORY,Long acting β2-agonist,Respiratory,Common Cold,therapeutic_class,0.8
indacaterol,RESPIRATORY,Long acting β2-agonist,Respiratory,Bronchitis,therapeutic_class,0.8
pidotimod,ANTI INFECTIVES,Immunostimulant- Respiratory tract infections,Infectious Disease,Bacterial Infection,therapeutic_class,0.8
pidotimod,ANTI INFECTIVES,Immunostimulant- Respiratory tract infections,Infectious Disease,Infection,therapeutic_class,0.8
pidotimod,ANTI INFECTIVES,Immunostimulant- Respiratory tract infections,Infectious Disease,Sepsis,therapeutic_class,0.8
infliximab,PAIN ANALGESICS,Disease Modifying Anti-Rheumatoid Drugs (DMARDs)- Biologic,Pain Management,Pain,therapeutic_class,0.8
infliximab,PAIN ANALGESICS,Disease Modifying Anti-Rheumatoid Drugs (DMARDs)- Biologic,Pain Management,Inflammation,therapeutic_class,0.8
infliximab,PAIN ANALGESICS,Disease Modifying Anti-Rheumatoid Drugs (DMARDs)- Biologic,Pain Management,Arthritis,therapeutic_class,0.8
infliximab,PAIN ANALGESICS,Disease Modifying Anti-Rheumatoid Drugs (DMARDs)- Biologic,Pain Management,Musculoskeletal Pain,therapeutic_class,0.8
dexketoprofen,PAIN ANALGESICS,NSAID,Pain Management,Pain,therapeutic_class,0.8
dexketoprofen,PAIN ANALGESICS,NSAID,Pain Management,Inflammation,therapeutic_class,0.8
dexketoprofen,PAIN ANALGESICS,NSAID,Pain Management,Arthritis,therapeutic_class,0.8
dexketoprofen,PAIN ANALGESICS,NSAID,Pain Management,Musculoskeletal Pain,therapeutic_class,0.8
isoflurane,PAIN ANALGESICS,General anaesthetic agent,Pain Management,Pain,therapeutic_class,0.8
isoflurane,PAIN ANALGESICS,General anaesthetic agent,Pain Management,Inflammation,therapeutic_class,0.8
isoflurane,PAIN ANALGESICS,General anaesthetic agent,Pain Management,Arthritis,therapeutic_class,0.8
isoflurane,PAIN ANALGESICS,General anaesthetic agent,Pain Management,Musculoskeletal Pain,therapeutic_class,0.8
poliomyelitis virus type 1,VACCINE,,Preventive Medicine,Vaccination / Immunization,therapeutic_class,0.8
miltefosine,ANTI NEOPLASTICS,Anti-Leishmaniasi,Oncology,Cancer,therapeutic_class,0.8
miltefosine,ANTI NEOPLASTICS,Anti-Leishmaniasi,Oncology,Malignant Tumor,therapeutic_class,0.8
miltefosine,ANTI NEOPLASTICS,Anti-Leishmaniasi,Oncology,Leukemia,therapeutic_class,0.8
iloperidone,NEURO CNS,Atypical Antipsychotic,Neurology / Psychiatry,Epilepsy,therapeutic_class,0.8
iloperidone,NEURO CNS,Atypical Antipsychotic,Neurology / Psychiatry,Anxiety,therapeutic_class,0.8
iloperidone,NEURO CNS,Atypical Antipsychotic,Neurology / Psychiatry,Depression,therapeutic_class,0.8
iloperidone,NEURO CNS,Atypical Antipsychotic,Neurology / Psychiatry,Insomnia,therapeutic_class,0.8
iloperidone,NEURO CNS,Atypical Antipsychotic,Neurology / Psychiatry,Seizure Disorder,therapeutic_class,0.8
iloperidone,NEURO CNS,Atypical Antipsychotic,Neurology / Psychiatry,Neuropathic Pain,therapeutic_class,0.8
ritodrine,GYNAECOLOGICAL,Beta 2 agonist - Uteru,Gynecology,Gynecological Infection,therapeutic_class,0.8
ritodrine,GYNAECOLOGICAL,Beta 2 agonist - Uteru,Gynecology,Hormonal Irregularity,therapeutic_class,0.8
ritodrine,GYNAECOLOGICAL,Beta 2 agonist - Uteru,Gynecology,PCOS,therapeutic_class,0.8
ritodrine,GYNAECOLOGICAL,Beta 2 agonist - Uteru,Gynecology,Menstrual Disorder,therapeutic_class,0.8
interferon alpha 2b,ANTI NEOPLASTICS,Interferon,Oncology,Cancer,therapeutic_class,0.8
interferon alpha 2b,ANTI NEOPLASTICS,Interferon,Oncology,Malignant Tumor,therapeutic_class,0.8
interferon alpha 2b,ANTI NEOPLASTICS,Interferon,Oncology,Leukemia,therapeutic_class,0.8
cimetropium bromide,GASTRO INTESTINAL,Anticholinergic,Gastroenterology,Acid Reflux,therapeutic_class,0.8
cimetropium bromide,GASTRO INTESTINAL,Anticholinergic,Gastroenterology,GERD,therapeutic_class,0.8
cimetropium bromide,GASTRO INTESTINAL,Anticholinergic,Gastroenterology,Peptic Ulcer,therapeutic_class,0.8
cimetropium bromide,GASTRO INTESTINAL,Anticholinergic,Gastroenterology,Gastritis,therapeutic_class,0.8
cimetropium bromide,GASTRO INTESTINAL,Anticholinergic,Gastroenterology,Nausea,therapeutic_class,0.8
cimetropium bromide,GASTRO INTESTINAL,Anticholinergic,Gastroenterology,Diarrhea,therapeutic_class,0.8
nalbuphine,PAIN ANALGESICS,Opioid,Pain Management,Pain,therapeutic_class,0.8
nalbuphine,PAIN ANALGESICS,Opioid,Pain Management,Inflammation,therapeutic_class,0.8
nalbuphine,PAIN ANALGESICS,Opioid,Pain Management,Arthritis,therapeutic_class,0.8
nalbuphine,PAIN ANALGESICS,Opioid,Pain Management,Musculoskeletal Pain,therapeutic_class,0.8
oxyfedrin,CARDIAC,AntiAnginals-Oxyfedri,Cardiovascular,Hypertension,therapeutic_class,0.8
oxyfedrin,CARDIAC,AntiAnginals-Oxyfedri,Cardiovascular,Heart Disease,therapeutic_class,0.8
oxyfedrin,CARDIAC,AntiAnginals-Oxyfedri,Cardiovascular,Angina,therapeutic_class,0.8
oxyfedrin,CARDIAC,AntiAnginals-Oxyfedri,Cardiovascular,Arrhythmia,therapeutic_class,0.8
oxyfedrin,CARDIAC,AntiAnginals-Oxyfedri,Cardiovascular,Heart Failure,therapeutic_class,0.8
oxyfedrin,CARDIAC,AntiAnginals-Oxyfedri,Cardiovascular,Hyperlipidemia,therapeutic_class,0.8
indinavir,ANTI INFECTIVES,Protease (HIV) inhibitor,Infectious Disease,Bacterial Infection,therapeutic_class,0.8
indinavir,ANTI INFECTIVES,Protease (HIV) inhibitor,Infectious Disease,Infection,therapeutic_class,0.8
indinavir,ANTI INFECTIVES,Protease (HIV) inhibitor,Infectious Disease,Sepsis,therapeutic_class,0.8
ispaghula,GASTRO INTESTINAL,Bulk-forming laxative,Gastroenterology,Acid Reflux,therapeutic_class,0.8
ispaghula,GASTRO INTESTINAL,Bulk-forming laxative,Gastroenterology,GERD,therapeutic_class,0.8
ispaghula,GASTRO INTESTINAL,Bulk-forming laxative,Gastroenterology,Peptic Ulcer,therapeutic_class,0.8
ispaghula,GASTRO INTESTINAL,Bulk-forming laxative,Gastroenterology,Gastritis,therapeutic_class,0.8
ispaghula,GASTRO INTESTINAL,Bulk-forming laxative,Gastroenterology,Nausea,therapeutic_class,0.8
ispaghula,GASTRO INTESTINAL,Bulk-forming laxative,Gastroenterology,Diarrhea,therapeutic_class,0.8
human premix,ANTI DIABETIC,Insulin analogues- rapid actin,Endocrine / Metabolic,Diabetes Mellitus,therapeutic_class,0.8
human premix,ANTI DIABETIC,Insulin analogues- rapid actin,Endocrine / Metabolic,Type 2 Diabetes,therapeutic_class,0.8
human premix,ANTI DIABETIC,Insulin analogues- rapid actin,Endocrine / Metabolic,Hyperglycemia,therapeutic_class,0.8
tinzaparin,BLOOD RELATED,Low molecular weight Heparin (LMWH,Hematology,Anemia,therapeutic_class,0.8
tinzaparin,BLOOD RELATED,Low molecular weight Heparin (LMWH,Hematology,Thrombosis,therapeutic_class,0.8
tinzaparin,BLOOD RELATED,Low molecular weight Heparin (LMWH,Hematology,Blood Clotting Disorder,therapeutic_class,0.8
tinzaparin,BLOOD RELATED,Low molecular weight Heparin (LMWH,Hematology,Deep Vein Thrombosis,therapeutic_class,0.8
ixabepilone,ANTI NEOPLASTICS,Alkaloids-cytotoxic agent,Oncology,Cancer,therapeutic_class,0.8
ixabepilone,ANTI NEOPLASTICS,Alkaloids-cytotoxic agent,Oncology,Malignant Tumor,therapeutic_class,0.8
ixabepilone,ANTI NEOPLASTICS,Alkaloids-cytotoxic agent,Oncology,Leukemia,therapeutic_class,0.8
electrolytes,BLOOD RELATE,,Hematology,Anemia,therapeutic_class,0.8
electrolytes,BLOOD RELATE,,Hematology,Iron Deficiency,therapeutic_class,0.8
thymosin alpha,ANTI INFECTIVES,Biological response modifier- Thymosin alph,Infectious Disease,Bacterial Infection,therapeutic_class,0.8
thymosin alpha,ANTI INFECTIVES,Biological response modifier- Thymosin alph,Infectious Disease,Infection,therapeutic_class,0.8
thymosin alpha,ANTI INFECTIVES,Biological response modifier- Thymosin alph,Infectious Disease,Sepsis,therapeutic_class,0.8
netilmicin,ANTI INFECTIVES,Aminoglycoside,Infectious Disease,Bacterial Infection,therapeutic_class,0.8
netilmicin,ANTI INFECTIVES,Aminoglycoside,Infectious Disease,Infection,therapeutic_class,0.8
netilmicin,ANTI INFECTIVES,Aminoglycoside,Infectious Disease,Sepsis,therapeutic_class,0.8
d-panthenol,OPHTHAL,Vitamin,Ophthalmology,Eye Infection,therapeutic_class,0.8
d-panthenol,OPHTHAL,Vitamin,Ophthalmology,Glaucoma,therapeutic_class,0.8
d-panthenol,OPHTHAL,Vitamin,Ophthalmology,Conjunctivitis,therapeutic_class,0.8
d-panthenol,OPHTHAL,Vitamin,Ophthalmology,Dry Eye,therapeutic_class,0.8
tegaserod,GASTRO INTESTINAL,Serotonin (5-HT4) receptor agonist-Prokinetic agen,Gastroenterology,Acid Reflux,therapeutic_class,0.8
tegaserod,GASTRO INTESTINAL,Serotonin (5-HT4) receptor agonist-Prokinetic agen,Gastroenterology,GERD,therapeutic_class,0.8
tegaserod,GASTRO INTESTINAL,Serotonin (5-HT4) receptor agonist-Prokinetic agen,Gastroenterology,Peptic Ulcer,therapeutic_class,0.8
tegaserod,GASTRO INTESTINAL,Serotonin (5-HT4) receptor agonist-Prokinetic agen,Gastroenterology,Gastritis,therapeutic_class,0.8
tegaserod,GASTRO INTESTINAL,Serotonin (5-HT4) receptor agonist-Prokinetic agen,Gastroenterology,Nausea,therapeutic_class,0.8
tegaserod,GASTRO INTESTINAL,Serotonin (5-HT4) receptor agonist-Prokinetic agen,Gastroenterology,Diarrhea,therapeutic_class,0.8
imidapril,CARDIAC,Angiotensin-converting enzyme (ACE) inhibitor,Cardiovascular,Hypertension,therapeutic_class,0.8
imidapril,CARDIAC,Angiotensin-converting enzyme (ACE) inhibitor,Cardiovascular,Heart Disease,therapeutic_class,0.8
imidapril,CARDIAC,Angiotensin-converting enzyme (ACE) inhibitor,Cardiovascular,Angina,therapeutic_class,0.8
imidapril,CARDIAC,Angiotensin-converting enzyme (ACE) inhibitor,Cardiovascular,Arrhythmia,therapeutic_class,0.8
imidapril,CARDIAC,Angiotensin-converting enzyme (ACE) inhibitor,Cardiovascular,Heart Failure,therapeutic_class,0.8
imidapril,CARDIAC,Angiotensin-converting enzyme (ACE) inhibitor,Cardiovascular,Hyperlipidemia,therapeutic_class,0.8
ruxolitinib,ANTI NEOPLASTICS,Tyrosine kinase inhibitor,Oncology,Cancer,therapeutic_class,0.8
ruxolitinib,ANTI NEOPLASTICS,Tyrosine kinase inhibitor,Oncology,Malignant Tumor,therapeutic_class,0.8
ruxolitinib,ANTI NEOPLASTICS,Tyrosine kinase inhibitor,Oncology,Leukemia,therapeutic_class,0.8
mexiletine,CARDIAC,Class I Agents- anti arrhythmi,Cardiovascular,Hypertension,therapeutic_class,0.8
mexiletine,CARDIAC,Class I Agents- anti arrhythmi,Cardiovascular,Heart Disease,therapeutic_class,0.8
mexiletine,CARDIAC,Class I Agents- anti arrhythmi,Cardiovascular,Angina,therapeutic_class,0.8
mexiletine,CARDIAC,Class I Agents- anti arrhythmi,Cardiovascular,Arrhythmia,therapeutic_class,0.8
mexiletine,CARDIAC,Class I Agents- anti arrhythmi,Cardiovascular,Heart Failure,therapeutic_class,0.8
mexiletine,CARDIAC,Class I Agents- anti arrhythmi,Cardiovascular,Hyperlipidemia,therapeutic_class,0.8
opipramol,NEURO CNS,Anxiety disorder- Opipramo,Neurology / Psychiatry,Epilepsy,therapeutic_class,0.8
opipramol,NEURO CNS,Anxiety disorder- Opipramo,Neurology / Psychiatry,Anxiety,therapeutic_class,0.8
opipramol,NEURO CNS,Anxiety disorder- Opipramo,Neurology / Psychiatry,Depression,therapeutic_class,0.8
opipramol,NEURO CNS,Anxiety disorder- Opipramo,Neurology / Psychiatry,Insomnia,therapeutic_class,0.8
opipramol,NEURO CNS,Anxiety disorder- Opipramo,Neurology / Psychiatry,Seizure Disorder,therapeutic_class,0.8
opipramol,NEURO CNS,Anxiety disorder- Opipramo,Neurology / Psychiatry,Neuropathic Pain,therapeutic_class,0.8
vigabatrin,NEURO CN,,Neurology / Psychiatry,Anxiety,therapeutic_class,0.8
vigabatrin,NEURO CN,,Neurology / Psychiatry,Depression,therapeutic_class,0.8
vigabatrin,NEURO CN,,Neurology / Psychiatry,Insomnia,therapeutic_class,0.8
vigabatrin,NEURO CN,,Neurology / Psychiatry,Vertigo,therapeutic_class,0.8
vigabatrin,NEURO CN,,Neurology / Psychiatry,Neuropathy,therapeutic_class,0.8
cabazitaxel,ANTI NEOPLASTICS,Alkaloids-cytotoxic agent,Oncology,Cancer,therapeutic_class,0.8
cabazitaxel,ANTI NEOPLASTICS,Alkaloids-cytotoxic agent,Oncology,Malignant Tumor,therapeutic_class,0.8
cabazitaxel,ANTI NEOPLASTICS,Alkaloids-cytotoxic agent,Oncology,Leukemia,therapeutic_class,0.8
bacitracin,DERM,,Dermatology,Skin Infection,therapeutic_class,0.8
bacitracin,DERM,,Dermatology,Dermatitis,therapeutic_class,0.8
bacitracin,DERM,,Dermatology,Fungal Infection,therapeutic_class,0.8
bacitracin,DERM,,Dermatology,Eczema,therapeutic_class,0.8
bacitracin,DERM,,Dermatology,Psoriasis,therapeutic_class,0.8
cladribine,ANTI NEOPLASTICS,,Oncology,Cancer,therapeutic_class,0.8
cladribine,ANTI NEOPLASTICS,,Oncology,Malignant Tumor,therapeutic_class,0.8
cladribine,ANTI NEOPLASTICS,,Oncology,Leukemia,therapeutic_class,0.8
lincomycin,ANTI INFECTIVES,Lincosamide,Infectious Disease,Bacterial Infection,therapeutic_class,0.8
lincomycin,ANTI INFECTIVES,Lincosamide,Infectious Disease,Infection,therapeutic_class,0.8
lincomycin,ANTI INFECTIVES,Lincosamide,Infectious Disease,Sepsis,therapeutic_class,0.8
pembrolizumab,ANTI NEOPLASTICS,Programmed Cell Death 1 (PD-1) Checkpoint Inhibitor,Oncology,Cancer,therapeutic_class,0.8
pembrolizumab,ANTI NEOPLASTICS,Programmed Cell Death 1 (PD-1) Checkpoint Inhibitor,Oncology,Malignant Tumor,therapeutic_class,0.8
pembrolizumab,ANTI NEOPLASTICS,Programmed Cell Death 1 (PD-1) Checkpoint Inhibitor,Oncology,Leukemia,therapeutic_class,0.8
ribociclib,ANTI NEOPLASTICS,Cyclin-Dependent Kinase Inhibito,Oncology,Cancer,therapeutic_class,0.8
ribociclib,ANTI NEOPLASTICS,Cyclin-Dependent Kinase Inhibito,Oncology,Malignant Tumor,therapeutic_class,0.8
ribociclib,ANTI NEOPLASTICS,Cyclin-Dependent Kinase Inhibito,Oncology,Leukemia,therapeutic_class,0.8
ado-trastuzumab emtansine,ANTI NEOPLASTICS,HER2/neu (ErbB2) Inhibitor- Monoclonal antibod,Oncology,Cancer,therapeutic_class,0.8
ado-trastuzumab emtansine,ANTI NEOPLASTICS,HER2/neu (ErbB2) Inhibitor- Monoclonal antibod,Oncology,Malignant Tumor,therapeutic_class,0.8
ado-trastuzumab emtansine,ANTI NEOPLASTICS,HER2/neu (ErbB2) Inhibitor- Monoclonal antibod,Oncology,Leukemia,therapeutic_class,0.8
triamcinolone hexacetonide,PAIN ANALGESICS,Glucocorticoid,Pain Management,Pain,therapeutic_class,0.8
triamcinolone hexacetonide,PAIN ANALGESICS,Glucocorticoid,Pain Management,Inflammation,therapeutic_class,0.8
triamcinolone hexacetonide,PAIN ANALGESICS,Glucocorticoid,Pain Management,Arthritis,therapeutic_class,0.8
triamcinolone hexacetonide,PAIN ANALGESICS,Glucocorticoid,Pain Management,Musculoskeletal Pain,therapeutic_class,0.8
vitamin k,BLOOD RELATED,Vitamin,Hematology,Anemia,therapeutic_class,0.8
vitamin k,BLOOD RELATED,Vitamin,Hematology,Thrombosis,therapeutic_class,0.8
vitamin k,BLOOD RELATED,Vitamin,Hematology,Blood Clotting Disorder,therapeutic_class,0.8
vitamin k,BLOOD RELATED,Vitamin,Hematology,Deep Vein Thrombosis,therapeutic_class,0.8
deferiprone,BLOOD RELATED,Iron chelating agent,Hematology,Anemia,therapeutic_class,0.8
deferiprone,BLOOD RELATED,Iron chelating agent,Hematology,Thrombosis,therapeutic_class,0.8
deferiprone,BLOOD RELATED,Iron chelating agent,Hematology,Blood Clotting Disorder,therapeutic_class,0.8
deferiprone,BLOOD RELATED,Iron chelating agent,Hematology,Deep Vein Thrombosis,therapeutic_class,0.8
penicillin v,ANTI INFECTIVES,Cell wall active agent - Narrow spectrum Penicilli,Infectious Disease,Bacterial Infection,therapeutic_class,0.8
penicillin v,ANTI INFECTIVES,Cell wall active agent - Narrow spectrum Penicilli,Infectious Disease,Infection,therapeutic_class,0.8
penicillin v,ANTI INFECTIVES,Cell wall active agent - Narrow spectrum Penicilli,Infectious Disease,Sepsis,therapeutic_class,0.8
dicloxacillin,ANTI INFECTIVES,Cell wall active agent- Penicillinase resistant Penicilli,Infectious Disease,Bacterial Infection,therapeutic_class,0.8
dicloxacillin,ANTI INFECTIVES,Cell wall active agent- Penicillinase resistant Penicilli,Infectious Disease,Infection,therapeutic_class,0.8
dicloxacillin,ANTI INFECTIVES,Cell wall active agent- Penicillinase resistant Penicilli,Infectious Disease,Sepsis,therapeutic_class,0.8
gramicidin,OPHTHA,,Ophthalmology,Eye Infection,therapeutic_class,0.8
gramicidin,OPHTHA,,Ophthalmology,Conjunctivitis,therapeutic_class,0.8
gramicidin,OPHTHA,,Ophthalmology,Dry Eye,therapeutic_class,0.8
menadione,BLOOD RELATED,Vitamin,Hematology,Anemia,therapeutic_class,0.8
menadione,BLOOD RELATED,Vitamin,Hematology,Thrombosis,therapeutic_class,0.8
menadione,BLOOD RELATED,Vitamin,Hematology,Blood Clotting Disorder,therapeutic_class,0.8
menadione,BLOOD RELATED,Vitamin,Hematology,Deep Vein Thrombosis,therapeutic_class,0.8
carbazochrome,BLOOD RELATED,Haemostatic agen,Hematology,Anemia,therapeutic_class,0.8
carbazochrome,BLOOD RELATED,Haemostatic agen,Hematology,Thrombosis,therapeutic_class,0.8
carbazochrome,BLOOD RELATED,Haemostatic agen,Hematology,Blood Clotting Disorder,therapeutic_class,0.8
carbazochrome,BLOOD RELATED,Haemostatic agen,Hematology,Deep Vein Thrombosis,therapeutic_class,0.8
nilotinib,ANTI NEOPLASTICS,Tyrosine kinase inhibitor,Oncology,Cancer,therapeutic_class,0.8
nilotinib,ANTI NEOPLASTICS,Tyrosine kinase inhibitor,Oncology,Malignant Tumor,therapeutic_class,0.8
nilotinib,ANTI NEOPLASTICS,Tyrosine kinase inhibitor,Oncology,Leukemia,therapeutic_class,0.8
polystyrene sulfonate,BLOOD RELATE,,Hematology,Anemia,therapeutic_class,0.8
polystyrene sulfonate,BLOOD RELATE,,Hematology,Iron Deficiency,therapeutic_class,0.8
urokinase,CARDIAC,First Generation Thrombolytic,Cardiovascular,Hypertension,therapeutic_class,0.8
urokinase,CARDIAC,First Generation Thrombolytic,Cardiovascular,Heart Disease,therapeutic_class,0.8
urokinase,CARDIAC,First Generation Thrombolytic,Cardiovascular,Angina,therapeutic_class,0.8
urokinase,CARDIAC,First Generation Thrombolytic,Cardiovascular,Arrhythmia,therapeutic_class,0.8
urokinase,CARDIAC,First Generation Thrombolytic,Cardiovascular,Heart Failure,therapeutic_class,0.8
urokinase,CARDIAC,First Generation Thrombolytic,Cardiovascular,Hyperlipidemia,therapeutic_class,0.8
chromium picolinate,VITAMINS MINERALS NUTRIENT,,Nutrition,Nutritional Deficiency,therapeutic_class,0.8
chromium picolinate,VITAMINS MINERALS NUTRIENT,,Nutrition,Vitamin Deficiency,therapeutic_class,0.8
chromium picolinate,VITAMINS MINERALS NUTRIENT,,Nutrition,Mineral Deficiency,therapeutic_class,0.8
menadione sodium bisulfite,BLOOD RELATED,Vitamin,Hematology,Anemia,therapeutic_class,0.8
menadione sodium bisulfite,BLOOD RELATED,Vitamin,Hematology,Thrombosis,therapeutic_class,0.8
menadione sodium bisulfite,BLOOD RELATED,Vitamin,Hematology,Blood Clotting Disorder,therapeutic_class,0.8
menadione sodium bisulfite,BLOOD RELATED,Vitamin,Hematology,Deep Vein Thrombosis,therapeutic_class,0.8
lenalidomide,ANTI NEOPLASTICS,Thalidomide & its Immunomodulatory derivatives (IMiDs,Oncology,Cancer,therapeutic_class,0.8
lenalidomide,ANTI NEOPLASTICS,Thalidomide & its Immunomodulatory derivatives (IMiDs,Oncology,Malignant Tumor,therapeutic_class,0.8
lenalidomide,ANTI NEOPLASTICS,Thalidomide & its Immunomodulatory derivatives (IMiDs,Oncology,Leukemia,therapeutic_class,0.8
aprotinin,BLOOD RELATE,,Hematology,Anemia,therapeutic_class,0.8
aprotinin,BLOOD RELATE,,Hematology,Iron Deficiency,therapeutic_class,0.8
capreomycin,ANTI INFECTIVES,Aminoglycoside,Infectious Disease,Bacterial Infection,therapeutic_class,0.8
capreomycin,ANTI INFECTIVES,Aminoglycoside,Infectious Disease,Infection,therapeutic_class,0.8
capreomycin,ANTI INFECTIVES,Aminoglycoside,Infectious Disease,Sepsis,therapeutic_class,0.8
nitisinone,GASTRO INTESTINA,,Gastroenterology,Acid Reflux,therapeutic_class,0.8
nitisinone,GASTRO INTESTINA,,Gastroenterology,GERD,therapeutic_class,0.8
nitisinone,GASTRO INTESTINA,,Gastroenterology,Peptic Ulcer,therapeutic_class,0.8
nitisinone,GASTRO INTESTINA,,Gastroenterology,Nausea,therapeutic_class,0.8
lorlatinib,ANTI NEOPLASTICS,Tyrosine kinase inhibitor,Oncology,Cancer,therapeutic_class,0.8
lorlatinib,ANTI NEOPLASTICS,Tyrosine kinase inhibitor,Oncology,Malignant Tumor,therapeutic_class,0.8
lorlatinib,ANTI NEOPLASTICS,Tyrosine kinase inhibitor,Oncology,Leukemia,therapeutic_class,0.8
diphenoxylate,GASTRO INTESTINA,,Gastroenterology,Acid Reflux,therapeutic_class,0.8
diphenoxylate,GASTRO INTESTINA,,Gastroenterology,GERD,therapeutic_class,0.8
diphenoxylate,GASTRO INTESTINA,,Gastroenterology,Peptic Ulcer,therapeutic_class,0.8
diphenoxylate,GASTRO INTESTINA,,Gastroenterology,Nausea,therapeutic_class,0.8
liothyronine,HORMONE,,Endocrinology,Hormonal Imbalance,therapeutic_class,0.8
liothyronine,HORMONE,,Endocrinology,Inflammation,therapeutic_class,0.8
liothyronine,HORMONE,,Endocrinology,Osteoporosis,therapeutic_class,0.8
lubiprostone,GASTRO INTESTINAL,Chloride channel activato,Gastroenterology,Acid Reflux,therapeutic_class,0.8
lubiprostone,GASTRO INTESTINAL,Chloride channel activato,Gastroenterology,GERD,therapeutic_class,0.8
lubiprostone,GASTRO INTESTINAL,Chloride channel activato,Gastroenterology,Peptic Ulcer,therapeutic_class,0.8
lubiprostone,GASTRO INTESTINAL,Chloride channel activato,Gastroenterology,Gastritis,therapeutic_class,0.8
lubiprostone,GASTRO INTESTINAL,Chloride channel activato,Gastroenterology,Nausea,therapeutic_class,0.8
lubiprostone,GASTRO INTESTINAL,Chloride channel activato,Gastroenterology,Diarrhea,therapeutic_class,0.8
insulin detemir,ANTI DIABETIC,Insulin analogues- long actin,Endocrine / Metabolic,Diabetes Mellitus,therapeutic_class,0.8
insulin detemir,ANTI DIABETIC,Insulin analogues- long actin,Endocrine / Metabolic,Type 2 Diabetes,therapeutic_class,0.8
insulin detemir,ANTI DIABETIC,Insulin analogues- long actin,Endocrine / Metabolic,Hyperglycemia,therapeutic_class,0.8
lercanidipine,CARDIAC,Calcium channel blockers- Dihydropyridines (DHP,Cardiovascular,Hypertension,therapeutic_class,0.8
lercanidipine,CARDIAC,Calcium channel blockers- Dihydropyridines (DHP,Cardiovascular,Heart Disease,therapeutic_class,0.8
lercanidipine,CARDIAC,Calcium channel blockers- Dihydropyridines (DHP,Cardiovascular,Angina,therapeutic_class,0.8
lercanidipine,CARDIAC,Calcium channel blockers- Dihydropyridines (DHP,Cardiovascular,Arrhythmia,therapeutic_class,0.8
lercanidipine,CARDIAC,Calcium channel blockers- Dihydropyridines (DHP,Cardiovascular,Heart Failure,therapeutic_class,0.8
lercanidipine,CARDIAC,Calcium channel blockers- Dihydropyridines (DHP,Cardiovascular,Hyperlipidemia,therapeutic_class,0.8
tibolone,GYNAECOLOGICAL,Estrogen,Gynecology,Gynecological Infection,therapeutic_class,0.8
tibolone,GYNAECOLOGICAL,Estrogen,Gynecology,Hormonal Irregularity,therapeutic_class,0.8
tibolone,GYNAECOLOGICAL,Estrogen,Gynecology,PCOS,therapeutic_class,0.8
tibolone,GYNAECOLOGICAL,Estrogen,Gynecology,Menstrual Disorder,therapeutic_class,0.8
mephenesin,PAIN ANALGESIC,,Pain Management,Pain,therapeutic_class,0.8
mephenesin,PAIN ANALGESIC,,Pain Management,Inflammation,therapeutic_class,0.8
mephenesin,PAIN ANALGESIC,,Pain Management,Arthritis,therapeutic_class,0.8
mephenesin,PAIN ANALGESIC,,Pain Management,Musculoskeletal Pain,therapeutic_class,0.8
docusate,GASTRO INTESTINA,,Gastroenterology,Acid Reflux,therapeutic_class,0.8
docusate,GASTRO INTESTINA,,Gastroenterology,GERD,therapeutic_class,0.8
docusate,GASTRO INTESTINA,,Gastroenterology,Peptic Ulcer,therapeutic_class,0.8
docusate,GASTRO INTESTINA,,Gastroenterology,Nausea,therapeutic_class,0.8
levomilnacipran,NEURO CNS,Serotonin-norepinephrine reuptake inhibitors (SNRIs,Neurology / Psychiatry,Epilepsy,therapeutic_class,0.8
levomilnacipran,NEURO CNS,Serotonin-norepinephrine reuptake inhibitors (SNRIs,Neurology / Psychiatry,Anxiety,therapeutic_class,0.8
levomilnacipran,NEURO CNS,Serotonin-norepinephrine reuptake inhibitors (SNRIs,Neurology / Psychiatry,Depression,therapeutic_class,0.8
levomilnacipran,NEURO CNS,Serotonin-norepinephrine reuptake inhibitors (SNRIs,Neurology / Psychiatry,Insomnia,therapeutic_class,0.8
levomilnacipran,NEURO CNS,Serotonin-norepinephrine reuptake inhibitors (SNRIs,Neurology / Psychiatry,Seizure Disorder,therapeutic_class,0.8
levomilnacipran,NEURO CNS,Serotonin-norepinephrine reuptake inhibitors (SNRIs,Neurology / Psychiatry,Neuropathic Pain,therapeutic_class,0.8
proguanil,ANTI MALARIALS,Antimalarial- other,Infectious Disease,Malaria,therapeutic_class,0.8
lynestrenol,GYNAECOLOGICAL,Progestins- Other,Gynecology,Gynecological Infection,therapeutic_class,0.8
lynestrenol,GYNAECOLOGICAL,Progestins- Other,Gynecology,Hormonal Irregularity,therapeutic_class,0.8
lynestrenol,GYNAECOLOGICAL,Progestins- Other,Gynecology,PCOS,therapeutic_class,0.8
lynestrenol,GYNAECOLOGICAL,Progestins- Other,Gynecology,Menstrual Disorder,therapeutic_class,0.8
lycopene,VITAMINS MINERALS NUTRIENTS,Antioxidan,Nutrition,Nutritional Deficiency,therapeutic_class,0.8
lycopene,VITAMINS MINERALS NUTRIENTS,Antioxidan,Nutrition,Vitamin Deficiency,therapeutic_class,0.8
demeclocycline,ANTI INFECTIVES,Tetracycline,Infectious Disease,Bacterial Infection,therapeutic_class,0.8
demeclocycline,ANTI INFECTIVES,Tetracycline,Infectious Disease,Infection,therapeutic_class,0.8
demeclocycline,ANTI INFECTIVES,Tetracycline,Infectious Disease,Sepsis,therapeutic_class,0.8
recombinant human luteinizing hormone,GYNAECOLOGICAL,Gonadotropin,Gynecology,Gynecological Infection,therapeutic_class,0.8
recombinant human luteinizing hormone,GYNAECOLOGICAL,Gonadotropin,Gynecology,Hormonal Irregularity,therapeutic_class,0.8
recombinant human luteinizing hormone,GYNAECOLOGICAL,Gonadotropin,Gynecology,PCOS,therapeutic_class,0.8
recombinant human luteinizing hormone,GYNAECOLOGICAL,Gonadotropin,Gynecology,Menstrual Disorder,therapeutic_class,0.8
lacidipine,CARDIAC,Calcium channel blockers- Dihydropyridines (DHP,Cardiovascular,Hypertension,therapeutic_class,0.8
lacidipine,CARDIAC,Calcium channel blockers- Dihydropyridines (DHP,Cardiovascular,Heart Disease,therapeutic_class,0.8
lacidipine,CARDIAC,Calcium channel blockers- Dihydropyridines (DHP,Cardiovascular,Angina,therapeutic_class,0.8
lacidipine,CARDIAC,Calcium channel blockers- Dihydropyridines (DHP,Cardiovascular,Arrhythmia,therapeutic_class,0.8
lacidipine,CARDIAC,Calcium channel blockers- Dihydropyridines (DHP,Cardiovascular,Heart Failure,therapeutic_class,0.8
lacidipine,CARDIAC,Calcium channel blockers- Dihydropyridines (DHP,Cardiovascular,Hyperlipidemia,therapeutic_class,0.8
leucovorin calcium,VITAMINS MINERALS NUTRIENT,,Nutrition,Nutritional Deficiency,therapeutic_class,0.8
leucovorin calcium,VITAMINS MINERALS NUTRIENT,,Nutrition,Vitamin Deficiency,therapeutic_class,0.8
leucovorin calcium,VITAMINS MINERALS NUTRIENT,,Nutrition,Mineral Deficiency,therapeutic_class,0.8
levosimendan,CARDIAC,Calcium sensitize,Cardiovascular,Hypertension,therapeutic_class,0.8
levosimendan,CARDIAC,Calcium sensitize,Cardiovascular,Heart Disease,therapeutic_class,0.8
levosimendan,CARDIAC,Calcium sensitize,Cardiovascular,Angina,therapeutic_class,0.8
levosimendan,CARDIAC,Calcium sensitize,Cardiovascular,Arrhythmia,therapeutic_class,0.8
levosimendan,CARDIAC,Calcium sensitize,Cardiovascular,Heart Failure,therapeutic_class,0.8
levosimendan,CARDIAC,Calcium sensitize,Cardiovascular,Hyperlipidemia,therapeutic_class,0.8
lixisenatide,ANTI DIABETIC,Insulin Secretogogues   GLP-1 agonist,Endocrine / Metabolic,Diabetes Mellitus,therapeutic_class,0.8
lixisenatide,ANTI DIABETIC,Insulin Secretogogues   GLP-1 agonist,Endocrine / Metabolic,Type 2 Diabetes,therapeutic_class,0.8
lixisenatide,ANTI DIABETIC,Insulin Secretogogues   GLP-1 agonist,Endocrine / Metabolic,Hyperglycemia,therapeutic_class,0.8
sorafenib,ANTI NEOPLASTICS,Tyrosine kinase inhibitor,Oncology,Cancer,therapeutic_class,0.8
sorafenib,ANTI NEOPLASTICS,Tyrosine kinase inhibitor,Oncology,Malignant Tumor,therapeutic_class,0.8
sorafenib,ANTI NEOPLASTICS,Tyrosine kinase inhibitor,Oncology,Leukemia,therapeutic_class,0.8
iopamidol,OTHERS,Radio contrast agent,General Medicine,Weight Management,therapeutic_class,0.8
iopamidol,OTHERS,Radio contrast agent,General Medicine,Obesity,therapeutic_class,0.8
primaquine,ANTI MALARIALS,Antimalarial- Aminoquinoline,Infectious Disease,Malaria,therapeutic_class,0.8
vitamin b3,VITAMINS MINERALS NUTRIENTS,Vitamin,Nutrition,Nutritional Deficiency,therapeutic_class,0.8
vitamin b3,VITAMINS MINERALS NUTRIENTS,Vitamin,Nutrition,Vitamin Deficiency,therapeutic_class,0.8
prulifloxacin,ANTI INFECTIVES,Quinolones/ Fluroquinolone,Infectious Disease,Bacterial Infection,therapeutic_class,0.8
prulifloxacin,ANTI INFECTIVES,Quinolones/ Fluroquinolone,Infectious Disease,Infection,therapeutic_class,0.8
prulifloxacin,ANTI INFECTIVES,Quinolones/ Fluroquinolone,Infectious Disease,Sepsis,therapeutic_class,0.8
trametinib,ANTI NEOPLASTICS,MEK inhibito,Oncology,Cancer,therapeutic_class,0.8
trametinib,ANTI NEOPLASTICS,MEK inhibito,Oncology,Malignant Tumor,therapeutic_class,0.8
trametinib,ANTI NEOPLASTICS,MEK inhibito,Oncology,Leukemia,therapeutic_class,0.8
methylcobalamin+vitamin b6,VITAMINS MINERALS NUTRIENT,,Nutrition,Nutritional Deficiency,therapeutic_class,0.8
methylcobalamin+vitamin b6,VITAMINS MINERALS NUTRIENT,,Nutrition,Vitamin Deficiency,therapeutic_class,0.8
methylcobalamin+vitamin b6,VITAMINS MINERALS NUTRIENT,,Nutrition,Mineral Deficiency,therapeutic_class,0.8
s-metoprolol succinate,CARDIAC,Beta blocker- Cardioselectiv,Cardiovascular,Hypertension,therapeutic_class,0.8
s-metoprolol succinate,CARDIAC,Beta blocker- Cardioselectiv,Cardiovascular,Heart Disease,therapeutic_class,0.8
s-metoprolol succinate,CARDIAC,Beta blocker- Cardioselectiv,Cardiovascular,Angina,therapeutic_class,0.8
s-metoprolol succinate,CARDIAC,Beta blocker- Cardioselectiv,Cardiovascular,Arrhythmia,therapeutic_class,0.8
s-metoprolol succinate,CARDIAC,Beta blocker- Cardioselectiv,Cardiovascular,Heart Failure,therapeutic_class,0.8
s-metoprolol succinate,CARDIAC,Beta blocker- Cardioselectiv,Cardiovascular,Hyperlipidemia,therapeutic_class,0.8
mannitol,CARDIAC,Osmotic diuretic,Cardiovascular,Hypertension,therapeutic_class,0.8
mannitol,CARDIAC,Osmotic diuretic,Cardiovascular,Heart Disease,therapeutic_class,0.8
mannitol,CARDIAC,Osmotic diuretic,Cardiovascular,Angina,therapeutic_class,0.8
mannitol,CARDIAC,Osmotic diuretic,Cardiovascular,Arrhythmia,therapeutic_class,0.8
mannitol,CARDIAC,Osmotic diuretic,Cardiovascular,Heart Failure,therapeutic_class,0.8
mannitol,CARDIAC,Osmotic diuretic,Cardiovascular,Hyperlipidemia,therapeutic_class,0.8
measles vaccine,VACCINE,,Preventive Medicine,Vaccination / Immunization,therapeutic_class,0.8
silver colloid,DERMA,Antiseptics and disinfectant,Dermatology,Skin Infection,therapeutic_class,0.8
silver colloid,DERMA,Antiseptics and disinfectant,Dermatology,Dermatitis,therapeutic_class,0.8
silver colloid,DERMA,Antiseptics and disinfectant,Dermatology,Fungal Infection,therapeutic_class,0.8
silver colloid,DERMA,Antiseptics and disinfectant,Dermatology,Acne,therapeutic_class,0.8
silver colloid,DERMA,Antiseptics and disinfectant,Dermatology,Eczema,therapeutic_class,0.8
methimazole,HORMONES,Antithyroid agents-Thyroid peroxidase inhibitor,Endocrinology,Hormonal Imbalance,therapeutic_class,0.8
methimazole,HORMONES,Antithyroid agents-Thyroid peroxidase inhibitor,Endocrinology,Hypothyroidism,therapeutic_class,0.8
methimazole,HORMONES,Antithyroid agents-Thyroid peroxidase inhibitor,Endocrinology,Adrenal Insufficiency,therapeutic_class,0.8
methimazole,HORMONES,Antithyroid agents-Thyroid peroxidase inhibitor,Endocrinology,Growth Disorder,therapeutic_class,0.8
macitentan,CARDIAC,Endothelin receptor blocke,Cardiovascular,Hypertension,therapeutic_class,0.8
macitentan,CARDIAC,Endothelin receptor blocke,Cardiovascular,Heart Disease,therapeutic_class,0.8
macitentan,CARDIAC,Endothelin receptor blocke,Cardiovascular,Angina,therapeutic_class,0.8
macitentan,CARDIAC,Endothelin receptor blocke,Cardiovascular,Arrhythmia,therapeutic_class,0.8
macitentan,CARDIAC,Endothelin receptor blocke,Cardiovascular,Heart Failure,therapeutic_class,0.8
macitentan,CARDIAC,Endothelin receptor blocke,Cardiovascular,Hyperlipidemia,therapeutic_class,0.8
dibasic calcium phosphate,VITAMINS MINERALS NUTRIENT,,Nutrition,Nutritional Deficiency,therapeutic_class,0.8
dibasic calcium phosphate,VITAMINS MINERALS NUTRIENT,,Nutrition,Vitamin Deficiency,therapeutic_class,0.8
dibasic calcium phosphate,VITAMINS MINERALS NUTRIENT,,Nutrition,Mineral Deficiency,therapeutic_class,0.8
meningococcal vaccine,VACCINE,,Preventive Medicine,Vaccination / Immunization,therapeutic_class,0.8
magnesium sulphate,GASTRO INTESTINAL,Magnesium Sulphat,Gastroenterology,Acid Reflux,therapeutic_class,0.8
magnesium sulphate,GASTRO INTESTINAL,Magnesium Sulphat,Gastroenterology,GERD,therapeutic_class,0.8
magnesium sulphate,GASTRO INTESTINAL,Magnesium Sulphat,Gastroenterology,Peptic Ulcer,therapeutic_class,0.8
magnesium sulphate,GASTRO INTESTINAL,Magnesium Sulphat,Gastroenterology,Gastritis,therapeutic_class,0.8
magnesium sulphate,GASTRO INTESTINAL,Magnesium Sulphat,Gastroenterology,Nausea,therapeutic_class,0.8
magnesium sulphate,GASTRO INTESTINAL,Magnesium Sulphat,Gastroenterology,Diarrhea,therapeutic_class,0.8
gamma linolenic acid,VITAMINS MINERALS NUTRIENT,,Nutrition,Nutritional Deficiency,therapeutic_class,0.8
gamma linolenic acid,VITAMINS MINERALS NUTRIENT,,Nutrition,Vitamin Deficiency,therapeutic_class,0.8
gamma linolenic acid,VITAMINS MINERALS NUTRIENT,,Nutrition,Mineral Deficiency,therapeutic_class,0.8
cetyl alcohol,DERM,,Dermatology,Skin Infection,therapeutic_class,0.8
cetyl alcohol,DERM,,Dermatology,Dermatitis,therapeutic_class,0.8
cetyl alcohol,DERM,,Dermatology,Fungal Infection,therapeutic_class,0.8
cetyl alcohol,DERM,,Dermatology,Eczema,therapeutic_class,0.8
cetyl alcohol,DERM,,Dermatology,Psoriasis,therapeutic_class,0.8
embramine,RESPIRATORY,H1 Antihistaminics (First Generation,Respiratory,Asthma,therapeutic_class,0.8
embramine,RESPIRATORY,H1 Antihistaminics (First Generation,Respiratory,Allergic Rhinitis,therapeutic_class,0.8
embramine,RESPIRATORY,H1 Antihistaminics (First Generation,Respiratory,COPD,therapeutic_class,0.8
embramine,RESPIRATORY,H1 Antihistaminics (First Generation,Respiratory,Cough,therapeutic_class,0.8
embramine,RESPIRATORY,H1 Antihistaminics (First Generation,Respiratory,Common Cold,therapeutic_class,0.8
embramine,RESPIRATORY,H1 Antihistaminics (First Generation,Respiratory,Bronchitis,therapeutic_class,0.8
magnesium,VITAMINS MINERALS NUTRIENTS,Mineral,Nutrition,Nutritional Deficiency,therapeutic_class,0.8
magnesium,VITAMINS MINERALS NUTRIENTS,Mineral,Nutrition,Vitamin Deficiency,therapeutic_class,0.8
reteplase,CARDIAC,Plasminogen Activators- Thrombolytic,Cardiovascular,Hypertension,therapeutic_class,0.8
reteplase,CARDIAC,Plasminogen Activators- Thrombolytic,Cardiovascular,Heart Disease,therapeutic_class,0.8
reteplase,CARDIAC,Plasminogen Activators- Thrombolytic,Cardiovascular,Angina,therapeutic_class,0.8
reteplase,CARDIAC,Plasminogen Activators- Thrombolytic,Cardiovascular,Arrhythmia,therapeutic_class,0.8
reteplase,CARDIAC,Plasminogen Activators- Thrombolytic,Cardiovascular,Heart Failure,therapeutic_class,0.8
reteplase,CARDIAC,Plasminogen Activators- Thrombolytic,Cardiovascular,Hyperlipidemia,therapeutic_class,0.8
mitomycin,ANTI NEOPLASTICS,Alkaloids-cytotoxic agent,Oncology,Cancer,therapeutic_class,0.8
mitomycin,ANTI NEOPLASTICS,Alkaloids-cytotoxic agent,Oncology,Malignant Tumor,therapeutic_class,0.8
mitomycin,ANTI NEOPLASTICS,Alkaloids-cytotoxic agent,Oncology,Leukemia,therapeutic_class,0.8
neostigmine,NEURO CNS,Cholinesterase inhibitors- carbamate,Neurology / Psychiatry,Epilepsy,therapeutic_class,0.8
neostigmine,NEURO CNS,Cholinesterase inhibitors- carbamate,Neurology / Psychiatry,Anxiety,therapeutic_class,0.8
neostigmine,NEURO CNS,Cholinesterase inhibitors- carbamate,Neurology / Psychiatry,Depression,therapeutic_class,0.8
neostigmine,NEURO CNS,Cholinesterase inhibitors- carbamate,Neurology / Psychiatry,Insomnia,therapeutic_class,0.8
neostigmine,NEURO CNS,Cholinesterase inhibitors- carbamate,Neurology / Psychiatry,Seizure Disorder,therapeutic_class,0.8
neostigmine,NEURO CNS,Cholinesterase inhibitors- carbamate,Neurology / Psychiatry,Neuropathic Pain,therapeutic_class,0.8
phenylalanine,VITAMINS MINERALS NUTRIENTS,Amino acid,Nutrition,Nutritional Deficiency,therapeutic_class,0.8
phenylalanine,VITAMINS MINERALS NUTRIENTS,Amino acid,Nutrition,Vitamin Deficiency,therapeutic_class,0.8
magnesium valproate,NEURO CNS,Sodium channel modulators (AED,Neurology / Psychiatry,Epilepsy,therapeutic_class,0.8
magnesium valproate,NEURO CNS,Sodium channel modulators (AED,Neurology / Psychiatry,Anxiety,therapeutic_class,0.8
magnesium valproate,NEURO CNS,Sodium channel modulators (AED,Neurology / Psychiatry,Depression,therapeutic_class,0.8
magnesium valproate,NEURO CNS,Sodium channel modulators (AED,Neurology / Psychiatry,Insomnia,therapeutic_class,0.8
magnesium valproate,NEURO CNS,Sodium channel modulators (AED,Neurology / Psychiatry,Seizure Disorder,therapeutic_class,0.8
magnesium valproate,NEURO CNS,Sodium channel modulators (AED,Neurology / Psychiatry,Neuropathic Pain,therapeutic_class,0.8
tazarotene,DERMA,Retinoids- Third generatio,Dermatology,Skin Infection,therapeutic_class,0.8
tazarotene,DERMA,Retinoids- Third generatio,Dermatology,Dermatitis,therapeutic_class,0.8
tazarotene,DERMA,Retinoids- Third generatio,Dermatology,Fungal Infection,therapeutic_class,0.8
tazarotene,DERMA,Retinoids- Third generatio,Dermatology,Acne,therapeutic_class,0.8
tazarotene,DERMA,Retinoids- Third generatio,Dermatology,Eczema,therapeutic_class,0.8
cefprozil,ANTI INFECTIVES,Cephalosporins   3 generatio,Infectious Disease,Bacterial Infection,therapeutic_class,0.8
cefprozil,ANTI INFECTIVES,Cephalosporins   3 generatio,Infectious Disease,Infection,therapeutic_class,0.8
cefprozil,ANTI INFECTIVES,Cephalosporins   3 generatio,Infectious Disease,Sepsis,therapeutic_class,0.8
molnupiravir,ANTI INFECTIVES,Antiviral (Non-HIV) drug,Infectious Disease,Bacterial Infection,therapeutic_class,0.8
molnupiravir,ANTI INFECTIVES,Antiviral (Non-HIV) drug,Infectious Disease,Infection,therapeutic_class,0.8
molnupiravir,ANTI INFECTIVES,Antiviral (Non-HIV) drug,Infectious Disease,Sepsis,therapeutic_class,0.8
mesalamine,GASTRO INTESTINA,,Gastroenterology,Acid Reflux,therapeutic_class,0.8
mesalamine,GASTRO INTESTINA,,Gastroenterology,GERD,therapeutic_class,0.8
mesalamine,GASTRO INTESTINA,,Gastroenterology,Peptic Ulcer,therapeutic_class,0.8
mesalamine,GASTRO INTESTINA,,Gastroenterology,Nausea,therapeutic_class,0.8
milrinone,CARDIAC,Phosphodiesterase-III inhibitors (HF,Cardiovascular,Hypertension,therapeutic_class,0.8
milrinone,CARDIAC,Phosphodiesterase-III inhibitors (HF,Cardiovascular,Heart Disease,therapeutic_class,0.8
milrinone,CARDIAC,Phosphodiesterase-III inhibitors (HF,Cardiovascular,Angina,therapeutic_class,0.8
milrinone,CARDIAC,Phosphodiesterase-III inhibitors (HF,Cardiovascular,Arrhythmia,therapeutic_class,0.8
milrinone,CARDIAC,Phosphodiesterase-III inhibitors (HF,Cardiovascular,Heart Failure,therapeutic_class,0.8
milrinone,CARDIAC,Phosphodiesterase-III inhibitors (HF,Cardiovascular,Hyperlipidemia,therapeutic_class,0.8
mesterolone,GYNAECOLOGICAL,Androgen,Gynecology,Gynecological Infection,therapeutic_class,0.8
mesterolone,GYNAECOLOGICAL,Androgen,Gynecology,Hormonal Irregularity,therapeutic_class,0.8
mesterolone,GYNAECOLOGICAL,Androgen,Gynecology,PCOS,therapeutic_class,0.8
mesterolone,GYNAECOLOGICAL,Androgen,Gynecology,Menstrual Disorder,therapeutic_class,0.8
carbocisteine,RESPIRATORY,Mucolytic,Respiratory,Asthma,therapeutic_class,0.8
carbocisteine,RESPIRATORY,Mucolytic,Respiratory,Allergic Rhinitis,therapeutic_class,0.8
carbocisteine,RESPIRATORY,Mucolytic,Respiratory,COPD,therapeutic_class,0.8
carbocisteine,RESPIRATORY,Mucolytic,Respiratory,Cough,therapeutic_class,0.8
carbocisteine,RESPIRATORY,Mucolytic,Respiratory,Common Cold,therapeutic_class,0.8
carbocisteine,RESPIRATORY,Mucolytic,Respiratory,Bronchitis,therapeutic_class,0.8
psoralen,DERMA,Psoralen & derivative,Dermatology,Skin Infection,therapeutic_class,0.8
psoralen,DERMA,Psoralen & derivative,Dermatology,Dermatitis,therapeutic_class,0.8
psoralen,DERMA,Psoralen & derivative,Dermatology,Fungal Infection,therapeutic_class,0.8
psoralen,DERMA,Psoralen & derivative,Dermatology,Acne,therapeutic_class,0.8
psoralen,DERMA,Psoralen & derivative,Dermatology,Eczema,therapeutic_class,0.8
mercaptopurine,ANTI NEOPLASTICS,Antimetabolite,Oncology,Cancer,therapeutic_class,0.8
mercaptopurine,ANTI NEOPLASTICS,Antimetabolite,Oncology,Malignant Tumor,therapeutic_class,0.8
mercaptopurine,ANTI NEOPLASTICS,Antimetabolite,Oncology,Leukemia,therapeutic_class,0.8
methylpolysiloxane,VITAMINS MINERALS NUTRIENTS,Mineral,Nutrition,Nutritional Deficiency,therapeutic_class,0.8
methylpolysiloxane,VITAMINS MINERALS NUTRIENTS,Mineral,Nutrition,Vitamin Deficiency,therapeutic_class,0.8
sodium aminosalicylate,ANTI INFECTIVES,Sulphonamide,Infectious Disease,Bacterial Infection,therapeutic_class,0.8
sodium aminosalicylate,ANTI INFECTIVES,Sulphonamide,Infectious Disease,Infection,therapeutic_class,0.8
sodium aminosalicylate,ANTI INFECTIVES,Sulphonamide,Infectious Disease,Sepsis,therapeutic_class,0.8
low dextrans,BLOOD RELATED,Colloids (Plasma substitutes,Hematology,Anemia,therapeutic_class,0.8
low dextrans,BLOOD RELATED,Colloids (Plasma substitutes,Hematology,Thrombosis,therapeutic_class,0.8
low dextrans,BLOOD RELATED,Colloids (Plasma substitutes,Hematology,Blood Clotting Disorder,therapeutic_class,0.8
low dextrans,BLOOD RELATED,Colloids (Plasma substitutes,Hematology,Deep Vein Thrombosis,therapeutic_class,0.8
gynaecological products,GYNAECOLOGICA,,Gynecology,Vaginal Infection,therapeutic_class,0.8
gynaecological products,GYNAECOLOGICA,,Gynecology,Hormonal Irregularity,therapeutic_class,0.8
dextran 40,BLOOD RELATE,,Hematology,Anemia,therapeutic_class,0.8
dextran 40,BLOOD RELATE,,Hematology,Iron Deficiency,therapeutic_class,0.8
suxamethonium,PAIN ANALGESICS,Skeletal muscle relaxant- Peripherally actin,Pain Management,Pain,therapeutic_class,0.8
suxamethonium,PAIN ANALGESICS,Skeletal muscle relaxant- Peripherally actin,Pain Management,Inflammation,therapeutic_class,0.8
suxamethonium,PAIN ANALGESICS,Skeletal muscle relaxant- Peripherally actin,Pain Management,Arthritis,therapeutic_class,0.8
suxamethonium,PAIN ANALGESICS,Skeletal muscle relaxant- Peripherally actin,Pain Management,Musculoskeletal Pain,therapeutic_class,0.8
tropicamide,OPHTHAL,Anticholinergic- Mydriatic and cycloplegi,Ophthalmology,Eye Infection,therapeutic_class,0.8
tropicamide,OPHTHAL,Anticholinergic- Mydriatic and cycloplegi,Ophthalmology,Glaucoma,therapeutic_class,0.8
tropicamide,OPHTHAL,Anticholinergic- Mydriatic and cycloplegi,Ophthalmology,Conjunctivitis,therapeutic_class,0.8
tropicamide,OPHTHAL,Anticholinergic- Mydriatic and cycloplegi,Ophthalmology,Dry Eye,therapeutic_class,0.8
minodronic acid,PAIN ANALGESICS,Bone resorption inhibitor -Bisphosphonate,Pain Management,Pain,therapeutic_class,0.8
minodronic acid,PAIN ANALGESICS,Bone resorption inhibitor -Bisphosphonate,Pain Management,Inflammation,therapeutic_class,0.8
minodronic acid,PAIN ANALGESICS,Bone resorption inhibitor -Bisphosphonate,Pain Management,Arthritis,therapeutic_class,0.8
minodronic acid,PAIN ANALGESICS,Bone resorption inhibitor -Bisphosphonate,Pain Management,Musculoskeletal Pain,therapeutic_class,0.8
pegaptanib,OPHTHAL,Vascular endothelial growth factor (VEGF) inhibitor for AM,Ophthalmology,Eye Infection,therapeutic_class,0.8
pegaptanib,OPHTHAL,Vascular endothelial growth factor (VEGF) inhibitor for AM,Ophthalmology,Glaucoma,therapeutic_class,0.8
pegaptanib,OPHTHAL,Vascular endothelial growth factor (VEGF) inhibitor for AM,Ophthalmology,Conjunctivitis,therapeutic_class,0.8
pegaptanib,OPHTHAL,Vascular endothelial growth factor (VEGF) inhibitor for AM,Ophthalmology,Dry Eye,therapeutic_class,0.8
carbachol,OPHTHAL,Cholinomimetic Alkaloids- Pilocarpin,Ophthalmology,Eye Infection,therapeutic_class,0.8
carbachol,OPHTHAL,Cholinomimetic Alkaloids- Pilocarpin,Ophthalmology,Glaucoma,therapeutic_class,0.8
carbachol,OPHTHAL,Cholinomimetic Alkaloids- Pilocarpin,Ophthalmology,Conjunctivitis,therapeutic_class,0.8
carbachol,OPHTHAL,Cholinomimetic Alkaloids- Pilocarpin,Ophthalmology,Dry Eye,therapeutic_class,0.8
neisseria meningitidis group a,VACCINE,,Preventive Medicine,Vaccination / Immunization,therapeutic_class,0.8
mepolizumab,RESPIRATOR,,Respiratory,Allergic Rhinitis,therapeutic_class,0.8
mepolizumab,RESPIRATOR,,Respiratory,Cough,therapeutic_class,0.8
mepolizumab,RESPIRATOR,,Respiratory,Common Cold,therapeutic_class,0.8
mepolizumab,RESPIRATOR,,Respiratory,Nasal Congestion,therapeutic_class,0.8
mepolizumab,RESPIRATOR,,Respiratory,Bronchitis,therapeutic_class,0.8
norepinephrine,CARDIAC,Sympathomimetics agonis,Cardiovascular,Hypertension,therapeutic_class,0.8
norepinephrine,CARDIAC,Sympathomimetics agonis,Cardiovascular,Heart Disease,therapeutic_class,0.8
norepinephrine,CARDIAC,Sympathomimetics agonis,Cardiovascular,Angina,therapeutic_class,0.8
norepinephrine,CARDIAC,Sympathomimetics agonis,Cardiovascular,Arrhythmia,therapeutic_class,0.8
norepinephrine,CARDIAC,Sympathomimetics agonis,Cardiovascular,Heart Failure,therapeutic_class,0.8
norepinephrine,CARDIAC,Sympathomimetics agonis,Cardiovascular,Hyperlipidemia,therapeutic_class,0.8
nimodipine,CARDIAC,Calcium channel blockers- Dihydropyridines (DHP,Cardiovascular,Hypertension,therapeutic_class,0.8
nimodipine,CARDIAC,Calcium channel blockers- Dihydropyridines (DHP,Cardiovascular,Heart Disease,therapeutic_class,0.8
nimodipine,CARDIAC,Calcium channel blockers- Dihydropyridines (DHP,Cardiovascular,Angina,therapeutic_class,0.8
nimodipine,CARDIAC,Calcium channel blockers- Dihydropyridines (DHP,Cardiovascular,Arrhythmia,therapeutic_class,0.8
nimodipine,CARDIAC,Calcium channel blockers- Dihydropyridines (DHP,Cardiovascular,Heart Failure,therapeutic_class,0.8
nimodipine,CARDIAC,Calcium channel blockers- Dihydropyridines (DHP,Cardiovascular,Hyperlipidemia,therapeutic_class,0.8
benzyl alcohol,DERM,,Dermatology,Skin Infection,therapeutic_class,0.8
benzyl alcohol,DERM,,Dermatology,Dermatitis,therapeutic_class,0.8
benzyl alcohol,DERM,,Dermatology,Fungal Infection,therapeutic_class,0.8
benzyl alcohol,DERM,,Dermatology,Eczema,therapeutic_class,0.8
benzyl alcohol,DERM,,Dermatology,Psoriasis,therapeutic_class,0.8
nefopam,PAIN ANALGESIC,,Pain Management,Pain,therapeutic_class,0.8
nefopam,PAIN ANALGESIC,,Pain Management,Inflammation,therapeutic_class,0.8
nefopam,PAIN ANALGESIC,,Pain Management,Arthritis,therapeutic_class,0.8
nefopam,PAIN ANALGESIC,,Pain Management,Musculoskeletal Pain,therapeutic_class,0.8
natamycin,OPHTHAL OTOLOGICALS,Fungal cell membrane active agen,Ophthalmology / ENT,Eye Infection,therapeutic_class,0.8
natamycin,OPHTHAL OTOLOGICALS,Fungal cell membrane active agen,Ophthalmology / ENT,Ear Infection,therapeutic_class,0.8
natamycin,OPHTHAL OTOLOGICALS,Fungal cell membrane active agen,Ophthalmology / ENT,Conjunctivitis,therapeutic_class,0.8
natamycin,OPHTHAL OTOLOGICALS,Fungal cell membrane active agen,Ophthalmology / ENT,Otitis,therapeutic_class,0.8
netarsudil,OPHTHAL,Rho kinase inhibito,Ophthalmology,Eye Infection,therapeutic_class,0.8
netarsudil,OPHTHAL,Rho kinase inhibito,Ophthalmology,Glaucoma,therapeutic_class,0.8
netarsudil,OPHTHAL,Rho kinase inhibito,Ophthalmology,Conjunctivitis,therapeutic_class,0.8
netarsudil,OPHTHAL,Rho kinase inhibito,Ophthalmology,Dry Eye,therapeutic_class,0.8
nicotinic acid,VITAMINS MINERALS NUTRIENTS,Vitamin,Nutrition,Nutritional Deficiency,therapeutic_class,0.8
nicotinic acid,VITAMINS MINERALS NUTRIENTS,Vitamin,Nutrition,Vitamin Deficiency,therapeutic_class,0.8
pramoxine,PAIN ANALGESIC,,Pain Management,Pain,therapeutic_class,0.8
pramoxine,PAIN ANALGESIC,,Pain Management,Inflammation,therapeutic_class,0.8
pramoxine,PAIN ANALGESIC,,Pain Management,Arthritis,therapeutic_class,0.8
pramoxine,PAIN ANALGESIC,,Pain Management,Musculoskeletal Pain,therapeutic_class,0.8
astaxanthin,VITAMINS MINERALS NUTRIENT,,Nutrition,Nutritional Deficiency,therapeutic_class,0.8
astaxanthin,VITAMINS MINERALS NUTRIENT,,Nutrition,Vitamin Deficiency,therapeutic_class,0.8
astaxanthin,VITAMINS MINERALS NUTRIENT,,Nutrition,Mineral Deficiency,therapeutic_class,0.8
naftopidil,CARDIAC,Uroselective adrenergic receptor(α1a) antagonis,Cardiovascular,Hypertension,therapeutic_class,0.8
naftopidil,CARDIAC,Uroselective adrenergic receptor(α1a) antagonis,Cardiovascular,Heart Disease,therapeutic_class,0.8
naftopidil,CARDIAC,Uroselective adrenergic receptor(α1a) antagonis,Cardiovascular,Angina,therapeutic_class,0.8
naftopidil,CARDIAC,Uroselective adrenergic receptor(α1a) antagonis,Cardiovascular,Arrhythmia,therapeutic_class,0.8
naftopidil,CARDIAC,Uroselective adrenergic receptor(α1a) antagonis,Cardiovascular,Heart Failure,therapeutic_class,0.8
naftopidil,CARDIAC,Uroselective adrenergic receptor(α1a) antagonis,Cardiovascular,Hyperlipidemia,therapeutic_class,0.8
liver extract,BLOOD RELATE,,Hematology,Anemia,therapeutic_class,0.8
liver extract,BLOOD RELATE,,Hematology,Iron Deficiency,therapeutic_class,0.8
disopyramide,CARDIAC,Class I Agents- anti arrhythmi,Cardiovascular,Hypertension,therapeutic_class,0.8
disopyramide,CARDIAC,Class I Agents- anti arrhythmi,Cardiovascular,Heart Disease,therapeutic_class,0.8
disopyramide,CARDIAC,Class I Agents- anti arrhythmi,Cardiovascular,Angina,therapeutic_class,0.8
disopyramide,CARDIAC,Class I Agents- anti arrhythmi,Cardiovascular,Arrhythmia,therapeutic_class,0.8
disopyramide,CARDIAC,Class I Agents- anti arrhythmi,Cardiovascular,Heart Failure,therapeutic_class,0.8
disopyramide,CARDIAC,Class I Agents- anti arrhythmi,Cardiovascular,Hyperlipidemia,therapeutic_class,0.8
diastase,GASTRO INTESTINA,,Gastroenterology,Acid Reflux,therapeutic_class,0.8
diastase,GASTRO INTESTINA,,Gastroenterology,GERD,therapeutic_class,0.8
diastase,GASTRO INTESTINA,,Gastroenterology,Peptic Ulcer,therapeutic_class,0.8
diastase,GASTRO INTESTINA,,Gastroenterology,Nausea,therapeutic_class,0.8
ferrous fumarate,VITAMINS MINERALS NUTRIENT,,Nutrition,Nutritional Deficiency,therapeutic_class,0.8
ferrous fumarate,VITAMINS MINERALS NUTRIENT,,Nutrition,Vitamin Deficiency,therapeutic_class,0.8
ferrous fumarate,VITAMINS MINERALS NUTRIENT,,Nutrition,Mineral Deficiency,therapeutic_class,0.8
nivolumab,ANTI NEOPLASTICS,Programmed Cell Death 1 (PD-1) Checkpoint Inhibitor,Oncology,Cancer,therapeutic_class,0.8
nivolumab,ANTI NEOPLASTICS,Programmed Cell Death 1 (PD-1) Checkpoint Inhibitor,Oncology,Malignant Tumor,therapeutic_class,0.8
nivolumab,ANTI NEOPLASTICS,Programmed Cell Death 1 (PD-1) Checkpoint Inhibitor,Oncology,Leukemia,therapeutic_class,0.8
eptacog alfa,CARDIAC,Coagulation factor,Cardiovascular,Hypertension,therapeutic_class,0.8
eptacog alfa,CARDIAC,Coagulation factor,Cardiovascular,Heart Disease,therapeutic_class,0.8
eptacog alfa,CARDIAC,Coagulation factor,Cardiovascular,Angina,therapeutic_class,0.8
eptacog alfa,CARDIAC,Coagulation factor,Cardiovascular,Arrhythmia,therapeutic_class,0.8
eptacog alfa,CARDIAC,Coagulation factor,Cardiovascular,Heart Failure,therapeutic_class,0.8
eptacog alfa,CARDIAC,Coagulation factor,Cardiovascular,Hyperlipidemia,therapeutic_class,0.8
live attenuated influenza vaccine,VACCINE,,Preventive Medicine,Vaccination / Immunization,therapeutic_class,0.8
norethisterone enanthate,GYNAECOLOGICAL,Progestins (First generation,Gynecology,Gynecological Infection,therapeutic_class,0.8
norethisterone enanthate,GYNAECOLOGICAL,Progestins (First generation,Gynecology,Hormonal Irregularity,therapeutic_class,0.8
norethisterone enanthate,GYNAECOLOGICAL,Progestins (First generation,Gynecology,PCOS,therapeutic_class,0.8
norethisterone enanthate,GYNAECOLOGICAL,Progestins (First generation,Gynecology,Menstrual Disorder,therapeutic_class,0.8
recombinant human erythropoietin beta,BLOOD RELATED,Erythropoiesis-stimulating agent (ESA,Hematology,Anemia,therapeutic_class,0.8
recombinant human erythropoietin beta,BLOOD RELATED,Erythropoiesis-stimulating agent (ESA,Hematology,Thrombosis,therapeutic_class,0.8
recombinant human erythropoietin beta,BLOOD RELATED,Erythropoiesis-stimulating agent (ESA,Hematology,Blood Clotting Disorder,therapeutic_class,0.8
recombinant human erythropoietin beta,BLOOD RELATED,Erythropoiesis-stimulating agent (ESA,Hematology,Deep Vein Thrombosis,therapeutic_class,0.8
naloxone,NEURO CNS,Opioid Antagonis,Neurology / Psychiatry,Epilepsy,therapeutic_class,0.8
naloxone,NEURO CNS,Opioid Antagonis,Neurology / Psychiatry,Anxiety,therapeutic_class,0.8
naloxone,NEURO CNS,Opioid Antagonis,Neurology / Psychiatry,Depression,therapeutic_class,0.8
naloxone,NEURO CNS,Opioid Antagonis,Neurology / Psychiatry,Insomnia,therapeutic_class,0.8
naloxone,NEURO CNS,Opioid Antagonis,Neurology / Psychiatry,Seizure Disorder,therapeutic_class,0.8
naloxone,NEURO CNS,Opioid Antagonis,Neurology / Psychiatry,Neuropathic Pain,therapeutic_class,0.8
nitroprusside,CARDIAC,NO Donor,Cardiovascular,Hypertension,therapeutic_class,0.8
nitroprusside,CARDIAC,NO Donor,Cardiovascular,Heart Disease,therapeutic_class,0.8
nitroprusside,CARDIAC,NO Donor,Cardiovascular,Angina,therapeutic_class,0.8
nitroprusside,CARDIAC,NO Donor,Cardiovascular,Arrhythmia,therapeutic_class,0.8
nitroprusside,CARDIAC,NO Donor,Cardiovascular,Heart Failure,therapeutic_class,0.8
nitroprusside,CARDIAC,NO Donor,Cardiovascular,Hyperlipidemia,therapeutic_class,0.8
nystatin,ANTI INFECTIVES,Fungal cell membrane active agen,Infectious Disease,Bacterial Infection,therapeutic_class,0.8
nystatin,ANTI INFECTIVES,Fungal cell membrane active agen,Infectious Disease,Infection,therapeutic_class,0.8
nystatin,ANTI INFECTIVES,Fungal cell membrane active agen,Infectious Disease,Sepsis,therapeutic_class,0.8
varenicline,NEURO CNS,Cholinomimetic Alkaloids-Vareniclin,Neurology / Psychiatry,Epilepsy,therapeutic_class,0.8
varenicline,NEURO CNS,Cholinomimetic Alkaloids-Vareniclin,Neurology / Psychiatry,Anxiety,therapeutic_class,0.8
varenicline,NEURO CNS,Cholinomimetic Alkaloids-Vareniclin,Neurology / Psychiatry,Depression,therapeutic_class,0.8
varenicline,NEURO CNS,Cholinomimetic Alkaloids-Vareniclin,Neurology / Psychiatry,Insomnia,therapeutic_class,0.8
varenicline,NEURO CNS,Cholinomimetic Alkaloids-Vareniclin,Neurology / Psychiatry,Seizure Disorder,therapeutic_class,0.8
varenicline,NEURO CNS,Cholinomimetic Alkaloids-Vareniclin,Neurology / Psychiatry,Neuropathic Pain,therapeutic_class,0.8
ethinyl estradiol+etonogestrel,GYNAECOLOGICA,,Gynecology,Vaginal Infection,therapeutic_class,0.8
ethinyl estradiol+etonogestrel,GYNAECOLOGICA,,Gynecology,Hormonal Irregularity,therapeutic_class,0.8
niclosamide,ANTI INFECTIVES,Antiprotozoal agent,Infectious Disease,Bacterial Infection,therapeutic_class,0.8
niclosamide,ANTI INFECTIVES,Antiprotozoal agent,Infectious Disease,Infection,therapeutic_class,0.8
niclosamide,ANTI INFECTIVES,Antiprotozoal agent,Infectious Disease,Sepsis,therapeutic_class,0.8
mitoxantrone,ANTI NEOPLASTICS,Alkaloids-cytotoxic agent,Oncology,Cancer,therapeutic_class,0.8
mitoxantrone,ANTI NEOPLASTICS,Alkaloids-cytotoxic agent,Oncology,Malignant Tumor,therapeutic_class,0.8
mitoxantrone,ANTI NEOPLASTICS,Alkaloids-cytotoxic agent,Oncology,Leukemia,therapeutic_class,0.8
pancuronium,PAIN ANALGESICS,Skeletal muscle relaxant- Peripherally actin,Pain Management,Pain,therapeutic_class,0.8
pancuronium,PAIN ANALGESICS,Skeletal muscle relaxant- Peripherally actin,Pain Management,Inflammation,therapeutic_class,0.8
pancuronium,PAIN ANALGESICS,Skeletal muscle relaxant- Peripherally actin,Pain Management,Arthritis,therapeutic_class,0.8
pancuronium,PAIN ANALGESICS,Skeletal muscle relaxant- Peripherally actin,Pain Management,Musculoskeletal Pain,therapeutic_class,0.8
cefazolin,ANTI INFECTIVES,Cephalosporins   1st generatio,Infectious Disease,Bacterial Infection,therapeutic_class,0.8
cefazolin,ANTI INFECTIVES,Cephalosporins   1st generatio,Infectious Disease,Infection,therapeutic_class,0.8
cefazolin,ANTI INFECTIVES,Cephalosporins   1st generatio,Infectious Disease,Sepsis,therapeutic_class,0.8
naratriptan,NEURO CNS,Triptans (5HT 1B/1D Agonist,Neurology / Psychiatry,Epilepsy,therapeutic_class,0.8
naratriptan,NEURO CNS,Triptans (5HT 1B/1D Agonist,Neurology / Psychiatry,Anxiety,therapeutic_class,0.8
naratriptan,NEURO CNS,Triptans (5HT 1B/1D Agonist,Neurology / Psychiatry,Depression,therapeutic_class,0.8
naratriptan,NEURO CNS,Triptans (5HT 1B/1D Agonist,Neurology / Psychiatry,Insomnia,therapeutic_class,0.8
naratriptan,NEURO CNS,Triptans (5HT 1B/1D Agonist,Neurology / Psychiatry,Seizure Disorder,therapeutic_class,0.8
naratriptan,NEURO CNS,Triptans (5HT 1B/1D Agonist,Neurology / Psychiatry,Neuropathic Pain,therapeutic_class,0.8
calcium pantothenate,VITAMINS MINERALS NUTRIENTS,Vitamin,Nutrition,Nutritional Deficiency,therapeutic_class,0.8
calcium pantothenate,VITAMINS MINERALS NUTRIENTS,Vitamin,Nutrition,Vitamin Deficiency,therapeutic_class,0.8
methylcobalamin+alpha lipoic acid+myo-inositol+folic acid+chromium picolinate+selenium+benfotiamine,VITAMINS MINERALS NUTRIENT,,Nutrition,Nutritional Deficiency,therapeutic_class,0.8
methylcobalamin+alpha lipoic acid+myo-inositol+folic acid+chromium picolinate+selenium+benfotiamine,VITAMINS MINERALS NUTRIENT,,Nutrition,Vitamin Deficiency,therapeutic_class,0.8
methylcobalamin+alpha lipoic acid+myo-inositol+folic acid+chromium picolinate+selenium+benfotiamine,VITAMINS MINERALS NUTRIENT,,Nutrition,Mineral Deficiency,therapeutic_class,0.8
ceritinib,ANTI NEOPLASTICS,Tyrosine kinase inhibitor,Oncology,Cancer,therapeutic_class,0.8
ceritinib,ANTI NEOPLASTICS,Tyrosine kinase inhibitor,Oncology,Malignant Tumor,therapeutic_class,0.8
ceritinib,ANTI NEOPLASTICS,Tyrosine kinase inhibitor,Oncology,Leukemia,therapeutic_class,0.8
nevirapine,ANTI INFECTIVES,Non-Nucleoside reverse transcriptase inhibitors (NNRTIs,Infectious Disease,Bacterial Infection,therapeutic_class,0.8
nevirapine,ANTI INFECTIVES,Non-Nucleoside reverse transcriptase inhibitors (NNRTIs,Infectious Disease,Infection,therapeutic_class,0.8
nevirapine,ANTI INFECTIVES,Non-Nucleoside reverse transcriptase inhibitors (NNRTIs,Infectious Disease,Sepsis,therapeutic_class,0.8
nimorazole,GASTRO INTESTINA,,Gastroenterology,Acid Reflux,therapeutic_class,0.8
nimorazole,GASTRO INTESTINA,,Gastroenterology,GERD,therapeutic_class,0.8
nimorazole,GASTRO INTESTINA,,Gastroenterology,Peptic Ulcer,therapeutic_class,0.8
nimorazole,GASTRO INTESTINA,,Gastroenterology,Nausea,therapeutic_class,0.8
regorafenib,ANTI NEOPLASTICS,Tyrosine kinase inhibitor,Oncology,Cancer,therapeutic_class,0.8
regorafenib,ANTI NEOPLASTICS,Tyrosine kinase inhibitor,Oncology,Malignant Tumor,therapeutic_class,0.8
regorafenib,ANTI NEOPLASTICS,Tyrosine kinase inhibitor,Oncology,Leukemia,therapeutic_class,0.8
vinorelbine,ANTI NEOPLASTICS,Antimicrotubule agents- Vinka alkaloi,Oncology,Cancer,therapeutic_class,0.8
vinorelbine,ANTI NEOPLASTICS,Antimicrotubule agents- Vinka alkaloi,Oncology,Malignant Tumor,therapeutic_class,0.8
vinorelbine,ANTI NEOPLASTICS,Antimicrotubule agents- Vinka alkaloi,Oncology,Leukemia,therapeutic_class,0.8
nabumetone,PAIN ANALGESICS,NSAID,Pain Management,Pain,therapeutic_class,0.8
nabumetone,PAIN ANALGESICS,NSAID,Pain Management,Inflammation,therapeutic_class,0.8
nabumetone,PAIN ANALGESICS,NSAID,Pain Management,Arthritis,therapeutic_class,0.8
nabumetone,PAIN ANALGESICS,NSAID,Pain Management,Musculoskeletal Pain,therapeutic_class,0.8
vilazodone,NEURO CNS,Serotonin partial agonist reuptake inhibitor (SPARI,Neurology / Psychiatry,Epilepsy,therapeutic_class,0.8
vilazodone,NEURO CNS,Serotonin partial agonist reuptake inhibitor (SPARI,Neurology / Psychiatry,Anxiety,therapeutic_class,0.8
vilazodone,NEURO CNS,Serotonin partial agonist reuptake inhibitor (SPARI,Neurology / Psychiatry,Depression,therapeutic_class,0.8
vilazodone,NEURO CNS,Serotonin partial agonist reuptake inhibitor (SPARI,Neurology / Psychiatry,Insomnia,therapeutic_class,0.8
vilazodone,NEURO CNS,Serotonin partial agonist reuptake inhibitor (SPARI,Neurology / Psychiatry,Seizure Disorder,therapeutic_class,0.8
vilazodone,NEURO CNS,Serotonin partial agonist reuptake inhibitor (SPARI,Neurology / Psychiatry,Neuropathic Pain,therapeutic_class,0.8
darolutamide,ANTI NEOPLASTIC,,Oncology,Cancer,therapeutic_class,0.8
darolutamide,ANTI NEOPLASTIC,,Oncology,Prostate Cancer,therapeutic_class,0.8
darolutamide,ANTI NEOPLASTIC,,Oncology,Breast Cancer,therapeutic_class,0.8
darolutamide,ANTI NEOPLASTIC,,Oncology,Malignant Tumor,therapeutic_class,0.8
nartograstim,OTHERS,Granulocyte-colony stimulating factor (G-CSF,General Medicine,Weight Management,therapeutic_class,0.8
nartograstim,OTHERS,Granulocyte-colony stimulating factor (G-CSF,General Medicine,Obesity,therapeutic_class,0.8
ropivacaine,PAIN ANALGESICS,Local anaesthetic (Amides,Pain Management,Pain,therapeutic_class,0.8
ropivacaine,PAIN ANALGESICS,Local anaesthetic (Amides,Pain Management,Inflammation,therapeutic_class,0.8
ropivacaine,PAIN ANALGESICS,Local anaesthetic (Amides,Pain Management,Arthritis,therapeutic_class,0.8
ropivacaine,PAIN ANALGESICS,Local anaesthetic (Amides,Pain Management,Musculoskeletal Pain,therapeutic_class,0.8
chlormezanone,PAIN ANALGESIC,,Pain Management,Pain,therapeutic_class,0.8
chlormezanone,PAIN ANALGESIC,,Pain Management,Inflammation,therapeutic_class,0.8
chlormezanone,PAIN ANALGESIC,,Pain Management,Arthritis,therapeutic_class,0.8
chlormezanone,PAIN ANALGESIC,,Pain Management,Musculoskeletal Pain,therapeutic_class,0.8
succinyl choline chloride,PAIN ANALGESICS,Skeletal muscle relaxant- Peripherally actin,Pain Management,Pain,therapeutic_class,0.8
succinyl choline chloride,PAIN ANALGESICS,Skeletal muscle relaxant- Peripherally actin,Pain Management,Inflammation,therapeutic_class,0.8
succinyl choline chloride,PAIN ANALGESICS,Skeletal muscle relaxant- Peripherally actin,Pain Management,Arthritis,therapeutic_class,0.8
succinyl choline chloride,PAIN ANALGESICS,Skeletal muscle relaxant- Peripherally actin,Pain Management,Musculoskeletal Pain,therapeutic_class,0.8
dibucaine,PAIN ANALGESICS,Local anaesthetic (Amides,Pain Management,Pain,therapeutic_class,0.8
dibucaine,PAIN ANALGESICS,Local anaesthetic (Amides,Pain Management,Inflammation,therapeutic_class,0.8
dibucaine,PAIN ANALGESICS,Local anaesthetic (Amides,Pain Management,Arthritis,therapeutic_class,0.8
dibucaine,PAIN ANALGESICS,Local anaesthetic (Amides,Pain Management,Musculoskeletal Pain,therapeutic_class,0.8
desidustat,BLOOD RELATE,,Hematology,Anemia,therapeutic_class,0.8
desidustat,BLOOD RELATE,,Hematology,Iron Deficiency,therapeutic_class,0.8
chromium,VITAMINS MINERALS NUTRIENT,,Nutrition,Nutritional Deficiency,therapeutic_class,0.8
chromium,VITAMINS MINERALS NUTRIENT,,Nutrition,Vitamin Deficiency,therapeutic_class,0.8
chromium,VITAMINS MINERALS NUTRIENT,,Nutrition,Mineral Deficiency,therapeutic_class,0.8
bacillus calmette-guerin strain,VACCINE,,Preventive Medicine,Vaccination / Immunization,therapeutic_class,0.8
oxytetracycline,ANTI INFECTIVES,Tetracycline,Infectious Disease,Bacterial Infection,therapeutic_class,0.8
oxytetracycline,ANTI INFECTIVES,Tetracycline,Infectious Disease,Infection,therapeutic_class,0.8
oxytetracycline,ANTI INFECTIVES,Tetracycline,Infectious Disease,Sepsis,therapeutic_class,0.8
octenidine,DERMA,Local antimicrobial antisepti,Dermatology,Skin Infection,therapeutic_class,0.8
octenidine,DERMA,Local antimicrobial antisepti,Dermatology,Dermatitis,therapeutic_class,0.8
octenidine,DERMA,Local antimicrobial antisepti,Dermatology,Fungal Infection,therapeutic_class,0.8
octenidine,DERMA,Local antimicrobial antisepti,Dermatology,Acne,therapeutic_class,0.8
octenidine,DERMA,Local antimicrobial antisepti,Dermatology,Eczema,therapeutic_class,0.8
oxytocics and prostaglandin e1   e2 and products for cervical dilatation,GYNAECOLOGICA,,Gynecology,Vaginal Infection,therapeutic_class,0.8
oxytocics and prostaglandin e1   e2 and products for cervical dilatation,GYNAECOLOGICA,,Gynecology,Hormonal Irregularity,therapeutic_class,0.8
dexamethasone intravitreal implant,RESPIRATORY,Intravitreal corticosteriod implant,Respiratory,Asthma,therapeutic_class,0.8
dexamethasone intravitreal implant,RESPIRATORY,Intravitreal corticosteriod implant,Respiratory,Allergic Rhinitis,therapeutic_class,0.8
dexamethasone intravitreal implant,RESPIRATORY,Intravitreal corticosteriod implant,Respiratory,COPD,therapeutic_class,0.8
dexamethasone intravitreal implant,RESPIRATORY,Intravitreal corticosteriod implant,Respiratory,Cough,therapeutic_class,0.8
dexamethasone intravitreal implant,RESPIRATORY,Intravitreal corticosteriod implant,Respiratory,Common Cold,therapeutic_class,0.8
dexamethasone intravitreal implant,RESPIRATORY,Intravitreal corticosteriod implant,Respiratory,Bronchitis,therapeutic_class,0.8
tetrachlorodecaoxygen anion,DERMA,Antiseptics and disinfectant,Dermatology,Skin Infection,therapeutic_class,0.8
tetrachlorodecaoxygen anion,DERMA,Antiseptics and disinfectant,Dermatology,Dermatitis,therapeutic_class,0.8
tetrachlorodecaoxygen anion,DERMA,Antiseptics and disinfectant,Dermatology,Fungal Infection,therapeutic_class,0.8
tetrachlorodecaoxygen anion,DERMA,Antiseptics and disinfectant,Dermatology,Acne,therapeutic_class,0.8
tetrachlorodecaoxygen anion,DERMA,Antiseptics and disinfectant,Dermatology,Eczema,therapeutic_class,0.8
gadodiamide,OTHERS,Radio contrast agent,General Medicine,Weight Management,therapeutic_class,0.8
gadodiamide,OTHERS,Radio contrast agent,General Medicine,Obesity,therapeutic_class,0.8
uniflexin,DERMA,Proteoglycan synthesis Stimulato,Dermatology,Skin Infection,therapeutic_class,0.8
uniflexin,DERMA,Proteoglycan synthesis Stimulato,Dermatology,Dermatitis,therapeutic_class,0.8
uniflexin,DERMA,Proteoglycan synthesis Stimulato,Dermatology,Fungal Infection,therapeutic_class,0.8
uniflexin,DERMA,Proteoglycan synthesis Stimulato,Dermatology,Acne,therapeutic_class,0.8
uniflexin,DERMA,Proteoglycan synthesis Stimulato,Dermatology,Eczema,therapeutic_class,0.8
diclofenac diethylamine+linseed oil+methyl salicylate+menthol,PAIN ANALGESIC,,Pain Management,Pain,therapeutic_class,0.8
diclofenac diethylamine+linseed oil+methyl salicylate+menthol,PAIN ANALGESIC,,Pain Management,Inflammation,therapeutic_class,0.8
diclofenac diethylamine+linseed oil+methyl salicylate+menthol,PAIN ANALGESIC,,Pain Management,Arthritis,therapeutic_class,0.8
diclofenac diethylamine+linseed oil+methyl salicylate+menthol,PAIN ANALGESIC,,Pain Management,Musculoskeletal Pain,therapeutic_class,0.8
recombinant human parathyroid hormone,PAIN ANALGESIC,,Pain Management,Pain,therapeutic_class,0.8
recombinant human parathyroid hormone,PAIN ANALGESIC,,Pain Management,Inflammation,therapeutic_class,0.8
recombinant human parathyroid hormone,PAIN ANALGESIC,,Pain Management,Arthritis,therapeutic_class,0.8
recombinant human parathyroid hormone,PAIN ANALGESIC,,Pain Management,Musculoskeletal Pain,therapeutic_class,0.8
domperidone+omeprazole,GASTRO INTESTINA,,Gastroenterology,Acid Reflux,therapeutic_class,0.8
domperidone+omeprazole,GASTRO INTESTINA,,Gastroenterology,GERD,therapeutic_class,0.8
domperidone+omeprazole,GASTRO INTESTINA,,Gastroenterology,Peptic Ulcer,therapeutic_class,0.8
domperidone+omeprazole,GASTRO INTESTINA,,Gastroenterology,Nausea,therapeutic_class,0.8
aflapin,PAIN ANALGESICS,5-lipoxygenase inhibito,Pain Management,Pain,therapeutic_class,0.8
aflapin,PAIN ANALGESICS,5-lipoxygenase inhibito,Pain Management,Inflammation,therapeutic_class,0.8
aflapin,PAIN ANALGESICS,5-lipoxygenase inhibito,Pain Management,Arthritis,therapeutic_class,0.8
aflapin,PAIN ANALGESICS,5-lipoxygenase inhibito,Pain Management,Musculoskeletal Pain,therapeutic_class,0.8
pertuzumab,ANTI NEOPLASTIC,,Oncology,Cancer,therapeutic_class,0.8
pertuzumab,ANTI NEOPLASTIC,,Oncology,Prostate Cancer,therapeutic_class,0.8
pertuzumab,ANTI NEOPLASTIC,,Oncology,Breast Cancer,therapeutic_class,0.8
pertuzumab,ANTI NEOPLASTIC,,Oncology,Malignant Tumor,therapeutic_class,0.8
pneumococcal 13 valent conjugate vaccine,VACCINE,,Preventive Medicine,Vaccination / Immunization,therapeutic_class,0.8
placenta extracts,GYNAECOLOGICAL,Skin Regenerative agent,Gynecology,Gynecological Infection,therapeutic_class,0.8
placenta extracts,GYNAECOLOGICAL,Skin Regenerative agent,Gynecology,Hormonal Irregularity,therapeutic_class,0.8
placenta extracts,GYNAECOLOGICAL,Skin Regenerative agent,Gynecology,PCOS,therapeutic_class,0.8
placenta extracts,GYNAECOLOGICAL,Skin Regenerative agent,Gynecology,Menstrual Disorder,therapeutic_class,0.8
phenazopyridine,UROLOGY,Urinary tract analgesic,Urology,Benign Prostatic Hyperplasia,therapeutic_class,0.8
phenazopyridine,UROLOGY,Urinary tract analgesic,Urology,Urinary Tract Disorder,therapeutic_class,0.8
pneumococcal polysaccharide vaccine,VACCINE,,Preventive Medicine,Vaccination / Immunization,therapeutic_class,0.8
euphorbia prostrata extract,GASTRO INTESTINA,,Gastroenterology,Acid Reflux,therapeutic_class,0.8
euphorbia prostrata extract,GASTRO INTESTINA,,Gastroenterology,GERD,therapeutic_class,0.8
euphorbia prostrata extract,GASTRO INTESTINA,,Gastroenterology,Peptic Ulcer,therapeutic_class,0.8
euphorbia prostrata extract,GASTRO INTESTINA,,Gastroenterology,Nausea,therapeutic_class,0.8
podophyllum resin,DERM,,Dermatology,Skin Infection,therapeutic_class,0.8
podophyllum resin,DERM,,Dermatology,Dermatitis,therapeutic_class,0.8
podophyllum resin,DERM,,Dermatology,Fungal Infection,therapeutic_class,0.8
podophyllum resin,DERM,,Dermatology,Eczema,therapeutic_class,0.8
podophyllum resin,DERM,,Dermatology,Psoriasis,therapeutic_class,0.8
propyl thiouracil,HORMONES,Antithyroid agents-Thyroid peroxidase inhibitor,Endocrinology,Hormonal Imbalance,therapeutic_class,0.8
propyl thiouracil,HORMONES,Antithyroid agents-Thyroid peroxidase inhibitor,Endocrinology,Hypothyroidism,therapeutic_class,0.8
propyl thiouracil,HORMONES,Antithyroid agents-Thyroid peroxidase inhibitor,Endocrinology,Adrenal Insufficiency,therapeutic_class,0.8
propyl thiouracil,HORMONES,Antithyroid agents-Thyroid peroxidase inhibitor,Endocrinology,Growth Disorder,therapeutic_class,0.8
pneumococcal polysaccharide conjugate vaccine,VACCINES,Subunit (Purified antigen,Preventive Medicine,Vaccination / Immunization,therapeutic_class,0.8
tadalafil ip,SEX STIMULANTS REJUVENATORS,Phosphodiesterase-V inhibitor,Urology / Cardiology,Erectile Dysfunction,therapeutic_class,0.8
tadalafil ip,SEX STIMULANTS REJUVENATORS,Phosphodiesterase-V inhibitor,Urology / Cardiology,Pulmonary Arterial Hypertension,therapeutic_class,0.8
nirmatrelvir,ANTI INFECTIVE,,Infectious Disease,Bacterial Infection,therapeutic_class,0.8
nirmatrelvir,ANTI INFECTIVE,,Infectious Disease,Infection,therapeutic_class,0.8
becaplermin,DERMA,Recombinant human platelet-derived growth factor (rhPDGF)- Diabetic foot ulce,Dermatology,Skin Infection,therapeutic_class,0.8
becaplermin,DERMA,Recombinant human platelet-derived growth factor (rhPDGF)- Diabetic foot ulce,Dermatology,Dermatitis,therapeutic_class,0.8
becaplermin,DERMA,Recombinant human platelet-derived growth factor (rhPDGF)- Diabetic foot ulce,Dermatology,Fungal Infection,therapeutic_class,0.8
becaplermin,DERMA,Recombinant human platelet-derived growth factor (rhPDGF)- Diabetic foot ulce,Dermatology,Acne,therapeutic_class,0.8
becaplermin,DERMA,Recombinant human platelet-derived growth factor (rhPDGF)- Diabetic foot ulce,Dermatology,Eczema,therapeutic_class,0.8
thiopental sodium,PAIN ANALGESICS,Barbiturat,Pain Management,Pain,therapeutic_class,0.8
thiopental sodium,PAIN ANALGESICS,Barbiturat,Pain Management,Inflammation,therapeutic_class,0.8
thiopental sodium,PAIN ANALGESICS,Barbiturat,Pain Management,Arthritis,therapeutic_class,0.8
thiopental sodium,PAIN ANALGESICS,Barbiturat,Pain Management,Musculoskeletal Pain,therapeutic_class,0.8
papaverine,GASTRO INTESTINAL,Phosphodiesterase (non specific) inhibito,Gastroenterology,Acid Reflux,therapeutic_class,0.8
papaverine,GASTRO INTESTINAL,Phosphodiesterase (non specific) inhibito,Gastroenterology,GERD,therapeutic_class,0.8
papaverine,GASTRO INTESTINAL,Phosphodiesterase (non specific) inhibito,Gastroenterology,Peptic Ulcer,therapeutic_class,0.8
papaverine,GASTRO INTESTINAL,Phosphodiesterase (non specific) inhibito,Gastroenterology,Gastritis,therapeutic_class,0.8
papaverine,GASTRO INTESTINAL,Phosphodiesterase (non specific) inhibito,Gastroenterology,Nausea,therapeutic_class,0.8
papaverine,GASTRO INTESTINAL,Phosphodiesterase (non specific) inhibito,Gastroenterology,Diarrhea,therapeutic_class,0.8
lactobacillus sporogenes,GASTRO INTESTINAL,Probiotic,Gastroenterology,Acid Reflux,therapeutic_class,0.8
lactobacillus sporogenes,GASTRO INTESTINAL,Probiotic,Gastroenterology,GERD,therapeutic_class,0.8
lactobacillus sporogenes,GASTRO INTESTINAL,Probiotic,Gastroenterology,Peptic Ulcer,therapeutic_class,0.8
lactobacillus sporogenes,GASTRO INTESTINAL,Probiotic,Gastroenterology,Gastritis,therapeutic_class,0.8
lactobacillus sporogenes,GASTRO INTESTINAL,Probiotic,Gastroenterology,Nausea,therapeutic_class,0.8
lactobacillus sporogenes,GASTRO INTESTINAL,Probiotic,Gastroenterology,Diarrhea,therapeutic_class,0.8
s-etodolac,PAIN ANALGESICS,NSAID,Pain Management,Pain,therapeutic_class,0.8
s-etodolac,PAIN ANALGESICS,NSAID,Pain Management,Inflammation,therapeutic_class,0.8
s-etodolac,PAIN ANALGESICS,NSAID,Pain Management,Arthritis,therapeutic_class,0.8
s-etodolac,PAIN ANALGESICS,NSAID,Pain Management,Musculoskeletal Pain,therapeutic_class,0.8
propafenone,CARDIAC,Class I Agents- anti arrhythmi,Cardiovascular,Hypertension,therapeutic_class,0.8
propafenone,CARDIAC,Class I Agents- anti arrhythmi,Cardiovascular,Heart Disease,therapeutic_class,0.8
propafenone,CARDIAC,Class I Agents- anti arrhythmi,Cardiovascular,Angina,therapeutic_class,0.8
propafenone,CARDIAC,Class I Agents- anti arrhythmi,Cardiovascular,Arrhythmia,therapeutic_class,0.8
propafenone,CARDIAC,Class I Agents- anti arrhythmi,Cardiovascular,Heart Failure,therapeutic_class,0.8
propafenone,CARDIAC,Class I Agents- anti arrhythmi,Cardiovascular,Hyperlipidemia,therapeutic_class,0.8
prothionamide,ANTI INFECTIVES,Mycobacterial cell wall inhibitors-Ethambuto,Infectious Disease,Bacterial Infection,therapeutic_class,0.8
prothionamide,ANTI INFECTIVES,Mycobacterial cell wall inhibitors-Ethambuto,Infectious Disease,Infection,therapeutic_class,0.8
prothionamide,ANTI INFECTIVES,Mycobacterial cell wall inhibitors-Ethambuto,Infectious Disease,Sepsis,therapeutic_class,0.8
dithranol,DERMA,Keratoplastic and keratolytic agent,Dermatology,Skin Infection,therapeutic_class,0.8
dithranol,DERMA,Keratoplastic and keratolytic agent,Dermatology,Dermatitis,therapeutic_class,0.8
dithranol,DERMA,Keratoplastic and keratolytic agent,Dermatology,Fungal Infection,therapeutic_class,0.8
dithranol,DERMA,Keratoplastic and keratolytic agent,Dermatology,Acne,therapeutic_class,0.8
dithranol,DERMA,Keratoplastic and keratolytic agent,Dermatology,Eczema,therapeutic_class,0.8
alpelisib,ANTI NEOPLASTIC,,Oncology,Cancer,therapeutic_class,0.8
alpelisib,ANTI NEOPLASTIC,,Oncology,Prostate Cancer,therapeutic_class,0.8
alpelisib,ANTI NEOPLASTIC,,Oncology,Breast Cancer,therapeutic_class,0.8
alpelisib,ANTI NEOPLASTIC,,Oncology,Malignant Tumor,therapeutic_class,0.8
inosine pranobex,ANTI INFECTIVE,,Infectious Disease,Bacterial Infection,therapeutic_class,0.8
inosine pranobex,ANTI INFECTIVE,,Infectious Disease,Infection,therapeutic_class,0.8
magnesium carbonate,VITAMINS MINERALS NUTRIENT,,Nutrition,Nutritional Deficiency,therapeutic_class,0.8
magnesium carbonate,VITAMINS MINERALS NUTRIENT,,Nutrition,Vitamin Deficiency,therapeutic_class,0.8
magnesium carbonate,VITAMINS MINERALS NUTRIENT,,Nutrition,Mineral Deficiency,therapeutic_class,0.8
calcium phosphate,OPHTHA,,Ophthalmology,Eye Infection,therapeutic_class,0.8
calcium phosphate,OPHTHA,,Ophthalmology,Conjunctivitis,therapeutic_class,0.8
calcium phosphate,OPHTHA,,Ophthalmology,Dry Eye,therapeutic_class,0.8
propyl paraben,OTHERS,"Additives, preservative",General Medicine,Weight Management,therapeutic_class,0.8
propyl paraben,OTHERS,"Additives, preservative",General Medicine,Obesity,therapeutic_class,0.8
pravastatin,CARDIAC,HMG CoA inhibitors (statins,Cardiovascular,Hypertension,therapeutic_class,0.8
pravastatin,CARDIAC,HMG CoA inhibitors (statins,Cardiovascular,Heart Disease,therapeutic_class,0.8
pravastatin,CARDIAC,HMG CoA inhibitors (statins,Cardiovascular,Angina,therapeutic_class,0.8
pravastatin,CARDIAC,HMG CoA inhibitors (statins,Cardiovascular,Arrhythmia,therapeutic_class,0.8
pravastatin,CARDIAC,HMG CoA inhibitors (statins,Cardiovascular,Heart Failure,therapeutic_class,0.8
pravastatin,CARDIAC,HMG CoA inhibitors (statins,Cardiovascular,Hyperlipidemia,therapeutic_class,0.8
aloe vera,DERMA,Herba,Dermatology,Skin Infection,therapeutic_class,0.8
aloe vera,DERMA,Herba,Dermatology,Dermatitis,therapeutic_class,0.8
aloe vera,DERMA,Herba,Dermatology,Fungal Infection,therapeutic_class,0.8
aloe vera,DERMA,Herba,Dermatology,Acne,therapeutic_class,0.8
aloe vera,DERMA,Herba,Dermatology,Eczema,therapeutic_class,0.8
procarbazine,ANTI NEOPLASTICS,Anticancer-other,Oncology,Cancer,therapeutic_class,0.8
procarbazine,ANTI NEOPLASTICS,Anticancer-other,Oncology,Malignant Tumor,therapeutic_class,0.8
procarbazine,ANTI NEOPLASTICS,Anticancer-other,Oncology,Leukemia,therapeutic_class,0.8
prenoxdiazine,RESPIRATORY,Cough suppressant,Respiratory,Asthma,therapeutic_class,0.8
prenoxdiazine,RESPIRATORY,Cough suppressant,Respiratory,Allergic Rhinitis,therapeutic_class,0.8
prenoxdiazine,RESPIRATORY,Cough suppressant,Respiratory,COPD,therapeutic_class,0.8
prenoxdiazine,RESPIRATORY,Cough suppressant,Respiratory,Cough,therapeutic_class,0.8
prenoxdiazine,RESPIRATORY,Cough suppressant,Respiratory,Common Cold,therapeutic_class,0.8
prenoxdiazine,RESPIRATORY,Cough suppressant,Respiratory,Bronchitis,therapeutic_class,0.8
pazufloxazin,ANTI INFECTIVES,Quinolones/ Fluroquinolone,Infectious Disease,Bacterial Infection,therapeutic_class,0.8
pazufloxazin,ANTI INFECTIVES,Quinolones/ Fluroquinolone,Infectious Disease,Infection,therapeutic_class,0.8
pazufloxazin,ANTI INFECTIVES,Quinolones/ Fluroquinolone,Infectious Disease,Sepsis,therapeutic_class,0.8
parecoxib,PAIN ANALGESICS,NSAID,Pain Management,Pain,therapeutic_class,0.8
parecoxib,PAIN ANALGESICS,NSAID,Pain Management,Inflammation,therapeutic_class,0.8
parecoxib,PAIN ANALGESICS,NSAID,Pain Management,Arthritis,therapeutic_class,0.8
parecoxib,PAIN ANALGESICS,NSAID,Pain Management,Musculoskeletal Pain,therapeutic_class,0.8
anti-psoriatic,DERM,,Dermatology,Skin Infection,therapeutic_class,0.8
anti-psoriatic,DERM,,Dermatology,Dermatitis,therapeutic_class,0.8
anti-psoriatic,DERM,,Dermatology,Fungal Infection,therapeutic_class,0.8
anti-psoriatic,DERM,,Dermatology,Eczema,therapeutic_class,0.8
anti-psoriatic,DERM,,Dermatology,Psoriasis,therapeutic_class,0.8
sodium metabisulphite,BLOOD RELATE,,Hematology,Anemia,therapeutic_class,0.8
sodium metabisulphite,BLOOD RELATE,,Hematology,Iron Deficiency,therapeutic_class,0.8
liposomal dithranol,DERMA,Keratoplastic and keratolytic agent,Dermatology,Skin Infection,therapeutic_class,0.8
liposomal dithranol,DERMA,Keratoplastic and keratolytic agent,Dermatology,Dermatitis,therapeutic_class,0.8
liposomal dithranol,DERMA,Keratoplastic and keratolytic agent,Dermatology,Fungal Infection,therapeutic_class,0.8
liposomal dithranol,DERMA,Keratoplastic and keratolytic agent,Dermatology,Acne,therapeutic_class,0.8
liposomal dithranol,DERMA,Keratoplastic and keratolytic agent,Dermatology,Eczema,therapeutic_class,0.8
estradiol valerate,GYNAECOLOGICA,,Gynecology,Vaginal Infection,therapeutic_class,0.8
estradiol valerate,GYNAECOLOGICA,,Gynecology,Hormonal Irregularity,therapeutic_class,0.8
semaglutide,ANTI DIABETIC,Insulin Secretogogues   GLP-1 agonist,Endocrine / Metabolic,Diabetes Mellitus,therapeutic_class,0.8
semaglutide,ANTI DIABETIC,Insulin Secretogogues   GLP-1 agonist,Endocrine / Metabolic,Type 2 Diabetes,therapeutic_class,0.8
semaglutide,ANTI DIABETIC,Insulin Secretogogues   GLP-1 agonist,Endocrine / Metabolic,Hyperglycemia,therapeutic_class,0.8
insulin degludec,ANTI DIABETIC,Insulin analogues- long actin,Endocrine / Metabolic,Diabetes Mellitus,therapeutic_class,0.8
insulin degludec,ANTI DIABETIC,Insulin analogues- long actin,Endocrine / Metabolic,Type 2 Diabetes,therapeutic_class,0.8
insulin degludec,ANTI DIABETIC,Insulin analogues- long actin,Endocrine / Metabolic,Hyperglycemia,therapeutic_class,0.8
rasagiline,NEURO CNS,MAO-B Inhibitor,Neurology / Psychiatry,Epilepsy,therapeutic_class,0.8
rasagiline,NEURO CNS,MAO-B Inhibitor,Neurology / Psychiatry,Anxiety,therapeutic_class,0.8
rasagiline,NEURO CNS,MAO-B Inhibitor,Neurology / Psychiatry,Depression,therapeutic_class,0.8
rasagiline,NEURO CNS,MAO-B Inhibitor,Neurology / Psychiatry,Insomnia,therapeutic_class,0.8
rasagiline,NEURO CNS,MAO-B Inhibitor,Neurology / Psychiatry,Seizure Disorder,therapeutic_class,0.8
rasagiline,NEURO CNS,MAO-B Inhibitor,Neurology / Psychiatry,Neuropathic Pain,therapeutic_class,0.8
rabies human monoclonal antibody,VACCINE,,Preventive Medicine,Vaccination / Immunization,therapeutic_class,0.8
rubella vaccine,VACCINE,,Preventive Medicine,Vaccination / Immunization,therapeutic_class,0.8
butyl alcohol,BLOOD RELATE,,Hematology,Anemia,therapeutic_class,0.8
butyl alcohol,BLOOD RELATE,,Hematology,Iron Deficiency,therapeutic_class,0.8
rotavirus vaccine,VACCINE,,Preventive Medicine,Vaccination / Immunization,therapeutic_class,0.8
methocarbamol,PAIN ANALGESICS,Skeletal muscle relaxant- Centrally actin,Pain Management,Pain,therapeutic_class,0.8
methocarbamol,PAIN ANALGESICS,Skeletal muscle relaxant- Centrally actin,Pain Management,Inflammation,therapeutic_class,0.8
methocarbamol,PAIN ANALGESICS,Skeletal muscle relaxant- Centrally actin,Pain Management,Arthritis,therapeutic_class,0.8
methocarbamol,PAIN ANALGESICS,Skeletal muscle relaxant- Centrally actin,Pain Management,Musculoskeletal Pain,therapeutic_class,0.8
abemaciclib,ANTI NEOPLASTIC,,Oncology,Cancer,therapeutic_class,0.8
abemaciclib,ANTI NEOPLASTIC,,Oncology,Prostate Cancer,therapeutic_class,0.8
abemaciclib,ANTI NEOPLASTIC,,Oncology,Breast Cancer,therapeutic_class,0.8
abemaciclib,ANTI NEOPLASTIC,,Oncology,Malignant Tumor,therapeutic_class,0.8
riociguat,CARDIAC,Soluble guanylate cyclase (sGC) stimulato,Cardiovascular,Hypertension,therapeutic_class,0.8
riociguat,CARDIAC,Soluble guanylate cyclase (sGC) stimulato,Cardiovascular,Heart Disease,therapeutic_class,0.8
riociguat,CARDIAC,Soluble guanylate cyclase (sGC) stimulato,Cardiovascular,Angina,therapeutic_class,0.8
riociguat,CARDIAC,Soluble guanylate cyclase (sGC) stimulato,Cardiovascular,Arrhythmia,therapeutic_class,0.8
riociguat,CARDIAC,Soluble guanylate cyclase (sGC) stimulato,Cardiovascular,Heart Failure,therapeutic_class,0.8
riociguat,CARDIAC,Soluble guanylate cyclase (sGC) stimulato,Cardiovascular,Hyperlipidemia,therapeutic_class,0.8
evolocumab,ANTI NEOPLASTICS,Monoclonal antibodie,Oncology,Cancer,therapeutic_class,0.8
evolocumab,ANTI NEOPLASTICS,Monoclonal antibodie,Oncology,Malignant Tumor,therapeutic_class,0.8
evolocumab,ANTI NEOPLASTICS,Monoclonal antibodie,Oncology,Leukemia,therapeutic_class,0.8
ripasudil,OPHTHA,,Ophthalmology,Eye Infection,therapeutic_class,0.8
ripasudil,OPHTHA,,Ophthalmology,Conjunctivitis,therapeutic_class,0.8
ripasudil,OPHTHA,,Ophthalmology,Dry Eye,therapeutic_class,0.8
ramelteon,NEURO CNS,Melatonin agonis,Neurology / Psychiatry,Epilepsy,therapeutic_class,0.8
ramelteon,NEURO CNS,Melatonin agonis,Neurology / Psychiatry,Anxiety,therapeutic_class,0.8
ramelteon,NEURO CNS,Melatonin agonis,Neurology / Psychiatry,Depression,therapeutic_class,0.8
ramelteon,NEURO CNS,Melatonin agonis,Neurology / Psychiatry,Insomnia,therapeutic_class,0.8
ramelteon,NEURO CNS,Melatonin agonis,Neurology / Psychiatry,Seizure Disorder,therapeutic_class,0.8
ramelteon,NEURO CNS,Melatonin agonis,Neurology / Psychiatry,Neuropathic Pain,therapeutic_class,0.8
rupatadine,RESPIRATORY,H1 Antihistaminics (second Generation,Respiratory,Asthma,therapeutic_class,0.8
rupatadine,RESPIRATORY,H1 Antihistaminics (second Generation,Respiratory,Allergic Rhinitis,therapeutic_class,0.8
rupatadine,RESPIRATORY,H1 Antihistaminics (second Generation,Respiratory,COPD,therapeutic_class,0.8
rupatadine,RESPIRATORY,H1 Antihistaminics (second Generation,Respiratory,Cough,therapeutic_class,0.8
rupatadine,RESPIRATORY,H1 Antihistaminics (second Generation,Respiratory,Common Cold,therapeutic_class,0.8
rupatadine,RESPIRATORY,H1 Antihistaminics (second Generation,Respiratory,Bronchitis,therapeutic_class,0.8
rifabutin,ANTI INFECTIVES,RNA polymerase inhibitors- Rifamycin,Infectious Disease,Bacterial Infection,therapeutic_class,0.8
rifabutin,ANTI INFECTIVES,RNA polymerase inhibitors- Rifamycin,Infectious Disease,Infection,therapeutic_class,0.8
rifabutin,ANTI INFECTIVES,RNA polymerase inhibitors- Rifamycin,Infectious Disease,Sepsis,therapeutic_class,0.8
testosterone propionate,GYNAECOLOGICAL,Androgen,Gynecology,Gynecological Infection,therapeutic_class,0.8
testosterone propionate,GYNAECOLOGICAL,Androgen,Gynecology,Hormonal Irregularity,therapeutic_class,0.8
testosterone propionate,GYNAECOLOGICAL,Androgen,Gynecology,PCOS,therapeutic_class,0.8
testosterone propionate,GYNAECOLOGICAL,Androgen,Gynecology,Menstrual Disorder,therapeutic_class,0.8
retapamulin,DERMA,Anti staphylococcal-Topica,Dermatology,Skin Infection,therapeutic_class,0.8
retapamulin,DERMA,Anti staphylococcal-Topica,Dermatology,Dermatitis,therapeutic_class,0.8
retapamulin,DERMA,Anti staphylococcal-Topica,Dermatology,Fungal Infection,therapeutic_class,0.8
retapamulin,DERMA,Anti staphylococcal-Topica,Dermatology,Acne,therapeutic_class,0.8
retapamulin,DERMA,Anti staphylococcal-Topica,Dermatology,Eczema,therapeutic_class,0.8
rasburicase,BLOOD RELATED,Uricolytic agent- Chemotherap,Hematology,Anemia,therapeutic_class,0.8
rasburicase,BLOOD RELATED,Uricolytic agent- Chemotherap,Hematology,Thrombosis,therapeutic_class,0.8
rasburicase,BLOOD RELATED,Uricolytic agent- Chemotherap,Hematology,Blood Clotting Disorder,therapeutic_class,0.8
rasburicase,BLOOD RELATED,Uricolytic agent- Chemotherap,Hematology,Deep Vein Thrombosis,therapeutic_class,0.8
aliskiren,CARDIAC,Renin inhibitor,Cardiovascular,Hypertension,therapeutic_class,0.8
aliskiren,CARDIAC,Renin inhibitor,Cardiovascular,Heart Disease,therapeutic_class,0.8
aliskiren,CARDIAC,Renin inhibitor,Cardiovascular,Angina,therapeutic_class,0.8
aliskiren,CARDIAC,Renin inhibitor,Cardiovascular,Arrhythmia,therapeutic_class,0.8
aliskiren,CARDIAC,Renin inhibitor,Cardiovascular,Heart Failure,therapeutic_class,0.8
aliskiren,CARDIAC,Renin inhibitor,Cardiovascular,Hyperlipidemia,therapeutic_class,0.8
idoxuridine,OPHTHAL,Antiviral (Non-HIV) drug,Ophthalmology,Eye Infection,therapeutic_class,0.8
idoxuridine,OPHTHAL,Antiviral (Non-HIV) drug,Ophthalmology,Glaucoma,therapeutic_class,0.8
idoxuridine,OPHTHAL,Antiviral (Non-HIV) drug,Ophthalmology,Conjunctivitis,therapeutic_class,0.8
idoxuridine,OPHTHAL,Antiviral (Non-HIV) drug,Ophthalmology,Dry Eye,therapeutic_class,0.8
pizotifen,VITAMINS MINERALS NUTRIENTS,Serotonin antagonist- Migraine preventio,Nutrition,Nutritional Deficiency,therapeutic_class,0.8
pizotifen,VITAMINS MINERALS NUTRIENTS,Serotonin antagonist- Migraine preventio,Nutrition,Vitamin Deficiency,therapeutic_class,0.8
moclobemide,NEURO CNS,Mono-Amine Oxidase (MAO) inhibitor,Neurology / Psychiatry,Epilepsy,therapeutic_class,0.8
moclobemide,NEURO CNS,Mono-Amine Oxidase (MAO) inhibitor,Neurology / Psychiatry,Anxiety,therapeutic_class,0.8
moclobemide,NEURO CNS,Mono-Amine Oxidase (MAO) inhibitor,Neurology / Psychiatry,Depression,therapeutic_class,0.8
moclobemide,NEURO CNS,Mono-Amine Oxidase (MAO) inhibitor,Neurology / Psychiatry,Insomnia,therapeutic_class,0.8
moclobemide,NEURO CNS,Mono-Amine Oxidase (MAO) inhibitor,Neurology / Psychiatry,Seizure Disorder,therapeutic_class,0.8
moclobemide,NEURO CNS,Mono-Amine Oxidase (MAO) inhibitor,Neurology / Psychiatry,Neuropathic Pain,therapeutic_class,0.8
interferon alpha 2a,ANTI NEOPLASTICS,Interferon,Oncology,Cancer,therapeutic_class,0.8
interferon alpha 2a,ANTI NEOPLASTICS,Interferon,Oncology,Malignant Tumor,therapeutic_class,0.8
interferon alpha 2a,ANTI NEOPLASTICS,Interferon,Oncology,Leukemia,therapeutic_class,0.8
roxatidine,GASTRO INTESTINAL,H2 Receptor Blocke,Gastroenterology,Acid Reflux,therapeutic_class,0.8
roxatidine,GASTRO INTESTINAL,H2 Receptor Blocke,Gastroenterology,GERD,therapeutic_class,0.8
roxatidine,GASTRO INTESTINAL,H2 Receptor Blocke,Gastroenterology,Peptic Ulcer,therapeutic_class,0.8
roxatidine,GASTRO INTESTINAL,H2 Receptor Blocke,Gastroenterology,Gastritis,therapeutic_class,0.8
roxatidine,GASTRO INTESTINAL,H2 Receptor Blocke,Gastroenterology,Nausea,therapeutic_class,0.8
roxatidine,GASTRO INTESTINAL,H2 Receptor Blocke,Gastroenterology,Diarrhea,therapeutic_class,0.8
formoterol+fluticasone propionate,RESPIRATOR,,Respiratory,Allergic Rhinitis,therapeutic_class,0.8
formoterol+fluticasone propionate,RESPIRATOR,,Respiratory,Cough,therapeutic_class,0.8
formoterol+fluticasone propionate,RESPIRATOR,,Respiratory,Common Cold,therapeutic_class,0.8
formoterol+fluticasone propionate,RESPIRATOR,,Respiratory,Nasal Congestion,therapeutic_class,0.8
formoterol+fluticasone propionate,RESPIRATOR,,Respiratory,Bronchitis,therapeutic_class,0.8
secukinumab,ANTI NEOPLASTIC,,Oncology,Cancer,therapeutic_class,0.8
secukinumab,ANTI NEOPLASTIC,,Oncology,Prostate Cancer,therapeutic_class,0.8
secukinumab,ANTI NEOPLASTIC,,Oncology,Breast Cancer,therapeutic_class,0.8
secukinumab,ANTI NEOPLASTIC,,Oncology,Malignant Tumor,therapeutic_class,0.8
framycetin,DERMA,Aminoglycoside,Dermatology,Skin Infection,therapeutic_class,0.8
framycetin,DERMA,Aminoglycoside,Dermatology,Dermatitis,therapeutic_class,0.8
framycetin,DERMA,Aminoglycoside,Dermatology,Fungal Infection,therapeutic_class,0.8
framycetin,DERMA,Aminoglycoside,Dermatology,Acne,therapeutic_class,0.8
framycetin,DERMA,Aminoglycoside,Dermatology,Eczema,therapeutic_class,0.8
satranidazole,GASTRO INTESTINA,,Gastroenterology,Acid Reflux,therapeutic_class,0.8
satranidazole,GASTRO INTESTINA,,Gastroenterology,GERD,therapeutic_class,0.8
satranidazole,GASTRO INTESTINA,,Gastroenterology,Peptic Ulcer,therapeutic_class,0.8
satranidazole,GASTRO INTESTINA,,Gastroenterology,Nausea,therapeutic_class,0.8
centbucridine,DERM,,Dermatology,Skin Infection,therapeutic_class,0.8
centbucridine,DERM,,Dermatology,Dermatitis,therapeutic_class,0.8
centbucridine,DERM,,Dermatology,Fungal Infection,therapeutic_class,0.8
centbucridine,DERM,,Dermatology,Eczema,therapeutic_class,0.8
centbucridine,DERM,,Dermatology,Psoriasis,therapeutic_class,0.8
co-trimoxazole,ANTI INFECTIVES,Sulphonamide,Infectious Disease,Bacterial Infection,therapeutic_class,0.8
co-trimoxazole,ANTI INFECTIVES,Sulphonamide,Infectious Disease,Infection,therapeutic_class,0.8
co-trimoxazole,ANTI INFECTIVES,Sulphonamide,Infectious Disease,Sepsis,therapeutic_class,0.8
sotalol,CARDIAC,Class III Agents- anti arrhythmi,Cardiovascular,Hypertension,therapeutic_class,0.8
sotalol,CARDIAC,Class III Agents- anti arrhythmi,Cardiovascular,Heart Disease,therapeutic_class,0.8
sotalol,CARDIAC,Class III Agents- anti arrhythmi,Cardiovascular,Angina,therapeutic_class,0.8
sotalol,CARDIAC,Class III Agents- anti arrhythmi,Cardiovascular,Arrhythmia,therapeutic_class,0.8
sotalol,CARDIAC,Class III Agents- anti arrhythmi,Cardiovascular,Heart Failure,therapeutic_class,0.8
sotalol,CARDIAC,Class III Agents- anti arrhythmi,Cardiovascular,Hyperlipidemia,therapeutic_class,0.8
vaccine,VACCINE,,Preventive Medicine,Vaccination / Immunization,therapeutic_class,0.8
tafluprost,OPHTHAL,PG F2 Alpha analogu,Ophthalmology,Eye Infection,therapeutic_class,0.8
tafluprost,OPHTHAL,PG F2 Alpha analogu,Ophthalmology,Glaucoma,therapeutic_class,0.8
tafluprost,OPHTHAL,PG F2 Alpha analogu,Ophthalmology,Conjunctivitis,therapeutic_class,0.8
tafluprost,OPHTHAL,PG F2 Alpha analogu,Ophthalmology,Dry Eye,therapeutic_class,0.8
basiliximab,ANTI NEOPLASTICS,IL-2 Receptor anatgonis,Oncology,Cancer,therapeutic_class,0.8
basiliximab,ANTI NEOPLASTICS,IL-2 Receptor anatgonis,Oncology,Malignant Tumor,therapeutic_class,0.8
basiliximab,ANTI NEOPLASTICS,IL-2 Receptor anatgonis,Oncology,Leukemia,therapeutic_class,0.8
light mineral oil,OPHTHA,,Ophthalmology,Eye Infection,therapeutic_class,0.8
light mineral oil,OPHTHA,,Ophthalmology,Conjunctivitis,therapeutic_class,0.8
light mineral oil,OPHTHA,,Ophthalmology,Dry Eye,therapeutic_class,0.8
fenoverine,GASTRO INTESTINAL,Anticholinergic,Gastroenterology,Acid Reflux,therapeutic_class,0.8
fenoverine,GASTRO INTESTINAL,Anticholinergic,Gastroenterology,GERD,therapeutic_class,0.8
fenoverine,GASTRO INTESTINAL,Anticholinergic,Gastroenterology,Peptic Ulcer,therapeutic_class,0.8
fenoverine,GASTRO INTESTINAL,Anticholinergic,Gastroenterology,Gastritis,therapeutic_class,0.8
fenoverine,GASTRO INTESTINAL,Anticholinergic,Gastroenterology,Nausea,therapeutic_class,0.8
fenoverine,GASTRO INTESTINAL,Anticholinergic,Gastroenterology,Diarrhea,therapeutic_class,0.8
zinc,VITAMINS MINERALS NUTRIENTS,Mineral,Nutrition,Nutritional Deficiency,therapeutic_class,0.8
zinc,VITAMINS MINERALS NUTRIENTS,Mineral,Nutrition,Vitamin Deficiency,therapeutic_class,0.8
sodium citrate,OPHTHAL,Mucolytic,Ophthalmology,Eye Infection,therapeutic_class,0.8
sodium citrate,OPHTHAL,Mucolytic,Ophthalmology,Glaucoma,therapeutic_class,0.8
sodium citrate,OPHTHAL,Mucolytic,Ophthalmology,Conjunctivitis,therapeutic_class,0.8
sodium citrate,OPHTHAL,Mucolytic,Ophthalmology,Dry Eye,therapeutic_class,0.8
tetracosactide,NEURO CNS,Atypical Antipsychotic,Neurology / Psychiatry,Epilepsy,therapeutic_class,0.8
tetracosactide,NEURO CNS,Atypical Antipsychotic,Neurology / Psychiatry,Anxiety,therapeutic_class,0.8
tetracosactide,NEURO CNS,Atypical Antipsychotic,Neurology / Psychiatry,Depression,therapeutic_class,0.8
tetracosactide,NEURO CNS,Atypical Antipsychotic,Neurology / Psychiatry,Insomnia,therapeutic_class,0.8
tetracosactide,NEURO CNS,Atypical Antipsychotic,Neurology / Psychiatry,Seizure Disorder,therapeutic_class,0.8
tetracosactide,NEURO CNS,Atypical Antipsychotic,Neurology / Psychiatry,Neuropathic Pain,therapeutic_class,0.8
sugammadex,NEURO CN,,Neurology / Psychiatry,Anxiety,therapeutic_class,0.8
sugammadex,NEURO CN,,Neurology / Psychiatry,Depression,therapeutic_class,0.8
sugammadex,NEURO CN,,Neurology / Psychiatry,Insomnia,therapeutic_class,0.8
sugammadex,NEURO CN,,Neurology / Psychiatry,Vertigo,therapeutic_class,0.8
sugammadex,NEURO CN,,Neurology / Psychiatry,Neuropathy,therapeutic_class,0.8
selenium sulphide,DERMA,Antifungal Other,Dermatology,Skin Infection,therapeutic_class,0.8
selenium sulphide,DERMA,Antifungal Other,Dermatology,Dermatitis,therapeutic_class,0.8
selenium sulphide,DERMA,Antifungal Other,Dermatology,Fungal Infection,therapeutic_class,0.8
selenium sulphide,DERMA,Antifungal Other,Dermatology,Acne,therapeutic_class,0.8
selenium sulphide,DERMA,Antifungal Other,Dermatology,Eczema,therapeutic_class,0.8
stannous fluoride,STOMATOLOGICALS,Stomatological-Hypersensitivit,Dentistry,Oral Ulcer,therapeutic_class,0.8
stannous fluoride,STOMATOLOGICALS,Stomatological-Hypersensitivit,Dentistry,Mouth Infection,therapeutic_class,0.8
stannous fluoride,STOMATOLOGICALS,Stomatological-Hypersensitivit,Dentistry,Dental Pain,therapeutic_class,0.8
trimipramine,NEURO CNS,Tricyclic antidepressant,Neurology / Psychiatry,Epilepsy,therapeutic_class,0.8
trimipramine,NEURO CNS,Tricyclic antidepressant,Neurology / Psychiatry,Anxiety,therapeutic_class,0.8
trimipramine,NEURO CNS,Tricyclic antidepressant,Neurology / Psychiatry,Depression,therapeutic_class,0.8
trimipramine,NEURO CNS,Tricyclic antidepressant,Neurology / Psychiatry,Insomnia,therapeutic_class,0.8
trimipramine,NEURO CNS,Tricyclic antidepressant,Neurology / Psychiatry,Seizure Disorder,therapeutic_class,0.8
trimipramine,NEURO CNS,Tricyclic antidepressant,Neurology / Psychiatry,Neuropathic Pain,therapeutic_class,0.8
xylitol,BLOOD RELATED,"Additives, preservative",Hematology,Anemia,therapeutic_class,0.8
xylitol,BLOOD RELATED,"Additives, preservative",Hematology,Thrombosis,therapeutic_class,0.8
xylitol,BLOOD RELATED,"Additives, preservative",Hematology,Blood Clotting Disorder,therapeutic_class,0.8
xylitol,BLOOD RELATED,"Additives, preservative",Hematology,Deep Vein Thrombosis,therapeutic_class,0.8
cholera vaccine,VACCINE,,Preventive Medicine,Vaccination / Immunization,therapeutic_class,0.8
calcium orotate,VITAMINS MINERALS NUTRIENT,,Nutrition,Nutritional Deficiency,therapeutic_class,0.8
calcium orotate,VITAMINS MINERALS NUTRIENT,,Nutrition,Vitamin Deficiency,therapeutic_class,0.8
calcium orotate,VITAMINS MINERALS NUTRIENT,,Nutrition,Mineral Deficiency,therapeutic_class,0.8
colfosceril palmitate,RESPIRATORY,Pulmonary Surfactan,Respiratory,Asthma,therapeutic_class,0.8
colfosceril palmitate,RESPIRATORY,Pulmonary Surfactan,Respiratory,Allergic Rhinitis,therapeutic_class,0.8
colfosceril palmitate,RESPIRATORY,Pulmonary Surfactan,Respiratory,COPD,therapeutic_class,0.8
colfosceril palmitate,RESPIRATORY,Pulmonary Surfactan,Respiratory,Cough,therapeutic_class,0.8
colfosceril palmitate,RESPIRATORY,Pulmonary Surfactan,Respiratory,Common Cold,therapeutic_class,0.8
colfosceril palmitate,RESPIRATORY,Pulmonary Surfactan,Respiratory,Bronchitis,therapeutic_class,0.8
yellow fever virus,VACCINE,,Preventive Medicine,Vaccination / Immunization,therapeutic_class,0.8
extractum cepae-cepalin,DERM,,Dermatology,Skin Infection,therapeutic_class,0.8
extractum cepae-cepalin,DERM,,Dermatology,Dermatitis,therapeutic_class,0.8
extractum cepae-cepalin,DERM,,Dermatology,Fungal Infection,therapeutic_class,0.8
extractum cepae-cepalin,DERM,,Dermatology,Eczema,therapeutic_class,0.8
extractum cepae-cepalin,DERM,,Dermatology,Psoriasis,therapeutic_class,0.8
sulpiride,NEURO CNS,Atypical Antipsychotic,Neurology / Psychiatry,Epilepsy,therapeutic_class,0.8
sulpiride,NEURO CNS,Atypical Antipsychotic,Neurology / Psychiatry,Anxiety,therapeutic_class,0.8
sulpiride,NEURO CNS,Atypical Antipsychotic,Neurology / Psychiatry,Depression,therapeutic_class,0.8
sulpiride,NEURO CNS,Atypical Antipsychotic,Neurology / Psychiatry,Insomnia,therapeutic_class,0.8
sulpiride,NEURO CNS,Atypical Antipsychotic,Neurology / Psychiatry,Seizure Disorder,therapeutic_class,0.8
sulpiride,NEURO CNS,Atypical Antipsychotic,Neurology / Psychiatry,Neuropathic Pain,therapeutic_class,0.8
sevoflurane,PAIN ANALGESICS,General anaesthetic agent,Pain Management,Pain,therapeutic_class,0.8
sevoflurane,PAIN ANALGESICS,General anaesthetic agent,Pain Management,Inflammation,therapeutic_class,0.8
sevoflurane,PAIN ANALGESICS,General anaesthetic agent,Pain Management,Arthritis,therapeutic_class,0.8
sevoflurane,PAIN ANALGESICS,General anaesthetic agent,Pain Management,Musculoskeletal Pain,therapeutic_class,0.8
sodium lactate,OPHTHAL,Crystalloid,Ophthalmology,Eye Infection,therapeutic_class,0.8
sodium lactate,OPHTHAL,Crystalloid,Ophthalmology,Glaucoma,therapeutic_class,0.8
sodium lactate,OPHTHAL,Crystalloid,Ophthalmology,Conjunctivitis,therapeutic_class,0.8
sodium lactate,OPHTHAL,Crystalloid,Ophthalmology,Dry Eye,therapeutic_class,0.8
zotepine,NEURO CNS,Atypical Antipsychotic,Neurology / Psychiatry,Epilepsy,therapeutic_class,0.8
zotepine,NEURO CNS,Atypical Antipsychotic,Neurology / Psychiatry,Anxiety,therapeutic_class,0.8
zotepine,NEURO CNS,Atypical Antipsychotic,Neurology / Psychiatry,Depression,therapeutic_class,0.8
zotepine,NEURO CNS,Atypical Antipsychotic,Neurology / Psychiatry,Insomnia,therapeutic_class,0.8
zotepine,NEURO CNS,Atypical Antipsychotic,Neurology / Psychiatry,Seizure Disorder,therapeutic_class,0.8
zotepine,NEURO CNS,Atypical Antipsychotic,Neurology / Psychiatry,Neuropathic Pain,therapeutic_class,0.8
amineptine,NEURO CNS,Tricyclic antidepressant,Neurology / Psychiatry,Epilepsy,therapeutic_class,0.8
amineptine,NEURO CNS,Tricyclic antidepressant,Neurology / Psychiatry,Anxiety,therapeutic_class,0.8
amineptine,NEURO CNS,Tricyclic antidepressant,Neurology / Psychiatry,Depression,therapeutic_class,0.8
amineptine,NEURO CNS,Tricyclic antidepressant,Neurology / Psychiatry,Insomnia,therapeutic_class,0.8
amineptine,NEURO CNS,Tricyclic antidepressant,Neurology / Psychiatry,Seizure Disorder,therapeutic_class,0.8
amineptine,NEURO CNS,Tricyclic antidepressant,Neurology / Psychiatry,Neuropathic Pain,therapeutic_class,0.8
antacids with anti spasmodics,GASTRO INTESTINA,,Gastroenterology,Acid Reflux,therapeutic_class,0.8
antacids with anti spasmodics,GASTRO INTESTINA,,Gastroenterology,GERD,therapeutic_class,0.8
antacids with anti spasmodics,GASTRO INTESTINA,,Gastroenterology,Peptic Ulcer,therapeutic_class,0.8
antacids with anti spasmodics,GASTRO INTESTINA,,Gastroenterology,Nausea,therapeutic_class,0.8
saquinavir,ANTI INFECTIVES,Protease (HIV) inhibitor,Infectious Disease,Bacterial Infection,therapeutic_class,0.8
saquinavir,ANTI INFECTIVES,Protease (HIV) inhibitor,Infectious Disease,Infection,therapeutic_class,0.8
saquinavir,ANTI INFECTIVES,Protease (HIV) inhibitor,Infectious Disease,Sepsis,therapeutic_class,0.8
alcohol,OTHERS,"Additives, preservative",General Medicine,Weight Management,therapeutic_class,0.8
alcohol,OTHERS,"Additives, preservative",General Medicine,Obesity,therapeutic_class,0.8
prednicarbate,HORMONES,Topical Glucocorticoid,Endocrinology,Hormonal Imbalance,therapeutic_class,0.8
prednicarbate,HORMONES,Topical Glucocorticoid,Endocrinology,Hypothyroidism,therapeutic_class,0.8
prednicarbate,HORMONES,Topical Glucocorticoid,Endocrinology,Adrenal Insufficiency,therapeutic_class,0.8
prednicarbate,HORMONES,Topical Glucocorticoid,Endocrinology,Growth Disorder,therapeutic_class,0.8
osimertinib,ANTI NEOPLASTICS,Tyrosine kinase inhibitor,Oncology,Cancer,therapeutic_class,0.8
osimertinib,ANTI NEOPLASTICS,Tyrosine kinase inhibitor,Oncology,Malignant Tumor,therapeutic_class,0.8
osimertinib,ANTI NEOPLASTICS,Tyrosine kinase inhibitor,Oncology,Leukemia,therapeutic_class,0.8
atezolizumab,ANTI NEOPLASTICS,Programmed Cell Death 1 (PD-1) Checkpoint Inhibitor,Oncology,Cancer,therapeutic_class,0.8
atezolizumab,ANTI NEOPLASTICS,Programmed Cell Death 1 (PD-1) Checkpoint Inhibitor,Oncology,Malignant Tumor,therapeutic_class,0.8
atezolizumab,ANTI NEOPLASTICS,Programmed Cell Death 1 (PD-1) Checkpoint Inhibitor,Oncology,Leukemia,therapeutic_class,0.8
topiroxostat,PAIN ANALGESIC,,Pain Management,Pain,therapeutic_class,0.8
topiroxostat,PAIN ANALGESIC,,Pain Management,Inflammation,therapeutic_class,0.8
topiroxostat,PAIN ANALGESIC,,Pain Management,Arthritis,therapeutic_class,0.8
topiroxostat,PAIN ANALGESIC,,Pain Management,Musculoskeletal Pain,therapeutic_class,0.8
ginkgo biloba extract,VITAMINS MINERALS NUTRIENT,,Nutrition,Nutritional Deficiency,therapeutic_class,0.8
ginkgo biloba extract,VITAMINS MINERALS NUTRIENT,,Nutrition,Vitamin Deficiency,therapeutic_class,0.8
ginkgo biloba extract,VITAMINS MINERALS NUTRIENT,,Nutrition,Mineral Deficiency,therapeutic_class,0.8
tetanus immunoglobulin,VACCINE,,Preventive Medicine,Vaccination / Immunization,therapeutic_class,0.8
tolnaftate,DERMA,Antifungal Other,Dermatology,Skin Infection,therapeutic_class,0.8
tolnaftate,DERMA,Antifungal Other,Dermatology,Dermatitis,therapeutic_class,0.8
tolnaftate,DERMA,Antifungal Other,Dermatology,Fungal Infection,therapeutic_class,0.8
tolnaftate,DERMA,Antifungal Other,Dermatology,Acne,therapeutic_class,0.8
tolnaftate,DERMA,Antifungal Other,Dermatology,Eczema,therapeutic_class,0.8
tulobuterol,RESPIRATORY,Long acting β2-agonist,Respiratory,Asthma,therapeutic_class,0.8
tulobuterol,RESPIRATORY,Long acting β2-agonist,Respiratory,Allergic Rhinitis,therapeutic_class,0.8
tulobuterol,RESPIRATORY,Long acting β2-agonist,Respiratory,COPD,therapeutic_class,0.8
tulobuterol,RESPIRATORY,Long acting β2-agonist,Respiratory,Cough,therapeutic_class,0.8
tulobuterol,RESPIRATORY,Long acting β2-agonist,Respiratory,Common Cold,therapeutic_class,0.8
tulobuterol,RESPIRATORY,Long acting β2-agonist,Respiratory,Bronchitis,therapeutic_class,0.8
piribedil,NEURO CNS,Dopamine agonist,Neurology / Psychiatry,Epilepsy,therapeutic_class,0.8
piribedil,NEURO CNS,Dopamine agonist,Neurology / Psychiatry,Anxiety,therapeutic_class,0.8
piribedil,NEURO CNS,Dopamine agonist,Neurology / Psychiatry,Depression,therapeutic_class,0.8
piribedil,NEURO CNS,Dopamine agonist,Neurology / Psychiatry,Insomnia,therapeutic_class,0.8
piribedil,NEURO CNS,Dopamine agonist,Neurology / Psychiatry,Seizure Disorder,therapeutic_class,0.8
piribedil,NEURO CNS,Dopamine agonist,Neurology / Psychiatry,Neuropathic Pain,therapeutic_class,0.8
troxipide,GASTRO INTESTINAL,Anti-Ulcerants-Troxipid,Gastroenterology,Acid Reflux,therapeutic_class,0.8
troxipide,GASTRO INTESTINAL,Anti-Ulcerants-Troxipid,Gastroenterology,GERD,therapeutic_class,0.8
troxipide,GASTRO INTESTINAL,Anti-Ulcerants-Troxipid,Gastroenterology,Peptic Ulcer,therapeutic_class,0.8
troxipide,GASTRO INTESTINAL,Anti-Ulcerants-Troxipid,Gastroenterology,Gastritis,therapeutic_class,0.8
troxipide,GASTRO INTESTINAL,Anti-Ulcerants-Troxipid,Gastroenterology,Nausea,therapeutic_class,0.8
troxipide,GASTRO INTESTINAL,Anti-Ulcerants-Troxipid,Gastroenterology,Diarrhea,therapeutic_class,0.8
tiapride,NEURO CNS,Atypical Antipsychotic,Neurology / Psychiatry,Epilepsy,therapeutic_class,0.8
tiapride,NEURO CNS,Atypical Antipsychotic,Neurology / Psychiatry,Anxiety,therapeutic_class,0.8
tiapride,NEURO CNS,Atypical Antipsychotic,Neurology / Psychiatry,Depression,therapeutic_class,0.8
tiapride,NEURO CNS,Atypical Antipsychotic,Neurology / Psychiatry,Insomnia,therapeutic_class,0.8
tiapride,NEURO CNS,Atypical Antipsychotic,Neurology / Psychiatry,Seizure Disorder,therapeutic_class,0.8
tiapride,NEURO CNS,Atypical Antipsychotic,Neurology / Psychiatry,Neuropathic Pain,therapeutic_class,0.8
antithymocyte immunoglobulins,ANTI NEOPLASTICS,Immunosuppressant- Ma,Oncology,Cancer,therapeutic_class,0.8
antithymocyte immunoglobulins,ANTI NEOPLASTICS,Immunosuppressant- Ma,Oncology,Malignant Tumor,therapeutic_class,0.8
antithymocyte immunoglobulins,ANTI NEOPLASTICS,Immunosuppressant- Ma,Oncology,Leukemia,therapeutic_class,0.8
tranylcypromine,NEURO CNS,Mono-Amine Oxidase (MAO) inhibitor,Neurology / Psychiatry,Epilepsy,therapeutic_class,0.8
tranylcypromine,NEURO CNS,Mono-Amine Oxidase (MAO) inhibitor,Neurology / Psychiatry,Anxiety,therapeutic_class,0.8
tranylcypromine,NEURO CNS,Mono-Amine Oxidase (MAO) inhibitor,Neurology / Psychiatry,Depression,therapeutic_class,0.8
tranylcypromine,NEURO CNS,Mono-Amine Oxidase (MAO) inhibitor,Neurology / Psychiatry,Insomnia,therapeutic_class,0.8
tranylcypromine,NEURO CNS,Mono-Amine Oxidase (MAO) inhibitor,Neurology / Psychiatry,Seizure Disorder,therapeutic_class,0.8
tranylcypromine,NEURO CNS,Mono-Amine Oxidase (MAO) inhibitor,Neurology / Psychiatry,Neuropathic Pain,therapeutic_class,0.8
docaravimab,ANTI INFECTIVE,,Infectious Disease,Bacterial Infection,therapeutic_class,0.8
docaravimab,ANTI INFECTIVE,,Infectious Disease,Infection,therapeutic_class,0.8
bacillus calmette-guerin,VACCINE,,Preventive Medicine,Vaccination / Immunization,therapeutic_class,0.8
bictegravir,ANTI INFECTIVE,,Infectious Disease,Bacterial Infection,therapeutic_class,0.8
bictegravir,ANTI INFECTIVE,,Infectious Disease,Infection,therapeutic_class,0.8
chromium chloride,VITAMINS MINERALS NUTRIENT,,Nutrition,Nutritional Deficiency,therapeutic_class,0.8
chromium chloride,VITAMINS MINERALS NUTRIENT,,Nutrition,Vitamin Deficiency,therapeutic_class,0.8
chromium chloride,VITAMINS MINERALS NUTRIENT,,Nutrition,Mineral Deficiency,therapeutic_class,0.8
hydrotalcite,GASTRO INTESTINA,,Gastroenterology,Acid Reflux,therapeutic_class,0.8
hydrotalcite,GASTRO INTESTINA,,Gastroenterology,GERD,therapeutic_class,0.8
hydrotalcite,GASTRO INTESTINA,,Gastroenterology,Peptic Ulcer,therapeutic_class,0.8
hydrotalcite,GASTRO INTESTINA,,Gastroenterology,Nausea,therapeutic_class,0.8
thiotepa,ANTI NEOPLASTICS,Alkylating agen,Oncology,Cancer,therapeutic_class,0.8
thiotepa,ANTI NEOPLASTICS,Alkylating agen,Oncology,Malignant Tumor,therapeutic_class,0.8
thiotepa,ANTI NEOPLASTICS,Alkylating agen,Oncology,Leukemia,therapeutic_class,0.8
natalizumab,ANTI NEOPLASTICS,Alpha-4 integrin inhibito,Oncology,Cancer,therapeutic_class,0.8
natalizumab,ANTI NEOPLASTICS,Alpha-4 integrin inhibito,Oncology,Malignant Tumor,therapeutic_class,0.8
natalizumab,ANTI NEOPLASTICS,Alpha-4 integrin inhibito,Oncology,Leukemia,therapeutic_class,0.8
tipiracil,ANTI NEOPLASTIC,,Oncology,Cancer,therapeutic_class,0.8
tipiracil,ANTI NEOPLASTIC,,Oncology,Prostate Cancer,therapeutic_class,0.8
tipiracil,ANTI NEOPLASTIC,,Oncology,Breast Cancer,therapeutic_class,0.8
tipiracil,ANTI NEOPLASTIC,,Oncology,Malignant Tumor,therapeutic_class,0.8
pegylated interferon alpha 2a,ANTI NEOPLASTICS,Interferon,Oncology,Cancer,therapeutic_class,0.8
pegylated interferon alpha 2a,ANTI NEOPLASTICS,Interferon,Oncology,Malignant Tumor,therapeutic_class,0.8
pegylated interferon alpha 2a,ANTI NEOPLASTICS,Interferon,Oncology,Leukemia,therapeutic_class,0.8
terfenadine,RESPIRATORY,H1 Antihistaminics (second Generation,Respiratory,Asthma,therapeutic_class,0.8
terfenadine,RESPIRATORY,H1 Antihistaminics (second Generation,Respiratory,Allergic Rhinitis,therapeutic_class,0.8
terfenadine,RESPIRATORY,H1 Antihistaminics (second Generation,Respiratory,COPD,therapeutic_class,0.8
terfenadine,RESPIRATORY,H1 Antihistaminics (second Generation,Respiratory,Cough,therapeutic_class,0.8
terfenadine,RESPIRATORY,H1 Antihistaminics (second Generation,Respiratory,Common Cold,therapeutic_class,0.8
terfenadine,RESPIRATORY,H1 Antihistaminics (second Generation,Respiratory,Bronchitis,therapeutic_class,0.8
trypan blue,OPHTHAL,Dye-Ocula,Ophthalmology,Eye Infection,therapeutic_class,0.8
trypan blue,OPHTHAL,Dye-Ocula,Ophthalmology,Glaucoma,therapeutic_class,0.8
trypan blue,OPHTHAL,Dye-Ocula,Ophthalmology,Conjunctivitis,therapeutic_class,0.8
trypan blue,OPHTHAL,Dye-Ocula,Ophthalmology,Dry Eye,therapeutic_class,0.8
trimebutine,GASTRO INTESTINAL,Anticholinergic,Gastroenterology,Acid Reflux,therapeutic_class,0.8
trimebutine,GASTRO INTESTINAL,Anticholinergic,Gastroenterology,GERD,therapeutic_class,0.8
trimebutine,GASTRO INTESTINAL,Anticholinergic,Gastroenterology,Peptic Ulcer,therapeutic_class,0.8
trimebutine,GASTRO INTESTINAL,Anticholinergic,Gastroenterology,Gastritis,therapeutic_class,0.8
trimebutine,GASTRO INTESTINAL,Anticholinergic,Gastroenterology,Nausea,therapeutic_class,0.8
trimebutine,GASTRO INTESTINAL,Anticholinergic,Gastroenterology,Diarrhea,therapeutic_class,0.8
dextrothyroxine,HORMONES,Hypolipidemics-other,Endocrinology,Hormonal Imbalance,therapeutic_class,0.8
dextrothyroxine,HORMONES,Hypolipidemics-other,Endocrinology,Hypothyroidism,therapeutic_class,0.8
dextrothyroxine,HORMONES,Hypolipidemics-other,Endocrinology,Adrenal Insufficiency,therapeutic_class,0.8
dextrothyroxine,HORMONES,Hypolipidemics-other,Endocrinology,Growth Disorder,therapeutic_class,0.8
thiamine nitrate,VITAMINS MINERALS NUTRIENTS,Vitamin,Nutrition,Nutritional Deficiency,therapeutic_class,0.8
thiamine nitrate,VITAMINS MINERALS NUTRIENTS,Vitamin,Nutrition,Vitamin Deficiency,therapeutic_class,0.8
terizidone,ANTI INFECTIVES,Cell wall active agen,Infectious Disease,Bacterial Infection,therapeutic_class,0.8
terizidone,ANTI INFECTIVES,Cell wall active agen,Infectious Disease,Infection,therapeutic_class,0.8
terizidone,ANTI INFECTIVES,Cell wall active agen,Infectious Disease,Sepsis,therapeutic_class,0.8
tioconazole,DERMA,Fungal ergosterol synthesis inhibito,Dermatology,Skin Infection,therapeutic_class,0.8
tioconazole,DERMA,Fungal ergosterol synthesis inhibito,Dermatology,Dermatitis,therapeutic_class,0.8
tioconazole,DERMA,Fungal ergosterol synthesis inhibito,Dermatology,Fungal Infection,therapeutic_class,0.8
tioconazole,DERMA,Fungal ergosterol synthesis inhibito,Dermatology,Acne,therapeutic_class,0.8
tioconazole,DERMA,Fungal ergosterol synthesis inhibito,Dermatology,Eczema,therapeutic_class,0.8
fluconazole+azithromycin,GYNAECOLOGICA,,Gynecology,Vaginal Infection,therapeutic_class,0.8
fluconazole+azithromycin,GYNAECOLOGICA,,Gynecology,Hormonal Irregularity,therapeutic_class,0.8
tiropramide,GASTRO INTESTINAL,Anticholinergic- antispasmodi,Gastroenterology,Acid Reflux,therapeutic_class,0.8
tiropramide,GASTRO INTESTINAL,Anticholinergic- antispasmodi,Gastroenterology,GERD,therapeutic_class,0.8
tiropramide,GASTRO INTESTINAL,Anticholinergic- antispasmodi,Gastroenterology,Peptic Ulcer,therapeutic_class,0.8
tiropramide,GASTRO INTESTINAL,Anticholinergic- antispasmodi,Gastroenterology,Gastritis,therapeutic_class,0.8
tiropramide,GASTRO INTESTINAL,Anticholinergic- antispasmodi,Gastroenterology,Nausea,therapeutic_class,0.8
tiropramide,GASTRO INTESTINAL,Anticholinergic- antispasmodi,Gastroenterology,Diarrhea,therapeutic_class,0.8
telbivudine,ANTI INFECTIVES,Nucleoside/nucleotide reverse transcriptase inhibitors (NRTIs),Infectious Disease,Bacterial Infection,therapeutic_class,0.8
telbivudine,ANTI INFECTIVES,Nucleoside/nucleotide reverse transcriptase inhibitors (NRTIs),Infectious Disease,Infection,therapeutic_class,0.8
telbivudine,ANTI INFECTIVES,Nucleoside/nucleotide reverse transcriptase inhibitors (NRTIs),Infectious Disease,Sepsis,therapeutic_class,0.8
tacalcitol,VITAMINS MINERALS NUTRIENTS,Topical Vitamin D3 Analogue,Nutrition,Nutritional Deficiency,therapeutic_class,0.8
tacalcitol,VITAMINS MINERALS NUTRIENTS,Topical Vitamin D3 Analogue,Nutrition,Vitamin Deficiency,therapeutic_class,0.8
tiagabine,NEURO CNS,GABA reuptake inhibitors (AED,Neurology / Psychiatry,Epilepsy,therapeutic_class,0.8
tiagabine,NEURO CNS,GABA reuptake inhibitors (AED,Neurology / Psychiatry,Anxiety,therapeutic_class,0.8
tiagabine,NEURO CNS,GABA reuptake inhibitors (AED,Neurology / Psychiatry,Depression,therapeutic_class,0.8
tiagabine,NEURO CNS,GABA reuptake inhibitors (AED,Neurology / Psychiatry,Insomnia,therapeutic_class,0.8
tiagabine,NEURO CNS,GABA reuptake inhibitors (AED,Neurology / Psychiatry,Seizure Disorder,therapeutic_class,0.8
tiagabine,NEURO CNS,GABA reuptake inhibitors (AED,Neurology / Psychiatry,Neuropathic Pain,therapeutic_class,0.8
pethidine,PAIN ANALGESICS,Opioid,Pain Management,Pain,therapeutic_class,0.8
pethidine,PAIN ANALGESICS,Opioid,Pain Management,Inflammation,therapeutic_class,0.8
pethidine,PAIN ANALGESICS,Opioid,Pain Management,Arthritis,therapeutic_class,0.8
pethidine,PAIN ANALGESICS,Opioid,Pain Management,Musculoskeletal Pain,therapeutic_class,0.8
l-methyltetrahydrofolate calcium,VITAMINS MINERALS NUTRIENT,,Nutrition,Nutritional Deficiency,therapeutic_class,0.8
l-methyltetrahydrofolate calcium,VITAMINS MINERALS NUTRIENT,,Nutrition,Vitamin Deficiency,therapeutic_class,0.8
l-methyltetrahydrofolate calcium,VITAMINS MINERALS NUTRIENT,,Nutrition,Mineral Deficiency,therapeutic_class,0.8
homotaurine,VITAMINS MINERALS NUTRIENTS,Amino acid,Nutrition,Nutritional Deficiency,therapeutic_class,0.8
homotaurine,VITAMINS MINERALS NUTRIENTS,Amino acid,Nutrition,Vitamin Deficiency,therapeutic_class,0.8
iopromide,OTHERS,X ray contrast media (Diagnostic agents,General Medicine,Weight Management,therapeutic_class,0.8
iopromide,OTHERS,X ray contrast media (Diagnostic agents,General Medicine,Obesity,therapeutic_class,0.8
udenafil,SEX STIMULANTS REJUVENATORS,Phosphodiesterase-V inhibitor,Urology / Cardiology,Erectile Dysfunction,therapeutic_class,0.8
udenafil,SEX STIMULANTS REJUVENATORS,Phosphodiesterase-V inhibitor,Urology / Cardiology,Pulmonary Arterial Hypertension,therapeutic_class,0.8
penfluridol,NEURO CNS,Typical Antipsychotic,Neurology / Psychiatry,Epilepsy,therapeutic_class,0.8
penfluridol,NEURO CNS,Typical Antipsychotic,Neurology / Psychiatry,Anxiety,therapeutic_class,0.8
penfluridol,NEURO CNS,Typical Antipsychotic,Neurology / Psychiatry,Depression,therapeutic_class,0.8
penfluridol,NEURO CNS,Typical Antipsychotic,Neurology / Psychiatry,Insomnia,therapeutic_class,0.8
penfluridol,NEURO CNS,Typical Antipsychotic,Neurology / Psychiatry,Seizure Disorder,therapeutic_class,0.8
penfluridol,NEURO CNS,Typical Antipsychotic,Neurology / Psychiatry,Neuropathic Pain,therapeutic_class,0.8
panitumumab,ANTI NEOPLASTICS,EGFR (ErbB1 or HER1) inhibitors- Monoclonal antibod,Oncology,Cancer,therapeutic_class,0.8
panitumumab,ANTI NEOPLASTICS,EGFR (ErbB1 or HER1) inhibitors- Monoclonal antibod,Oncology,Malignant Tumor,therapeutic_class,0.8
panitumumab,ANTI NEOPLASTICS,EGFR (ErbB1 or HER1) inhibitors- Monoclonal antibod,Oncology,Leukemia,therapeutic_class,0.8
vilanterol,RESPIRATOR,,Respiratory,Allergic Rhinitis,therapeutic_class,0.8
vilanterol,RESPIRATOR,,Respiratory,Cough,therapeutic_class,0.8
vilanterol,RESPIRATOR,,Respiratory,Common Cold,therapeutic_class,0.8
vilanterol,RESPIRATOR,,Respiratory,Nasal Congestion,therapeutic_class,0.8
vilanterol,RESPIRATOR,,Respiratory,Bronchitis,therapeutic_class,0.8
ichthyol pale,DERMA,"Additives, preservative",Dermatology,Skin Infection,therapeutic_class,0.8
ichthyol pale,DERMA,"Additives, preservative",Dermatology,Dermatitis,therapeutic_class,0.8
ichthyol pale,DERMA,"Additives, preservative",Dermatology,Fungal Infection,therapeutic_class,0.8
ichthyol pale,DERMA,"Additives, preservative",Dermatology,Acne,therapeutic_class,0.8
ichthyol pale,DERMA,"Additives, preservative",Dermatology,Eczema,therapeutic_class,0.8
pepsin,GASTRO INTESTINA,,Gastroenterology,Acid Reflux,therapeutic_class,0.8
pepsin,GASTRO INTESTINA,,Gastroenterology,GERD,therapeutic_class,0.8
pepsin,GASTRO INTESTINA,,Gastroenterology,Peptic Ulcer,therapeutic_class,0.8
pepsin,GASTRO INTESTINA,,Gastroenterology,Nausea,therapeutic_class,0.8
pindolol,CARDIAC,Beta blocker- Non selectiv,Cardiovascular,Hypertension,therapeutic_class,0.8
pindolol,CARDIAC,Beta blocker- Non selectiv,Cardiovascular,Heart Disease,therapeutic_class,0.8
pindolol,CARDIAC,Beta blocker- Non selectiv,Cardiovascular,Angina,therapeutic_class,0.8
pindolol,CARDIAC,Beta blocker- Non selectiv,Cardiovascular,Arrhythmia,therapeutic_class,0.8
pindolol,CARDIAC,Beta blocker- Non selectiv,Cardiovascular,Heart Failure,therapeutic_class,0.8
pindolol,CARDIAC,Beta blocker- Non selectiv,Cardiovascular,Hyperlipidemia,therapeutic_class,0.8
tetrahydrozoline,OPHTHAL,Sympathomimetics agonis,Ophthalmology,Eye Infection,therapeutic_class,0.8
tetrahydrozoline,OPHTHAL,Sympathomimetics agonis,Ophthalmology,Glaucoma,therapeutic_class,0.8
tetrahydrozoline,OPHTHAL,Sympathomimetics agonis,Ophthalmology,Conjunctivitis,therapeutic_class,0.8
tetrahydrozoline,OPHTHAL,Sympathomimetics agonis,Ophthalmology,Dry Eye,therapeutic_class,0.8
kalmegh dry extract,VITAMINS MINERALS NUTRIENTS,Herba,Nutrition,Nutritional Deficiency,therapeutic_class,0.8
kalmegh dry extract,VITAMINS MINERALS NUTRIENTS,Herba,Nutrition,Vitamin Deficiency,therapeutic_class,0.8
alpha-galactosidase,GASTRO INTESTINA,,Gastroenterology,Acid Reflux,therapeutic_class,0.8
alpha-galactosidase,GASTRO INTESTINA,,Gastroenterology,GERD,therapeutic_class,0.8
alpha-galactosidase,GASTRO INTESTINA,,Gastroenterology,Peptic Ulcer,therapeutic_class,0.8
alpha-galactosidase,GASTRO INTESTINA,,Gastroenterology,Nausea,therapeutic_class,0.8
asenapine,NEURO CNS,Atypical Antipsychotic,Neurology / Psychiatry,Epilepsy,therapeutic_class,0.8
asenapine,NEURO CNS,Atypical Antipsychotic,Neurology / Psychiatry,Anxiety,therapeutic_class,0.8
asenapine,NEURO CNS,Atypical Antipsychotic,Neurology / Psychiatry,Depression,therapeutic_class,0.8
asenapine,NEURO CNS,Atypical Antipsychotic,Neurology / Psychiatry,Insomnia,therapeutic_class,0.8
asenapine,NEURO CNS,Atypical Antipsychotic,Neurology / Psychiatry,Seizure Disorder,therapeutic_class,0.8
asenapine,NEURO CNS,Atypical Antipsychotic,Neurology / Psychiatry,Neuropathic Pain,therapeutic_class,0.8
vitamin c+cyanocobalamin+folic acid+nicotinamide,VITAMINS MINERALS NUTRIENT,,Nutrition,Nutritional Deficiency,therapeutic_class,0.8
vitamin c+cyanocobalamin+folic acid+nicotinamide,VITAMINS MINERALS NUTRIENT,,Nutrition,Vitamin Deficiency,therapeutic_class,0.8
vitamin c+cyanocobalamin+folic acid+nicotinamide,VITAMINS MINERALS NUTRIENT,,Nutrition,Mineral Deficiency,therapeutic_class,0.8
xipamide,CARDIAC,Low-ceiling Diuretics (Inhibitors of Na+Cl symport,Cardiovascular,Hypertension,therapeutic_class,0.8
xipamide,CARDIAC,Low-ceiling Diuretics (Inhibitors of Na+Cl symport,Cardiovascular,Heart Disease,therapeutic_class,0.8
xipamide,CARDIAC,Low-ceiling Diuretics (Inhibitors of Na+Cl symport,Cardiovascular,Angina,therapeutic_class,0.8
xipamide,CARDIAC,Low-ceiling Diuretics (Inhibitors of Na+Cl symport,Cardiovascular,Arrhythmia,therapeutic_class,0.8
xipamide,CARDIAC,Low-ceiling Diuretics (Inhibitors of Na+Cl symport,Cardiovascular,Heart Failure,therapeutic_class,0.8
xipamide,CARDIAC,Low-ceiling Diuretics (Inhibitors of Na+Cl symport,Cardiovascular,Hyperlipidemia,therapeutic_class,0.8
ipilimumab,ANTI NEOPLASTICS,Monoclonal antibodie,Oncology,Cancer,therapeutic_class,0.8
ipilimumab,ANTI NEOPLASTICS,Monoclonal antibodie,Oncology,Malignant Tumor,therapeutic_class,0.8
ipilimumab,ANTI NEOPLASTICS,Monoclonal antibodie,Oncology,Leukemia,therapeutic_class,0.8
trabectedin,ANTI NEOPLASTICS,Anticancer-other,Oncology,Cancer,therapeutic_class,0.8
trabectedin,ANTI NEOPLASTICS,Anticancer-other,Oncology,Malignant Tumor,therapeutic_class,0.8
trabectedin,ANTI NEOPLASTICS,Anticancer-other,Oncology,Leukemia,therapeutic_class,0.8
endoxifen,NEURO CN,,Neurology / Psychiatry,Anxiety,therapeutic_class,0.8
endoxifen,NEURO CN,,Neurology / Psychiatry,Depression,therapeutic_class,0.8
endoxifen,NEURO CN,,Neurology / Psychiatry,Insomnia,therapeutic_class,0.8
endoxifen,NEURO CN,,Neurology / Psychiatry,Vertigo,therapeutic_class,0.8
endoxifen,NEURO CN,,Neurology / Psychiatry,Neuropathy,therapeutic_class,0.8
live attenuated varicella-zoster virus,VACCINE,,Preventive Medicine,Vaccination / Immunization,therapeutic_class,0.8
zinc chloride,VITAMINS MINERALS NUTRIENTS,Mineral,Nutrition,Nutritional Deficiency,therapeutic_class,0.8
zinc chloride,VITAMINS MINERALS NUTRIENTS,Mineral,Nutrition,Vitamin Deficiency,therapeutic_class,0.8
adenosylcobalamin,VITAMINS MINERALS NUTRIENT,,Nutrition,Nutritional Deficiency,therapeutic_class,0.8
adenosylcobalamin,VITAMINS MINERALS NUTRIENT,,Nutrition,Vitamin Deficiency,therapeutic_class,0.8
adenosylcobalamin,VITAMINS MINERALS NUTRIENT,,Nutrition,Mineral Deficiency,therapeutic_class,0.8
hydrochlorothiazide,CARDIA,,Thiazide Diuretic,Hypertension,suffix_pattern,0.65
hydrochlorothiazide,CARDIA,,Thiazide Diuretic,Edema,suffix_pattern,0.65
s-amlodipine,CARDIA,,Calcium Channel Blocker,Hypertension,suffix_pattern,0.65
s-amlodipine,CARDIA,,Calcium Channel Blocker,Angina,suffix_pattern,0.65
dihydralazine,CARDIA,,Antihistamine,Allergy,suffix_pattern,0.65
dihydralazine,CARDIA,,Antihistamine,Allergic Rhinitis,suffix_pattern,0.65
empagliflozin,ANTI DIABETI,,SGLT2 Inhibitor,Type 2 Diabetes,suffix_pattern,0.65
alogliptin,ANTI DIABETI,,DPP-4 Inhibitor,Type 2 Diabetes,suffix_pattern,0.65
glimepiride+metformin,ANTI DIABETI,,Biguanide,Type 2 Diabetes,suffix_pattern,0.65
benidipine,CARDIA,,Calcium Channel Blocker,Hypertension,suffix_pattern,0.65
benidipine,CARDIA,,Calcium Channel Blocker,Angina,suffix_pattern,0.65
nifedipine,CARDIA,,Calcium Channel Blocker,Hypertension,suffix_pattern,0.65
nifedipine,CARDIA,,Calcium Channel Blocker,Angina,suffix_pattern,0.65
valsartan,CARDIA,,ARB,Hypertension,suffix_pattern,0.65
metformin+linagliptin,ANTI DIABETI,,DPP-4 Inhibitor,Type 2 Diabetes,suffix_pattern,0.65
benzthiazide,CARDIA,,Thiazide Diuretic,Hypertension,suffix_pattern,0.65
benzthiazide,CARDIA,,Thiazide Diuretic,Edema,suffix_pattern,0.65
dapagliflozin+metformin,ANTI DIABETI,,Biguanide,Type 2 Diabetes,suffix_pattern,0.65
pitavastatin,CARDIA,,Statin,Hyperlipidemia,suffix_pattern,0.65
pitavastatin,CARDIA,,Statin,High Cholesterol,suffix_pattern,0.65
gliclazide+metformin,ANTI DIABETI,,Biguanide,Type 2 Diabetes,suffix_pattern,0.65
canagliflozin,ANTI DIABETI,,SGLT2 Inhibitor,Type 2 Diabetes,suffix_pattern,0.65
saxagliptin,ANTI DIABETI,,DPP-4 Inhibitor,Type 2 Diabetes,suffix_pattern,0.65
metformin+teneligliptin,ANTI DIABETI,,DPP-4 Inhibitor,Type 2 Diabetes,suffix_pattern,0.65
evogliptin,ANTI DIABETI,,DPP-4 Inhibitor,Type 2 Diabetes,suffix_pattern,0.65
rosiglitazone+metformin,ANTI DIABETI,,Biguanide,Type 2 Diabetes,suffix_pattern,0.65
azlocillin,,,Penicillin Antibiotic,Bacterial Infection,drugbank_suffix,0.55
dirithromycin,,,Macrolide / Aminoglycoside,Bacterial Infection,drugbank_suffix,0.55
isradipine,,,Calcium Channel Blocker,Hypertension,drugbank_suffix,0.55
isradipine,,,Calcium Channel Blocker,Angina,drugbank_suffix,0.55
benzylpenicillin,,,Penicillin Antibiotic,Bacterial Infection,drugbank_suffix,0.55
etidocaine,,,Local Anesthetic,Local Anesthesia,drugbank_suffix,0.55
etidocaine,,,Local Anesthetic,Pain,drugbank_suffix,0.55
temazepam,,,Benzodiazepine,Anxiety,drugbank_suffix,0.55
temazepam,,,Benzodiazepine,Insomnia,drugbank_suffix,0.55
temazepam,,,Benzodiazepine,Seizure,drugbank_suffix,0.55
arotinolol,,,Beta-Blocker,Hypertension,drugbank_suffix,0.55
arotinolol,,,Beta-Blocker,Angina,drugbank_suffix,0.55
carprofen,,,NSAID,Pain,drugbank_suffix,0.55
carprofen,,,NSAID,Inflammation,drugbank_suffix,0.55
carprofen,,,NSAID,Fever,drugbank_suffix,0.55
simeprevir,,,Antiviral,Viral Infection,drugbank_suffix,0.55
simeprevir,,,Antiviral,Herpes,drugbank_suffix,0.55
mezlocillin,,,Penicillin Antibiotic,Bacterial Infection,drugbank_suffix,0.55
ribostamycin,,,Macrolide / Aminoglycoside,Bacterial Infection,drugbank_suffix,0.55
velpatasvir,,,Antiviral,Viral Infection,drugbank_suffix,0.55
velpatasvir,,,Antiviral,Herpes,drugbank_suffix,0.55
chloroprocaine,,,Local Anesthetic,Local Anesthesia,drugbank_suffix,0.55
chloroprocaine,,,Local Anesthetic,Pain,drugbank_suffix,0.55
lumiracoxib,,,COX-2 Inhibitor,Arthritis,drugbank_suffix,0.55
lumiracoxib,,,COX-2 Inhibitor,Pain,drugbank_suffix,0.55
flucloxacillin,,,Penicillin Antibiotic,Bacterial Infection,drugbank_suffix,0.55
grazoprevir,,,Antiviral,Viral Infection,drugbank_suffix,0.55
grazoprevir,,,Antiviral,Herpes,drugbank_suffix,0.55
oxymetholone,,,Corticosteroid,Inflammation,drugbank_suffix,0.55
oxymetholone,,,Corticosteroid,Autoimmune Disease,drugbank_suffix,0.55
boceprevir,,,Antiviral,Viral Infection,drugbank_suffix,0.55
boceprevir,,,Antiviral,Herpes,drugbank_suffix,0.55
zafirlukast,,,Leukotriene Antagonist,Asthma,drugbank_suffix,0.55
zafirlukast,,,Leukotriene Antagonist,Allergic Rhinitis,drugbank_suffix,0.55
telithromycin,,,Macrolide / Aminoglycoside,Bacterial Infection,drugbank_suffix,0.55
cyclothiazide,,,Thiazide Diuretic,Hypertension,drugbank_suffix,0.55
cyclothiazide,,,Thiazide Diuretic,Edema,drugbank_suffix,0.55
camazepam,,,Benzodiazepine,Anxiety,drugbank_suffix,0.55
camazepam,,,Benzodiazepine,Insomnia,drugbank_suffix,0.55
camazepam,,,Benzodiazepine,Seizure,drugbank_suffix,0.55
pranlukast,,,Leukotriene Antagonist,Asthma,drugbank_suffix,0.55
pranlukast,,,Leukotriene Antagonist,Allergic Rhinitis,drugbank_suffix,0.55
trovafloxacin,,,Fluoroquinolone,Bacterial Infection,drugbank_suffix,0.55
trovafloxacin,,,Fluoroquinolone,UTI,drugbank_suffix,0.55
zaltoprofen,,,NSAID,Pain,drugbank_suffix,0.55
zaltoprofen,,,NSAID,Inflammation,drugbank_suffix,0.55
zaltoprofen,,,NSAID,Fever,drugbank_suffix,0.55
lormetazepam,,,Benzodiazepine,Anxiety,drugbank_suffix,0.55
lormetazepam,,,Benzodiazepine,Insomnia,drugbank_suffix,0.55
lormetazepam,,,Benzodiazepine,Seizure,drugbank_suffix,0.55
elvitegravir,,,Antiviral,Viral Infection,drugbank_suffix,0.55
elvitegravir,,,Antiviral,Herpes,drugbank_suffix,0.55
clevidipine,,,Calcium Channel Blocker,Hypertension,drugbank_suffix,0.55
clevidipine,,,Calcium Channel Blocker,Angina,drugbank_suffix,0.55
isoconazole,,,Azole Antifungal,Fungal Infection,drugbank_suffix,0.55
dactinomycin,,,Macrolide / Aminoglycoside,Bacterial Infection,drugbank_suffix,0.55
brigatinib,,,Kinase Inhibitor,Cancer,drugbank_suffix,0.55
hexetidine,,,H2 Blocker,GERD,drugbank_suffix,0.55
hexetidine,,,H2 Blocker,Peptic Ulcer,drugbank_suffix,0.55
hydroflumethiazide,,,Thiazide Diuretic,Hypertension,drugbank_suffix,0.55
hydroflumethiazide,,,Thiazide Diuretic,Edema,drugbank_suffix,0.55
oseltamivir,,,Antiviral,Viral Infection,drugbank_suffix,0.55
oseltamivir,,,Antiviral,Herpes,drugbank_suffix,0.55
ditazole,,,Azole Antifungal,Fungal Infection,drugbank_suffix,0.55
dyphylline,,,Methylxanthine,Asthma,drugbank_suffix,0.55
dyphylline,,,Methylxanthine,COPD,drugbank_suffix,0.55
delorazepam,,,Benzodiazepine,Anxiety,drugbank_suffix,0.55
delorazepam,,,Benzodiazepine,Insomnia,drugbank_suffix,0.55
delorazepam,,,Benzodiazepine,Seizure,drugbank_suffix,0.55
metacycline,,,Tetracycline,Bacterial Infection,drugbank_suffix,0.55
metacycline,,,Tetracycline,Acne,drugbank_suffix,0.55
chlorothiazide,,,Thiazide Diuretic,Hypertension,drugbank_suffix,0.55
chlorothiazide,,,Thiazide Diuretic,Edema,drugbank_suffix,0.55
perphenazine,,,Antihistamine,Allergy,drugbank_suffix,0.55
perphenazine,,,Antihistamine,Allergic Rhinitis,drugbank_suffix,0.55
manidipine,,,Calcium Channel Blocker,Hypertension,drugbank_suffix,0.55
manidipine,,,Calcium Channel Blocker,Angina,drugbank_suffix,0.55
trandolapril,,,ACE Inhibitor,Hypertension,drugbank_suffix,0.55
trandolapril,,,ACE Inhibitor,Heart Failure,drugbank_suffix,0.55
lopinavir,,,Antiviral,Viral Infection,drugbank_suffix,0.55
lopinavir,,,Antiviral,Herpes,drugbank_suffix,0.55
propoxycaine,,,Local Anesthetic,Local Anesthesia,drugbank_suffix,0.55
propoxycaine,,,Local Anesthetic,Pain,drugbank_suffix,0.55
spectinomycin,,,Macrolide / Aminoglycoside,Bacterial Infection,drugbank_suffix,0.55
oxitriptan,,,Triptan,Migraine,drugbank_suffix,0.55
chlortetracycline,,,Tetracycline,Bacterial Infection,drugbank_suffix,0.55
chlortetracycline,,,Tetracycline,Acne,drugbank_suffix,0.55
alprenolol,,,Beta-Blocker,Hypertension,drugbank_suffix,0.55
alprenolol,,,Beta-Blocker,Angina,drugbank_suffix,0.55
quazepam,,,Benzodiazepine,Anxiety,drugbank_suffix,0.55
quazepam,,,Benzodiazepine,Insomnia,drugbank_suffix,0.55
quazepam,,,Benzodiazepine,Seizure,drugbank_suffix,0.55
alosetron,,,5-HT3 Antagonist,Nausea,drugbank_suffix,0.55
alosetron,,,5-HT3 Antagonist,Vomiting,drugbank_suffix,0.55
sulconazole,,,Azole Antifungal,Fungal Infection,drugbank_suffix,0.55
clomocycline,,,Tetracycline,Bacterial Infection,drugbank_suffix,0.55
clomocycline,,,Tetracycline,Acne,drugbank_suffix,0.55
practolol,,,Beta-Blocker,Hypertension,drugbank_suffix,0.55
practolol,,,Beta-Blocker,Angina,drugbank_suffix,0.55
secobarbital,,,Barbiturate,Epilepsy,drugbank_suffix,0.55
secobarbital,,,Barbiturate,Insomnia,drugbank_suffix,0.55
paromomycin,,,Macrolide / Aminoglycoside,Bacterial Infection,drugbank_suffix,0.55
methyclothiazide,,,Thiazide Diuretic,Hypertension,drugbank_suffix,0.55
methyclothiazide,,,Thiazide Diuretic,Edema,drugbank_suffix,0.55
oxtriphylline,,,Methylxanthine,Asthma,drugbank_suffix,0.55
oxtriphylline,,,Methylxanthine,COPD,drugbank_suffix,0.55
brexpiprazole,,,Azole Antifungal,Fungal Infection,drugbank_suffix,0.55
acebutolol,,,Beta-Blocker,Hypertension,drugbank_suffix,0.55
acebutolol,,,Beta-Blocker,Angina,drugbank_suffix,0.55
periciazine,,,Antihistamine,Allergy,drugbank_suffix,0.55
periciazine,,,Antihistamine,Allergic Rhinitis,drugbank_suffix,0.55
rimexolone,,,Corticosteroid,Inflammation,drugbank_suffix,0.55
rimexolone,,,Corticosteroid,Autoimmune Disease,drugbank_suffix,0.55
sulfathiazole,,,Azole Antifungal,Fungal Infection,drugbank_suffix,0.55
triflupromazine,,,Antihistamine,Allergy,drugbank_suffix,0.55
triflupromazine,,,Antihistamine,Allergic Rhinitis,drugbank_suffix,0.55
trichlormethiazide,,,Thiazide Diuretic,Hypertension,drugbank_suffix,0.55
trichlormethiazide,,,Thiazide Diuretic,Edema,drugbank_suffix,0.55
pramocaine,,,Local Anesthetic,Local Anesthesia,drugbank_suffix,0.55
pramocaine,,,Local Anesthetic,Pain,drugbank_suffix,0.55
paritaprevir,,,Antiviral,Viral Infection,drugbank_suffix,0.55
paritaprevir,,,Antiviral,Herpes,drugbank_suffix,0.55
pentobarbital,,,Barbiturate,Epilepsy,drugbank_suffix,0.55
pentobarbital,,,Barbiturate,Insomnia,drugbank_suffix,0.55
bopindolol,,,Beta-Blocker,Hypertension,drugbank_suffix,0.55
bopindolol,,,Beta-Blocker,Angina,drugbank_suffix,0.55
procaine,,,Local Anesthetic,Local Anesthesia,drugbank_suffix,0.55
procaine,,,Local Anesthetic,Pain,drugbank_suffix,0.55
asunaprevir,,,Antiviral,Viral Infection,drugbank_suffix,0.55
asunaprevir,,,Antiviral,Herpes,drugbank_suffix,0.55
hexobarbital,,,Barbiturate,Epilepsy,drugbank_suffix,0.55
hexobarbital,,,Barbiturate,Insomnia,drugbank_suffix,0.55
nicardipine,,,Calcium Channel Blocker,Hypertension,drugbank_suffix,0.55
nicardipine,,,Calcium Channel Blocker,Angina,drugbank_suffix,0.55
mequitazine,,,Antihistamine,Allergy,drugbank_suffix,0.55
mequitazine,,,Antihistamine,Allergic Rhinitis,drugbank_suffix,0.55
troleandomycin,,,Macrolide / Aminoglycoside,Bacterial Infection,drugbank_suffix,0.55
bupranolol,,,Beta-Blocker,Hypertension,drugbank_suffix,0.55
bupranolol,,,Beta-Blocker,Angina,drugbank_suffix,0.55
imatinib,,,Kinase Inhibitor,Cancer,drugbank_suffix,0.55
elbasvir,,,Antiviral,Viral Infection,drugbank_suffix,0.55
elbasvir,,,Antiviral,Herpes,drugbank_suffix,0.55
enviomycin,,,Macrolide / Aminoglycoside,Bacterial Infection,drugbank_suffix,0.55
phendimetrazine,,,Antihistamine,Allergy,drugbank_suffix,0.55
phendimetrazine,,,Antihistamine,Allergic Rhinitis,drugbank_suffix,0.55
azidocillin,,,Penicillin Antibiotic,Bacterial Infection,drugbank_suffix,0.55
phenmetrazine,,,Antihistamine,Allergy,drugbank_suffix,0.55
phenmetrazine,,,Antihistamine,Allergic Rhinitis,drugbank_suffix,0.55
frovatriptan,,,Triptan,Migraine,drugbank_suffix,0.55
tropisetron,,,5-HT3 Antagonist,Nausea,drugbank_suffix,0.55
tropisetron,,,5-HT3 Antagonist,Vomiting,drugbank_suffix,0.55
olmesartan,,,ARB,Hypertension,drugbank_suffix,0.55
tasosartan,,,ARB,Hypertension,drugbank_suffix,0.55
oxybuprocaine,,,Local Anesthetic,Local Anesthesia,drugbank_suffix,0.55
oxybuprocaine,,,Local Anesthetic,Pain,drugbank_suffix,0.55
viloxazine,,,Antihistamine,Allergy,drugbank_suffix,0.55
viloxazine,,,Antihistamine,Allergic Rhinitis,drugbank_suffix,0.55
tipranavir,,,Antiviral,Viral Infection,drugbank_suffix,0.55
tipranavir,,,Antiviral,Herpes,drugbank_suffix,0.55
thiabendazole,,,Azole Antifungal,Fungal Infection,drugbank_suffix,0.55
mesoridazine,,,Antihistamine,Allergy,drugbank_suffix,0.55
mesoridazine,,,Antihistamine,Allergic Rhinitis,drugbank_suffix,0.55
terconazole,,,Azole Antifungal,Fungal Infection,drugbank_suffix,0.55
sulfaphenazole,,,Azole Antifungal,Fungal Infection,drugbank_suffix,0.55
ombitasvir,,,Antiviral,Viral Infection,drugbank_suffix,0.55
ombitasvir,,,Antiviral,Herpes,drugbank_suffix,0.55
nisoldipine,,,Calcium Channel Blocker,Hypertension,drugbank_suffix,0.55
nisoldipine,,,Calcium Channel Blocker,Angina,drugbank_suffix,0.55
fluocortolone,,,Corticosteroid,Inflammation,drugbank_suffix,0.55
fluocortolone,,,Corticosteroid,Autoimmune Disease,drugbank_suffix,0.55
voxilaprevir,,,Antiviral,Viral Infection,drugbank_suffix,0.55
voxilaprevir,,,Antiviral,Herpes,drugbank_suffix,0.55
methylphenobarbital,,,Barbiturate,Epilepsy,drugbank_suffix,0.55
methylphenobarbital,,,Barbiturate,Insomnia,drugbank_suffix,0.55
plicamycin,,,Macrolide / Aminoglycoside,Bacterial Infection,drugbank_suffix,0.55
articaine,,,Local Anesthetic,Local Anesthesia,drugbank_suffix,0.55
articaine,,,Local Anesthetic,Pain,drugbank_suffix,0.55
medrysone,,,Corticosteroid,Inflammation,drugbank_suffix,0.55
medrysone,,,Corticosteroid,Autoimmune Disease,drugbank_suffix,0.55
cilastatin,,,Statin,Hyperlipidemia,drugbank_suffix,0.55
cilastatin,,,Statin,High Cholesterol,drugbank_suffix,0.55
pibrentasvir,,,Antiviral,Viral Infection,drugbank_suffix,0.55
pibrentasvir,,,Antiviral,Herpes,drugbank_suffix,0.55
cyclacillin,,,Penicillin Antibiotic,Bacterial Infection,drugbank_suffix,0.55
paramethasone,,,Corticosteroid,Inflammation,drugbank_suffix,0.55
paramethasone,,,Corticosteroid,Autoimmune Disease,drugbank_suffix,0.55
telaprevir,,,Antiviral,Viral Infection,drugbank_suffix,0.55
telaprevir,,,Antiviral,Herpes,drugbank_suffix,0.55
valbenazine,,,Antihistamine,Allergy,drugbank_suffix,0.55
valbenazine,,,Antihistamine,Allergic Rhinitis,drugbank_suffix,0.55
efinaconazole,,,Azole Antifungal,Fungal Infection,drugbank_suffix,0.55
dasabuvir,,,Antiviral,Viral Infection,drugbank_suffix,0.55
dasabuvir,,,Antiviral,Herpes,drugbank_suffix,0.55
aceprometazine,,,Antihistamine,Allergy,drugbank_suffix,0.55
aceprometazine,,,Antihistamine,Allergic Rhinitis,drugbank_suffix,0.55
diflorasone,,,Corticosteroid,Inflammation,drugbank_suffix,0.55
diflorasone,,,Corticosteroid,Autoimmune Disease,drugbank_suffix,0.55
cefmetazole,,,Azole Antifungal,Fungal Infection,drugbank_suffix,0.55
josamycin,,,Macrolide / Aminoglycoside,Bacterial Infection,drugbank_suffix,0.55
amoxicillin,,,Penicillin Antibiotic,Bacterial Infection,drugbank_suffix,0.55
methotrimeprazine,,,Antihistamine,Allergy,drugbank_suffix,0.55
methotrimeprazine,,,Antihistamine,Allergic Rhinitis,drugbank_suffix,0.55
nafcillin,,,Penicillin Antibiotic,Bacterial Infection,drugbank_suffix,0.55
dimetotiazine,,,Antihistamine,Allergy,drugbank_suffix,0.55
dimetotiazine,,,Antihistamine,Allergic Rhinitis,drugbank_suffix,0.55
butabarbital,,,Barbiturate,Epilepsy,drugbank_suffix,0.55
butabarbital,,,Barbiturate,Insomnia,drugbank_suffix,0.55
procaine benzylpenicillin,,,Penicillin Antibiotic,Bacterial Infection,drugbank_suffix,0.55
bevantolol,,,Beta-Blocker,Hypertension,drugbank_suffix,0.55
bevantolol,,,Beta-Blocker,Angina,drugbank_suffix,0.55
moricizine,,,Antihistamine,Allergy,drugbank_suffix,0.55
moricizine,,,Antihistamine,Allergic Rhinitis,drugbank_suffix,0.55
valaciclovir,,,Antiviral,Viral Infection,drugbank_suffix,0.55
valaciclovir,,,Antiviral,Herpes,drugbank_suffix,0.55
meticillin,,,Penicillin Antibiotic,Bacterial Infection,drugbank_suffix,0.55
perindopril,,,ACE Inhibitor,Hypertension,drugbank_suffix,0.55
perindopril,,,ACE Inhibitor,Heart Failure,drugbank_suffix,0.55
nitrendipine,,,Calcium Channel Blocker,Hypertension,drugbank_suffix,0.55
nitrendipine,,,Calcium Channel Blocker,Angina,drugbank_suffix,0.55
nelfinavir,,,Antiviral,Viral Infection,drugbank_suffix,0.55
nelfinavir,,,Antiviral,Herpes,drugbank_suffix,0.55
bendroflumethiazide,,,Thiazide Diuretic,Hypertension,drugbank_suffix,0.55
bendroflumethiazide,,,Thiazide Diuretic,Edema,drugbank_suffix,0.55
bromazepam,,,Benzodiazepine,Anxiety,drugbank_suffix,0.55
bromazepam,,,Benzodiazepine,Insomnia,drugbank_suffix,0.55
bromazepam,,,Benzodiazepine,Seizure,drugbank_suffix,0.55
alimemazine,,,Antihistamine,Allergy,drugbank_suffix,0.55
alimemazine,,,Antihistamine,Allergic Rhinitis,drugbank_suffix,0.55
fosamprenavir,,,Antiviral,Viral Infection,drugbank_suffix,0.55
fosamprenavir,,,Antiviral,Herpes,drugbank_suffix,0.55
oxandrolone,,,Corticosteroid,Inflammation,drugbank_suffix,0.55
oxandrolone,,,Corticosteroid,Autoimmune Disease,drugbank_suffix,0.55
econazole,,,Azole Antifungal,Fungal Infection,drugbank_suffix,0.55
pentostatin,,,Statin,Hyperlipidemia,drugbank_suffix,0.55
pentostatin,,,Statin,High Cholesterol,drugbank_suffix,0.55
clotiazepam,,,Benzodiazepine,Anxiety,drugbank_suffix,0.55
clotiazepam,,,Benzodiazepine,Insomnia,drugbank_suffix,0.55
clotiazepam,,,Benzodiazepine,Seizure,drugbank_suffix,0.55
cyamemazine,,,Antihistamine,Allergy,drugbank_suffix,0.55
cyamemazine,,,Antihistamine,Allergic Rhinitis,drugbank_suffix,0.55
deutetrabenazine,,,Antihistamine,Allergy,drugbank_suffix,0.55
deutetrabenazine,,,Antihistamine,Allergic Rhinitis,drugbank_suffix,0.55
thioproperazine,,,Antihistamine,Allergy,drugbank_suffix,0.55
thioproperazine,,,Antihistamine,Allergic Rhinitis,drugbank_suffix,0.55
dolasetron,,,5-HT3 Antagonist,Nausea,drugbank_suffix,0.55
dolasetron,,,5-HT3 Antagonist,Vomiting,drugbank_suffix,0.55
carteolol,,,Beta-Blocker,Hypertension,drugbank_suffix,0.55
carteolol,,,Beta-Blocker,Angina,drugbank_suffix,0.55
cocaine,,,Local Anesthetic,Local Anesthesia,drugbank_suffix,0.55
cocaine,,,Local Anesthetic,Pain,drugbank_suffix,0.55
levobupivacaine,,,Local Anesthetic,Local Anesthesia,drugbank_suffix,0.55
levobupivacaine,,,Local Anesthetic,Pain,drugbank_suffix,0.55
tetracaine,,,Local Anesthetic,Local Anesthesia,drugbank_suffix,0.55
tetracaine,,,Local Anesthetic,Pain,drugbank_suffix,0.55
delafloxacin,,,Fluoroquinolone,Bacterial Infection,drugbank_suffix,0.55
delafloxacin,,,Fluoroquinolone,UTI,drugbank_suffix,0.55
flunitrazepam,,,Benzodiazepine,Anxiety,drugbank_suffix,0.55
flunitrazepam,,,Benzodiazepine,Insomnia,drugbank_suffix,0.55
flunitrazepam,,,Benzodiazepine,Seizure,drugbank_suffix,0.55
suprofen,,,NSAID,Pain,drugbank_suffix,0.55
suprofen,,,NSAID,Inflammation,drugbank_suffix,0.55
suprofen,,,NSAID,Fever,drugbank_suffix,0.55
bacampicillin,,,Penicillin Antibiotic,Bacterial Infection,drugbank_suffix,0.55
pivampicillin,,,Penicillin Antibiotic,Bacterial Infection,drugbank_suffix,0.55
metipranolol,,,Beta-Blocker,Hypertension,drugbank_suffix,0.55
metipranolol,,,Beta-Blocker,Angina,drugbank_suffix,0.55
enasidenib,,,Kinase Inhibitor,Cancer,drugbank_suffix,0.55
cilazapril,,,ACE Inhibitor,Hypertension,drugbank_suffix,0.55
cilazapril,,,ACE Inhibitor,Heart Failure,drugbank_suffix,0.55
pipotiazine,,,Antihistamine,Allergy,drugbank_suffix,0.55
pipotiazine,,,Antihistamine,Allergic Rhinitis,drugbank_suffix,0.55
fenoldopam,,,Benzodiazepine,Anxiety,drugbank_suffix,0.55
fenoldopam,,,Benzodiazepine,Insomnia,drugbank_suffix,0.55
fenoldopam,,,Benzodiazepine,Seizure,drugbank_suffix,0.55
cyclizine,,,Antihistamine,Allergy,drugbank_suffix,0.55
cyclizine,,,Antihistamine,Allergic Rhinitis,drugbank_suffix,0.55
moexipril,,,ACE Inhibitor,Hypertension,drugbank_suffix,0.55
moexipril,,,ACE Inhibitor,Heart Failure,drugbank_suffix,0.55
pirenzepine,,,Anticonvulsant,Epilepsy,drugbank_suffix,0.55
pirenzepine,,,Anticonvulsant,Bipolar Disorder,drugbank_suffix,0.55
oxprenolol,,,Beta-Blocker,Hypertension,drugbank_suffix,0.55
oxprenolol,,,Beta-Blocker,Angina,drugbank_suffix,0.55
benznidazole,,,Azole Antifungal,Fungal Infection,drugbank_suffix,0.55
dabrafenib,,,Kinase Inhibitor,Cancer,drugbank_suffix,0.55
penbutolol,,,Beta-Blocker,Hypertension,drugbank_suffix,0.55
penbutolol,,,Beta-Blocker,Angina,drugbank_suffix,0.55
viomycin,,,Macrolide / Aminoglycoside,Bacterial Infection,drugbank_suffix,0.55
promazine,,,Antihistamine,Allergy,drugbank_suffix,0.55
promazine,,,Antihistamine,Allergic Rhinitis,drugbank_suffix,0.55
nilvadipine,,,Calcium Channel Blocker,Hypertension,drugbank_suffix,0.55
nilvadipine,,,Calcium Channel Blocker,Angina,drugbank_suffix,0.55
phenoxymethylpenicillin,,,Penicillin Antibiotic,Bacterial Infection,drugbank_suffix,0.55
fludiazepam,,,Benzodiazepine,Anxiety,drugbank_suffix,0.55
fludiazepam,,,Benzodiazepine,Insomnia,drugbank_suffix,0.55
fludiazepam,,,Benzodiazepine,Seizure,drugbank_suffix,0.55
butoconazole,,,Azole Antifungal,Fungal Infection,drugbank_suffix,0.55
neratinib,,,Kinase Inhibitor,Cancer,drugbank_suffix,0.55
olsalazine,,,Antihistamine,Allergy,drugbank_suffix,0.55
olsalazine,,,Antihistamine,Allergic Rhinitis,drugbank_suffix,0.55
alclometasone,,,Corticosteroid,Inflammation,drugbank_suffix,0.55
alclometasone,,,Corticosteroid,Autoimmune Disease,drugbank_suffix,0.55
sulfametopyrazine,,,Antihistamine,Allergy,drugbank_suffix,0.55
sulfametopyrazine,,,Antihistamine,Allergic Rhinitis,drugbank_suffix,0.55
rolitetracycline,,,Tetracycline,Bacterial Infection,drugbank_suffix,0.55
rolitetracycline,,,Tetracycline,Acne,drugbank_suffix,0.55
finafloxacin,,,Fluoroquinolone,Bacterial Infection,drugbank_suffix,0.55
finafloxacin,,,Fluoroquinolone,UTI,drugbank_suffix,0.55
polythiazide,,,Thiazide Diuretic,Hypertension,drugbank_suffix,0.55
polythiazide,,,Thiazide Diuretic,Edema,drugbank_suffix,0.55
clocortolone,,,Corticosteroid,Inflammation,drugbank_suffix,0.55
clocortolone,,,Corticosteroid,Autoimmune Disease,drugbank_suffix,0.55
flubendazole,,,Azole Antifungal,Fungal Infection,drugbank_suffix,0.55
butobarbital,,,Barbiturate,Epilepsy,drugbank_suffix,0.55
butobarbital,,,Barbiturate,Insomnia,drugbank_suffix,0.55
phenformin,,,Biguanide,Type 2 Diabetes,drugbank_suffix,0.55
ponatinib,,,Kinase Inhibitor,Cancer,drugbank_suffix,0.55
oxacillin,,,Penicillin Antibiotic,Bacterial Infection,drugbank_suffix,0.55
nadolol,,,Beta-Blocker,Hypertension,drugbank_suffix,0.55
nadolol,,,Beta-Blocker,Angina,drugbank_suffix,0.55
difluocortolone,,,Corticosteroid,Inflammation,drugbank_suffix,0.55
difluocortolone,,,Corticosteroid,Autoimmune Disease,drugbank_suffix,0.55
vemurafenib,,,Kinase Inhibitor,Cancer,drugbank_suffix,0.55
halazepam,,,Benzodiazepine,Anxiety,drugbank_suffix,0.55
halazepam,,,Benzodiazepine,Insomnia,drugbank_suffix,0.55
halazepam,,,Benzodiazepine,Seizure,drugbank_suffix,0.55
phenelzine,,,Antihistamine,Allergy,drugbank_suffix,0.55
phenelzine,,,Antihistamine,Allergic Rhinitis,drugbank_suffix,0.55
mepivacaine,,,Local Anesthetic,Local Anesthesia,drugbank_suffix,0.55
mepivacaine,,,Local Anesthetic,Pain,drugbank_suffix,0.55
spirapril,,,ACE Inhibitor,Hypertension,drugbank_suffix,0.55
spirapril,,,ACE Inhibitor,Heart Failure,drugbank_suffix,0.55
amobarbital,,,Barbiturate,Epilepsy,drugbank_suffix,0.55
amobarbital,,,Barbiturate,Insomnia,drugbank_suffix,0.55
sulfamethazine,,,Antihistamine,Allergy,drugbank_suffix,0.55
sulfamethazine,,,Antihistamine,Allergic Rhinitis,drugbank_suffix,0.55
raltegravir,,,Antiviral,Viral Infection,drugbank_suffix,0.55
raltegravir,,,Antiviral,Herpes,drugbank_suffix,0.55
flumethasone,,,Corticosteroid,Inflammation,drugbank_suffix,0.55
flumethasone,,,Corticosteroid,Autoimmune Disease,drugbank_suffix,0.55
afatinib,,,Kinase Inhibitor,Cancer,drugbank_suffix,0.55
acepromazine,,,Antihistamine,Allergy,drugbank_suffix,0.55
acepromazine,,,Antihistamine,Allergic Rhinitis,drugbank_suffix,0.55
amprenavir,,,Antiviral,Viral Infection,drugbank_suffix,0.55
amprenavir,,,Antiviral,Herpes,drugbank_suffix,0.55
dapiprazole,,,Azole Antifungal,Fungal Infection,drugbank_suffix,0.55
loxoprofen,,,NSAID,Pain,drugbank_suffix,0.55
loxoprofen,,,NSAID,Inflammation,drugbank_suffix,0.55
loxoprofen,,,NSAID,Fever,drugbank_suffix,0.55
barnidipine,,,Calcium Channel Blocker,Hypertension,drugbank_suffix,0.55
barnidipine,,,Calcium Channel Blocker,Angina,drugbank_suffix,0.55
phenobarbital,,,Barbiturate,Epilepsy,drugbank_suffix,0.55
phenobarbital,,,Barbiturate,Insomnia,drugbank_suffix,0.55
cobimetinib,,,Kinase Inhibitor,Cancer,drugbank_suffix,0.55
glecaprevir,,,Antiviral,Viral Infection,drugbank_suffix,0.55
glecaprevir,,,Antiviral,Herpes,drugbank_suffix,0.55
prednisone,,,Corticosteroid,Inflammation,drugbank_suffix,0.55
prednisone,,,Corticosteroid,Autoimmune Disease,drugbank_suffix,0.55
letermovir,,,Antiviral,Viral Infection,drugbank_suffix,0.55
letermovir,,,Antiviral,Herpes,drugbank_suffix,0.55
sulfamerazine,,,Antihistamine,Allergy,drugbank_suffix,0.55
sulfamerazine,,,Antihistamine,Allergic Rhinitis,drugbank_suffix,0.55
icotinib,,,Kinase Inhibitor,Cancer,drugbank_suffix,0.55
sulfisoxazole,,,Azole Antifungal,Fungal Infection,drugbank_suffix,0.55
prazepam,,,Benzodiazepine,Anxiety,drugbank_suffix,0.55
prazepam,,,Benzodiazepine,Insomnia,drugbank_suffix,0.55
prazepam,,,Benzodiazepine,Seizure,drugbank_suffix,0.55
fenoprofen,,,NSAID,Pain,drugbank_suffix,0.55
fenoprofen,,,NSAID,Inflammation,drugbank_suffix,0.55
fenoprofen,,,NSAID,Fever,drugbank_suffix,0.55
acetophenazine,,,Antihistamine,Allergy,drugbank_suffix,0.55
acetophenazine,,,Antihistamine,Allergic Rhinitis,drugbank_suffix,0.55
