disease,drug_classes,first_line_drugs,second_line_drugs,avoid_drugs,notes,source,severity_level
panic disorder,ssris|benzodiazepines short term|psychotherapy,sertraline|cognitive behavioral therapy,paroxetine|diazepam,alcohol|stimulants,evaluate anxiety severity,dsm 5|nice,severe
vocal cord polyp,voice therapy|surgical excision,voice therapy|microlaryngoscopy,steroid therapy|evaluation,smoking|voice overuse,evaluate ent referral,who|nice guidelines,moderate
turner syndrome,supportive care|treat underlying cause,symptomatic treatment|evaluation,specialist referral|advanced therapy,delay in treatment,requires clinical evaluation,who|nice guidelines,moderate
cryptorchidism,supportive care|treat underlying cause,symptomatic treatment|evaluation,specialist referral|advanced therapy,delay in treatment,requires clinical evaluation,who|nice guidelines,moderate
poisoning due to ethylene glycol,fomepizole|hemodialysis|supportive care,fomepizole|iv fluids,ethanol|hemodialysis,delay in emergency care,medical emergency,who|nice guidelines,severe
atrophic vaginitis,local estrogen therapy|lubricants,vaginal estrogen|water based lubricants,ospemifene|systemic estrogen,smoking,common postmenopause,who|nice guidelines,moderate
fracture of the hand,immobilization|analgesics|surgical fixation,splinting|paracetamol,internal fixation|ibuprofen,delay in orthopedic care,evaluate fracture severity,who|nice guidelines,severe
cellulitis or abscess of mouth,antibiotics|incision drainage,amoxicillin|metronidazole,clindamycin|surgical drainage,delay in treatment,evaluate dental infection,who|nice guidelines,severe
eye alignment disorder,patch therapy|corrective lenses|surgery,corrective lenses|patching,strabismus surgery|botulinum toxin,delay in referral,evaluate strabismus,who|nice guidelines,moderate
headache after lumbar puncture,supportive care|treat underlying cause,symptomatic treatment|evaluation,specialist referral|advanced therapy,delay in treatment,requires clinical evaluation,who|nice guidelines,moderate
pyloric stenosis,supportive care|treat underlying cause,symptomatic treatment|evaluation,specialist referral|advanced therapy,delay in treatment,requires clinical evaluation,who|nice guidelines,moderate
salivary gland disorder,supportive care|treat underlying cause,symptomatic treatment|evaluation,specialist referral|advanced therapy,delay in treatment,requires clinical evaluation,who|nice guidelines,moderate
osteochondrosis,supportive care|treat underlying cause,symptomatic treatment|evaluation,specialist referral|advanced therapy,delay in treatment,requires clinical evaluation,who|nice guidelines,moderate
injury to the knee,supportive care|treat underlying cause,symptomatic treatment|evaluation,specialist referral|advanced therapy,delay in treatment,requires clinical evaluation,who|nice guidelines,moderate
metabolic disorder,supportive care|treat underlying cause,symptomatic treatment|evaluation,specialist referral|advanced therapy,delay in treatment,requires clinical evaluation,who|nice guidelines,moderate
vaginitis,supportive care|treat underlying cause,symptomatic treatment|evaluation,specialist referral|advanced therapy,delay in treatment,requires clinical evaluation,who|nice guidelines,moderate
sick sinus syndrome,supportive care|treat underlying cause,symptomatic treatment|evaluation,specialist referral|advanced therapy,delay in treatment,requires clinical evaluation,who|nice guidelines,moderate
tinnitus of unknown cause,supportive care|treat underlying cause,symptomatic treatment|evaluation,specialist referral|advanced therapy,delay in treatment,requires clinical evaluation,who|nice guidelines,moderate
glaucoma,supportive care|treat underlying cause,symptomatic treatment|evaluation,specialist referral|advanced therapy,delay in treatment,requires clinical evaluation,who|nice guidelines,moderate
eating disorder,supportive care|treat underlying cause,symptomatic treatment|evaluation,specialist referral|advanced therapy,delay in treatment,requires clinical evaluation,who|nice guidelines,moderate
transient ischemic attack,supportive care|treat underlying cause,symptomatic treatment|evaluation,specialist referral|advanced therapy,delay in treatment,requires clinical evaluation,who|nice guidelines,moderate
pyelonephritis,supportive care|treat underlying cause,symptomatic treatment|evaluation,specialist referral|advanced therapy,delay in treatment,requires clinical evaluation,who|nice guidelines,moderate
rotator cuff injury,supportive care|treat underlying cause,symptomatic treatment|evaluation,specialist referral|advanced therapy,delay in treatment,requires clinical evaluation,who|nice guidelines,moderate
chronic pain disorder,supportive care|treat underlying cause,symptomatic treatment|evaluation,specialist referral|advanced therapy,delay in treatment,requires clinical evaluation,who|nice guidelines,moderate
problem during pregnancy,supportive care|treat underlying cause,symptomatic treatment|evaluation,specialist referral|advanced therapy,delay in treatment,requires clinical evaluation,who|nice guidelines,moderate
liver cancer,supportive care|treat underlying cause,symptomatic treatment|evaluation,specialist referral|advanced therapy,delay in treatment,requires clinical evaluation,who|nice guidelines,moderate
atelectasis,supportive care|treat underlying cause,symptomatic treatment|evaluation,specialist referral|advanced therapy,delay in treatment,requires clinical evaluation,who|nice guidelines,moderate
injury to the hand,supportive care|treat underlying cause,symptomatic treatment|evaluation,specialist referral|advanced therapy,delay in treatment,requires clinical evaluation,who|nice guidelines,moderate
choledocholithiasis,supportive care|treat underlying cause,symptomatic treatment|evaluation,specialist referral|advanced therapy,delay in treatment,requires clinical evaluation,who|nice guidelines,moderate
injury to the hip,supportive care|treat underlying cause,symptomatic treatment|evaluation,specialist referral|advanced therapy,delay in treatment,requires clinical evaluation,who|nice guidelines,moderate
cirrhosis,supportive care|treat underlying cause,symptomatic treatment|evaluation,specialist referral|advanced therapy,delay in treatment,requires clinical evaluation,who|nice guidelines,moderate
thoracic aortic aneurysm,supportive care|treat underlying cause,symptomatic treatment|evaluation,specialist referral|advanced therapy,delay in treatment,requires clinical evaluation,who|nice guidelines,moderate
subdural hemorrhage,supportive care|treat underlying cause,symptomatic treatment|evaluation,specialist referral|advanced therapy,delay in treatment,requires clinical evaluation,who|nice guidelines,moderate
diabetic retinopathy,supportive care|treat underlying cause,symptomatic treatment|evaluation,specialist referral|advanced therapy,delay in treatment,requires clinical evaluation,who|nice guidelines,moderate
fibromyalgia,supportive care|treat underlying cause,symptomatic treatment|evaluation,specialist referral|advanced therapy,delay in treatment,requires clinical evaluation,who|nice guidelines,moderate
ischemia of the bowel,supportive care|treat underlying cause,symptomatic treatment|evaluation,specialist referral|advanced therapy,delay in treatment,requires clinical evaluation,who|nice guidelines,moderate
fetal alcohol syndrome,supportive care|treat underlying cause,symptomatic treatment|evaluation,specialist referral|advanced therapy,delay in treatment,requires clinical evaluation,who|nice guidelines,moderate
peritonitis,supportive care|treat underlying cause,symptomatic treatment|evaluation,specialist referral|advanced therapy,delay in treatment,requires clinical evaluation,who|nice guidelines,moderate
injury to the abdomen,supportive care|treat underlying cause,symptomatic treatment|evaluation,specialist referral|advanced therapy,delay in treatment,requires clinical evaluation,who|nice guidelines,moderate
acute pancreatitis,supportive care|treat underlying cause,symptomatic treatment|evaluation,specialist referral|advanced therapy,delay in treatment,requires clinical evaluation,who|nice guidelines,moderate
thrombophlebitis,supportive care|treat underlying cause,symptomatic treatment|evaluation,specialist referral|advanced therapy,delay in treatment,requires clinical evaluation,who|nice guidelines,moderate
asthma,supportive care|treat underlying cause,symptomatic treatment|evaluation,specialist referral|advanced therapy,delay in treatment,requires clinical evaluation,who|nice guidelines,moderate
foreign body in the vagina,supportive care|treat underlying cause,symptomatic treatment|evaluation,specialist referral|advanced therapy,delay in treatment,requires clinical evaluation,who|nice guidelines,moderate
restless leg syndrome,supportive care|treat underlying cause,symptomatic treatment|evaluation,specialist referral|advanced therapy,delay in treatment,requires clinical evaluation,who|nice guidelines,moderate
emphysema,supportive care|treat underlying cause,symptomatic treatment|evaluation,specialist referral|advanced therapy,delay in treatment,requires clinical evaluation,who|nice guidelines,moderate
cysticercosis,supportive care|treat underlying cause,symptomatic treatment|evaluation,specialist referral|advanced therapy,delay in treatment,requires clinical evaluation,who|nice guidelines,moderate
induced abortion,supportive care|treat underlying cause,symptomatic treatment|evaluation,specialist referral|advanced therapy,delay in treatment,requires clinical evaluation,who|nice guidelines,moderate
teething syndrome,supportive care|treat underlying cause,symptomatic treatment|evaluation,specialist referral|advanced therapy,delay in treatment,requires clinical evaluation,who|nice guidelines,moderate
infectious gastroenteritis,supportive care|treat underlying cause,symptomatic treatment|evaluation,specialist referral|advanced therapy,delay in treatment,requires clinical evaluation,who|nice guidelines,moderate
acute sinusitis,supportive care|treat underlying cause,symptomatic treatment|evaluation,specialist referral|advanced therapy,delay in treatment,requires clinical evaluation,who|nice guidelines,moderate
substance-related mental disorder,supportive care|treat underlying cause,symptomatic treatment|evaluation,specialist referral|advanced therapy,delay in treatment,requires clinical evaluation,who|nice guidelines,moderate
postpartum depression,supportive care|treat underlying cause,symptomatic treatment|evaluation,specialist referral|advanced therapy,delay in treatment,requires clinical evaluation,who|nice guidelines,moderate
coronary atherosclerosis,supportive care|treat underlying cause,symptomatic treatment|evaluation,specialist referral|advanced therapy,delay in treatment,requires clinical evaluation,who|nice guidelines,moderate
spondylitis,supportive care|treat underlying cause,symptomatic treatment|evaluation,specialist referral|advanced therapy,delay in treatment,requires clinical evaluation,who|nice guidelines,moderate
pituitary adenoma,supportive care|treat underlying cause,symptomatic treatment|evaluation,specialist referral|advanced therapy,delay in treatment,requires clinical evaluation,who|nice guidelines,moderate
uterine fibroids,supportive care|treat underlying cause,symptomatic treatment|evaluation,specialist referral|advanced therapy,delay in treatment,requires clinical evaluation,who|nice guidelines,moderate
idiopathic nonmenstrual bleeding,supportive care|treat underlying cause,symptomatic treatment|evaluation,specialist referral|advanced therapy,delay in treatment,requires clinical evaluation,who|nice guidelines,moderate
chalazion,supportive care|treat underlying cause,symptomatic treatment|evaluation,specialist referral|advanced therapy,delay in treatment,requires clinical evaluation,who|nice guidelines,moderate
ovarian torsion,supportive care|treat underlying cause,symptomatic treatment|evaluation,specialist referral|advanced therapy,delay in treatment,requires clinical evaluation,who|nice guidelines,moderate
retinopathy due to high blood pressure,supportive care|treat underlying cause,symptomatic treatment|evaluation,specialist referral|advanced therapy,delay in treatment,requires clinical evaluation,who|nice guidelines,moderate
vaginal yeast infection,supportive care|treat underlying cause,symptomatic treatment|evaluation,specialist referral|advanced therapy,delay in treatment,requires clinical evaluation,who|nice guidelines,moderate
mastoiditis,supportive care|treat underlying cause,symptomatic treatment|evaluation,specialist referral|advanced therapy,delay in treatment,requires clinical evaluation,who|nice guidelines,moderate
lung contusion,supportive care|treat underlying cause,symptomatic treatment|evaluation,specialist referral|advanced therapy,delay in treatment,requires clinical evaluation,who|nice guidelines,moderate
hypertrophic obstructive cardiomyopathy (hocm),supportive care|treat underlying cause,symptomatic treatment|evaluation,specialist referral|advanced therapy,delay in treatment,requires clinical evaluation,who|nice guidelines,moderate
ingrown toe nail,supportive care|treat underlying cause,symptomatic treatment|evaluation,specialist referral|advanced therapy,delay in treatment,requires clinical evaluation,who|nice guidelines,moderate
pulmonary eosinophilia,supportive care|treat underlying cause,symptomatic treatment|evaluation,specialist referral|advanced therapy,delay in treatment,requires clinical evaluation,who|nice guidelines,moderate
corneal disorder,supportive care|treat underlying cause,symptomatic treatment|evaluation,specialist referral|advanced therapy,delay in treatment,requires clinical evaluation,who|nice guidelines,moderate
foreign body in the gastrointestinal tract,supportive care|treat underlying cause,symptomatic treatment|evaluation,specialist referral|advanced therapy,delay in treatment,requires clinical evaluation,who|nice guidelines,moderate
endophthalmitis,supportive care|treat underlying cause,symptomatic treatment|evaluation,specialist referral|advanced therapy,delay in treatment,requires clinical evaluation,who|nice guidelines,moderate
intestinal malabsorption,supportive care|treat underlying cause,symptomatic treatment|evaluation,specialist referral|advanced therapy,delay in treatment,requires clinical evaluation,who|nice guidelines,moderate
viral warts,supportive care|treat underlying cause,symptomatic treatment|evaluation,specialist referral|advanced therapy,delay in treatment,requires clinical evaluation,who|nice guidelines,moderate
hyperhidrosis,supportive care|treat underlying cause,symptomatic treatment|evaluation,specialist referral|advanced therapy,delay in treatment,requires clinical evaluation,who|nice guidelines,moderate
stroke,supportive care|treat underlying cause,symptomatic treatment|evaluation,specialist referral|advanced therapy,delay in treatment,requires clinical evaluation,who|nice guidelines,moderate
pilonidal cyst,supportive care|treat underlying cause,symptomatic treatment|evaluation,specialist referral|advanced therapy,delay in treatment,requires clinical evaluation,who|nice guidelines,moderate
crushing injury,supportive care|treat underlying cause,symptomatic treatment|evaluation,specialist referral|advanced therapy,delay in treatment,requires clinical evaluation,who|nice guidelines,moderate
normal pressure hydrocephalus,supportive care|treat underlying cause,symptomatic treatment|evaluation,specialist referral|advanced therapy,delay in treatment,requires clinical evaluation,who|nice guidelines,moderate
alopecia,supportive care|treat underlying cause,symptomatic treatment|evaluation,specialist referral|advanced therapy,delay in treatment,requires clinical evaluation,who|nice guidelines,moderate
hashimoto thyroiditis,supportive care|treat underlying cause,symptomatic treatment|evaluation,specialist referral|advanced therapy,delay in treatment,requires clinical evaluation,who|nice guidelines,moderate
flat feet,supportive care|treat underlying cause,symptomatic treatment|evaluation,specialist referral|advanced therapy,delay in treatment,requires clinical evaluation,who|nice guidelines,moderate
nonalcoholic liver disease (nash),supportive care|treat underlying cause,symptomatic treatment|evaluation,specialist referral|advanced therapy,delay in treatment,requires clinical evaluation,who|nice guidelines,moderate
hemarthrosis,supportive care|treat underlying cause,symptomatic treatment|evaluation,specialist referral|advanced therapy,delay in treatment,requires clinical evaluation,who|nice guidelines,moderate
pelvic organ prolapse,supportive care|treat underlying cause,symptomatic treatment|evaluation,specialist referral|advanced therapy,delay in treatment,requires clinical evaluation,who|nice guidelines,moderate
fracture of the arm,supportive care|treat underlying cause,symptomatic treatment|evaluation,specialist referral|advanced therapy,delay in treatment,requires clinical evaluation,who|nice guidelines,moderate
coagulation (bleeding) disorder,supportive care|treat underlying cause,symptomatic treatment|evaluation,specialist referral|advanced therapy,delay in treatment,requires clinical evaluation,who|nice guidelines,moderate
intracranial hemorrhage,supportive care|treat underlying cause,symptomatic treatment|evaluation,specialist referral|advanced therapy,delay in treatment,requires clinical evaluation,who|nice guidelines,moderate
hyperkalemia,supportive care|treat underlying cause,symptomatic treatment|evaluation,specialist referral|advanced therapy,delay in treatment,requires clinical evaluation,who|nice guidelines,moderate
cornea infection,supportive care|treat underlying cause,symptomatic treatment|evaluation,specialist referral|advanced therapy,delay in treatment,requires clinical evaluation,who|nice guidelines,moderate
abscess of the lung,supportive care|treat underlying cause,symptomatic treatment|evaluation,specialist referral|advanced therapy,delay in treatment,requires clinical evaluation,who|nice guidelines,moderate
dengue fever,supportive care|treat underlying cause,symptomatic treatment|evaluation,specialist referral|advanced therapy,delay in treatment,requires clinical evaluation,who|nice guidelines,moderate
chronic sinusitis,supportive care|treat underlying cause,symptomatic treatment|evaluation,specialist referral|advanced therapy,delay in treatment,requires clinical evaluation,who|nice guidelines,moderate
cholesteatoma,supportive care|treat underlying cause,symptomatic treatment|evaluation,specialist referral|advanced therapy,delay in treatment,requires clinical evaluation,who|nice guidelines,moderate
volvulus,supportive care|treat underlying cause,symptomatic treatment|evaluation,specialist referral|advanced therapy,delay in treatment,requires clinical evaluation,who|nice guidelines,moderate
injury to the finger,supportive care|treat underlying cause,symptomatic treatment|evaluation,specialist referral|advanced therapy,delay in treatment,requires clinical evaluation,who|nice guidelines,moderate
poisoning due to analgesics,supportive care|treat underlying cause,symptomatic treatment|evaluation,specialist referral|advanced therapy,delay in treatment,requires clinical evaluation,who|nice guidelines,moderate
atrial fibrillation,supportive care|treat underlying cause,symptomatic treatment|evaluation,specialist referral|advanced therapy,delay in treatment,requires clinical evaluation,who|nice guidelines,moderate
pinworm infection,supportive care|treat underlying cause,symptomatic treatment|evaluation,specialist referral|advanced therapy,delay in treatment,requires clinical evaluation,who|nice guidelines,moderate
urethral valves,supportive care|treat underlying cause,symptomatic treatment|evaluation,specialist referral|advanced therapy,delay in treatment,requires clinical evaluation,who|nice guidelines,moderate
open wound of the neck,supportive care|treat underlying cause,symptomatic treatment|evaluation,specialist referral|advanced therapy,delay in treatment,requires clinical evaluation,who|nice guidelines,moderate
achalasia,supportive care|treat underlying cause,symptomatic treatment|evaluation,specialist referral|advanced therapy,delay in treatment,requires clinical evaluation,who|nice guidelines,moderate
conductive hearing loss,supportive care|treat underlying cause,symptomatic treatment|evaluation,specialist referral|advanced therapy,delay in treatment,requires clinical evaluation,who|nice guidelines,moderate
abdominal hernia,supportive care|treat underlying cause,symptomatic treatment|evaluation,specialist referral|advanced therapy,delay in treatment,requires clinical evaluation,who|nice guidelines,moderate
cerebral palsy,supportive care|treat underlying cause,symptomatic treatment|evaluation,specialist referral|advanced therapy,delay in treatment,requires clinical evaluation,who|nice guidelines,moderate
marijuana abuse,supportive care|treat underlying cause,symptomatic treatment|evaluation,specialist referral|advanced therapy,delay in treatment,requires clinical evaluation,who|nice guidelines,moderate
cryptococcosis,supportive care|treat underlying cause,symptomatic treatment|evaluation,specialist referral|advanced therapy,delay in treatment,requires clinical evaluation,who|nice guidelines,moderate
obesity,supportive care|treat underlying cause,symptomatic treatment|evaluation,specialist referral|advanced therapy,delay in treatment,requires clinical evaluation,who|nice guidelines,moderate
indigestion,supportive care|treat underlying cause,symptomatic treatment|evaluation,specialist referral|advanced therapy,delay in treatment,requires clinical evaluation,who|nice guidelines,moderate
bursitis,supportive care|treat underlying cause,symptomatic treatment|evaluation,specialist referral|advanced therapy,delay in treatment,requires clinical evaluation,who|nice guidelines,moderate
esophageal cancer,supportive care|treat underlying cause,symptomatic treatment|evaluation,specialist referral|advanced therapy,delay in treatment,requires clinical evaluation,who|nice guidelines,moderate
pulmonary congestion,supportive care|treat underlying cause,symptomatic treatment|evaluation,specialist referral|advanced therapy,delay in treatment,requires clinical evaluation,who|nice guidelines,moderate
juvenile rheumatoid arthritis,supportive care|treat underlying cause,symptomatic treatment|evaluation,specialist referral|advanced therapy,delay in treatment,requires clinical evaluation,who|nice guidelines,moderate
actinic keratosis,supportive care|treat underlying cause,symptomatic treatment|evaluation,specialist referral|advanced therapy,delay in treatment,requires clinical evaluation,who|nice guidelines,moderate
acute otitis media,supportive care|treat underlying cause,symptomatic treatment|evaluation,specialist referral|advanced therapy,delay in treatment,requires clinical evaluation,who|nice guidelines,moderate
astigmatism,supportive care|treat underlying cause,symptomatic treatment|evaluation,specialist referral|advanced therapy,delay in treatment,requires clinical evaluation,who|nice guidelines,moderate
tuberous sclerosis,supportive care|treat underlying cause,symptomatic treatment|evaluation,specialist referral|advanced therapy,delay in treatment,requires clinical evaluation,who|nice guidelines,moderate
empyema,supportive care|treat underlying cause,symptomatic treatment|evaluation,specialist referral|advanced therapy,delay in treatment,requires clinical evaluation,who|nice guidelines,moderate
presbyacusis,supportive care|treat underlying cause,symptomatic treatment|evaluation,specialist referral|advanced therapy,delay in treatment,requires clinical evaluation,who|nice guidelines,moderate
neonatal jaundice,supportive care|treat underlying cause,symptomatic treatment|evaluation,specialist referral|advanced therapy,delay in treatment,requires clinical evaluation,who|nice guidelines,moderate
chronic obstructive pulmonary disease (copd),supportive care|treat underlying cause,symptomatic treatment|evaluation,specialist referral|advanced therapy,delay in treatment,requires clinical evaluation,who|nice guidelines,moderate
dislocation of the elbow,supportive care|treat underlying cause,symptomatic treatment|evaluation,specialist referral|advanced therapy,delay in treatment,requires clinical evaluation,who|nice guidelines,moderate
spondylosis,supportive care|treat underlying cause,symptomatic treatment|evaluation,specialist referral|advanced therapy,delay in treatment,requires clinical evaluation,who|nice guidelines,moderate
herpangina,supportive care|treat underlying cause,symptomatic treatment|evaluation,specialist referral|advanced therapy,delay in treatment,requires clinical evaluation,who|nice guidelines,moderate
injury to the shoulder,supportive care|treat underlying cause,symptomatic treatment|evaluation,specialist referral|advanced therapy,delay in treatment,requires clinical evaluation,who|nice guidelines,moderate
poisoning due to antidepressants,supportive care|treat underlying cause,symptomatic treatment|evaluation,specialist referral|advanced therapy,delay in treatment,requires clinical evaluation,who|nice guidelines,moderate
infection of open wound,supportive care|treat underlying cause,symptomatic treatment|evaluation,specialist referral|advanced therapy,delay in treatment,requires clinical evaluation,who|nice guidelines,moderate
deep vein thrombosis (dvt),supportive care|treat underlying cause,symptomatic treatment|evaluation,specialist referral|advanced therapy,delay in treatment,requires clinical evaluation,who|nice guidelines,moderate
protein deficiency,supportive care|treat underlying cause,symptomatic treatment|evaluation,specialist referral|advanced therapy,delay in treatment,requires clinical evaluation,who|nice guidelines,moderate
myoclonus,supportive care|treat underlying cause,symptomatic treatment|evaluation,specialist referral|advanced therapy,delay in treatment,requires clinical evaluation,who|nice guidelines,moderate
bone spur of the calcaneous,supportive care|treat underlying cause,symptomatic treatment|evaluation,specialist referral|advanced therapy,delay in treatment,requires clinical evaluation,who|nice guidelines,moderate
von willebrand disease,supportive care|treat underlying cause,symptomatic treatment|evaluation,specialist referral|advanced therapy,delay in treatment,requires clinical evaluation,who|nice guidelines,moderate
open wound of the back,supportive care|treat underlying cause,symptomatic treatment|evaluation,specialist referral|advanced therapy,delay in treatment,requires clinical evaluation,who|nice guidelines,moderate
heart block,supportive care|treat underlying cause,symptomatic treatment|evaluation,specialist referral|advanced therapy,delay in treatment,requires clinical evaluation,who|nice guidelines,moderate
colonic polyp,supportive care|treat underlying cause,symptomatic treatment|evaluation,specialist referral|advanced therapy,delay in treatment,requires clinical evaluation,who|nice guidelines,moderate
magnesium deficiency,supportive care|treat underlying cause,symptomatic treatment|evaluation,specialist referral|advanced therapy,delay in treatment,requires clinical evaluation,who|nice guidelines,moderate
female infertility of unknown cause,supportive care|treat underlying cause,symptomatic treatment|evaluation,specialist referral|advanced therapy,delay in treatment,requires clinical evaluation,who|nice guidelines,moderate
pericarditis,supportive care|treat underlying cause,symptomatic treatment|evaluation,specialist referral|advanced therapy,delay in treatment,requires clinical evaluation,who|nice guidelines,moderate
attention deficit hyperactivity disorder (adhd),supportive care|treat underlying cause,symptomatic treatment|evaluation,specialist referral|advanced therapy,delay in treatment,requires clinical evaluation,who|nice guidelines,moderate
pulmonic valve disease,supportive care|treat underlying cause,symptomatic treatment|evaluation,specialist referral|advanced therapy,delay in treatment,requires clinical evaluation,who|nice guidelines,moderate
tietze syndrome,supportive care|treat underlying cause,symptomatic treatment|evaluation,specialist referral|advanced therapy,delay in treatment,requires clinical evaluation,who|nice guidelines,moderate
cranial nerve palsy,supportive care|treat underlying cause,symptomatic treatment|evaluation,specialist referral|advanced therapy,delay in treatment,requires clinical evaluation,who|nice guidelines,moderate
injury to the arm,supportive care|treat underlying cause,symptomatic treatment|evaluation,specialist referral|advanced therapy,delay in treatment,requires clinical evaluation,who|nice guidelines,moderate
conversion disorder,supportive care|treat underlying cause,symptomatic treatment|evaluation,specialist referral|advanced therapy,delay in treatment,requires clinical evaluation,who|nice guidelines,moderate
complex regional pain syndrome,supportive care|treat underlying cause,symptomatic treatment|evaluation,specialist referral|advanced therapy,delay in treatment,requires clinical evaluation,who|nice guidelines,moderate
otosclerosis,supportive care|treat underlying cause,symptomatic treatment|evaluation,specialist referral|advanced therapy,delay in treatment,requires clinical evaluation,who|nice guidelines,moderate
injury to the trunk,supportive care|treat underlying cause,symptomatic treatment|evaluation,specialist referral|advanced therapy,delay in treatment,requires clinical evaluation,who|nice guidelines,moderate
hypothyroidism,supportive care|treat underlying cause,symptomatic treatment|evaluation,specialist referral|advanced therapy,delay in treatment,requires clinical evaluation,who|nice guidelines,moderate
primary insomnia,supportive care|treat underlying cause,symptomatic treatment|evaluation,specialist referral|advanced therapy,delay in treatment,requires clinical evaluation,who|nice guidelines,moderate
lice,supportive care|treat underlying cause,symptomatic treatment|evaluation,specialist referral|advanced therapy,delay in treatment,requires clinical evaluation,who|nice guidelines,moderate
vitamin b12 deficiency,supportive care|treat underlying cause,symptomatic treatment|evaluation,specialist referral|advanced therapy,delay in treatment,requires clinical evaluation,who|nice guidelines,moderate
diabetes,supportive care|treat underlying cause,symptomatic treatment|evaluation,specialist referral|advanced therapy,delay in treatment,requires clinical evaluation,who|nice guidelines,moderate
vulvodynia,supportive care|treat underlying cause,symptomatic treatment|evaluation,specialist referral|advanced therapy,delay in treatment,requires clinical evaluation,who|nice guidelines,moderate
endometriosis,supportive care|treat underlying cause,symptomatic treatment|evaluation,specialist referral|advanced therapy,delay in treatment,requires clinical evaluation,who|nice guidelines,moderate
vasculitis,supportive care|treat underlying cause,symptomatic treatment|evaluation,specialist referral|advanced therapy,delay in treatment,requires clinical evaluation,who|nice guidelines,moderate
concussion,supportive care|treat underlying cause,symptomatic treatment|evaluation,specialist referral|advanced therapy,delay in treatment,requires clinical evaluation,who|nice guidelines,moderate
oral leukoplakia,supportive care|treat underlying cause,symptomatic treatment|evaluation,specialist referral|advanced therapy,delay in treatment,requires clinical evaluation,who|nice guidelines,moderate
chronic kidney disease,supportive care|treat underlying cause,symptomatic treatment|evaluation,specialist referral|advanced therapy,delay in treatment,requires clinical evaluation,who|nice guidelines,moderate
bladder disorder,supportive care|treat underlying cause,symptomatic treatment|evaluation,specialist referral|advanced therapy,delay in treatment,requires clinical evaluation,who|nice guidelines,moderate
chorioretinitis,supportive care|treat underlying cause,symptomatic treatment|evaluation,specialist referral|advanced therapy,delay in treatment,requires clinical evaluation,who|nice guidelines,moderate
priapism,supportive care|treat underlying cause,symptomatic treatment|evaluation,specialist referral|advanced therapy,delay in treatment,requires clinical evaluation,who|nice guidelines,moderate
myositis,supportive care|treat underlying cause,symptomatic treatment|evaluation,specialist referral|advanced therapy,delay in treatment,requires clinical evaluation,who|nice guidelines,moderate
mononucleosis,supportive care|treat underlying cause,symptomatic treatment|evaluation,specialist referral|advanced therapy,delay in treatment,requires clinical evaluation,who|nice guidelines,moderate
neuralgia,supportive care|treat underlying cause,symptomatic treatment|evaluation,specialist referral|advanced therapy,delay in treatment,requires clinical evaluation,who|nice guidelines,moderate
polycystic kidney disease,supportive care|treat underlying cause,symptomatic treatment|evaluation,specialist referral|advanced therapy,delay in treatment,requires clinical evaluation,who|nice guidelines,moderate
bipolar disorder,supportive care|treat underlying cause,symptomatic treatment|evaluation,specialist referral|advanced therapy,delay in treatment,requires clinical evaluation,who|nice guidelines,moderate
amyloidosis,supportive care|treat underlying cause,symptomatic treatment|evaluation,specialist referral|advanced therapy,delay in treatment,requires clinical evaluation,who|nice guidelines,moderate
chronic inflammatory demyelinating polyneuropathy (cidp),supportive care|treat underlying cause,symptomatic treatment|evaluation,specialist referral|advanced therapy,delay in treatment,requires clinical evaluation,who|nice guidelines,moderate
gastroesophageal reflux disease (gerd),supportive care|treat underlying cause,symptomatic treatment|evaluation,specialist referral|advanced therapy,delay in treatment,requires clinical evaluation,who|nice guidelines,moderate
vitreous hemorrhage,supportive care|treat underlying cause,symptomatic treatment|evaluation,specialist referral|advanced therapy,delay in treatment,requires clinical evaluation,who|nice guidelines,moderate
poisoning due to antimicrobial drugs,supportive care|treat underlying cause,symptomatic treatment|evaluation,specialist referral|advanced therapy,delay in treatment,requires clinical evaluation,who|nice guidelines,moderate
open wound of the mouth,supportive care|treat underlying cause,symptomatic treatment|evaluation,specialist referral|advanced therapy,delay in treatment,requires clinical evaluation,who|nice guidelines,moderate
scleroderma,supportive care|treat underlying cause,symptomatic treatment|evaluation,specialist referral|advanced therapy,delay in treatment,requires clinical evaluation,who|nice guidelines,moderate
myasthenia gravis,supportive care|treat underlying cause,symptomatic treatment|evaluation,specialist referral|advanced therapy,delay in treatment,requires clinical evaluation,who|nice guidelines,moderate
hypoglycemia,supportive care|treat underlying cause,symptomatic treatment|evaluation,specialist referral|advanced therapy,delay in treatment,requires clinical evaluation,who|nice guidelines,moderate
idiopathic absence of menstruation,supportive care|treat underlying cause,symptomatic treatment|evaluation,specialist referral|advanced therapy,delay in treatment,requires clinical evaluation,who|nice guidelines,moderate
dislocation of the ankle,supportive care|treat underlying cause,symptomatic treatment|evaluation,specialist referral|advanced therapy,delay in treatment,requires clinical evaluation,who|nice guidelines,moderate
carbon monoxide poisoning,supportive care|treat underlying cause,symptomatic treatment|evaluation,specialist referral|advanced therapy,delay in treatment,requires clinical evaluation,who|nice guidelines,moderate
panic attack,supportive care|treat underlying cause,symptomatic treatment|evaluation,specialist referral|advanced therapy,delay in treatment,requires clinical evaluation,who|nice guidelines,moderate
plantar fasciitis,supportive care|treat underlying cause,symptomatic treatment|evaluation,specialist referral|advanced therapy,delay in treatment,requires clinical evaluation,who|nice guidelines,moderate
hyperopia,supportive care|treat underlying cause,symptomatic treatment|evaluation,specialist referral|advanced therapy,delay in treatment,requires clinical evaluation,who|nice guidelines,moderate
poisoning due to sedatives,supportive care|treat underlying cause,symptomatic treatment|evaluation,specialist referral|advanced therapy,delay in treatment,requires clinical evaluation,who|nice guidelines,moderate
pemphigus,supportive care|treat underlying cause,symptomatic treatment|evaluation,specialist referral|advanced therapy,delay in treatment,requires clinical evaluation,who|nice guidelines,moderate
peyronie disease,supportive care|treat underlying cause,symptomatic treatment|evaluation,specialist referral|advanced therapy,delay in treatment,requires clinical evaluation,who|nice guidelines,moderate
hiatal hernia,supportive care|treat underlying cause,symptomatic treatment|evaluation,specialist referral|advanced therapy,delay in treatment,requires clinical evaluation,who|nice guidelines,moderate
extrapyramidal effect of drugs,supportive care|treat underlying cause,symptomatic treatment|evaluation,specialist referral|advanced therapy,delay in treatment,requires clinical evaluation,who|nice guidelines,moderate
meniere disease,supportive care|treat underlying cause,symptomatic treatment|evaluation,specialist referral|advanced therapy,delay in treatment,requires clinical evaluation,who|nice guidelines,moderate
anal fissure,supportive care|treat underlying cause,symptomatic treatment|evaluation,specialist referral|advanced therapy,delay in treatment,requires clinical evaluation,who|nice guidelines,moderate
allergy,supportive care|treat underlying cause,symptomatic treatment|evaluation,specialist referral|advanced therapy,delay in treatment,requires clinical evaluation,who|nice guidelines,moderate
chronic otitis media,supportive care|treat underlying cause,symptomatic treatment|evaluation,specialist referral|advanced therapy,delay in treatment,requires clinical evaluation,who|nice guidelines,moderate
fracture of the finger,supportive care|treat underlying cause,symptomatic treatment|evaluation,specialist referral|advanced therapy,delay in treatment,requires clinical evaluation,who|nice guidelines,moderate
hirschsprung disease,supportive care|treat underlying cause,symptomatic treatment|evaluation,specialist referral|advanced therapy,delay in treatment,requires clinical evaluation,who|nice guidelines,moderate
polymyalgia rheumatica,supportive care|treat underlying cause,symptomatic treatment|evaluation,specialist referral|advanced therapy,delay in treatment,requires clinical evaluation,who|nice guidelines,moderate
lymphedema,supportive care|treat underlying cause,symptomatic treatment|evaluation,specialist referral|advanced therapy,delay in treatment,requires clinical evaluation,who|nice guidelines,moderate
bladder cancer,supportive care|treat underlying cause,symptomatic treatment|evaluation,specialist referral|advanced therapy,delay in treatment,requires clinical evaluation,who|nice guidelines,moderate
acute bronchospasm,supportive care|treat underlying cause,symptomatic treatment|evaluation,specialist referral|advanced therapy,delay in treatment,requires clinical evaluation,who|nice guidelines,moderate
acute glaucoma,supportive care|treat underlying cause,symptomatic treatment|evaluation,specialist referral|advanced therapy,delay in treatment,requires clinical evaluation,who|nice guidelines,moderate
open wound of the chest,supportive care|treat underlying cause,symptomatic treatment|evaluation,specialist referral|advanced therapy,delay in treatment,requires clinical evaluation,who|nice guidelines,moderate
dislocation of the patella,supportive care|treat underlying cause,symptomatic treatment|evaluation,specialist referral|advanced therapy,delay in treatment,requires clinical evaluation,who|nice guidelines,moderate
sciatica,supportive care|treat underlying cause,symptomatic treatment|evaluation,specialist referral|advanced therapy,delay in treatment,requires clinical evaluation,who|nice guidelines,moderate
hypercalcemia,supportive care|treat underlying cause,symptomatic treatment|evaluation,specialist referral|advanced therapy,delay in treatment,requires clinical evaluation,who|nice guidelines,moderate
stress incontinence,supportive care|treat underlying cause,symptomatic treatment|evaluation,specialist referral|advanced therapy,delay in treatment,requires clinical evaluation,who|nice guidelines,moderate
varicose veins,supportive care|treat underlying cause,symptomatic treatment|evaluation,specialist referral|advanced therapy,delay in treatment,requires clinical evaluation,who|nice guidelines,moderate
benign kidney cyst,supportive care|treat underlying cause,symptomatic treatment|evaluation,specialist referral|advanced therapy,delay in treatment,requires clinical evaluation,who|nice guidelines,moderate
hydrocele of the testicle,supportive care|treat underlying cause,symptomatic treatment|evaluation,specialist referral|advanced therapy,delay in treatment,requires clinical evaluation,who|nice guidelines,moderate
degenerative disc disease,supportive care|treat underlying cause,symptomatic treatment|evaluation,specialist referral|advanced therapy,delay in treatment,requires clinical evaluation,who|nice guidelines,moderate
hirsutism,supportive care|treat underlying cause,symptomatic treatment|evaluation,specialist referral|advanced therapy,delay in treatment,requires clinical evaluation,who|nice guidelines,moderate
dislocation of the foot,supportive care|treat underlying cause,symptomatic treatment|evaluation,specialist referral|advanced therapy,delay in treatment,requires clinical evaluation,who|nice guidelines,moderate
hydronephrosis,supportive care|treat underlying cause,symptomatic treatment|evaluation,specialist referral|advanced therapy,delay in treatment,requires clinical evaluation,who|nice guidelines,moderate
diverticulosis,supportive care|treat underlying cause,symptomatic treatment|evaluation,specialist referral|advanced therapy,delay in treatment,requires clinical evaluation,who|nice guidelines,moderate
pain after an operation,supportive care|treat underlying cause,symptomatic treatment|evaluation,specialist referral|advanced therapy,delay in treatment,requires clinical evaluation,who|nice guidelines,moderate
huntington disease,supportive care|treat underlying cause,symptomatic treatment|evaluation,specialist referral|advanced therapy,delay in treatment,requires clinical evaluation,who|nice guidelines,moderate
lymphoma,supportive care|treat underlying cause,symptomatic treatment|evaluation,specialist referral|advanced therapy,delay in treatment,requires clinical evaluation,who|nice guidelines,moderate
dermatitis due to sun exposure,supportive care|treat underlying cause,symptomatic treatment|evaluation,specialist referral|advanced therapy,delay in treatment,requires clinical evaluation,who|nice guidelines,moderate
anemia due to chronic kidney disease,supportive care|treat underlying cause,symptomatic treatment|evaluation,specialist referral|advanced therapy,delay in treatment,requires clinical evaluation,who|nice guidelines,moderate
injury to internal organ,supportive care|treat underlying cause,symptomatic treatment|evaluation,specialist referral|advanced therapy,delay in treatment,requires clinical evaluation,who|nice guidelines,moderate
scleritis,supportive care|treat underlying cause,symptomatic treatment|evaluation,specialist referral|advanced therapy,delay in treatment,requires clinical evaluation,who|nice guidelines,moderate
pterygium,supportive care|treat underlying cause,symptomatic treatment|evaluation,specialist referral|advanced therapy,delay in treatment,requires clinical evaluation,who|nice guidelines,moderate
fungal infection of the skin,supportive care|treat underlying cause,symptomatic treatment|evaluation,specialist referral|advanced therapy,delay in treatment,requires clinical evaluation,who|nice guidelines,moderate
insulin overdose,supportive care|treat underlying cause,symptomatic treatment|evaluation,specialist referral|advanced therapy,delay in treatment,requires clinical evaluation,who|nice guidelines,moderate
syndrome of inappropriate secretion of adh (siadh),supportive care|treat underlying cause,symptomatic treatment|evaluation,specialist referral|advanced therapy,delay in treatment,requires clinical evaluation,who|nice guidelines,moderate
foreign body in the ear,supportive care|treat underlying cause,symptomatic treatment|evaluation,specialist referral|advanced therapy,delay in treatment,requires clinical evaluation,who|nice guidelines,moderate
premenstrual tension syndrome,supportive care|treat underlying cause,symptomatic treatment|evaluation,specialist referral|advanced therapy,delay in treatment,requires clinical evaluation,who|nice guidelines,moderate
orbital cellulitis,supportive care|treat underlying cause,symptomatic treatment|evaluation,specialist referral|advanced therapy,delay in treatment,requires clinical evaluation,who|nice guidelines,moderate
injury to the leg,supportive care|treat underlying cause,symptomatic treatment|evaluation,specialist referral|advanced therapy,delay in treatment,requires clinical evaluation,who|nice guidelines,moderate
hepatic encephalopathy,supportive care|treat underlying cause,symptomatic treatment|evaluation,specialist referral|advanced therapy,delay in treatment,requires clinical evaluation,who|nice guidelines,moderate
bone cancer,supportive care|treat underlying cause,symptomatic treatment|evaluation,specialist referral|advanced therapy,delay in treatment,requires clinical evaluation,who|nice guidelines,moderate
syringomyelia,supportive care|treat underlying cause,symptomatic treatment|evaluation,specialist referral|advanced therapy,delay in treatment,requires clinical evaluation,who|nice guidelines,moderate
pulmonary fibrosis,supportive care|treat underlying cause,symptomatic treatment|evaluation,specialist referral|advanced therapy,delay in treatment,requires clinical evaluation,who|nice guidelines,moderate
mitral valve disease,supportive care|treat underlying cause,symptomatic treatment|evaluation,specialist referral|advanced therapy,delay in treatment,requires clinical evaluation,who|nice guidelines,moderate
parkinson disease,supportive care|treat underlying cause,symptomatic treatment|evaluation,specialist referral|advanced therapy,delay in treatment,requires clinical evaluation,who|nice guidelines,moderate
gout,supportive care|treat underlying cause,symptomatic treatment|evaluation,specialist referral|advanced therapy,delay in treatment,requires clinical evaluation,who|nice guidelines,moderate
otitis media,supportive care|treat underlying cause,symptomatic treatment|evaluation,specialist referral|advanced therapy,delay in treatment,requires clinical evaluation,who|nice guidelines,moderate
drug abuse (opioids),supportive care|treat underlying cause,symptomatic treatment|evaluation,specialist referral|advanced therapy,delay in treatment,requires clinical evaluation,who|nice guidelines,moderate
myelodysplastic syndrome,supportive care|treat underlying cause,symptomatic treatment|evaluation,specialist referral|advanced therapy,delay in treatment,requires clinical evaluation,who|nice guidelines,moderate
fracture of the shoulder,supportive care|treat underlying cause,symptomatic treatment|evaluation,specialist referral|advanced therapy,delay in treatment,requires clinical evaluation,who|nice guidelines,moderate
acute kidney injury,supportive care|treat underlying cause,symptomatic treatment|evaluation,specialist referral|advanced therapy,delay in treatment,requires clinical evaluation,who|nice guidelines,moderate
threatened pregnancy,supportive care|treat underlying cause,symptomatic treatment|evaluation,specialist referral|advanced therapy,delay in treatment,requires clinical evaluation,who|nice guidelines,moderate
intracranial abscess,supportive care|treat underlying cause,symptomatic treatment|evaluation,specialist referral|advanced therapy,delay in treatment,requires clinical evaluation,who|nice guidelines,moderate
gum disease,supportive care|treat underlying cause,symptomatic treatment|evaluation,specialist referral|advanced therapy,delay in treatment,requires clinical evaluation,who|nice guidelines,moderate
open wound from surgical incision,supportive care|treat underlying cause,symptomatic treatment|evaluation,specialist referral|advanced therapy,delay in treatment,requires clinical evaluation,who|nice guidelines,moderate
gastrointestinal hemorrhage,supportive care|treat underlying cause,symptomatic treatment|evaluation,specialist referral|advanced therapy,delay in treatment,requires clinical evaluation,who|nice guidelines,moderate
seborrheic dermatitis,supportive care|treat underlying cause,symptomatic treatment|evaluation,specialist referral|advanced therapy,delay in treatment,requires clinical evaluation,who|nice guidelines,moderate
drug abuse (methamphetamine),supportive care|treat underlying cause,symptomatic treatment|evaluation,specialist referral|advanced therapy,delay in treatment,requires clinical evaluation,who|nice guidelines,moderate
torticollis,supportive care|treat underlying cause,symptomatic treatment|evaluation,specialist referral|advanced therapy,delay in treatment,requires clinical evaluation,who|nice guidelines,moderate
poisoning due to antihypertensives,supportive care|treat underlying cause,symptomatic treatment|evaluation,specialist referral|advanced therapy,delay in treatment,requires clinical evaluation,who|nice guidelines,moderate
tension headache,supportive care|treat underlying cause,symptomatic treatment|evaluation,specialist referral|advanced therapy,delay in treatment,requires clinical evaluation,who|nice guidelines,moderate
alcohol intoxication,supportive care|treat underlying cause,symptomatic treatment|evaluation,specialist referral|advanced therapy,delay in treatment,requires clinical evaluation,who|nice guidelines,moderate
scurvy,supportive care|treat underlying cause,symptomatic treatment|evaluation,specialist referral|advanced therapy,delay in treatment,requires clinical evaluation,who|nice guidelines,moderate
narcolepsy,supportive care|treat underlying cause,symptomatic treatment|evaluation,specialist referral|advanced therapy,delay in treatment,requires clinical evaluation,who|nice guidelines,moderate
food allergy,supportive care|treat underlying cause,symptomatic treatment|evaluation,specialist referral|advanced therapy,delay in treatment,requires clinical evaluation,who|nice guidelines,moderate
labyrinthitis,supportive care|treat underlying cause,symptomatic treatment|evaluation,specialist referral|advanced therapy,delay in treatment,requires clinical evaluation,who|nice guidelines,moderate
anxiety,supportive care|treat underlying cause,symptomatic treatment|evaluation,specialist referral|advanced therapy,delay in treatment,requires clinical evaluation,who|nice guidelines,moderate
impulse control disorder,supportive care|treat underlying cause,symptomatic treatment|evaluation,specialist referral|advanced therapy,delay in treatment,requires clinical evaluation,who|nice guidelines,moderate
stenosis of the tear duct,supportive care|treat underlying cause,symptomatic treatment|evaluation,specialist referral|advanced therapy,delay in treatment,requires clinical evaluation,who|nice guidelines,moderate
abscess of nose,supportive care|treat underlying cause,symptomatic treatment|evaluation,specialist referral|advanced therapy,delay in treatment,requires clinical evaluation,who|nice guidelines,moderate
omphalitis,supportive care|treat underlying cause,symptomatic treatment|evaluation,specialist referral|advanced therapy,delay in treatment,requires clinical evaluation,who|nice guidelines,moderate
leukemia,supportive care|treat underlying cause,symptomatic treatment|evaluation,specialist referral|advanced therapy,delay in treatment,requires clinical evaluation,who|nice guidelines,moderate
bell palsy,supportive care|treat underlying cause,symptomatic treatment|evaluation,specialist referral|advanced therapy,delay in treatment,requires clinical evaluation,who|nice guidelines,moderate
conjunctivitis due to allergy,supportive care|treat underlying cause,symptomatic treatment|evaluation,specialist referral|advanced therapy,delay in treatment,requires clinical evaluation,who|nice guidelines,moderate
drug reaction,supportive care|treat underlying cause,symptomatic treatment|evaluation,specialist referral|advanced therapy,delay in treatment,requires clinical evaluation,who|nice guidelines,moderate
adrenal cancer,supportive care|treat underlying cause,symptomatic treatment|evaluation,specialist referral|advanced therapy,delay in treatment,requires clinical evaluation,who|nice guidelines,moderate
myopia,supportive care|treat underlying cause,symptomatic treatment|evaluation,specialist referral|advanced therapy,delay in treatment,requires clinical evaluation,who|nice guidelines,moderate
osteoarthritis,supportive care|treat underlying cause,symptomatic treatment|evaluation,specialist referral|advanced therapy,delay in treatment,requires clinical evaluation,who|nice guidelines,moderate
thyroid disease,supportive care|treat underlying cause,symptomatic treatment|evaluation,specialist referral|advanced therapy,delay in treatment,requires clinical evaluation,who|nice guidelines,moderate
pharyngitis,supportive care|treat underlying cause,symptomatic treatment|evaluation,specialist referral|advanced therapy,delay in treatment,requires clinical evaluation,who|nice guidelines,moderate
chronic rheumatic fever,supportive care|treat underlying cause,symptomatic treatment|evaluation,specialist referral|advanced therapy,delay in treatment,requires clinical evaluation,who|nice guidelines,moderate
hypocalcemia,supportive care|treat underlying cause,symptomatic treatment|evaluation,specialist referral|advanced therapy,delay in treatment,requires clinical evaluation,who|nice guidelines,moderate
macular degeneration,supportive care|treat underlying cause,symptomatic treatment|evaluation,specialist referral|advanced therapy,delay in treatment,requires clinical evaluation,who|nice guidelines,moderate
pneumonia,supportive care|treat underlying cause,symptomatic treatment|evaluation,specialist referral|advanced therapy,delay in treatment,requires clinical evaluation,who|nice guidelines,moderate
cold sore,supportive care|treat underlying cause,symptomatic treatment|evaluation,specialist referral|advanced therapy,delay in treatment,requires clinical evaluation,who|nice guidelines,moderate
premature ventricular contractions (pvcs),supportive care|treat underlying cause,symptomatic treatment|evaluation,specialist referral|advanced therapy,delay in treatment,requires clinical evaluation,who|nice guidelines,moderate
testicular cancer,supportive care|treat underlying cause,symptomatic treatment|evaluation,specialist referral|advanced therapy,delay in treatment,requires clinical evaluation,who|nice guidelines,moderate
hydrocephalus,supportive care|treat underlying cause,symptomatic treatment|evaluation,specialist referral|advanced therapy,delay in treatment,requires clinical evaluation,who|nice guidelines,moderate
breast cancer,supportive care|treat underlying cause,symptomatic treatment|evaluation,specialist referral|advanced therapy,delay in treatment,requires clinical evaluation,who|nice guidelines,moderate
anemia due to malignancy,supportive care|treat underlying cause,symptomatic treatment|evaluation,specialist referral|advanced therapy,delay in treatment,requires clinical evaluation,who|nice guidelines,moderate
esophageal varices,supportive care|treat underlying cause,symptomatic treatment|evaluation,specialist referral|advanced therapy,delay in treatment,requires clinical evaluation,who|nice guidelines,moderate
endometrial cancer,supportive care|treat underlying cause,symptomatic treatment|evaluation,specialist referral|advanced therapy,delay in treatment,requires clinical evaluation,who|nice guidelines,moderate
cystic fibrosis,supportive care|treat underlying cause,symptomatic treatment|evaluation,specialist referral|advanced therapy,delay in treatment,requires clinical evaluation,who|nice guidelines,moderate
intertrigo (skin condition),supportive care|treat underlying cause,symptomatic treatment|evaluation,specialist referral|advanced therapy,delay in treatment,requires clinical evaluation,who|nice guidelines,moderate
parathyroid adenoma,supportive care|treat underlying cause,symptomatic treatment|evaluation,specialist referral|advanced therapy,delay in treatment,requires clinical evaluation,who|nice guidelines,moderate
glucocorticoid deficiency,supportive care|treat underlying cause,symptomatic treatment|evaluation,specialist referral|advanced therapy,delay in treatment,requires clinical evaluation,who|nice guidelines,moderate
temporomandibular joint disorder,supportive care|treat underlying cause,symptomatic treatment|evaluation,specialist referral|advanced therapy,delay in treatment,requires clinical evaluation,who|nice guidelines,moderate
wilson disease,supportive care|treat underlying cause,symptomatic treatment|evaluation,specialist referral|advanced therapy,delay in treatment,requires clinical evaluation,who|nice guidelines,moderate
vesicoureteral reflux,supportive care|treat underlying cause,symptomatic treatment|evaluation,specialist referral|advanced therapy,delay in treatment,requires clinical evaluation,who|nice guidelines,moderate
vitamin a deficiency,supportive care|treat underlying cause,symptomatic treatment|evaluation,specialist referral|advanced therapy,delay in treatment,requires clinical evaluation,who|nice guidelines,moderate
gonorrhea,supportive care|treat underlying cause,symptomatic treatment|evaluation,specialist referral|advanced therapy,delay in treatment,requires clinical evaluation,who|nice guidelines,moderate
fracture of the rib,supportive care|treat underlying cause,symptomatic treatment|evaluation,specialist referral|advanced therapy,delay in treatment,requires clinical evaluation,who|nice guidelines,moderate
ependymoma,supportive care|treat underlying cause,symptomatic treatment|evaluation,specialist referral|advanced therapy,delay in treatment,requires clinical evaluation,who|nice guidelines,moderate
hepatitis due to a toxin,supportive care|treat underlying cause,symptomatic treatment|evaluation,specialist referral|advanced therapy,delay in treatment,requires clinical evaluation,who|nice guidelines,moderate
vaginal cyst,supportive care|treat underlying cause,symptomatic treatment|evaluation,specialist referral|advanced therapy,delay in treatment,requires clinical evaluation,who|nice guidelines,moderate
open wound of the shoulder,supportive care|treat underlying cause,symptomatic treatment|evaluation,specialist referral|advanced therapy,delay in treatment,requires clinical evaluation,who|nice guidelines,moderate
ectopic pregnancy,supportive care|treat underlying cause,symptomatic treatment|evaluation,specialist referral|advanced therapy,delay in treatment,requires clinical evaluation,who|nice guidelines,moderate
chronic knee pain,supportive care|treat underlying cause,symptomatic treatment|evaluation,specialist referral|advanced therapy,delay in treatment,requires clinical evaluation,who|nice guidelines,moderate
pinguecula,supportive care|treat underlying cause,symptomatic treatment|evaluation,specialist referral|advanced therapy,delay in treatment,requires clinical evaluation,who|nice guidelines,moderate
hypergammaglobulinemia,supportive care|treat underlying cause,symptomatic treatment|evaluation,specialist referral|advanced therapy,delay in treatment,requires clinical evaluation,who|nice guidelines,moderate
alcohol abuse,supportive care|treat underlying cause,symptomatic treatment|evaluation,specialist referral|advanced therapy,delay in treatment,requires clinical evaluation,who|nice guidelines,moderate
carpal tunnel syndrome,supportive care|treat underlying cause,symptomatic treatment|evaluation,specialist referral|advanced therapy,delay in treatment,requires clinical evaluation,who|nice guidelines,moderate
pituitary disorder,supportive care|treat underlying cause,symptomatic treatment|evaluation,specialist referral|advanced therapy,delay in treatment,requires clinical evaluation,who|nice guidelines,moderate
kidney stone,supportive care|treat underlying cause,symptomatic treatment|evaluation,specialist referral|advanced therapy,delay in treatment,requires clinical evaluation,who|nice guidelines,moderate
autism,supportive care|treat underlying cause,symptomatic treatment|evaluation,specialist referral|advanced therapy,delay in treatment,requires clinical evaluation,who|nice guidelines,moderate
cat scratch disease,supportive care|treat underlying cause,symptomatic treatment|evaluation,specialist referral|advanced therapy,delay in treatment,requires clinical evaluation,who|nice guidelines,moderate
chronic glaucoma,supportive care|treat underlying cause,symptomatic treatment|evaluation,specialist referral|advanced therapy,delay in treatment,requires clinical evaluation,who|nice guidelines,moderate
retinal detachment,supportive care|treat underlying cause,symptomatic treatment|evaluation,specialist referral|advanced therapy,delay in treatment,requires clinical evaluation,who|nice guidelines,moderate
aplastic anemia,supportive care|treat underlying cause,symptomatic treatment|evaluation,specialist referral|advanced therapy,delay in treatment,requires clinical evaluation,who|nice guidelines,moderate
overflow incontinence,supportive care|treat underlying cause,symptomatic treatment|evaluation,specialist referral|advanced therapy,delay in treatment,requires clinical evaluation,who|nice guidelines,moderate
hemolytic anemia,supportive care|treat underlying cause,symptomatic treatment|evaluation,specialist referral|advanced therapy,delay in treatment,requires clinical evaluation,who|nice guidelines,moderate
lateral epicondylitis (tennis elbow),supportive care|treat underlying cause,symptomatic treatment|evaluation,specialist referral|advanced therapy,delay in treatment,requires clinical evaluation,who|nice guidelines,moderate
open wound of the eye,supportive care|treat underlying cause,symptomatic treatment|evaluation,specialist referral|advanced therapy,delay in treatment,requires clinical evaluation,who|nice guidelines,moderate
syphilis,supportive care|treat underlying cause,symptomatic treatment|evaluation,specialist referral|advanced therapy,delay in treatment,requires clinical evaluation,who|nice guidelines,moderate
diabetic kidney disease,supportive care|treat underlying cause,symptomatic treatment|evaluation,specialist referral|advanced therapy,delay in treatment,requires clinical evaluation,who|nice guidelines,moderate
nose disorder,supportive care|treat underlying cause,symptomatic treatment|evaluation,specialist referral|advanced therapy,delay in treatment,requires clinical evaluation,who|nice guidelines,moderate
drug withdrawal,supportive care|treat underlying cause,symptomatic treatment|evaluation,specialist referral|advanced therapy,delay in treatment,requires clinical evaluation,who|nice guidelines,moderate
dental caries,supportive care|treat underlying cause,symptomatic treatment|evaluation,specialist referral|advanced therapy,delay in treatment,requires clinical evaluation,who|nice guidelines,moderate
hypercholesterolemia,supportive care|treat underlying cause,symptomatic treatment|evaluation,specialist referral|advanced therapy,delay in treatment,requires clinical evaluation,who|nice guidelines,moderate
fracture of the patella,supportive care|treat underlying cause,symptomatic treatment|evaluation,specialist referral|advanced therapy,delay in treatment,requires clinical evaluation,who|nice guidelines,moderate
kidney failure,supportive care|treat underlying cause,symptomatic treatment|evaluation,specialist referral|advanced therapy,delay in treatment,requires clinical evaluation,who|nice guidelines,moderate
fracture of the neck,supportive care|treat underlying cause,symptomatic treatment|evaluation,specialist referral|advanced therapy,delay in treatment,requires clinical evaluation,who|nice guidelines,moderate
muscle spasm,supportive care|treat underlying cause,symptomatic treatment|evaluation,specialist referral|advanced therapy,delay in treatment,requires clinical evaluation,who|nice guidelines,moderate
hemophilia,supportive care|treat underlying cause,symptomatic treatment|evaluation,specialist referral|advanced therapy,delay in treatment,requires clinical evaluation,who|nice guidelines,moderate
hyperosmotic hyperketotic state,supportive care|treat underlying cause,symptomatic treatment|evaluation,specialist referral|advanced therapy,delay in treatment,requires clinical evaluation,who|nice guidelines,moderate
peritonsillar abscess,supportive care|treat underlying cause,symptomatic treatment|evaluation,specialist referral|advanced therapy,delay in treatment,requires clinical evaluation,who|nice guidelines,moderate
gastroparesis,supportive care|treat underlying cause,symptomatic treatment|evaluation,specialist referral|advanced therapy,delay in treatment,requires clinical evaluation,who|nice guidelines,moderate
itching of unknown cause,supportive care|treat underlying cause,symptomatic treatment|evaluation,specialist referral|advanced therapy,delay in treatment,requires clinical evaluation,who|nice guidelines,moderate
polycythemia vera,supportive care|treat underlying cause,symptomatic treatment|evaluation,specialist referral|advanced therapy,delay in treatment,requires clinical evaluation,who|nice guidelines,moderate
thrombocytopenia,supportive care|treat underlying cause,symptomatic treatment|evaluation,specialist referral|advanced therapy,delay in treatment,requires clinical evaluation,who|nice guidelines,moderate
head and neck cancer,supportive care|treat underlying cause,symptomatic treatment|evaluation,specialist referral|advanced therapy,delay in treatment,requires clinical evaluation,who|nice guidelines,moderate
pseudohypoparathyroidism,supportive care|treat underlying cause,symptomatic treatment|evaluation,specialist referral|advanced therapy,delay in treatment,requires clinical evaluation,who|nice guidelines,moderate
goiter,supportive care|treat underlying cause,symptomatic treatment|evaluation,specialist referral|advanced therapy,delay in treatment,requires clinical evaluation,who|nice guidelines,moderate
urge incontinence,supportive care|treat underlying cause,symptomatic treatment|evaluation,specialist referral|advanced therapy,delay in treatment,requires clinical evaluation,who|nice guidelines,moderate
edward syndrome,supportive care|treat underlying cause,symptomatic treatment|evaluation,specialist referral|advanced therapy,delay in treatment,requires clinical evaluation,who|nice guidelines,moderate
open wound of the arm,supportive care|treat underlying cause,symptomatic treatment|evaluation,specialist referral|advanced therapy,delay in treatment,requires clinical evaluation,who|nice guidelines,moderate
muscular dystrophy,supportive care|treat underlying cause,symptomatic treatment|evaluation,specialist referral|advanced therapy,delay in treatment,requires clinical evaluation,who|nice guidelines,moderate
mittelschmerz,supportive care|treat underlying cause,symptomatic treatment|evaluation,specialist referral|advanced therapy,delay in treatment,requires clinical evaluation,who|nice guidelines,moderate
corneal abrasion,supportive care|treat underlying cause,symptomatic treatment|evaluation,specialist referral|advanced therapy,delay in treatment,requires clinical evaluation,who|nice guidelines,moderate
anemia of chronic disease,supportive care|treat underlying cause,symptomatic treatment|evaluation,specialist referral|advanced therapy,delay in treatment,requires clinical evaluation,who|nice guidelines,moderate
dysthymic disorder,supportive care|treat underlying cause,symptomatic treatment|evaluation,specialist referral|advanced therapy,delay in treatment,requires clinical evaluation,who|nice guidelines,moderate
scarlet fever,supportive care|treat underlying cause,symptomatic treatment|evaluation,specialist referral|advanced therapy,delay in treatment,requires clinical evaluation,who|nice guidelines,moderate
hypertensive heart disease,supportive care|treat underlying cause,symptomatic treatment|evaluation,specialist referral|advanced therapy,delay in treatment,requires clinical evaluation,who|nice guidelines,moderate
drug abuse (barbiturates),supportive care|treat underlying cause,symptomatic treatment|evaluation,specialist referral|advanced therapy,delay in treatment,requires clinical evaluation,who|nice guidelines,moderate
polycystic ovarian syndrome (pcos),supportive care|treat underlying cause,symptomatic treatment|evaluation,specialist referral|advanced therapy,delay in treatment,requires clinical evaluation,who|nice guidelines,moderate
encephalitis,supportive care|treat underlying cause,symptomatic treatment|evaluation,specialist referral|advanced therapy,delay in treatment,requires clinical evaluation,who|nice guidelines,moderate
cyst of the eyelid,supportive care|treat underlying cause,symptomatic treatment|evaluation,specialist referral|advanced therapy,delay in treatment,requires clinical evaluation,who|nice guidelines,moderate
balanitis,supportive care|treat underlying cause,symptomatic treatment|evaluation,specialist referral|advanced therapy,delay in treatment,requires clinical evaluation,who|nice guidelines,moderate
foreign body in the throat,supportive care|treat underlying cause,symptomatic treatment|evaluation,specialist referral|advanced therapy,delay in treatment,requires clinical evaluation,who|nice guidelines,moderate
drug abuse (cocaine),supportive care|treat underlying cause,symptomatic treatment|evaluation,specialist referral|advanced therapy,delay in treatment,requires clinical evaluation,who|nice guidelines,moderate
optic neuritis,supportive care|treat underlying cause,symptomatic treatment|evaluation,specialist referral|advanced therapy,delay in treatment,requires clinical evaluation,who|nice guidelines,moderate
alcohol withdrawal,supportive care|treat underlying cause,symptomatic treatment|evaluation,specialist referral|advanced therapy,delay in treatment,requires clinical evaluation,who|nice guidelines,moderate
premature atrial contractions (pacs),supportive care|treat underlying cause,symptomatic treatment|evaluation,specialist referral|advanced therapy,delay in treatment,requires clinical evaluation,who|nice guidelines,moderate
hemiplegia,supportive care|treat underlying cause,symptomatic treatment|evaluation,specialist referral|advanced therapy,delay in treatment,requires clinical evaluation,who|nice guidelines,moderate
hammer toe,supportive care|treat underlying cause,symptomatic treatment|evaluation,specialist referral|advanced therapy,delay in treatment,requires clinical evaluation,who|nice guidelines,moderate
open wound of the cheek,supportive care|treat underlying cause,symptomatic treatment|evaluation,specialist referral|advanced therapy,delay in treatment,requires clinical evaluation,who|nice guidelines,moderate
joint effusion,supportive care|treat underlying cause,symptomatic treatment|evaluation,specialist referral|advanced therapy,delay in treatment,requires clinical evaluation,who|nice guidelines,moderate
open wound of the knee,supportive care|treat underlying cause,symptomatic treatment|evaluation,specialist referral|advanced therapy,delay in treatment,requires clinical evaluation,who|nice guidelines,moderate
meningioma,supportive care|treat underlying cause,symptomatic treatment|evaluation,specialist referral|advanced therapy,delay in treatment,requires clinical evaluation,who|nice guidelines,moderate
brain cancer,supportive care|treat underlying cause,symptomatic treatment|evaluation,specialist referral|advanced therapy,delay in treatment,requires clinical evaluation,who|nice guidelines,moderate
placental abruption,supportive care|treat underlying cause,symptomatic treatment|evaluation,specialist referral|advanced therapy,delay in treatment,requires clinical evaluation,who|nice guidelines,moderate
seasonal allergies (hay fever),supportive care|treat underlying cause,symptomatic treatment|evaluation,specialist referral|advanced therapy,delay in treatment,requires clinical evaluation,who|nice guidelines,moderate
lung cancer,supportive care|treat underlying cause,symptomatic treatment|evaluation,specialist referral|advanced therapy,delay in treatment,requires clinical evaluation,who|nice guidelines,moderate
primary kidney disease,supportive care|treat underlying cause,symptomatic treatment|evaluation,specialist referral|advanced therapy,delay in treatment,requires clinical evaluation,who|nice guidelines,moderate
uterine cancer,supportive care|treat underlying cause,symptomatic treatment|evaluation,specialist referral|advanced therapy,delay in treatment,requires clinical evaluation,who|nice guidelines,moderate
dry eye of unknown cause,supportive care|treat underlying cause,symptomatic treatment|evaluation,specialist referral|advanced therapy,delay in treatment,requires clinical evaluation,who|nice guidelines,moderate
fibrocystic breast disease,supportive care|treat underlying cause,symptomatic treatment|evaluation,specialist referral|advanced therapy,delay in treatment,requires clinical evaluation,who|nice guidelines,moderate
fungal infection of the hair,supportive care|treat underlying cause,symptomatic treatment|evaluation,specialist referral|advanced therapy,delay in treatment,requires clinical evaluation,who|nice guidelines,moderate
tooth abscess,supportive care|treat underlying cause,symptomatic treatment|evaluation,specialist referral|advanced therapy,delay in treatment,requires clinical evaluation,who|nice guidelines,moderate
envenomation from spider or animal bite,supportive care|treat underlying cause,symptomatic treatment|evaluation,specialist referral|advanced therapy,delay in treatment,requires clinical evaluation,who|nice guidelines,moderate
vacterl syndrome,supportive care|treat underlying cause,symptomatic treatment|evaluation,specialist referral|advanced therapy,delay in treatment,requires clinical evaluation,who|nice guidelines,moderate
vertebrobasilar insufficiency,supportive care|treat underlying cause,symptomatic treatment|evaluation,specialist referral|advanced therapy,delay in treatment,requires clinical evaluation,who|nice guidelines,moderate
rectal disorder,supportive care|treat underlying cause,symptomatic treatment|evaluation,specialist referral|advanced therapy,delay in treatment,requires clinical evaluation,who|nice guidelines,moderate
atonic bladder,supportive care|treat underlying cause,symptomatic treatment|evaluation,specialist referral|advanced therapy,delay in treatment,requires clinical evaluation,who|nice guidelines,moderate
benign paroxysmal positional vertical (bppv),supportive care|treat underlying cause,symptomatic treatment|evaluation,specialist referral|advanced therapy,delay in treatment,requires clinical evaluation,who|nice guidelines,moderate
blepharospasm,supportive care|treat underlying cause,symptomatic treatment|evaluation,specialist referral|advanced therapy,delay in treatment,requires clinical evaluation,who|nice guidelines,moderate
sarcoidosis,supportive care|treat underlying cause,symptomatic treatment|evaluation,specialist referral|advanced therapy,delay in treatment,requires clinical evaluation,who|nice guidelines,moderate
metastatic cancer,supportive care|treat underlying cause,symptomatic treatment|evaluation,specialist referral|advanced therapy,delay in treatment,requires clinical evaluation,who|nice guidelines,moderate
trigger finger (finger disorder),supportive care|treat underlying cause,symptomatic treatment|evaluation,specialist referral|advanced therapy,delay in treatment,requires clinical evaluation,who|nice guidelines,moderate
stye,supportive care|treat underlying cause,symptomatic treatment|evaluation,specialist referral|advanced therapy,delay in treatment,requires clinical evaluation,who|nice guidelines,moderate
hemochromatosis,supportive care|treat underlying cause,symptomatic treatment|evaluation,specialist referral|advanced therapy,delay in treatment,requires clinical evaluation,who|nice guidelines,moderate
osteochondroma,supportive care|treat underlying cause,symptomatic treatment|evaluation,specialist referral|advanced therapy,delay in treatment,requires clinical evaluation,who|nice guidelines,moderate
cushing syndrome,supportive care|treat underlying cause,symptomatic treatment|evaluation,specialist referral|advanced therapy,delay in treatment,requires clinical evaluation,who|nice guidelines,moderate
typhoid fever,supportive care|treat underlying cause,symptomatic treatment|evaluation,specialist referral|advanced therapy,delay in treatment,requires clinical evaluation,who|nice guidelines,moderate
vitreous degeneration,supportive care|treat underlying cause,symptomatic treatment|evaluation,specialist referral|advanced therapy,delay in treatment,requires clinical evaluation,who|nice guidelines,moderate
atrophic skin condition,supportive care|treat underlying cause,symptomatic treatment|evaluation,specialist referral|advanced therapy,delay in treatment,requires clinical evaluation,who|nice guidelines,moderate
aspergillosis,supportive care|treat underlying cause,symptomatic treatment|evaluation,specialist referral|advanced therapy,delay in treatment,requires clinical evaluation,who|nice guidelines,moderate
uterine atony,supportive care|treat underlying cause,symptomatic treatment|evaluation,specialist referral|advanced therapy,delay in treatment,requires clinical evaluation,who|nice guidelines,moderate
trichinosis,supportive care|treat underlying cause,symptomatic treatment|evaluation,specialist referral|advanced therapy,delay in treatment,requires clinical evaluation,who|nice guidelines,moderate
whooping cough,supportive care|treat underlying cause,symptomatic treatment|evaluation,specialist referral|advanced therapy,delay in treatment,requires clinical evaluation,who|nice guidelines,moderate
open wound of the lip,supportive care|treat underlying cause,symptomatic treatment|evaluation,specialist referral|advanced therapy,delay in treatment,requires clinical evaluation,who|nice guidelines,moderate
subacute thyroiditis,supportive care|treat underlying cause,symptomatic treatment|evaluation,specialist referral|advanced therapy,delay in treatment,requires clinical evaluation,who|nice guidelines,moderate
oral mucosal lesion,supportive care|treat underlying cause,symptomatic treatment|evaluation,specialist referral|advanced therapy,delay in treatment,requires clinical evaluation,who|nice guidelines,moderate
open wound due to trauma,supportive care|treat underlying cause,symptomatic treatment|evaluation,specialist referral|advanced therapy,delay in treatment,requires clinical evaluation,who|nice guidelines,moderate
intracerebral hemorrhage,supportive care|treat underlying cause,symptomatic treatment|evaluation,specialist referral|advanced therapy,delay in treatment,requires clinical evaluation,who|nice guidelines,moderate
alzheimer disease,supportive care|treat underlying cause,symptomatic treatment|evaluation,specialist referral|advanced therapy,delay in treatment,requires clinical evaluation,who|nice guidelines,moderate
vaginismus,supportive care|treat underlying cause,symptomatic treatment|evaluation,specialist referral|advanced therapy,delay in treatment,requires clinical evaluation,who|nice guidelines,moderate
systemic lupus erythematosis (sle),supportive care|treat underlying cause,symptomatic treatment|evaluation,specialist referral|advanced therapy,delay in treatment,requires clinical evaluation,who|nice guidelines,moderate
premature ovarian failure,supportive care|treat underlying cause,symptomatic treatment|evaluation,specialist referral|advanced therapy,delay in treatment,requires clinical evaluation,who|nice guidelines,moderate
thoracic outlet syndrome,supportive care|treat underlying cause,symptomatic treatment|evaluation,specialist referral|advanced therapy,delay in treatment,requires clinical evaluation,who|nice guidelines,moderate
ganglion cyst,supportive care|treat underlying cause,symptomatic treatment|evaluation,specialist referral|advanced therapy,delay in treatment,requires clinical evaluation,who|nice guidelines,moderate
dislocation of the knee,supportive care|treat underlying cause,symptomatic treatment|evaluation,specialist referral|advanced therapy,delay in treatment,requires clinical evaluation,who|nice guidelines,moderate
crohn disease,supportive care|treat underlying cause,symptomatic treatment|evaluation,specialist referral|advanced therapy,delay in treatment,requires clinical evaluation,who|nice guidelines,moderate
postoperative infection,supportive care|treat underlying cause,symptomatic treatment|evaluation,specialist referral|advanced therapy,delay in treatment,requires clinical evaluation,who|nice guidelines,moderate
folate deficiency,supportive care|treat underlying cause,symptomatic treatment|evaluation,specialist referral|advanced therapy,delay in treatment,requires clinical evaluation,who|nice guidelines,moderate
fluid overload,supportive care|treat underlying cause,symptomatic treatment|evaluation,specialist referral|advanced therapy,delay in treatment,requires clinical evaluation,who|nice guidelines,moderate
atrial flutter,supportive care|treat underlying cause,symptomatic treatment|evaluation,specialist referral|advanced therapy,delay in treatment,requires clinical evaluation,who|nice guidelines,moderate
skin disorder,supportive care|treat underlying cause,symptomatic treatment|evaluation,specialist referral|advanced therapy,delay in treatment,requires clinical evaluation,who|nice guidelines,moderate
floaters,supportive care|treat underlying cause,symptomatic treatment|evaluation,specialist referral|advanced therapy,delay in treatment,requires clinical evaluation,who|nice guidelines,moderate
tooth disorder,supportive care|treat underlying cause,symptomatic treatment|evaluation,specialist referral|advanced therapy,delay in treatment,requires clinical evaluation,who|nice guidelines,moderate
heart attack,supportive care|treat underlying cause,symptomatic treatment|evaluation,specialist referral|advanced therapy,delay in treatment,requires clinical evaluation,who|nice guidelines,moderate
open wound of the abdomen,supportive care|treat underlying cause,symptomatic treatment|evaluation,specialist referral|advanced therapy,delay in treatment,requires clinical evaluation,who|nice guidelines,moderate
fracture of the leg,supportive care|treat underlying cause,symptomatic treatment|evaluation,specialist referral|advanced therapy,delay in treatment,requires clinical evaluation,who|nice guidelines,moderate
oral thrush (yeast infection),supportive care|treat underlying cause,symptomatic treatment|evaluation,specialist referral|advanced therapy,delay in treatment,requires clinical evaluation,who|nice guidelines,moderate
pityriasis rosea,supportive care|treat underlying cause,symptomatic treatment|evaluation,specialist referral|advanced therapy,delay in treatment,requires clinical evaluation,who|nice guidelines,moderate
allergy to animals,supportive care|treat underlying cause,symptomatic treatment|evaluation,specialist referral|advanced therapy,delay in treatment,requires clinical evaluation,who|nice guidelines,moderate
orthostatic hypotension,supportive care|treat underlying cause,symptomatic treatment|evaluation,specialist referral|advanced therapy,delay in treatment,requires clinical evaluation,who|nice guidelines,moderate
obstructive sleep apnea (osa),supportive care|treat underlying cause,symptomatic treatment|evaluation,specialist referral|advanced therapy,delay in treatment,requires clinical evaluation,who|nice guidelines,moderate
hypokalemia,supportive care|treat underlying cause,symptomatic treatment|evaluation,specialist referral|advanced therapy,delay in treatment,requires clinical evaluation,who|nice guidelines,moderate
psoriasis,supportive care|treat underlying cause,symptomatic treatment|evaluation,specialist referral|advanced therapy,delay in treatment,requires clinical evaluation,who|nice guidelines,moderate
dislocation of the shoulder,supportive care|treat underlying cause,symptomatic treatment|evaluation,specialist referral|advanced therapy,delay in treatment,requires clinical evaluation,who|nice guidelines,moderate
intussusception,supportive care|treat underlying cause,symptomatic treatment|evaluation,specialist referral|advanced therapy,delay in treatment,requires clinical evaluation,who|nice guidelines,moderate
cervicitis,supportive care|treat underlying cause,symptomatic treatment|evaluation,specialist referral|advanced therapy,delay in treatment,requires clinical evaluation,who|nice guidelines,moderate
abscess of the pharynx,supportive care|treat underlying cause,symptomatic treatment|evaluation,specialist referral|advanced therapy,delay in treatment,requires clinical evaluation,who|nice guidelines,moderate
primary thrombocythemia,supportive care|treat underlying cause,symptomatic treatment|evaluation,specialist referral|advanced therapy,delay in treatment,requires clinical evaluation,who|nice guidelines,moderate
arthritis of the hip,supportive care|treat underlying cause,symptomatic treatment|evaluation,specialist referral|advanced therapy,delay in treatment,requires clinical evaluation,who|nice guidelines,moderate
decubitus ulcer,supportive care|treat underlying cause,symptomatic treatment|evaluation,specialist referral|advanced therapy,delay in treatment,requires clinical evaluation,who|nice guidelines,moderate
hypernatremia,supportive care|treat underlying cause,symptomatic treatment|evaluation,specialist referral|advanced therapy,delay in treatment,requires clinical evaluation,who|nice guidelines,moderate
sensorineural hearing loss,supportive care|treat underlying cause,symptomatic treatment|evaluation,specialist referral|advanced therapy,delay in treatment,requires clinical evaluation,who|nice guidelines,moderate
chronic ulcer,supportive care|treat underlying cause,symptomatic treatment|evaluation,specialist referral|advanced therapy,delay in treatment,requires clinical evaluation,who|nice guidelines,moderate
osteoporosis,supportive care|treat underlying cause,symptomatic treatment|evaluation,specialist referral|advanced therapy,delay in treatment,requires clinical evaluation,who|nice guidelines,moderate
ileus,supportive care|treat underlying cause,symptomatic treatment|evaluation,specialist referral|advanced therapy,delay in treatment,requires clinical evaluation,who|nice guidelines,moderate
sickle cell crisis,supportive care|treat underlying cause,symptomatic treatment|evaluation,specialist referral|advanced therapy,delay in treatment,requires clinical evaluation,who|nice guidelines,moderate
urethritis,supportive care|treat underlying cause,symptomatic treatment|evaluation,specialist referral|advanced therapy,delay in treatment,requires clinical evaluation,who|nice guidelines,moderate
prostatitis,supportive care|treat underlying cause,symptomatic treatment|evaluation,specialist referral|advanced therapy,delay in treatment,requires clinical evaluation,who|nice guidelines,moderate
otitis externa (swimmer's ear),supportive care|treat underlying cause,symptomatic treatment|evaluation,specialist referral|advanced therapy,delay in treatment,requires clinical evaluation,who|nice guidelines,moderate
poisoning due to anticonvulsants,supportive care|treat underlying cause,symptomatic treatment|evaluation,specialist referral|advanced therapy,delay in treatment,requires clinical evaluation,who|nice guidelines,moderate
testicular torsion,supportive care|treat underlying cause,symptomatic treatment|evaluation,specialist referral|advanced therapy,delay in treatment,requires clinical evaluation,who|nice guidelines,moderate
tricuspid valve disease,supportive care|treat underlying cause,symptomatic treatment|evaluation,specialist referral|advanced therapy,delay in treatment,requires clinical evaluation,who|nice guidelines,moderate
urethral stricture,supportive care|treat underlying cause,symptomatic treatment|evaluation,specialist referral|advanced therapy,delay in treatment,requires clinical evaluation,who|nice guidelines,moderate
vitamin d deficiency,supportive care|treat underlying cause,symptomatic treatment|evaluation,specialist referral|advanced therapy,delay in treatment,requires clinical evaluation,who|nice guidelines,moderate
hydatidiform mole,supportive care|treat underlying cause,symptomatic treatment|evaluation,specialist referral|advanced therapy,delay in treatment,requires clinical evaluation,who|nice guidelines,moderate
pain disorder affecting the neck,supportive care|treat underlying cause,symptomatic treatment|evaluation,specialist referral|advanced therapy,delay in treatment,requires clinical evaluation,who|nice guidelines,moderate
tuberculosis,supportive care|treat underlying cause,symptomatic treatment|evaluation,specialist referral|advanced therapy,delay in treatment,requires clinical evaluation,who|nice guidelines,moderate
pelvic fistula,supportive care|treat underlying cause,symptomatic treatment|evaluation,specialist referral|advanced therapy,delay in treatment,requires clinical evaluation,who|nice guidelines,moderate
acute bronchiolitis,supportive care|treat underlying cause,symptomatic treatment|evaluation,specialist referral|advanced therapy,delay in treatment,requires clinical evaluation,who|nice guidelines,moderate
presbyopia,supportive care|treat underlying cause,symptomatic treatment|evaluation,specialist referral|advanced therapy,delay in treatment,requires clinical evaluation,who|nice guidelines,moderate
dementia,supportive care|treat underlying cause,symptomatic treatment|evaluation,specialist referral|advanced therapy,delay in treatment,requires clinical evaluation,who|nice guidelines,moderate
insect bite,supportive care|treat underlying cause,symptomatic treatment|evaluation,specialist referral|advanced therapy,delay in treatment,requires clinical evaluation,who|nice guidelines,moderate
paroxysmal ventricular tachycardia,supportive care|treat underlying cause,symptomatic treatment|evaluation,specialist referral|advanced therapy,delay in treatment,requires clinical evaluation,who|nice guidelines,moderate
congenital heart defect,supportive care|treat underlying cause,symptomatic treatment|evaluation,specialist referral|advanced therapy,delay in treatment,requires clinical evaluation,who|nice guidelines,moderate
connective tissue disorder,supportive care|treat underlying cause,symptomatic treatment|evaluation,specialist referral|advanced therapy,delay in treatment,requires clinical evaluation,who|nice guidelines,moderate
foreign body in the eye,supportive care|treat underlying cause,symptomatic treatment|evaluation,specialist referral|advanced therapy,delay in treatment,requires clinical evaluation,who|nice guidelines,moderate
poisoning due to gas,supportive care|treat underlying cause,symptomatic treatment|evaluation,specialist referral|advanced therapy,delay in treatment,requires clinical evaluation,who|nice guidelines,moderate
pyogenic skin infection,supportive care|treat underlying cause,symptomatic treatment|evaluation,specialist referral|advanced therapy,delay in treatment,requires clinical evaluation,who|nice guidelines,moderate
endometrial hyperplasia,supportive care|treat underlying cause,symptomatic treatment|evaluation,specialist referral|advanced therapy,delay in treatment,requires clinical evaluation,who|nice guidelines,moderate
acanthosis nigricans,supportive care|treat underlying cause,symptomatic treatment|evaluation,specialist referral|advanced therapy,delay in treatment,requires clinical evaluation,who|nice guidelines,moderate
central atherosclerosis,supportive care|treat underlying cause,symptomatic treatment|evaluation,specialist referral|advanced therapy,delay in treatment,requires clinical evaluation,who|nice guidelines,moderate
viral exanthem,supportive care|treat underlying cause,symptomatic treatment|evaluation,specialist referral|advanced therapy,delay in treatment,requires clinical evaluation,who|nice guidelines,moderate
noninfectious gastroenteritis,supportive care|treat underlying cause,symptomatic treatment|evaluation,specialist referral|advanced therapy,delay in treatment,requires clinical evaluation,who|nice guidelines,moderate
benign prostatic hyperplasia (bph),supportive care|treat underlying cause,symptomatic treatment|evaluation,specialist referral|advanced therapy,delay in treatment,requires clinical evaluation,who|nice guidelines,moderate
menopause,supportive care|treat underlying cause,symptomatic treatment|evaluation,specialist referral|advanced therapy,delay in treatment,requires clinical evaluation,who|nice guidelines,moderate
primary immunodeficiency,supportive care|treat underlying cause,symptomatic treatment|evaluation,specialist referral|advanced therapy,delay in treatment,requires clinical evaluation,who|nice guidelines,moderate
ovarian cancer,supportive care|treat underlying cause,symptomatic treatment|evaluation,specialist referral|advanced therapy,delay in treatment,requires clinical evaluation,who|nice guidelines,moderate
cataract,supportive care|treat underlying cause,symptomatic treatment|evaluation,specialist referral|advanced therapy,delay in treatment,requires clinical evaluation,who|nice guidelines,moderate
dislocation of the hip,supportive care|treat underlying cause,symptomatic treatment|evaluation,specialist referral|advanced therapy,delay in treatment,requires clinical evaluation,who|nice guidelines,moderate
spinal stenosis,supportive care|treat underlying cause,symptomatic treatment|evaluation,specialist referral|advanced therapy,delay in treatment,requires clinical evaluation,who|nice guidelines,moderate
intestinal obstruction,supportive care|treat underlying cause,symptomatic treatment|evaluation,specialist referral|advanced therapy,delay in treatment,requires clinical evaluation,who|nice guidelines,moderate
heart contusion,supportive care|treat underlying cause,symptomatic treatment|evaluation,specialist referral|advanced therapy,delay in treatment,requires clinical evaluation,who|nice guidelines,moderate
congenital malformation syndrome,supportive care|treat underlying cause,symptomatic treatment|evaluation,specialist referral|advanced therapy,delay in treatment,requires clinical evaluation,who|nice guidelines,moderate
sporotrichosis,supportive care|treat underlying cause,symptomatic treatment|evaluation,specialist referral|advanced therapy,delay in treatment,requires clinical evaluation,who|nice guidelines,moderate
lymphangitis,supportive care|treat underlying cause,symptomatic treatment|evaluation,specialist referral|advanced therapy,delay in treatment,requires clinical evaluation,who|nice guidelines,moderate
wernicke korsakoff syndrome,supportive care|treat underlying cause,symptomatic treatment|evaluation,specialist referral|advanced therapy,delay in treatment,requires clinical evaluation,who|nice guidelines,moderate
intestinal disease,supportive care|treat underlying cause,symptomatic treatment|evaluation,specialist referral|advanced therapy,delay in treatment,requires clinical evaluation,who|nice guidelines,moderate
acute bronchitis,supportive care|treat underlying cause,symptomatic treatment|evaluation,specialist referral|advanced therapy,delay in treatment,requires clinical evaluation,who|nice guidelines,moderate
persistent vomiting of unknown cause,supportive care|treat underlying cause,symptomatic treatment|evaluation,specialist referral|advanced therapy,delay in treatment,requires clinical evaluation,who|nice guidelines,moderate
open wound of the foot,supportive care|treat underlying cause,symptomatic treatment|evaluation,specialist referral|advanced therapy,delay in treatment,requires clinical evaluation,who|nice guidelines,moderate
myocarditis,supportive care|treat underlying cause,symptomatic treatment|evaluation,specialist referral|advanced therapy,delay in treatment,requires clinical evaluation,who|nice guidelines,moderate
preeclampsia,supportive care|treat underlying cause,symptomatic treatment|evaluation,specialist referral|advanced therapy,delay in treatment,requires clinical evaluation,who|nice guidelines,moderate
ischemic heart disease,supportive care|treat underlying cause,symptomatic treatment|evaluation,specialist referral|advanced therapy,delay in treatment,requires clinical evaluation,who|nice guidelines,moderate
neurofibromatosis,supportive care|treat underlying cause,symptomatic treatment|evaluation,specialist referral|advanced therapy,delay in treatment,requires clinical evaluation,who|nice guidelines,moderate
chickenpox,supportive care|treat underlying cause,symptomatic treatment|evaluation,specialist referral|advanced therapy,delay in treatment,requires clinical evaluation,who|nice guidelines,moderate
pancreatic cancer,supportive care|treat underlying cause,symptomatic treatment|evaluation,specialist referral|advanced therapy,delay in treatment,requires clinical evaluation,who|nice guidelines,moderate
neuropathy due to drugs,supportive care|treat underlying cause,symptomatic treatment|evaluation,specialist referral|advanced therapy,delay in treatment,requires clinical evaluation,who|nice guidelines,moderate
croup,supportive care|treat underlying cause,symptomatic treatment|evaluation,specialist referral|advanced therapy,delay in treatment,requires clinical evaluation,who|nice guidelines,moderate
idiopathic excessive menstruation,supportive care|treat underlying cause,symptomatic treatment|evaluation,specialist referral|advanced therapy,delay in treatment,requires clinical evaluation,who|nice guidelines,moderate
amblyopia,supportive care|treat underlying cause,symptomatic treatment|evaluation,specialist referral|advanced therapy,delay in treatment,requires clinical evaluation,who|nice guidelines,moderate
meckel diverticulum,supportive care|treat underlying cause,symptomatic treatment|evaluation,specialist referral|advanced therapy,delay in treatment,requires clinical evaluation,who|nice guidelines,moderate
dislocation of the wrist,supportive care|treat underlying cause,symptomatic treatment|evaluation,specialist referral|advanced therapy,delay in treatment,requires clinical evaluation,who|nice guidelines,moderate
ear drum damage,supportive care|treat underlying cause,symptomatic treatment|evaluation,specialist referral|advanced therapy,delay in treatment,requires clinical evaluation,who|nice guidelines,moderate
erectile dysfunction,supportive care|treat underlying cause,symptomatic treatment|evaluation,specialist referral|advanced therapy,delay in treatment,requires clinical evaluation,who|nice guidelines,moderate
temporary or benign blood in urine,supportive care|treat underlying cause,symptomatic treatment|evaluation,specialist referral|advanced therapy,delay in treatment,requires clinical evaluation,who|nice guidelines,moderate
kidney disease due to longstanding hypertension,supportive care|treat underlying cause,symptomatic treatment|evaluation,specialist referral|advanced therapy,delay in treatment,requires clinical evaluation,who|nice guidelines,moderate
chondromalacia of the patella,supportive care|treat underlying cause,symptomatic treatment|evaluation,specialist referral|advanced therapy,delay in treatment,requires clinical evaluation,who|nice guidelines,moderate
onychomycosis,supportive care|treat underlying cause,symptomatic treatment|evaluation,specialist referral|advanced therapy,delay in treatment,requires clinical evaluation,who|nice guidelines,moderate
urethral disorder,supportive care|treat underlying cause,symptomatic treatment|evaluation,specialist referral|advanced therapy,delay in treatment,requires clinical evaluation,who|nice guidelines,moderate
lyme disease,supportive care|treat underlying cause,symptomatic treatment|evaluation,specialist referral|advanced therapy,delay in treatment,requires clinical evaluation,who|nice guidelines,moderate
iron deficiency anemia,supportive care|treat underlying cause,symptomatic treatment|evaluation,specialist referral|advanced therapy,delay in treatment,requires clinical evaluation,who|nice guidelines,moderate
acute respiratory distress syndrome (ards),supportive care|treat underlying cause,symptomatic treatment|evaluation,specialist referral|advanced therapy,delay in treatment,requires clinical evaluation,who|nice guidelines,moderate
toxic multinodular goiter,supportive care|treat underlying cause,symptomatic treatment|evaluation,specialist referral|advanced therapy,delay in treatment,requires clinical evaluation,who|nice guidelines,moderate
open wound of the finger,supportive care|treat underlying cause,symptomatic treatment|evaluation,specialist referral|advanced therapy,delay in treatment,requires clinical evaluation,who|nice guidelines,moderate
autonomic nervous system disorder,supportive care|treat underlying cause,symptomatic treatment|evaluation,specialist referral|advanced therapy,delay in treatment,requires clinical evaluation,who|nice guidelines,moderate
psychosexual disorder,supportive care|treat underlying cause,symptomatic treatment|evaluation,specialist referral|advanced therapy,delay in treatment,requires clinical evaluation,who|nice guidelines,moderate
anemia,supportive care|treat underlying cause,symptomatic treatment|evaluation,specialist referral|advanced therapy,delay in treatment,requires clinical evaluation,who|nice guidelines,moderate
tendinitis,supportive care|treat underlying cause,symptomatic treatment|evaluation,specialist referral|advanced therapy,delay in treatment,requires clinical evaluation,who|nice guidelines,moderate
common cold,supportive care|treat underlying cause,symptomatic treatment|evaluation,specialist referral|advanced therapy,delay in treatment,requires clinical evaluation,who|nice guidelines,moderate
amyotrophic lateral sclerosis (als),supportive care|treat underlying cause,symptomatic treatment|evaluation,specialist referral|advanced therapy,delay in treatment,requires clinical evaluation,who|nice guidelines,moderate
central retinal artery or vein occlusion,supportive care|treat underlying cause,symptomatic treatment|evaluation,specialist referral|advanced therapy,delay in treatment,requires clinical evaluation,who|nice guidelines,moderate
paroxysmal supraventricular tachycardia,supportive care|treat underlying cause,symptomatic treatment|evaluation,specialist referral|advanced therapy,delay in treatment,requires clinical evaluation,who|nice guidelines,moderate
venous insufficiency,supportive care|treat underlying cause,symptomatic treatment|evaluation,specialist referral|advanced therapy,delay in treatment,requires clinical evaluation,who|nice guidelines,moderate
trichomonas infection,supportive care|treat underlying cause,symptomatic treatment|evaluation,specialist referral|advanced therapy,delay in treatment,requires clinical evaluation,who|nice guidelines,moderate
acne,supportive care|treat underlying cause,symptomatic treatment|evaluation,specialist referral|advanced therapy,delay in treatment,requires clinical evaluation,who|nice guidelines,moderate
depression,supportive care|treat underlying cause,symptomatic treatment|evaluation,specialist referral|advanced therapy,delay in treatment,requires clinical evaluation,who|nice guidelines,moderate
drug abuse,supportive care|treat underlying cause,symptomatic treatment|evaluation,specialist referral|advanced therapy,delay in treatment,requires clinical evaluation,who|nice guidelines,moderate
urinary tract obstruction,supportive care|treat underlying cause,symptomatic treatment|evaluation,specialist referral|advanced therapy,delay in treatment,requires clinical evaluation,who|nice guidelines,moderate
diabetes insipidus,supportive care|treat underlying cause,symptomatic treatment|evaluation,specialist referral|advanced therapy,delay in treatment,requires clinical evaluation,who|nice guidelines,moderate
iridocyclitis,supportive care|treat underlying cause,symptomatic treatment|evaluation,specialist referral|advanced therapy,delay in treatment,requires clinical evaluation,who|nice guidelines,moderate
varicocele of the testicles,supportive care|treat underlying cause,symptomatic treatment|evaluation,specialist referral|advanced therapy,delay in treatment,requires clinical evaluation,who|nice guidelines,moderate
irritable bowel syndrome,supportive care|treat underlying cause,symptomatic treatment|evaluation,specialist referral|advanced therapy,delay in treatment,requires clinical evaluation,who|nice guidelines,moderate
fracture of the foot,supportive care|treat underlying cause,symptomatic treatment|evaluation,specialist referral|advanced therapy,delay in treatment,requires clinical evaluation,who|nice guidelines,moderate
ovarian cyst,supportive care|treat underlying cause,symptomatic treatment|evaluation,specialist referral|advanced therapy,delay in treatment,requires clinical evaluation,who|nice guidelines,moderate
chlamydia,supportive care|treat underlying cause,symptomatic treatment|evaluation,specialist referral|advanced therapy,delay in treatment,requires clinical evaluation,who|nice guidelines,moderate
parasitic disease,supportive care|treat underlying cause,symptomatic treatment|evaluation,specialist referral|advanced therapy,delay in treatment,requires clinical evaluation,who|nice guidelines,moderate
fracture of the jaw,supportive care|treat underlying cause,symptomatic treatment|evaluation,specialist referral|advanced therapy,delay in treatment,requires clinical evaluation,who|nice guidelines,moderate
lipoma,supportive care|treat underlying cause,symptomatic treatment|evaluation,specialist referral|advanced therapy,delay in treatment,requires clinical evaluation,who|nice guidelines,moderate
female genitalia infection,supportive care|treat underlying cause,symptomatic treatment|evaluation,specialist referral|advanced therapy,delay in treatment,requires clinical evaluation,who|nice guidelines,moderate
pulmonary hypertension,supportive care|treat underlying cause,symptomatic treatment|evaluation,specialist referral|advanced therapy,delay in treatment,requires clinical evaluation,who|nice guidelines,moderate
thyroid nodule,supportive care|treat underlying cause,symptomatic treatment|evaluation,specialist referral|advanced therapy,delay in treatment,requires clinical evaluation,who|nice guidelines,moderate
broken tooth,supportive care|treat underlying cause,symptomatic treatment|evaluation,specialist referral|advanced therapy,delay in treatment,requires clinical evaluation,who|nice guidelines,moderate
dumping syndrome,supportive care|treat underlying cause,symptomatic treatment|evaluation,specialist referral|advanced therapy,delay in treatment,requires clinical evaluation,who|nice guidelines,moderate
lymphadenitis,supportive care|treat underlying cause,symptomatic treatment|evaluation,specialist referral|advanced therapy,delay in treatment,requires clinical evaluation,who|nice guidelines,moderate
injury to the face,supportive care|treat underlying cause,symptomatic treatment|evaluation,specialist referral|advanced therapy,delay in treatment,requires clinical evaluation,who|nice guidelines,moderate
aortic valve disease,supportive care|treat underlying cause,symptomatic treatment|evaluation,specialist referral|advanced therapy,delay in treatment,requires clinical evaluation,who|nice guidelines,moderate
rheumatoid arthritis,supportive care|treat underlying cause,symptomatic treatment|evaluation,specialist referral|advanced therapy,delay in treatment,requires clinical evaluation,who|nice guidelines,moderate
spermatocele,supportive care|treat underlying cause,symptomatic treatment|evaluation,specialist referral|advanced therapy,delay in treatment,requires clinical evaluation,who|nice guidelines,moderate
impetigo,supportive care|treat underlying cause,symptomatic treatment|evaluation,specialist referral|advanced therapy,delay in treatment,requires clinical evaluation,who|nice guidelines,moderate
anal fistula,supportive care|treat underlying cause,symptomatic treatment|evaluation,specialist referral|advanced therapy,delay in treatment,requires clinical evaluation,who|nice guidelines,moderate
hypothermia,supportive care|treat underlying cause,symptomatic treatment|evaluation,specialist referral|advanced therapy,delay in treatment,requires clinical evaluation,who|nice guidelines,moderate
oppositional disorder,supportive care|treat underlying cause,symptomatic treatment|evaluation,specialist referral|advanced therapy,delay in treatment,requires clinical evaluation,who|nice guidelines,moderate
migraine,supportive care|treat underlying cause,symptomatic treatment|evaluation,specialist referral|advanced therapy,delay in treatment,requires clinical evaluation,who|nice guidelines,moderate
diabetic peripheral neuropathy,supportive care|treat underlying cause,symptomatic treatment|evaluation,specialist referral|advanced therapy,delay in treatment,requires clinical evaluation,who|nice guidelines,moderate
testicular disorder,supportive care|treat underlying cause,symptomatic treatment|evaluation,specialist referral|advanced therapy,delay in treatment,requires clinical evaluation,who|nice guidelines,moderate
gestational diabetes,supportive care|treat underlying cause,symptomatic treatment|evaluation,specialist referral|advanced therapy,delay in treatment,requires clinical evaluation,who|nice guidelines,moderate
hidradenitis suppurativa,supportive care|treat underlying cause,symptomatic treatment|evaluation,specialist referral|advanced therapy,delay in treatment,requires clinical evaluation,who|nice guidelines,moderate
valley fever,supportive care|treat underlying cause,symptomatic treatment|evaluation,specialist referral|advanced therapy,delay in treatment,requires clinical evaluation,who|nice guidelines,moderate
conjunctivitis due to bacteria,supportive care|treat underlying cause,symptomatic treatment|evaluation,specialist referral|advanced therapy,delay in treatment,requires clinical evaluation,who|nice guidelines,moderate
lewy body dementia,supportive care|treat underlying cause,symptomatic treatment|evaluation,specialist referral|advanced therapy,delay in treatment,requires clinical evaluation,who|nice guidelines,moderate
multiple myeloma,supportive care|treat underlying cause,symptomatic treatment|evaluation,specialist referral|advanced therapy,delay in treatment,requires clinical evaluation,who|nice guidelines,moderate
head injury,supportive care|treat underlying cause,symptomatic treatment|evaluation,specialist referral|advanced therapy,delay in treatment,requires clinical evaluation,who|nice guidelines,moderate
ascending cholangitis,supportive care|treat underlying cause,symptomatic treatment|evaluation,specialist referral|advanced therapy,delay in treatment,requires clinical evaluation,who|nice guidelines,moderate
idiopathic irregular menstrual cycle,supportive care|treat underlying cause,symptomatic treatment|evaluation,specialist referral|advanced therapy,delay in treatment,requires clinical evaluation,who|nice guidelines,moderate
interstitial lung disease,supportive care|treat underlying cause,symptomatic treatment|evaluation,specialist referral|advanced therapy,delay in treatment,requires clinical evaluation,who|nice guidelines,moderate
mononeuritis,supportive care|treat underlying cause,symptomatic treatment|evaluation,specialist referral|advanced therapy,delay in treatment,requires clinical evaluation,who|nice guidelines,moderate
malaria,supportive care|treat underlying cause,symptomatic treatment|evaluation,specialist referral|advanced therapy,delay in treatment,requires clinical evaluation,who|nice guidelines,moderate
somatization disorder,supportive care|treat underlying cause,symptomatic treatment|evaluation,specialist referral|advanced therapy,delay in treatment,requires clinical evaluation,who|nice guidelines,moderate
hypovolemia,supportive care|treat underlying cause,symptomatic treatment|evaluation,specialist referral|advanced therapy,delay in treatment,requires clinical evaluation,who|nice guidelines,moderate
schizophrenia,supportive care|treat underlying cause,symptomatic treatment|evaluation,specialist referral|advanced therapy,delay in treatment,requires clinical evaluation,who|nice guidelines,moderate
knee ligament or meniscus tear,supportive care|treat underlying cause,symptomatic treatment|evaluation,specialist referral|advanced therapy,delay in treatment,requires clinical evaluation,who|nice guidelines,moderate
endocarditis,supportive care|treat underlying cause,symptomatic treatment|evaluation,specialist referral|advanced therapy,delay in treatment,requires clinical evaluation,who|nice guidelines,moderate
sepsis,supportive care|treat underlying cause,symptomatic treatment|evaluation,specialist referral|advanced therapy,delay in treatment,requires clinical evaluation,who|nice guidelines,moderate
heat stroke,supportive care|treat underlying cause,symptomatic treatment|evaluation,specialist referral|advanced therapy,delay in treatment,requires clinical evaluation,who|nice guidelines,moderate
cholecystitis,supportive care|treat underlying cause,symptomatic treatment|evaluation,specialist referral|advanced therapy,delay in treatment,requires clinical evaluation,who|nice guidelines,moderate
cardiac arrest,supportive care|treat underlying cause,symptomatic treatment|evaluation,specialist referral|advanced therapy,delay in treatment,requires clinical evaluation,who|nice guidelines,moderate
cardiomyopathy,supportive care|treat underlying cause,symptomatic treatment|evaluation,specialist referral|advanced therapy,delay in treatment,requires clinical evaluation,who|nice guidelines,moderate
social phobia,supportive care|treat underlying cause,symptomatic treatment|evaluation,specialist referral|advanced therapy,delay in treatment,requires clinical evaluation,who|nice guidelines,moderate
meningitis,supportive care|treat underlying cause,symptomatic treatment|evaluation,specialist referral|advanced therapy,delay in treatment,requires clinical evaluation,who|nice guidelines,moderate
spherocytosis,supportive care|treat underlying cause,symptomatic treatment|evaluation,specialist referral|advanced therapy,delay in treatment,requires clinical evaluation,who|nice guidelines,moderate
hormone disorder,supportive care|treat underlying cause,symptomatic treatment|evaluation,specialist referral|advanced therapy,delay in treatment,requires clinical evaluation,who|nice guidelines,moderate
raynaud disease,supportive care|treat underlying cause,symptomatic treatment|evaluation,specialist referral|advanced therapy,delay in treatment,requires clinical evaluation,who|nice guidelines,moderate
reactive arthritis,supportive care|treat underlying cause,symptomatic treatment|evaluation,specialist referral|advanced therapy,delay in treatment,requires clinical evaluation,who|nice guidelines,moderate
scabies,supportive care|treat underlying cause,symptomatic treatment|evaluation,specialist referral|advanced therapy,delay in treatment,requires clinical evaluation,who|nice guidelines,moderate
ear wax impaction,supportive care|treat underlying cause,symptomatic treatment|evaluation,specialist referral|advanced therapy,delay in treatment,requires clinical evaluation,who|nice guidelines,moderate
hypertension of pregnancy,supportive care|treat underlying cause,symptomatic treatment|evaluation,specialist referral|advanced therapy,delay in treatment,requires clinical evaluation,who|nice guidelines,moderate
peripheral arterial embolism,supportive care|treat underlying cause,symptomatic treatment|evaluation,specialist referral|advanced therapy,delay in treatment,requires clinical evaluation,who|nice guidelines,moderate
rosacea,supportive care|treat underlying cause,symptomatic treatment|evaluation,specialist referral|advanced therapy,delay in treatment,requires clinical evaluation,who|nice guidelines,moderate
fracture of the skull,supportive care|treat underlying cause,symptomatic treatment|evaluation,specialist referral|advanced therapy,delay in treatment,requires clinical evaluation,who|nice guidelines,moderate
uveitis,supportive care|treat underlying cause,symptomatic treatment|evaluation,specialist referral|advanced therapy,delay in treatment,requires clinical evaluation,who|nice guidelines,moderate
fracture of the facial bones,supportive care|treat underlying cause,symptomatic treatment|evaluation,specialist referral|advanced therapy,delay in treatment,requires clinical evaluation,who|nice guidelines,moderate
tracheitis,supportive care|treat underlying cause,symptomatic treatment|evaluation,specialist referral|advanced therapy,delay in treatment,requires clinical evaluation,who|nice guidelines,moderate
jaw disorder,supportive care|treat underlying cause,symptomatic treatment|evaluation,specialist referral|advanced therapy,delay in treatment,requires clinical evaluation,who|nice guidelines,moderate
perirectal infection,supportive care|treat underlying cause,symptomatic treatment|evaluation,specialist referral|advanced therapy,delay in treatment,requires clinical evaluation,who|nice guidelines,moderate
breast cyst,supportive care|treat underlying cause,symptomatic treatment|evaluation,specialist referral|advanced therapy,delay in treatment,requires clinical evaluation,who|nice guidelines,moderate
post-traumatic stress disorder (ptsd),supportive care|treat underlying cause,symptomatic treatment|evaluation,specialist referral|advanced therapy,delay in treatment,requires clinical evaluation,who|nice guidelines,moderate
kidney cancer,supportive care|treat underlying cause,symptomatic treatment|evaluation,specialist referral|advanced therapy,delay in treatment,requires clinical evaluation,who|nice guidelines,moderate
vulvar cancer,supportive care|treat underlying cause,symptomatic treatment|evaluation,specialist referral|advanced therapy,delay in treatment,requires clinical evaluation,who|nice guidelines,moderate
blepharitis,supportive care|treat underlying cause,symptomatic treatment|evaluation,specialist referral|advanced therapy,delay in treatment,requires clinical evaluation,who|nice guidelines,moderate
celiac disease,supportive care|treat underlying cause,symptomatic treatment|evaluation,specialist referral|advanced therapy,delay in treatment,requires clinical evaluation,who|nice guidelines,moderate
cystitis,supportive care|treat underlying cause,symptomatic treatment|evaluation,specialist referral|advanced therapy,delay in treatment,requires clinical evaluation,who|nice guidelines,moderate
sickle cell anemia,supportive care|treat underlying cause,symptomatic treatment|evaluation,specialist referral|advanced therapy,delay in treatment,requires clinical evaluation,who|nice guidelines,moderate
subconjunctival hemorrhage,supportive care|treat underlying cause,symptomatic treatment|evaluation,specialist referral|advanced therapy,delay in treatment,requires clinical evaluation,who|nice guidelines,moderate
hemorrhoids,supportive care|treat underlying cause,symptomatic treatment|evaluation,specialist referral|advanced therapy,delay in treatment,requires clinical evaluation,who|nice guidelines,moderate
contact dermatitis,supportive care|treat underlying cause,symptomatic treatment|evaluation,specialist referral|advanced therapy,delay in treatment,requires clinical evaluation,who|nice guidelines,moderate
sinus bradycardia,supportive care|treat underlying cause,symptomatic treatment|evaluation,specialist referral|advanced therapy,delay in treatment,requires clinical evaluation,who|nice guidelines,moderate
high blood pressure,supportive care|treat underlying cause,symptomatic treatment|evaluation,specialist referral|advanced therapy,delay in treatment,requires clinical evaluation,who|nice guidelines,moderate
pelvic inflammatory disease,supportive care|treat underlying cause,symptomatic treatment|evaluation,specialist referral|advanced therapy,delay in treatment,requires clinical evaluation,who|nice guidelines,moderate
liver disease,supportive care|treat underlying cause,symptomatic treatment|evaluation,specialist referral|advanced therapy,delay in treatment,requires clinical evaluation,who|nice guidelines,moderate
chronic constipation,supportive care|treat underlying cause,symptomatic treatment|evaluation,specialist referral|advanced therapy,delay in treatment,requires clinical evaluation,who|nice guidelines,moderate
thyroid cancer,supportive care|treat underlying cause,symptomatic treatment|evaluation,specialist referral|advanced therapy,delay in treatment,requires clinical evaluation,who|nice guidelines,moderate
flu,supportive care|treat underlying cause,symptomatic treatment|evaluation,specialist referral|advanced therapy,delay in treatment,requires clinical evaluation,who|nice guidelines,moderate
friedrich ataxia,supportive care|treat underlying cause,symptomatic treatment|evaluation,specialist referral|advanced therapy,delay in treatment,requires clinical evaluation,who|nice guidelines,moderate
tic (movement) disorder,supportive care|treat underlying cause,symptomatic treatment|evaluation,specialist referral|advanced therapy,delay in treatment,requires clinical evaluation,who|nice guidelines,moderate
skin polyp,supportive care|treat underlying cause,symptomatic treatment|evaluation,specialist referral|advanced therapy,delay in treatment,requires clinical evaluation,who|nice guidelines,moderate
brachial neuritis,supportive care|treat underlying cause,symptomatic treatment|evaluation,specialist referral|advanced therapy,delay in treatment,requires clinical evaluation,who|nice guidelines,moderate
cervical cancer,supportive care|treat underlying cause,symptomatic treatment|evaluation,specialist referral|advanced therapy,delay in treatment,requires clinical evaluation,who|nice guidelines,moderate
adrenal adenoma,supportive care|treat underlying cause,symptomatic treatment|evaluation,specialist referral|advanced therapy,delay in treatment,requires clinical evaluation,who|nice guidelines,moderate
esophagitis,supportive care|treat underlying cause,symptomatic treatment|evaluation,specialist referral|advanced therapy,delay in treatment,requires clinical evaluation,who|nice guidelines,moderate
gas gangrene,supportive care|treat underlying cause,symptomatic treatment|evaluation,specialist referral|advanced therapy,delay in treatment,requires clinical evaluation,who|nice guidelines,moderate
yeast infection,supportive care|treat underlying cause,symptomatic treatment|evaluation,specialist referral|advanced therapy,delay in treatment,requires clinical evaluation,who|nice guidelines,moderate
spina bifida,supportive care|treat underlying cause,symptomatic treatment|evaluation,specialist referral|advanced therapy,delay in treatment,requires clinical evaluation,who|nice guidelines,moderate
drug poisoning due to medication,supportive care|treat underlying cause,symptomatic treatment|evaluation,specialist referral|advanced therapy,delay in treatment,requires clinical evaluation,who|nice guidelines,moderate
alcoholic liver disease,supportive care|treat underlying cause,symptomatic treatment|evaluation,specialist referral|advanced therapy,delay in treatment,requires clinical evaluation,who|nice guidelines,moderate
malignant hypertension,supportive care|treat underlying cause,symptomatic treatment|evaluation,specialist referral|advanced therapy,delay in treatment,requires clinical evaluation,who|nice guidelines,moderate
diverticulitis,supportive care|treat underlying cause,symptomatic treatment|evaluation,specialist referral|advanced therapy,delay in treatment,requires clinical evaluation,who|nice guidelines,moderate
moyamoya disease,supportive care|treat underlying cause,symptomatic treatment|evaluation,specialist referral|advanced therapy,delay in treatment,requires clinical evaluation,who|nice guidelines,moderate
heat exhaustion,supportive care|treat underlying cause,symptomatic treatment|evaluation,specialist referral|advanced therapy,delay in treatment,requires clinical evaluation,who|nice guidelines,moderate
psychotic disorder,supportive care|treat underlying cause,symptomatic treatment|evaluation,specialist referral|advanced therapy,delay in treatment,requires clinical evaluation,who|nice guidelines,moderate
frostbite,supportive care|treat underlying cause,symptomatic treatment|evaluation,specialist referral|advanced therapy,delay in treatment,requires clinical evaluation,who|nice guidelines,moderate
atrophy of the corpus cavernosum,supportive care|treat underlying cause,symptomatic treatment|evaluation,specialist referral|advanced therapy,delay in treatment,requires clinical evaluation,who|nice guidelines,moderate
smoking or tobacco addiction,supportive care|treat underlying cause,symptomatic treatment|evaluation,specialist referral|advanced therapy,delay in treatment,requires clinical evaluation,who|nice guidelines,moderate
sprain or strain,supportive care|treat underlying cause,symptomatic treatment|evaluation,specialist referral|advanced therapy,delay in treatment,requires clinical evaluation,who|nice guidelines,moderate
essential tremor,supportive care|treat underlying cause,symptomatic treatment|evaluation,specialist referral|advanced therapy,delay in treatment,requires clinical evaluation,who|nice guidelines,moderate
open wound of the ear,supportive care|treat underlying cause,symptomatic treatment|evaluation,specialist referral|advanced therapy,delay in treatment,requires clinical evaluation,who|nice guidelines,moderate
foreign body in the nose,supportive care|treat underlying cause,symptomatic treatment|evaluation,specialist referral|advanced therapy,delay in treatment,requires clinical evaluation,who|nice guidelines,moderate
idiopathic painful menstruation,supportive care|treat underlying cause,symptomatic treatment|evaluation,specialist referral|advanced therapy,delay in treatment,requires clinical evaluation,who|nice guidelines,moderate
down syndrome,supportive care|treat underlying cause,symptomatic treatment|evaluation,specialist referral|advanced therapy,delay in treatment,requires clinical evaluation,who|nice guidelines,moderate
idiopathic infrequent menstruation,supportive care|treat underlying cause,symptomatic treatment|evaluation,specialist referral|advanced therapy,delay in treatment,requires clinical evaluation,who|nice guidelines,moderate
pneumothorax,supportive care|treat underlying cause,symptomatic treatment|evaluation,specialist referral|advanced therapy,delay in treatment,requires clinical evaluation,who|nice guidelines,moderate
de quervain disease,supportive care|treat underlying cause,symptomatic treatment|evaluation,specialist referral|advanced therapy,delay in treatment,requires clinical evaluation,who|nice guidelines,moderate
fracture of the vertebra,supportive care|treat underlying cause,symptomatic treatment|evaluation,specialist referral|advanced therapy,delay in treatment,requires clinical evaluation,who|nice guidelines,moderate
human immunodeficiency virus infection (hiv),supportive care|treat underlying cause,symptomatic treatment|evaluation,specialist referral|advanced therapy,delay in treatment,requires clinical evaluation,who|nice guidelines,moderate
mumps,supportive care|treat underlying cause,symptomatic treatment|evaluation,specialist referral|advanced therapy,delay in treatment,requires clinical evaluation,who|nice guidelines,moderate
subarachnoid hemorrhage,supportive care|treat underlying cause,symptomatic treatment|evaluation,specialist referral|advanced therapy,delay in treatment,requires clinical evaluation,who|nice guidelines,moderate
acute fatty liver of pregnancy (aflp),supportive care|treat underlying cause,symptomatic treatment|evaluation,specialist referral|advanced therapy,delay in treatment,requires clinical evaluation,who|nice guidelines,moderate
ectropion,supportive care|treat underlying cause,symptomatic treatment|evaluation,specialist referral|advanced therapy,delay in treatment,requires clinical evaluation,who|nice guidelines,moderate
scar,supportive care|treat underlying cause,symptomatic treatment|evaluation,specialist referral|advanced therapy,delay in treatment,requires clinical evaluation,who|nice guidelines,moderate
lactose intolerance,supportive care|treat underlying cause,symptomatic treatment|evaluation,specialist referral|advanced therapy,delay in treatment,requires clinical evaluation,who|nice guidelines,moderate
eustachian tube dysfunction (ear disorder),supportive care|treat underlying cause,symptomatic treatment|evaluation,specialist referral|advanced therapy,delay in treatment,requires clinical evaluation,who|nice guidelines,moderate
appendicitis,supportive care|treat underlying cause,symptomatic treatment|evaluation,specialist referral|advanced therapy,delay in treatment,requires clinical evaluation,who|nice guidelines,moderate
graves disease,supportive care|treat underlying cause,symptomatic treatment|evaluation,specialist referral|advanced therapy,delay in treatment,requires clinical evaluation,who|nice guidelines,moderate
dissociative disorder,supportive care|treat underlying cause,symptomatic treatment|evaluation,specialist referral|advanced therapy,delay in treatment,requires clinical evaluation,who|nice guidelines,moderate
open wound of the face,supportive care|treat underlying cause,symptomatic treatment|evaluation,specialist referral|advanced therapy,delay in treatment,requires clinical evaluation,who|nice guidelines,moderate
dislocation of the vertebra,supportive care|treat underlying cause,symptomatic treatment|evaluation,specialist referral|advanced therapy,delay in treatment,requires clinical evaluation,who|nice guidelines,moderate
phimosis,supportive care|treat underlying cause,symptomatic treatment|evaluation,specialist referral|advanced therapy,delay in treatment,requires clinical evaluation,who|nice guidelines,moderate
hyperemesis gravidarum,supportive care|treat underlying cause,symptomatic treatment|evaluation,specialist referral|advanced therapy,delay in treatment,requires clinical evaluation,who|nice guidelines,moderate
pregnancy,supportive care|treat underlying cause,symptomatic treatment|evaluation,specialist referral|advanced therapy,delay in treatment,requires clinical evaluation,who|nice guidelines,moderate
thalassemia,supportive care|treat underlying cause,symptomatic treatment|evaluation,specialist referral|advanced therapy,delay in treatment,requires clinical evaluation,who|nice guidelines,moderate
placenta previa,supportive care|treat underlying cause,symptomatic treatment|evaluation,specialist referral|advanced therapy,delay in treatment,requires clinical evaluation,who|nice guidelines,moderate
epidural hemorrhage,supportive care|treat underlying cause,symptomatic treatment|evaluation,specialist referral|advanced therapy,delay in treatment,requires clinical evaluation,who|nice guidelines,moderate
septic arthritis,supportive care|treat underlying cause,symptomatic treatment|evaluation,specialist referral|advanced therapy,delay in treatment,requires clinical evaluation,who|nice guidelines,moderate
athlete's foot,supportive care|treat underlying cause,symptomatic treatment|evaluation,specialist referral|advanced therapy,delay in treatment,requires clinical evaluation,who|nice guidelines,moderate
pleural effusion,supportive care|treat underlying cause,symptomatic treatment|evaluation,specialist referral|advanced therapy,delay in treatment,requires clinical evaluation,who|nice guidelines,moderate
aphakia,supportive care|treat underlying cause,symptomatic treatment|evaluation,specialist referral|advanced therapy,delay in treatment,requires clinical evaluation,who|nice guidelines,moderate
vulvar disorder,supportive care|treat underlying cause,symptomatic treatment|evaluation,specialist referral|advanced therapy,delay in treatment,requires clinical evaluation,who|nice guidelines,moderate
sialoadenitis,supportive care|treat underlying cause,symptomatic treatment|evaluation,specialist referral|advanced therapy,delay in treatment,requires clinical evaluation,who|nice guidelines,moderate
gynecomastia,supportive care|treat underlying cause,symptomatic treatment|evaluation,specialist referral|advanced therapy,delay in treatment,requires clinical evaluation,who|nice guidelines,moderate
urinary tract infection,supportive care|treat underlying cause,symptomatic treatment|evaluation,specialist referral|advanced therapy,delay in treatment,requires clinical evaluation,who|nice guidelines,moderate
histoplasmosis,supportive care|treat underlying cause,symptomatic treatment|evaluation,specialist referral|advanced therapy,delay in treatment,requires clinical evaluation,who|nice guidelines,moderate
erythema multiforme,supportive care|treat underlying cause,symptomatic treatment|evaluation,specialist referral|advanced therapy,delay in treatment,requires clinical evaluation,who|nice guidelines,moderate
scoliosis,supportive care|treat underlying cause,symptomatic treatment|evaluation,specialist referral|advanced therapy,delay in treatment,requires clinical evaluation,who|nice guidelines,moderate
bunion,supportive care|treat underlying cause,symptomatic treatment|evaluation,specialist referral|advanced therapy,delay in treatment,requires clinical evaluation,who|nice guidelines,moderate
arrhythmia,supportive care|treat underlying cause,symptomatic treatment|evaluation,specialist referral|advanced therapy,delay in treatment,requires clinical evaluation,who|nice guidelines,moderate
trigeminal neuralgia,supportive care|treat underlying cause,symptomatic treatment|evaluation,specialist referral|advanced therapy,delay in treatment,requires clinical evaluation,who|nice guidelines,moderate
ankylosing spondylitis,supportive care|treat underlying cause,symptomatic treatment|evaluation,specialist referral|advanced therapy,delay in treatment,requires clinical evaluation,who|nice guidelines,moderate
peripheral nerve disorder,supportive care|treat underlying cause,symptomatic treatment|evaluation,specialist referral|advanced therapy,delay in treatment,requires clinical evaluation,who|nice guidelines,moderate
sebaceous cyst,supportive care|treat underlying cause,symptomatic treatment|evaluation,specialist referral|advanced therapy,delay in treatment,requires clinical evaluation,who|nice guidelines,moderate
poisoning due to antipsychotics,supportive care|treat underlying cause,symptomatic treatment|evaluation,specialist referral|advanced therapy,delay in treatment,requires clinical evaluation,who|nice guidelines,moderate
neurosis,supportive care|treat underlying cause,symptomatic treatment|evaluation,specialist referral|advanced therapy,delay in treatment,requires clinical evaluation,who|nice guidelines,moderate
prostate cancer,supportive care|treat underlying cause,symptomatic treatment|evaluation,specialist referral|advanced therapy,delay in treatment,requires clinical evaluation,who|nice guidelines,moderate
cerebral edema,supportive care|treat underlying cause,symptomatic treatment|evaluation,specialist referral|advanced therapy,delay in treatment,requires clinical evaluation,who|nice guidelines,moderate
dislocation of the finger,supportive care|treat underlying cause,symptomatic treatment|evaluation,specialist referral|advanced therapy,delay in treatment,requires clinical evaluation,who|nice guidelines,moderate
birth trauma,supportive care|treat underlying cause,symptomatic treatment|evaluation,specialist referral|advanced therapy,delay in treatment,requires clinical evaluation,who|nice guidelines,moderate
chronic pancreatitis,supportive care|treat underlying cause,symptomatic treatment|evaluation,specialist referral|advanced therapy,delay in treatment,requires clinical evaluation,who|nice guidelines,moderate
hematoma,supportive care|treat underlying cause,symptomatic treatment|evaluation,specialist referral|advanced therapy,delay in treatment,requires clinical evaluation,who|nice guidelines,moderate
carcinoid syndrome,supportive care|treat underlying cause,symptomatic treatment|evaluation,specialist referral|advanced therapy,delay in treatment,requires clinical evaluation,who|nice guidelines,moderate
open wound of the head,supportive care|treat underlying cause,symptomatic treatment|evaluation,specialist referral|advanced therapy,delay in treatment,requires clinical evaluation,who|nice guidelines,moderate
seborrheic keratosis,supportive care|treat underlying cause,symptomatic treatment|evaluation,specialist referral|advanced therapy,delay in treatment,requires clinical evaluation,who|nice guidelines,moderate
burn,supportive care|treat underlying cause,symptomatic treatment|evaluation,specialist referral|advanced therapy,delay in treatment,requires clinical evaluation,who|nice guidelines,moderate
spontaneous abortion,supportive care|treat underlying cause,symptomatic treatment|evaluation,specialist referral|advanced therapy,delay in treatment,requires clinical evaluation,who|nice guidelines,moderate
genital herpes,supportive care|treat underlying cause,symptomatic treatment|evaluation,specialist referral|advanced therapy,delay in treatment,requires clinical evaluation,who|nice guidelines,moderate
adjustment reaction,supportive care|treat underlying cause,symptomatic treatment|evaluation,specialist referral|advanced therapy,delay in treatment,requires clinical evaluation,who|nice guidelines,moderate
gallstone,supportive care|treat underlying cause,symptomatic treatment|evaluation,specialist referral|advanced therapy,delay in treatment,requires clinical evaluation,who|nice guidelines,moderate
multiple sclerosis,supportive care|treat underlying cause,symptomatic treatment|evaluation,specialist referral|advanced therapy,delay in treatment,requires clinical evaluation,who|nice guidelines,moderate
zenker diverticulum,supportive care|treat underlying cause,symptomatic treatment|evaluation,specialist referral|advanced therapy,delay in treatment,requires clinical evaluation,who|nice guidelines,moderate
fracture of the pelvis,supportive care|treat underlying cause,symptomatic treatment|evaluation,specialist referral|advanced therapy,delay in treatment,requires clinical evaluation,who|nice guidelines,moderate
pneumoconiosis,supportive care|treat underlying cause,symptomatic treatment|evaluation,specialist referral|advanced therapy,delay in treatment,requires clinical evaluation,who|nice guidelines,moderate
hyperlipidemia,supportive care|treat underlying cause,symptomatic treatment|evaluation,specialist referral|advanced therapy,delay in treatment,requires clinical evaluation,who|nice guidelines,moderate
ulcerative colitis,supportive care|treat underlying cause,symptomatic treatment|evaluation,specialist referral|advanced therapy,delay in treatment,requires clinical evaluation,who|nice guidelines,moderate
male genitalia infection,supportive care|treat underlying cause,symptomatic treatment|evaluation,specialist referral|advanced therapy,delay in treatment,requires clinical evaluation,who|nice guidelines,moderate
hpv,supportive care|treat underlying cause,symptomatic treatment|evaluation,specialist referral|advanced therapy,delay in treatment,requires clinical evaluation,who|nice guidelines,moderate
angina,supportive care|treat underlying cause,symptomatic treatment|evaluation,specialist referral|advanced therapy,delay in treatment,requires clinical evaluation,who|nice guidelines,moderate
injury to the spinal cord,supportive care|treat underlying cause,symptomatic treatment|evaluation,specialist referral|advanced therapy,delay in treatment,requires clinical evaluation,who|nice guidelines,moderate
nasal polyp,supportive care|treat underlying cause,symptomatic treatment|evaluation,specialist referral|advanced therapy,delay in treatment,requires clinical evaluation,who|nice guidelines,moderate
lichen simplex,supportive care|treat underlying cause,symptomatic treatment|evaluation,specialist referral|advanced therapy,delay in treatment,requires clinical evaluation,who|nice guidelines,moderate
trichiasis,supportive care|treat underlying cause,symptomatic treatment|evaluation,specialist referral|advanced therapy,delay in treatment,requires clinical evaluation,who|nice guidelines,moderate
acariasis,supportive care|treat underlying cause,symptomatic treatment|evaluation,specialist referral|advanced therapy,delay in treatment,requires clinical evaluation,who|nice guidelines,moderate
colorectal cancer,supportive care|treat underlying cause,symptomatic treatment|evaluation,specialist referral|advanced therapy,delay in treatment,requires clinical evaluation,who|nice guidelines,moderate
skin pigmentation disorder,supportive care|treat underlying cause,symptomatic treatment|evaluation,specialist referral|advanced therapy,delay in treatment,requires clinical evaluation,who|nice guidelines,moderate
factitious disorder,supportive care|treat underlying cause,symptomatic treatment|evaluation,specialist referral|advanced therapy,delay in treatment,requires clinical evaluation,who|nice guidelines,moderate
lymphogranuloma venereum,supportive care|treat underlying cause,symptomatic treatment|evaluation,specialist referral|advanced therapy,delay in treatment,requires clinical evaluation,who|nice guidelines,moderate
galactorrhea of unknown cause,supportive care|treat underlying cause,symptomatic treatment|evaluation,specialist referral|advanced therapy,delay in treatment,requires clinical evaluation,who|nice guidelines,moderate
g6pd enzyme deficiency,supportive care|treat underlying cause,symptomatic treatment|evaluation,specialist referral|advanced therapy,delay in treatment,requires clinical evaluation,who|nice guidelines,moderate
nerve impingement near the shoulder,supportive care|treat underlying cause,symptomatic treatment|evaluation,specialist referral|advanced therapy,delay in treatment,requires clinical evaluation,who|nice guidelines,moderate
toxoplasmosis,supportive care|treat underlying cause,symptomatic treatment|evaluation,specialist referral|advanced therapy,delay in treatment,requires clinical evaluation,who|nice guidelines,moderate
fibroadenoma,supportive care|treat underlying cause,symptomatic treatment|evaluation,specialist referral|advanced therapy,delay in treatment,requires clinical evaluation,who|nice guidelines,moderate
open wound of the hand,supportive care|treat underlying cause,symptomatic treatment|evaluation,specialist referral|advanced therapy,delay in treatment,requires clinical evaluation,who|nice guidelines,moderate
missed abortion,supportive care|treat underlying cause,symptomatic treatment|evaluation,specialist referral|advanced therapy,delay in treatment,requires clinical evaluation,who|nice guidelines,moderate
diabetic ketoacidosis,supportive care|treat underlying cause,symptomatic treatment|evaluation,specialist referral|advanced therapy,delay in treatment,requires clinical evaluation,who|nice guidelines,moderate
granuloma inguinale,supportive care|treat underlying cause,symptomatic treatment|evaluation,specialist referral|advanced therapy,delay in treatment,requires clinical evaluation,who|nice guidelines,moderate
obsessive compulsive disorder (ocd),supportive care|treat underlying cause,symptomatic treatment|evaluation,specialist referral|advanced therapy,delay in treatment,requires clinical evaluation,who|nice guidelines,moderate
injury of the ankle,supportive care|treat underlying cause,symptomatic treatment|evaluation,specialist referral|advanced therapy,delay in treatment,requires clinical evaluation,who|nice guidelines,moderate
hyponatremia,supportive care|treat underlying cause,symptomatic treatment|evaluation,specialist referral|advanced therapy,delay in treatment,requires clinical evaluation,who|nice guidelines,moderate
stricture of the esophagus,supportive care|treat underlying cause,symptomatic treatment|evaluation,specialist referral|advanced therapy,delay in treatment,requires clinical evaluation,who|nice guidelines,moderate
fracture of the ankle,supportive care|treat underlying cause,symptomatic treatment|evaluation,specialist referral|advanced therapy,delay in treatment,requires clinical evaluation,who|nice guidelines,moderate
soft tissue sarcoma,supportive care|treat underlying cause,symptomatic treatment|evaluation,specialist referral|advanced therapy,delay in treatment,requires clinical evaluation,who|nice guidelines,moderate
bone disorder,supportive care|treat underlying cause,symptomatic treatment|evaluation,specialist referral|advanced therapy,delay in treatment,requires clinical evaluation,who|nice guidelines,moderate
epilepsy,supportive care|treat underlying cause,symptomatic treatment|evaluation,specialist referral|advanced therapy,delay in treatment,requires clinical evaluation,who|nice guidelines,moderate
personality disorder,supportive care|treat underlying cause,symptomatic treatment|evaluation,specialist referral|advanced therapy,delay in treatment,requires clinical evaluation,who|nice guidelines,moderate
shingles (herpes zoster),supportive care|treat underlying cause,symptomatic treatment|evaluation,specialist referral|advanced therapy,delay in treatment,requires clinical evaluation,who|nice guidelines,moderate
tourette syndrome,supportive care|treat underlying cause,symptomatic treatment|evaluation,specialist referral|advanced therapy,delay in treatment,requires clinical evaluation,who|nice guidelines,moderate
avascular necrosis,supportive care|treat underlying cause,symptomatic treatment|evaluation,specialist referral|advanced therapy,delay in treatment,requires clinical evaluation,who|nice guidelines,moderate
strep throat,supportive care|treat underlying cause,symptomatic treatment|evaluation,specialist referral|advanced therapy,delay in treatment,requires clinical evaluation,who|nice guidelines,moderate
spinocerebellar ataxia,supportive care|treat underlying cause,symptomatic treatment|evaluation,specialist referral|advanced therapy,delay in treatment,requires clinical evaluation,who|nice guidelines,moderate
osteomyelitis,supportive care|treat underlying cause,symptomatic treatment|evaluation,specialist referral|advanced therapy,delay in treatment,requires clinical evaluation,who|nice guidelines,moderate
sjogren syndrome,supportive care|treat underlying cause,symptomatic treatment|evaluation,specialist referral|advanced therapy,delay in treatment,requires clinical evaluation,who|nice guidelines,moderate
adhesive capsulitis of the shoulder,supportive care|treat underlying cause,symptomatic treatment|evaluation,specialist referral|advanced therapy,delay in treatment,requires clinical evaluation,who|nice guidelines,moderate
viral hepatitis,supportive care|treat underlying cause,symptomatic treatment|evaluation,specialist referral|advanced therapy,delay in treatment,requires clinical evaluation,who|nice guidelines,moderate
tonsillar hypertrophy,supportive care|treat underlying cause,symptomatic treatment|evaluation,specialist referral|advanced therapy,delay in treatment,requires clinical evaluation,who|nice guidelines,moderate
gastritis,supportive care|treat underlying cause,symptomatic treatment|evaluation,specialist referral|advanced therapy,delay in treatment,requires clinical evaluation,who|nice guidelines,moderate
skin cancer,supportive care|treat underlying cause,symptomatic treatment|evaluation,specialist referral|advanced therapy,delay in treatment,requires clinical evaluation,who|nice guidelines,moderate
rheumatic fever,supportive care|treat underlying cause,symptomatic treatment|evaluation,specialist referral|advanced therapy,delay in treatment,requires clinical evaluation,who|nice guidelines,moderate
aphthous ulcer,supportive care|treat underlying cause,symptomatic treatment|evaluation,specialist referral|advanced therapy,delay in treatment,requires clinical evaluation,who|nice guidelines,moderate
tonsillitis,supportive care|treat underlying cause,symptomatic treatment|evaluation,specialist referral|advanced therapy,delay in treatment,requires clinical evaluation,who|nice guidelines,moderate
intestinal cancer,supportive care|treat underlying cause,symptomatic treatment|evaluation,specialist referral|advanced therapy,delay in treatment,requires clinical evaluation,who|nice guidelines,moderate
rocky mountain spotted fever,supportive care|treat underlying cause,symptomatic treatment|evaluation,specialist referral|advanced therapy,delay in treatment,requires clinical evaluation,who|nice guidelines,moderate
stomach cancer,supportive care|treat underlying cause,symptomatic treatment|evaluation,specialist referral|advanced therapy,delay in treatment,requires clinical evaluation,who|nice guidelines,moderate
developmental disability,supportive care|treat underlying cause,symptomatic treatment|evaluation,specialist referral|advanced therapy,delay in treatment,requires clinical evaluation,who|nice guidelines,moderate
acute stress reaction,supportive care|treat underlying cause,symptomatic treatment|evaluation,specialist referral|advanced therapy,delay in treatment,requires clinical evaluation,who|nice guidelines,moderate
delirium,supportive care|treat underlying cause,symptomatic treatment|evaluation,specialist referral|advanced therapy,delay in treatment,requires clinical evaluation,who|nice guidelines,moderate
callus,supportive care|treat underlying cause,symptomatic treatment|evaluation,specialist referral|advanced therapy,delay in treatment,requires clinical evaluation,who|nice guidelines,moderate
guillain barre syndrome,supportive care|treat underlying cause,symptomatic treatment|evaluation,specialist referral|advanced therapy,delay in treatment,requires clinical evaluation,who|nice guidelines,moderate
lumbago,supportive care|treat underlying cause,symptomatic treatment|evaluation,specialist referral|advanced therapy,delay in treatment,requires clinical evaluation,who|nice guidelines,moderate
deviated nasal septum,supportive care|treat underlying cause,symptomatic treatment|evaluation,specialist referral|advanced therapy,delay in treatment,requires clinical evaluation,who|nice guidelines,moderate
hemangioma,supportive care|treat underlying cause,symptomatic treatment|evaluation,specialist referral|advanced therapy,delay in treatment,requires clinical evaluation,who|nice guidelines,moderate
peripheral arterial disease,supportive care|treat underlying cause,symptomatic treatment|evaluation,specialist referral|advanced therapy,delay in treatment,requires clinical evaluation,who|nice guidelines,moderate
chronic back pain,supportive care|treat underlying cause,symptomatic treatment|evaluation,specialist referral|advanced therapy,delay in treatment,requires clinical evaluation,who|nice guidelines,moderate
heart failure,supportive care|treat underlying cause,symptomatic treatment|evaluation,specialist referral|advanced therapy,delay in treatment,requires clinical evaluation,who|nice guidelines,moderate
conjunctivitis,supportive care|treat underlying cause,symptomatic treatment|evaluation,specialist referral|advanced therapy,delay in treatment,requires clinical evaluation,who|nice guidelines,moderate
herniated disk,supportive care|treat underlying cause,symptomatic treatment|evaluation,specialist referral|advanced therapy,delay in treatment,requires clinical evaluation,who|nice guidelines,moderate
rhabdomyolysis,supportive care|treat underlying cause,symptomatic treatment|evaluation,specialist referral|advanced therapy,delay in treatment,requires clinical evaluation,who|nice guidelines,moderate
breast infection (mastitis),supportive care|treat underlying cause,symptomatic treatment|evaluation,specialist referral|advanced therapy,delay in treatment,requires clinical evaluation,who|nice guidelines,moderate
abdominal aortic aneurysm,supportive care|treat underlying cause,symptomatic treatment|evaluation,specialist referral|advanced therapy,delay in treatment,requires clinical evaluation,who|nice guidelines,moderate
pulmonary embolism,supportive care|treat underlying cause,symptomatic treatment|evaluation,specialist referral|advanced therapy,delay in treatment,requires clinical evaluation,who|nice guidelines,moderate
conduct disorder,supportive care|treat underlying cause,symptomatic treatment|evaluation,specialist referral|advanced therapy,delay in treatment,requires clinical evaluation,who|nice guidelines,moderate
mastectomy,supportive care|treat underlying cause,symptomatic treatment|evaluation,specialist referral|advanced therapy,delay in treatment,requires clinical evaluation,who|nice guidelines,moderate
epididymitis,supportive care|treat underlying cause,symptomatic treatment|evaluation,specialist referral|advanced therapy,delay in treatment,requires clinical evaluation,who|nice guidelines,moderate
premature rupture of amniotic membrane,supportive care|treat underlying cause,symptomatic treatment|evaluation,specialist referral|advanced therapy,delay in treatment,requires clinical evaluation,who|nice guidelines,moderate
molluscum contagiosum,supportive care|treat underlying cause,symptomatic treatment|evaluation,specialist referral|advanced therapy,delay in treatment,requires clinical evaluation,who|nice guidelines,moderate
necrotizing fasciitis,supportive care|treat underlying cause,symptomatic treatment|evaluation,specialist referral|advanced therapy,delay in treatment,requires clinical evaluation,who|nice guidelines,moderate
benign vaginal discharge (leukorrhea),supportive care|treat underlying cause,symptomatic treatment|evaluation,specialist referral|advanced therapy,delay in treatment,requires clinical evaluation,who|nice guidelines,moderate
bladder obstruction,supportive care|treat underlying cause,symptomatic treatment|evaluation,specialist referral|advanced therapy,delay in treatment,requires clinical evaluation,who|nice guidelines,moderate
melanoma,supportive care|treat underlying cause,symptomatic treatment|evaluation,specialist referral|advanced therapy,delay in treatment,requires clinical evaluation,who|nice guidelines,moderate
cervical disorder,supportive care|treat underlying cause,symptomatic treatment|evaluation,specialist referral|advanced therapy,delay in treatment,requires clinical evaluation,who|nice guidelines,moderate
laryngitis,supportive care|treat underlying cause,symptomatic treatment|evaluation,specialist referral|advanced therapy,delay in treatment,requires clinical evaluation,who|nice guidelines,moderate
dyshidrosis,supportive care|treat underlying cause,symptomatic treatment|evaluation,specialist referral|advanced therapy,delay in treatment,requires clinical evaluation,who|nice guidelines,moderate
poisoning due to opioids,supportive care|treat underlying cause,symptomatic treatment|evaluation,specialist referral|advanced therapy,delay in treatment,requires clinical evaluation,who|nice guidelines,moderate
diaper rash,supportive care|treat underlying cause,symptomatic treatment|evaluation,specialist referral|advanced therapy,delay in treatment,requires clinical evaluation,who|nice guidelines,moderate
lichen planus,supportive care|treat underlying cause,symptomatic treatment|evaluation,specialist referral|advanced therapy,delay in treatment,requires clinical evaluation,who|nice guidelines,moderate
gastroduodenal ulcer,supportive care|treat underlying cause,symptomatic treatment|evaluation,specialist referral|advanced therapy,delay in treatment,requires clinical evaluation,who|nice guidelines,moderate
inguinal hernia,supportive care|treat underlying cause,symptomatic treatment|evaluation,specialist referral|advanced therapy,delay in treatment,requires clinical evaluation,who|nice guidelines,moderate
eczema,supportive care|treat underlying cause,symptomatic treatment|evaluation,specialist referral|advanced therapy,delay in treatment,requires clinical evaluation,who|nice guidelines,moderate
asperger syndrome,supportive care|treat underlying cause,symptomatic treatment|evaluation,specialist referral|advanced therapy,delay in treatment,requires clinical evaluation,who|nice guidelines,moderate
mucositis,supportive care|treat underlying cause,symptomatic treatment|evaluation,specialist referral|advanced therapy,delay in treatment,requires clinical evaluation,who|nice guidelines,moderate
paronychia,supportive care|treat underlying cause,symptomatic treatment|evaluation,specialist referral|advanced therapy,delay in treatment,requires clinical evaluation,who|nice guidelines,moderate
open wound of the jaw,supportive care|treat underlying cause,symptomatic treatment|evaluation,specialist referral|advanced therapy,delay in treatment,requires clinical evaluation,who|nice guidelines,moderate
white blood cell disease,supportive care|treat underlying cause,symptomatic treatment|evaluation,specialist referral|advanced therapy,delay in treatment,requires clinical evaluation,who|nice guidelines,moderate
kaposi sarcoma,supportive care|treat underlying cause,symptomatic treatment|evaluation,specialist referral|advanced therapy,delay in treatment,requires clinical evaluation,who|nice guidelines,moderate
spondylolisthesis,supportive care|treat underlying cause,symptomatic treatment|evaluation,specialist referral|advanced therapy,delay in treatment,requires clinical evaluation,who|nice guidelines,moderate
pseudotumor cerebri,supportive care|treat underlying cause,symptomatic treatment|evaluation,specialist referral|advanced therapy,delay in treatment,requires clinical evaluation,who|nice guidelines,moderate
conjunctivitis due to virus,supportive care|treat underlying cause,symptomatic treatment|evaluation,specialist referral|advanced therapy,delay in treatment,requires clinical evaluation,who|nice guidelines,moderate
open wound of the nose,supportive care|treat underlying cause,symptomatic treatment|evaluation,specialist referral|advanced therapy,delay in treatment,requires clinical evaluation,who|nice guidelines,moderate
